  #       Teff 			 log(L/Lsun) 		 tcool(gyr) 			logg(CGS)		  R/R_sun		       G3      			Bp3    			Rp3     		    u      			g      			 r      		 i       		z     				g		       r       			i      			 z       			y  
   79550.149470573204       0.53414799999999996        4.8997304822619018E-004   8.4157007999999998        9.7303000000000008E-003   9.2921995601446259        9.0965817419975661        9.6692850724640120        8.4753910907563945        9.0226267270505129        9.5920494361698996        9.9982400874110677        10.363505539942230        9.1003046990664114        9.5983866329698966        10.009240087411071        10.310520708758125        10.531078373036342        7.7333910907563972        9.0176868809193547        9.3671095900387424        9.5130044511169540        9.7192249185951720        10.176343825567498        10.317534476808669        10.439354536596900        6.9921005227682169        7.6447286697505366     
   78222.555486111349       0.50317299999999998        5.1056046237387418E-004   8.4174366999999997        9.7108999999999997E-003   9.3118980751049669        9.1164060727563516        9.6882901457741646        8.4955998125105197        9.0425838172077420        9.6113061410769447        10.017112401322780        10.382215449797535        9.1203122646815942        9.6176363942769463        10.028112401322776        10.329274150471388        10.549529707694756        7.7535998125105188        9.0378202623329820        9.3865425862021858        9.5321283966255557        9.7380537006489227        10.194632756169515        10.335439016415346        10.456728038609793        7.0173541016632974        7.6669357260813520     
   76919.774078578645       0.47229700000000002        5.3192564398317184E-004   8.4191385000000007        9.6918999999999998E-003   9.3312197196191882        9.1358511882113334        9.7069330859831418        8.5154221479877599        9.0621592108034754        9.6301960231674251        10.035625063390999        10.400570520123519        9.1399353934788117        9.6365194691674283        10.046625063391001        10.347670148798858        10.567631028939235        7.7734221479877590        9.0575668620709529        9.4056036744349072        9.5508880005752843        9.7565254347156589        10.212576485671757        10.353005525895327        10.473773435526759        7.0421270064891601        7.6887190408698878     
   75639.038571177676       0.44145499999999999        5.5417224700214261E-004   8.4208122999999997        9.6731999999999999E-003   9.3502187463497499        9.1549715932926290        9.7252666302332003        8.5349133833212747        9.0814076894355118        9.6487723241189656        10.053830534090320        10.418622802545300        9.1592290724376433        9.6550890749189655        10.064830534090319        10.365760936347435        10.585433859459538        7.7929133833212738        9.0769819193805255        9.4243465540639839        9.5693362279760841        9.7746924002881848        10.230226127914520        10.370284337885874        10.490539953314343        7.0664850367508016        7.7101380746645098     
   74379.970195742222       0.41064899999999999        5.7730089554094380E-004   8.4224554000000005        9.6548999999999992E-003   9.3688773656069984        9.1737495469874268        9.7432726727196055        8.5540559127287032        9.1003115499678522        9.6670170354804625        10.071710669739183        10.436353988773490        9.1781756927531148        9.6733272138804622        10.082710669739182        10.383528309958756        10.602919804412643        7.8120559127287024        9.0960478741335393        9.4427533596461473        9.5874550325000314        9.7925363485539201        10.247563123446952        10.387256757705671        10.507008745783970        7.0904120259848824        7.7311757790350910     
   73142.533619733731       0.37989099999999998        6.0136382699684529E-004   8.4240694999999999        9.6369999999999997E-003   9.3871958103385769        9.1921852789766003        9.7609513568080484        8.5728499628906807        9.1188710256146290        9.6849302940841024        10.089265610170022        10.453764143191600        9.1967755799550250        9.6912340160841008        10.100265610170021        10.400972419531994        10.620088927915548        7.8308499628906798        9.1147650485930480        9.4608243170625226        9.6052445474460750        9.8100573338296275        10.264587460937127        10.403922777023046        10.523179790470939        7.1139083351356955        7.7518324404610812     
   71926.511973398359       0.34918300000000002        6.2638755738524305E-004   8.4256540999999991        9.6194000000000002E-003   9.4051991692624739        9.2103039016651351        9.7783275657557809        8.5913207152731133        9.1371112504677932        9.7025370305611034        10.106520216953122        10.470878008657071        9.2150539591611853        9.7088344141611032        10.117520216953121        10.418118100950462        10.636965927451751        7.8493207152731124        9.1331586915638425        9.4785844716571539        9.6227296817584431        9.8272801246597297        10.281323719155701        10.420306905547719        10.539077510337080        7.1369999697741981        7.7721335637130160     
   70732.172922667130       0.31854199999999999        6.5245027562960448E-004   8.4272074999999997        9.6022999999999994E-003   9.4228393139438680        9.2280572666516036        9.7953532090841904        8.6094199547748005        9.1549840493593386        9.7197891144996618        10.123426426376462        10.487647452347716        9.2329627306803488        9.7260802844996590        10.134426426376457        10.434917303668726        10.653502716932252        7.8674199547748032        9.1511806833880804        9.4959857485284047        9.6398623317919245        9.8441565750554503        10.297723742903507        10.436361054780306        10.554653923949374        7.1596376976686678        7.7920305253907998     
   69559.267503456766       0.28797200000000001        6.7957865790259570E-004   8.4287305000000003        9.5854000000000009E-003   9.4408631494466615        9.2463245204452758        9.8126553294494254        8.6281214230016072        9.1733811580087963        9.7374017784480440        10.140655329449421        10.504667875700461        9.2513245204452783        9.7436742921341786        10.151655329449424        10.451952953700461        10.670395362014327        7.8861339873154730        9.1697858914438921        9.5137309296976955        9.6573892141341755        9.8612821049501154        10.314439417201152        10.452812623637632        10.570800059323771        7.1825694599321377        7.8124659348106302     
   68407.544242801610       0.25747799999999998        7.0779944581927619E-004   8.4302212000000001        9.5689999999999994E-003   9.4596227629798015        9.2655388604826783        9.8305114527740400        8.6479192207548508        9.1927425539191177        9.7557066654769216        10.158511452774043        10.522196370446885        9.2705388604826808        9.7619413328162068        10.169511452774042        10.469475485646882        10.687961703107600        7.9059636686155663        9.1894549579855607        9.5321450262526426        9.6756622176162068        9.8789138464226056        10.331761418495446        10.469999494659007        10.587955046798292        7.2061484227600339        7.8339139914756437     
   67276.749468258451       0.22706399999999999        7.3721694396881789E-004   8.4316796000000007        9.5528999999999996E-003   9.4780441720460118        9.2844067538587041        9.8480457268206152        8.6673640030989958        9.2117535003381334        9.7736815902333127        10.176045726820618        10.539408906861095        9.2894067538587066        9.7798804504070631        10.187045726820617        10.486682188461096        10.705210046687348        7.9254384245252467        9.2087693356714055        9.5502271968864889        9.6936071688070626        9.8962277951142674        10.348771130354748        10.486877820675321        10.604803399249072        7.2293016690793230        7.8549776936696851     
   66166.932315425103       0.19674700000000001        7.6783226955549823E-004   8.4331008000000001        9.5373000000000003E-003   9.4960815324654053        9.3028823563392340        9.8652122879177444        8.6864096755560052        9.2303682347723512        9.7912807085915734        10.193212287917744        10.556259577212375        9.3078823563392366        9.7974457337269190        10.204212287917743        10.503527174012371        10.722094552077030        7.9445122472206631        9.2276831802130648        9.5679316121600326        9.7111781369269163        9.9131780775808291        10.365422576475455        10.503401504442339        10.621298932777686        7.2519832071406167        7.8756109451790675     
   65076.621779148387       0.16650599999999999        7.9972413151018884E-004   8.4344771999999999        9.5221999999999998E-003   9.5137546108713398        9.3209860533596807        9.8820296346946588        8.7050771504604025        9.2486074285923596        9.8085231683829992        10.210029634694658        10.572766347628404        9.3259860533596797        9.8146562221724043        10.221029634694661        10.520028438828406        10.738633293838999        7.9632061878710001        9.2462174958480201        9.5852775974050832        9.7283941309724060        9.9297828678504896        10.381733307184236        10.519587749551553        10.637458712140957        7.2742190729989158        7.8958368261801919     
   64006.340862144796       0.13637400000000000        8.3291967811807406E-004   8.4358011000000008        9.5076999999999991E-003   9.5310341225451545        9.3386883818002993        9.8984688084348704        8.7233364248946579        9.2664416622435333        9.8253798632900136        10.226468808434870        10.588900323893515        9.3436883818002947        9.8314827443605637        10.237468808434873        10.536157119493513        10.754797442822966        7.9814903394241092        9.2643426410554390        9.6022360248037977        9.7452259487605630        9.9460132810072999        10.397674409665942        10.535407538022707        10.653253623493260        7.2959778777241446        7.9156246666171057     
   62959.750744875455       0.10643400000000000        8.6744614754577759E-004   8.4371010000000002        9.4935000000000002E-003   9.5479374179071623        9.3560051136092159        9.9145504305030645        8.7412010655968100        9.2838862683898835        9.8418697222051161        10.242550430503064        10.604683567726527        9.3610051136092149        9.8479441883499543        10.253550430503067        10.551935163726528        10.770609101581689        7.9993781954519694        9.2820728093112645        9.6188253431306290        9.7616925923499576        9.9618907846520397        10.413269133875504        10.550884787094832        10.668707657239670        7.3172612527786871        7.9349829484091448     
   61933.981493342224        7.6619000000000007E-002   9.0348613435804737E-004   8.4383789000000000        9.4795000000000001E-003   9.5645248796317777        9.3729977714344432        9.9303326116264490        8.7587339070188346        9.3010031880583046        9.8580519878291160        10.258332611626452        10.620173352874454        9.3779977714344387        9.8640996574559150        10.269332611626451        10.567419837274455        10.786125683247656        8.0169327217920330        9.2994706632371038        9.6351050740797799        9.7778531730559148        9.9774729235251218        10.428574211573123        10.566075826149257        10.683877011376056        7.3381416105597399        7.9539786633013545     
   60929.413826539443        4.6955999999999998E-002   9.4111902757371981E-004   8.4396345999999998        9.4658999999999993E-003   9.5807456026942859        9.3896152987636690        9.9457647489555150        8.7758835141926319        9.3177413772060511        9.8738759066248996        10.273764748955518        10.635319188303480        9.3946152987636715        9.8798983483998590        10.284764748955517        10.582560649903481        10.801296746528518        8.0341025340176699        9.3164849948330541        9.6510244268422447        9.7936568867998623        9.9927091701208255        10.443539224668786        10.580930223026403        10.698711203201366        7.3585664494228205        7.9725598930605130     
   59945.695041804393        1.7444000000000001E-002   9.8037262181937027E-004   8.4408688999999999        9.4523999999999997E-003   9.5968783443772665        9.4061365907605463        9.9611144662190725        8.7930169683790425        9.3343814072626543        9.8896092370023503        10.289106174116963        10.650396600916963        9.4111148687772683        9.8956092370023470        10.300117035108602        10.597633125316964        10.816407461908604        8.0512509238895120        9.3334248512292106        9.6668266083086039        9.8093727126023467        10.007869649716962        10.458461364308604        10.595770944202350        10.713540143014928        7.3788485813766052        7.9910738422267684     
   58982.611858533310       -1.1901000000000000E-002   1.0214043850119339E-003   8.4420798999999995        9.4392000000000000E-003   9.6161202647524835        9.4257589004090665        9.9794078354110152        8.8147183321419806        9.3541469166590492        9.9082781514676004        10.307251499561035        10.668556458361033        9.4303519451524824        9.9142781514676006        10.318454977189328        10.615788138761035        10.834759935989327        8.0729028707636683        9.3539608271722212        9.6851500183893311        9.8280464710676032        10.026019819161037        10.476833214389329        10.614497986667603        10.732375500339268        7.4026987690315220        8.0137828620617615     
   58039.545115595043       -4.1090000000000002E-002   1.0642425438166184E-003   8.4432690000000008        9.4263000000000003E-003   9.6349698517783384        9.4449809577321009        9.9973286248939335        8.8359780596249511        9.3735109978561386        9.9265666548476919        10.325025508769889        10.686344736769888        9.4491967757783346        9.9325666548476921        10.336417599746769        10.633571660769890        10.852736827746769        8.0941160087721133        9.3740793617636644        9.7030983717467709        9.8463397308476939        10.043798584769890        10.494829131746771        10.632843566847692        10.750830784118898        7.4260608072234806        8.0360274893621924     
   57116.685861924670       -7.0101999999999998E-002   1.1090710760411327E-003   8.4444347000000004        9.4137000000000005E-003   9.6534231509123245        9.4637987377675543        10.014873053174249        8.8567915978992602        9.3924694920231069        9.9444709012294794        10.342424560118694        10.703757776518692        9.4676454121123221        9.9504709012294796        10.354001222946309        10.650980037718696        10.870334439346308        8.1148856893271955        9.3937761433335680        9.7206680065463118        9.8642486400294800        10.061202298918694        10.512445394546312        10.650803766829476        10.768901828912970        7.4489298423750867        8.0578030818093964     
   56212.642303097295       -9.8957000000000003E-002   1.1559446902345344E-003   8.4455761999999996        9.4012999999999996E-003   9.6715260931956628        9.4822587314744240        10.032085649898761        8.8772083252893488        9.4110690002955444        9.9620359833775218        10.359493076277641        10.720839990677639        9.4857437883956628        9.9680359833775221        10.371250547817020        10.668057685877638        10.887597462217020        8.1352611225710909        9.4130988864530671        9.7379036334170195        9.8818182881775236        10.078275381077638        10.529726681417021        10.668423640977519        10.786633621480380        7.4713584957407946        8.0791605809045137     
   55327.876221583567      -0.12763400000000000        1.2050221680940892E-003   8.4466929999999998        9.3892000000000003E-003   9.6892470237720385        9.5003291012834037        10.048935215993621        8.8971953000741149        9.4292775085172789        9.9792305215049861        10.376200036759739        10.737560352759742        9.5034602517720348        9.9852305215049864        10.388134461515426        10.684773580759741        10.904494777515422        8.1552092825523079        9.4320152075400134        9.7547741455154249        9.8990172935049880        10.094986808759741        10.546641865515424        10.685671785504985        10.803994491217059        7.4933129019084337        8.1000666693743373     
   54462.428150292057      -0.15611000000000000        1.2564108136988352E-003   8.4477814000000002        9.3775000000000004E-003   9.7219593797199497        9.5335533976006896        10.080992527038232        8.9331736512019599        9.4624683402302576        10.011557933579580        10.407986372698351        10.769512177867318        9.5355231679002994        10.017342904839696        10.419963915698839        10.716591080897862        10.936919778347571        8.1913886799418396        9.4667135986705357        9.7851928520895992        9.9313715161790928        10.126669983928407        10.579084280747571        10.718633926628312        10.837137274797767        7.5265510025919351        8.1348099534242362     
   53615.578958090366      -0.18439000000000000        1.3102962877171932E-003   8.4488357999999995        9.3661000000000005E-003   9.7631909838804809        9.5753898450418937        10.121696141591190        8.9782348844292450        9.5041696270695688        10.052489224899777        10.448347029974425        10.810123276254924        9.5757343354301909        10.057935456483012        10.460290363738366        10.756994382610483        10.978174146852393        8.2367886528460090        9.5103789050980403        9.8233048394294009        9.9723412343358362        10.166865488966042        10.620355519652392        10.760531096813803        10.879250676858241        7.5661429976968719        8.1773931636037247     
   52787.488521890657      -0.21244499999999999        1.3667608360292292E-003   8.4498511000000001        9.3551999999999993E-003   9.8035005375477873        9.6162936143032915        10.161483797619265        9.0222986489482722        9.5449398760211643        10.092503701370038        10.487799388628023        10.849817632150629        9.6150461193740568        10.097618696778792        10.499710624614533        10.796486961441513        11.018498877319626        8.2811836535395145        9.5530723755416425        9.8605598815714472        10.012391869783528        10.206156290732402        10.660696494919623        10.801486593675129        10.920416073184242        7.6048535116467164        8.2190379203690931     
   51981.163962712715      -0.24018200000000001        1.4259911793193113E-003   8.4508503000000008        9.3443999999999992E-003   9.8428391715755943        9.6562134393884982        10.200309105979631        9.0653020863953166        9.5847283720895042        10.131553738269147        10.526298170364715        10.888549540989100        9.6534131671308536        10.136346203854234        10.538179470456249        10.835023672673177        11.057845909910466        8.3245096208102325        9.5947361787620622        9.8969202931593010        10.051475839377613        10.244497804357255        10.700059514710468        10.841450788523364        10.960583459239288        7.6426389633830816        8.2596898445655178     
   51191.517053780124      -0.26775900000000002        1.4882528384239607E-003   8.4518343999999992        9.3337999999999997E-003   9.8814135012149205        9.6953594493859878        10.238375728829764        9.1074743049060860        9.6237445030896946        10.169844195929384        10.564044998051278        10.926522208026432        9.6910359840794538        10.174320802750897        10.575898247758323        10.872806423544231        11.096422244090453        8.3669976980845728        9.6355913615747131        9.9325741792981486        10.089798283822342        10.282090639062032        10.738651594490454        10.880634230661519        10.999964690343715        7.6796959682328580        8.2995629641778041     
   50419.321846314095      -0.29513400000000001        1.5538122926612489E-003   8.4528028000000006        9.3234000000000008E-003   9.9191857038836986        9.7336931229139232        10.275646619546208        9.1487734771968476        9.6619499434295477        10.207337599968589        10.601003137084735        10.963698818608201        9.7278776788992758        10.211505328707116        10.612830180938371        10.909798515631099        11.134190404984786        8.4086057484583208        9.6755976587056693        9.9674867841387851        10.127321767314953        10.318898212653998        10.776435249784782        10.918998724815005        11.038521450192107        7.7159879811679737        8.3386174987274302     
   49662.319545411134      -0.32231700000000002        1.6229109930903434E-003   8.4537057999999998        9.3136999999999994E-003   9.9593423459740453        9.7751702105378140        10.313256307917245        9.1962513127302703        9.7032753451296951        10.246274274636564        10.638428978600041        11.000445874826228        9.7678526971114348        10.250206738545645        10.650188771826327        10.946513410917150        11.170825463741407        8.4560487044575137        9.7187404368551089        10.005437710004186        10.166004130272890        10.355851091371738        10.812121739646445        10.954858095042495        11.074677843598048        7.7677815081102910        8.3898336108942946     
   48923.892136166534      -0.34927900000000001        1.6957914525467573E-003   8.4546466999999996        9.3036999999999998E-003   10.002527026888353        9.8205739372798551        10.351468994682735        9.2512544030754658        9.7485010848728653        10.287122525758312        10.676611363848510        11.036886335809536        9.8117455039179635        10.290907304185547        10.688253773109972        10.983101557382300        11.206315503702841        8.5106087383571651        9.7657990054145163        10.047198553430780        10.206261639467245        10.393177665246137        10.845517703448239        10.987939735666840        11.108183529950916        7.8381887592514179        8.4556817983249477     
   48202.104509446930      -0.37603599999999998        1.7728279164048644E-003   8.4555813999999998        9.2936000000000008E-003   10.044804298778025        9.8650203108496832        10.388884059843278        9.3050853434263630        9.7927745181510630        10.327114921208761        10.713997846242773        11.072569110665953        9.8547159806680682        10.330755342110653        10.725524480745172        11.018928689764063        11.241066046580706        8.5640066061320326        9.8118618945294074        10.088087120493498        10.245676604816317        10.429726585254617        10.878217214511086        11.020327982818792        11.140987483312614        7.9071036603076870        8.5201234349800750     
   47495.777345237388      -0.40258699999999997        1.8543440524080522E-003   8.4564897000000006        9.2838999999999994E-003   10.086122435711916        9.9084610624762011        10.425442098025892        9.3577105010049362        9.8360470915620706        10.366196090799855        10.750528971642710        11.107431963654461        9.8967135319834991        10.369695246268906        10.761941253494941        11.053932808185413        11.275013513487332        8.6162079674120786        9.8568834786998618        10.128049496983801        10.284192712676047        10.465437030840176        10.910153351055770        11.051955240595634        11.173022524205310        7.9745156948992513        8.5831412501777518     
   46805.188647637282      -0.42892100000000000        1.9407436921672456E-003   8.4573788000000008        9.2744000000000004E-003   10.126513753832949        9.9509277030900378        10.461177388146659        9.4091579237158633        9.8783502922646775        10.404399290860276        10.786238939591772        11.141509840900991        9.9377701166304249        10.407760328589806        10.797538425876191        11.088148803171464        11.308193420272350        8.6672410369044464        9.9008947366201241        10.167118232534030        10.321843441778388        10.500343614523828        10.941362780434815        11.082858718242957        11.204325702099485        8.0404453557251436        8.6447587242073034     
   46129.633059013679      -0.45504600000000001        2.0325113641327733E-003   8.4582498000000008        9.2651000000000001E-003   10.166017890983838        9.9924619910067989        10.496124938335310        9.4594784847645350        9.9197256475435154        10.441761987647773        10.821162668260222        11.174836057676941        9.9779259878497371        10.444987914259578        10.832350864947113        11.121610131065140        11.340638355784826        8.7171562645999430        9.9439390683520585        10.205331421064805        10.358665694094984        10.534480498006126        10.971876335262216        11.113069193797976        11.234928141487480        8.1049567186008460        8.7050365494035411     
   45468.643733811754      -0.48097200000000001        2.1301604805464935E-003   8.4591013999999998        9.2560999999999997E-003   10.204637765216638        10.033068239615204        10.530284658810380        9.5086824493737403        9.9601773018600568        10.478285686066748        10.855299992308467        11.207409403771528        10.017184454980917        10.481379414813510        10.866378387557141        11.154315675024765        11.372346693304596        8.7659636356140282        9.9860218899027302        10.242690918831769        10.394660601053793        10.567847031290952        11.001691290513676        11.142583953961605        11.264827318019407        8.1680682486288774        8.7639912564493656     
   44821.872926015494      -0.50668599999999997        2.2342075197423553E-003   8.4599294999999994        9.2472000000000006E-003   10.240579537398268        10.070846760375829        10.562098497198750        9.5543144950752250        9.9978111349610330        10.512235353478374        10.887098497198750        11.237712327748717        10.053823205189111        10.515235353478374        10.898092787086018        11.184783578578312        11.401813429147204        8.8112432442456310        10.025167389109001        10.277490441494692        10.428134187346721        10.598926080237501        11.029350298754842        11.169613650002752        11.291817885382315        8.2304042107885103        8.8196551495368993     
   44188.575346706501      -0.53220999999999996        2.3454613544768108E-003   8.4607308000000003        9.2387000000000007E-003   10.270926298698136        10.102716641066042        10.589015835970354        9.5924281417208306        10.029554356135385        10.540785895271320        10.914015835970353        11.263256192930704        10.085036802015154        10.543785895271320        10.924990344772759        11.210580762792020        11.426571145749158        8.8491035718595157        10.058177205441972        10.306947380983530        10.456324531676941        10.625229902514654        11.052461441650593        11.191250851277879        11.312344547699546        8.2927959025267555        8.8688352393406547     
   43570.144472715729      -0.55747100000000005        2.4643677606425458E-003   8.4615097000000006        9.2303999999999997E-003   10.300560834622939        10.133838526688422        10.615301498375604        9.6296416493322816        10.060552555582962        10.568667171891981        10.940301498375604        11.288199844670142        10.115518603906576        10.571667171891981        10.951257469921043        11.235771786881056        11.450747911982837        8.8860697071213650        10.090412266637532        10.335712998084741        10.483853287030175        10.650915671302879        11.075030287611899        11.212378768855540        11.332387173760988        8.3537110466055751        8.9168497903834982     
   42966.601109441021      -0.58246699999999996        2.5919031837285189E-003   8.4622752999999999        9.2222999999999992E-003   10.329482221850689        10.164211480388033        10.640954564241671        9.6659544917709042        10.090804800609920        10.595878236266621        10.965954564241670        11.312542454172942        10.145267612806968        10.598878236266621        10.976893196751170        11.260355813729163        11.474342805613773        8.9221411322146835        10.121871598391039        10.363786362203907        10.510719564422786        10.675982532841612        11.097055968498317        11.232996748541979        11.351945301629470        8.4131493099361592        8.9636986383220290     
   42377.369973030982      -0.60721099999999995        2.7291567932316240E-003   8.4630306999999991        9.2142999999999999E-003   10.357739744169493        10.193886179034216        10.666021173623861        9.7014233677521560        10.120361653028823        10.622466691856975        10.991021173623857        11.336328953001534        10.174333860770240        10.625466691856975        11.001943608186856        11.284378005012321        11.497399985932162        8.9573743157413652        10.152606913082760        10.391215939331737        10.536970679277797        10.700476109033893        11.118581147862045        11.253146212271329        11.371059412059786        8.4711899198730158        9.0094489130750546     
   41801.994136460293      -0.63170199999999999        2.8772793754210540E-003   8.4637738000000002        9.2064000000000000E-003   10.385353869721083        10.222884178993581        10.690519352457972        9.7360745658436407        10.149244577820873        10.648451676823164        11.015519352457972        11.359576420838195        10.202738396650030        10.651451676823164        11.026426671177962        11.307855623183610        11.519935942121936        8.9917953634982233        10.182640589547955        10.418021566312131        10.562625554585050        10.724414027874442        11.139621126876733        11.272841465764259        11.389743022089899        8.5278768572982351        9.0541350828566003     
   41240.412444195761      -0.65593299999999999        3.0375643120842282E-003   8.4645069999999993        9.1985999999999995E-003   10.412327354557632        10.251208392691559        10.714451497756290        9.7699119158575414        10.177456475180399        10.673835730168484        11.039451497756289        11.382287156366417        10.230484025902861        10.676835730168484        11.050344746523393        11.330790991388735        11.541952844066557        9.0254080808352199        10.211975650292011        10.444205903979508        10.587686728867897        10.747798661433379        11.160177916421464        11.292084464753323        11.407998042385771        8.5832167288412613        9.0977623884476380     
   40692.277734571355      -0.67989800000000000        3.2115561656555799E-003   8.4652279999999998        9.1909999999999995E-003   10.438652127086273        10.278851572523299        10.737807690852959        9.8029318157356524        10.204990028070215        10.698609762248180        11.062807690852958        11.404450532363908        10.257563107762982        10.701609762248181        11.073687860358069        11.353173621270079        11.563439611150498        9.0582087268294789        10.240605472601073        10.469760403914675        10.612144959383818        10.770619799082420        11.180239533260385        11.310862484813141        11.425811151230262        8.6372194097810659        9.1403334841652590     
   40157.253298405863      -0.70360100000000003        3.4010812718920534E-003   8.4659391999999993        9.1835000000000007E-003   10.464366854772379        10.305853203656206        10.760624752183773        9.8351773342218891        10.231884654315884        10.722811448946430        11.085624752183769        11.426102667701748        10.284014741893127        10.725811448946430        11.096492793922287        11.375039766382386        11.584431899798350        9.0902402355412519        10.268570147719075        10.494723252590148        10.636037759186959        10.792913963743661        11.199840758374204        11.329209596413346        11.443215881011959        8.6899412405743313        9.1818976101196910     
   39635.286335886980      -0.72702800000000001        3.6081463823857121E-003   8.4666385000000002        9.1760999999999995E-003   10.489447507442520        10.332067823560557        10.782817585500087        9.8669462278657996        10.258225845602801        10.746353366450180        11.107659563457840        11.447063582129616        10.309703109896443        10.749353366450180        11.118550452247653        11.396245938961670        11.604832314465504        9.1217638710337425        10.295930938141218        10.518875860904103        10.659304455618127        10.814610652625788        11.218738173473163        11.346984411355127        11.459988092026901        8.7409722449331113        9.2222721972814199     
   39126.319770906135      -0.75016700000000003        3.8352637741777473E-003   8.4673269999999992        9.1687999999999995E-003   10.513914370982283        10.357588130948722        10.804444114214016        9.8980679214687530        10.283967879555016        10.769293330295001        11.129064365607720        11.467447697149533        10.334714450719625        10.772293330295001        11.139990765115970        11.416884537264076        11.624704708920435        9.1526310813542064        10.322658148504958        10.542354794032343        10.681987182180452        10.835758217493174        11.237083668233156        11.364279216266718        11.476270471808528        8.7905725477491341        9.2615811286425060     
   38629.848062760619      -0.77303100000000002        4.0852471816455417E-003   8.4680060000000008        9.1617000000000001E-003   10.537777923826749        10.382477924983387        10.825538342889772        9.9284216202930224        10.309075327669845        10.791667468015028        11.149940940203312        11.487328612328831        10.359107773046148        10.794667468015028        11.160900637485472        11.437013688297455        11.644086436391596        9.1827365443243991        10.348727958262167        10.565253269234432        10.704110368046411        10.856383840234692        11.254975980579879        11.381148003423235        11.492151747548757        8.8389459991622772        9.2999198205710094     
   38145.911775690387      -0.79559899999999995        4.3614087905059053E-003   8.4686734999999995        9.1546000000000006E-003   10.561083629894576        10.406782664532710        10.846145898471352        9.9580523290001146        10.333593544455347        10.813521365221643        11.170335018548716        11.506752148100095        10.382928576308398        10.816521365221643        11.181325876738235        11.456679192212253        11.663023365875787        9.2121252848879607        10.374185556714448        10.587616923635473        10.725719627109491        10.876533280436561        11.272461101202861        11.397636760564719        11.507677972116102        8.8861364078333303        9.3373326807785908     
   37674.109871015986      -0.81787799999999999        4.6676808987750036E-003   8.4693327000000007        9.1476999999999999E-003   10.584079579249263        10.431037261295511        10.866369576875361        9.9875393601957434        10.357914592095508        10.835101908862310        11.190635202799147        11.526106091741177        10.406691382825819        10.837938963797818        11.201635202799146        11.476106091741176        11.681739925747703        9.2413564267905457        10.399300746429692        10.609816094115082        10.747041644657113        10.896431981870162        11.289599310296257        11.413967817562078        11.523090687244814        8.9326980355205770        9.3747314731291773     
   37214.740929805681      -0.83984599999999998        5.0086349893117303E-003   8.4699872999999997        9.1407999999999993E-003   10.606634955911694        10.454943597632486        10.886163503090529        10.016555667584207        10.381823546832486        10.856279178701111        11.210629047935832        11.545178580595447        10.430111203072499        10.858886549166016        11.221629047935835        11.495178580595443        11.700120742790155        9.2701159025593185        10.423928520127568        10.631650033416612        10.767959464476224        10.915963839665640        11.306372336044475        11.430027261149391        11.538263776898795        8.9783190110907860        9.4115920548673024     
   36766.729506896918      -0.86153100000000005        5.3895866474167921E-003   8.4706323999999995        9.1339999999999998E-003   10.628650468301970        10.478277843392213        10.905485786143352        10.044871221194477        10.405160372992214        10.876950656822657        11.230147455400836        11.563798384814628        10.452972136510041        10.879334021576106        11.241147455400835        11.513798384814628        11.718065949474976        9.2981821495588619        10.447965244720933        10.652963066973246        10.788379055587043        10.935031655307732        11.322749502749112        11.445709690220390        11.553080644823254        9.0228264797243227        9.4475568447662965     
   36330.301330538932      -0.88290800000000003        5.8168714792643786E-003   8.4712677000000003        9.1272999999999996E-003   10.650115797504581        10.501028944946802        10.924327463887815        10.072472598243197        10.427914015746802        10.897106701496201        11.249181293856383        11.581956825717461        10.475263297711182        10.899271852161467        11.260181293856386        11.531956825717460        11.735567206913268        9.3255418003423021        10.471399583117156        10.673745159334226        10.808290832795306        10.953626524386921        11.338723261570154        11.461007835799803        11.567534528627045        9.0661990014761162        9.4826086365901947     
   35904.675003503697      -0.90400800000000003        6.2976704537948368E-003   8.4718949000000006        9.1207000000000007E-003   10.671180843897554        10.523354398487045        10.942833734718578        10.099616077082116        10.450236619849926        10.916889510670947        11.267833734718574        11.599707842627334        10.497098990592301        10.918894868908064        11.278791430457447        11.549760863362701        11.752809546553101        9.3524613524209865        10.494474932341165        10.694102614304560        10.827799543911569        10.971850830122081        11.354438963041348        11.475981167987227        11.581768064353613        9.1088219154638335        9.5170701401950399     
   35489.509744230367      -0.92483000000000004        6.8402794761568235E-003   8.4725131999999999        9.1141999999999994E-003   10.692130720423215        10.545552243990521        10.961287673288595        10.126816137746882        10.472414233303397        10.936571186168777        11.286287673288594        11.617121394849171        10.518676561406867        10.938599249655901        11.297060491647834        11.567404703464181        11.770175215074921        9.3794790089061202        10.517690458942823        10.714219687111672        10.847088759400137        10.989887130232823        11.370189381026094        11.490721324473792        11.596072823530900        9.1514586260717294        9.5515859497971007     
   35083.910949087061      -0.94541200000000003        7.4539005051048263E-003   8.4731248000000008        9.1077999999999992E-003   10.712611089761754        10.567251856114492        10.979329557056271        10.153401665678370        10.494095115161567        10.955813582456091        11.304329557056274        11.634146835228993        10.539770221738120        10.957862822609012        11.314920752683740        11.584654119907370        11.787155855723146        9.4058853605058310        10.540385337788852        10.733886412459928        10.865946733558101        11.007520968805363        11.385589979825340        11.505133995750978        11.610061165747144        9.1931221786209143        9.5853167027751880     
   34687.340221247294      -0.96576399999999996        8.1488280343112226E-003   8.4737304000000009        9.1015000000000002E-003   10.732647049467165        10.588479950403425        10.996981247594650        10.179405912243105        10.515305905908779        10.974640104036261        11.321981247594650        11.650804676547768        10.560405882335299        10.976709070130909        11.332393883799924        11.601529972531790        11.803771822758474        9.4317134700483756        10.562587555355659        10.753126808309663        10.884396410352156        11.024773666215896        11.400659115832756        11.519236275680523        11.623749571407121        9.2338659871408986        9.6183052337605730     
   34299.042788514213      -0.98592000000000002        8.9356182836419287E-003   8.4743315999999993        9.0951999999999995E-003   10.752297686789310        10.609297884823766        11.014297290720398        10.204899366661772        10.536107889523594        10.993107493454678        11.339297290720394        11.667147571291684        10.580643775406541        10.995194815154852        11.349534133814826        11.618085371597600        11.820075601491331        9.4570335361562012        10.584360282552309        10.771998445966338        10.902493857943368        11.041699007108909        11.415446416045738        11.533075997517200        11.637185045005536        9.2737887277872684        9.6506354140631228     
   33918.450178293439       -1.0058990000000001        9.8252794784367842E-003   8.4749262999999999        9.0889999999999999E-003   10.771688399659832        10.629828664813422        11.031358915418737        10.230097581118665        10.556668850124277        11.011302680483857        11.356322230019410        11.683255335664471        10.600650909703242        11.013402975283855        11.366418435307887        11.634355630464471        11.836032716131912        9.4820160312969595        10.605831949767685        10.790625594816417        10.920362200373004        11.058340974997707        11.429988656266792        11.546766036734232        11.650447211913198        9.3132087428780981        9.6826144318432927     
   33559.617325485378       -1.0249429999999999        1.0783897368455130E-002   8.4754924999999997        9.0830000000000008E-003   10.790432871532062        10.649634404198817        11.047766444147715        10.254598609681086        10.576658535536072        11.028793502171258        11.372567838167249        11.698763517461430        10.620117576881089        11.030891532171260        11.382644282810460        11.649861547461430        11.851004913449660        9.5061582270065692        10.626539300885103        10.808650136183033        10.937671340834004        11.074225485492736        11.443879825426112        11.560121221414345        11.663286172759360        9.3513979073830136        9.7137888598731905     
   33218.345666057263       -1.0432390000000000        1.1813418566389672E-002   8.4760346999999996        9.0773999999999994E-003   10.808235583088296        10.668447219728906        11.063346552317670        10.277875378792595        10.595646324495876        11.045403931719497        11.387993190311915        11.713488277682812        10.638607169356179        11.047499792919497        11.398051586350698        11.664584138882811        11.865219934981896        9.5290937244586562        10.646209633163762        10.825768135620409        10.954108965752527        11.089307397177970        11.457066694380069        11.572798351679156        11.675471612939459        9.3876906389660792        9.7434109142929746     
   32891.902937054918       -1.0609189999999999        1.2918798481755631E-002   8.4765587000000000        9.0719000000000008E-003   10.825299956783942        10.686478532301420        11.078284856274800        10.300175225462430        10.613845050432891        11.061327851863636        11.402782758214693        11.727608378817441        10.656328620509838        11.063421617063637        11.412824572943327        11.678702144017441        11.878852468023021        9.5510671283994864        10.665061244558780        10.842177527858054        10.969867568532164        11.103768426351747        11.469715707234185        11.584959796439767        11.687162070916711        9.4224387652684296        9.7717789220696414     
   32576.543345762784       -1.0781650000000000        1.4105099550151294E-002   8.4770657000000007        9.0665999999999993E-003   10.841782684789084        10.703896025587905        11.092713690936542        10.321715020420768        10.631424279515020        11.076708849299251        11.417067254573315        11.741246786500948        10.673446123697556        11.078800586499252        11.427093699809422        11.692338523700947        11.892019864319593        9.5722915637665302        10.683271192823494        10.858027508680610        10.985088858172134        11.117735535119074        11.481932968756883        11.596706046575523        11.698452679158059        9.4560022491734550        9.7991795524519389     
   32269.779658132233       -1.0950930000000001        1.5377510601226434E-002   8.4775600000000004        9.0614000000000007E-003   10.857827626962957        10.720850875699616        11.106760714740817        10.342678564721782        10.648536465870551        11.091682095766418        11.430973256858826        11.754524923886146        10.690108547646693        11.093771855766418        11.440985364569881        11.705614683886145        11.904839833373346        9.5929483443799146        10.700996906554286        10.873456946279221        10.999906745595487        11.131332796516956        11.493828692347742        11.608143601834941        11.709446403611080        9.4886598945795892        9.8258429456242222     
   31969.437871145637       -1.1118209999999999        1.6741185503640409E-002   8.4780441000000000        9.0563999999999992E-003   10.873534272014142        10.737451653238795        11.120480703247734        10.363187658325655        10.665305226129560        11.106339480963152        11.444568526847737        11.767478182499259        10.706433688098189        11.108412023498724        11.454554587821397        11.718581287163689        11.917359796770407        9.6131723772612272        10.718381631451697        10.888559629318342        11.014396742434299        11.144625788318882        11.505427134481328        11.619294809726133        11.720189020985528        9.5208057757073146        9.8520329882842699     
   31673.860526119861       -1.1284330000000000        1.8201312970769636E-002   8.4785202000000002        9.0513999999999994E-003   10.889172664090893        10.753993254933874        11.133898456436789        10.383441696800059        10.682133545186410        11.120945256732309        11.457984375636791        11.780019968036491        10.722802163554249        11.122868106195369        11.467835316721192        11.731268956973430        11.929607909362609        9.6332786270631203        10.735948893871111        10.903592293521786        11.028705036458430        11.157744155362906        11.516624248782691        11.630063131193211        11.730786120613587        9.5541566177023540        9.8787605819827391     
   31382.099858173609       -1.1449810000000000        1.9762816902377169E-002   8.4789899000000002        9.0465000000000007E-003   10.904599998002206        10.770311581915225        11.147133827738509        10.403423423863137        10.698735436969512        11.135353307105815        11.471217868138508        11.792390132000568        10.738950703269234        11.137128397434902        11.480934882355134        11.743783122471482        11.941688191458743        9.6531144737922201        10.753280187324078        10.918422273831014        11.042819447363987        11.170684008396682        11.527667657474813        11.640682731149612        11.741237812103618        9.5870682442242536        9.9051333792082357     
   31092.453965637345       -1.1615510000000000        2.1430153875499982E-002   8.4794537000000005        9.0416999999999997E-003   10.919899413137273        10.786494974266535        11.160257188279555        10.423242627348412        10.715200856474727        11.149640816817001        11.484339373479553        11.804654028802638        10.754966614397009        11.151269228999823        11.493922893888541        11.756189987019820        11.953664297568277        9.6727888543312268        10.770469721560634        10.933129212842378        11.056815455982640        11.183514012645190        11.538614963421832        11.651208752596464        11.751598207526936        9.6197258077728627        9.9312984236520450     
   30804.346509215484       -1.1781839999999999        2.3207406799034346E-002   8.4799123999999999        9.0369000000000005E-003   10.935123084373606        10.802597379664080        11.173316383992718        10.442960521135133        10.731584296736743        11.163857946755860        11.497396734392721        11.816857809538488        10.770903481682444        11.165340470410468        11.506846943265449        11.768535986683885        11.965581805647707        9.6923626943897414        10.787573430463704        10.947764092173911        11.070742643665076        11.196281431301935        11.549509683611836        11.661683888593783        11.761909640212144        9.6522160102025527        9.9573295274961477     
   30517.573554663890       -1.1948850000000000        2.5098316186433791E-002   8.4803666000000000        9.0322000000000006E-003   10.950256957749074        10.818605380027824        11.186295826609053        10.462566265280012        10.747872529130420        11.177989931590398        11.510374360209051        11.828985291015785        10.786747746519668        11.179327251967729        11.519691357129128        11.780805037838457        11.977424330970452        9.7118250520573444        10.804578595243759        10.962312428315657        11.084586038745060        11.208970467363715        11.560334695469033        11.672090732343770        11.772154565235615        9.6845370023264952        9.9832202939919217     
   30231.381929904903       -1.2117020000000001        2.7105912424213143E-002   8.4808167000000001        9.0275000000000008E-003   10.965361857285526        10.834582100957860        11.199250688159815        10.482132471358142        10.764129396765910        11.192094960840194        11.523327421359813        11.841089423011574        10.802562080198715        11.193287385005146        11.532510968186813        11.793050465246623        11.989244071741481        9.7312481623230980        10.821550941941148        10.976833498483288        11.098403075970097        11.221635536489718        11.571139519034102        11.682477714591005        11.782380960631862        9.7167947516291839        10.009059823576141     
   29945.667630134700       -1.2286450000000000        2.9232777542385804E-002   8.4812630000000002        9.0229000000000004E-003   10.980360130333203        10.850502511812664        11.212029179209331        10.501507739818688        10.780277667812669        11.206067852853742        11.536150315374282        11.853066338367142        10.818298283442800        11.207142800853745        11.545225263374284        11.805191546634553        12.000928913792364        9.7505036677162309        10.838440664922260        10.991305797963339        11.112088468483876        11.234120670737010        11.581895197052635        11.692786532312901        11.792511428045493        9.7492417866418606        10.034912237230273     
   29660.536343933054       -1.2457100000000001        3.1480987128961996E-002   8.4817076000000000        9.0182999999999999E-003   10.995079091631792        10.866363776656057        11.224219934767047        10.520271946076511        10.796144267856056        11.219648067407524        11.548582891183253        11.864662508234984        10.833877973799991        11.220721237007522        11.557656060783254        11.817050303071118        12.012200198139057        9.7692471076565841        10.855162658824257        11.005739627975723        11.125381773351455        11.246001971891049        11.592594440426923        11.702915513114787        11.802381379078652        9.7827515329122772        10.061048324294395     
   29375.617188297532       -1.2629159999999999        3.3852601115110022E-002   8.4821484999999992        9.0136999999999995E-003   11.009785754785369        10.882211880032180        11.236398290838153        10.539017898186358        10.811997662032176        11.233216817538558        11.561004910291750        11.876247752535694        10.849444685220476        11.234288223538556        11.570076316291747        11.828898956668343        12.023462794365884        9.7879733135073081        10.871870810467286        11.020161371973664        11.138663840726856        11.257872135347398        11.603285434742482        11.713036669119077        11.812242652986427        9.8162360596786797        10.087162681932519     
   29091.157391915091       -1.2802610000000001        3.6348928142541925E-002   8.4825867000000006        9.0091000000000008E-003   11.024468337366004        10.898034054598343        11.248554667885136        10.557730311267042        10.827825094998344        11.246763313733664        11.573406556101324        11.887812985273021        10.864985905590258        11.247832966933663        11.582476209301324        11.840728177285156        12.034707881873034        9.8066670074710895        10.888551622822595        11.034559494757920        11.151924124325580        11.269721827881105        11.613959849856867        11.723142164640697        11.822087666228560        9.8496672585036560        10.113233611485347     
   28806.865175495233       -1.2977550000000000        3.8970936168845498E-002   8.4830220000000001        9.0045999999999998E-003   11.038809165727315        10.913333774373033        11.260535735131278        10.575902562962483        10.843336289369738        11.259981830601500        11.585287804478977        11.898844224005465        10.880197950373034        11.261049742601500        11.594355716478976        11.851844224005461        12.045460469353159        9.8248346509624831        10.904722559018751        11.048436012250509        11.164856607776997        11.281230493654473        11.624115879359746        11.732729609710738        11.831773804363038        9.8840723953995600        10.139148281704212     
   28523.380800425912       -1.3153690000000000        4.1719120041563369E-002   8.4834542000000006        9.0001999999999999E-003   11.052940639759262        10.928335858341795        11.272392418962669        10.593760787505156        10.858645472125177        11.272999523944778        11.596881160746905        11.909583669548185        10.895203491941794        11.274065707144773        11.605947343946903        11.862583669548185        12.055940044932418        9.8426946043051533        10.920598710524326        11.062018945543921        11.177589087945202        11.292536907947332        11.633989901365654        11.742036662966504        11.841349371582270        9.9188377583767444        10.164910670325609     
   28240.345130130732       -1.3331240000000000        4.4593883698617387E-002   8.4838844000000009        8.9957000000000006E-003   11.067072602828317        10.943336074214008        11.284253213469361        10.611610722864866        10.873951311059960        11.286018490124922        11.608478065375577        11.920328025565970        10.910207149414012        11.287082952524925        11.617542527775578        11.873328025565970        12.066423952672187        9.8605462604648704        10.936470620799701        11.075602262264661        11.190323297655054        11.303847335305710        11.643871166980277        11.751351857240541        11.850933618134325        9.9535738880005216        10.190654196069039     
   27958.122278709616       -1.3509949999999999        4.7595123174610850E-002   8.4843097000000007        8.9913000000000007E-003   11.080985072515416        10.958110705679287        11.295898467249051        10.629183234962982        10.889027061000574        11.298817561630250        11.619901095545094        11.930940234206469        10.924985183279288        11.299916943959461        11.629000477874298        11.883979483631718        12.076812083510431        9.8781204737629817        10.952113444739199        11.089045205419373        11.202877694534211        11.314982111927760        11.653626317442599        11.760621060850516        11.860393527825265        9.9883274053305211        10.216149272376443     
   27676.807938763148       -1.3689860000000000        5.0723101794013646E-002   8.4847310000000000        8.9869000000000008E-003   11.093965059734735        10.971934635918448        11.306604087966509        10.645554679026240        10.903135675979684        11.310672291489787        11.630623827244840        11.941079855844038        10.938812483918447        11.312017080994359        11.639968616749414        11.894383308626939        12.086937964565706        9.8944936030262411        10.966801799380491        11.102006396456403        11.214713628211456        11.325403047905272        11.662927051660326        11.769887573103659        11.869400892320755        10.023761206798689        10.240702684080439     
   27396.305472065465       -1.3870979999999999        5.3977506307331738E-002   8.4851478999999994        8.9826000000000003E-003   11.106881534823291        10.985692618407096        11.317253747673821        10.661851090610490        10.917177496135029        11.322466756711552        11.641289612199817        11.951165175417952        10.952573801607095        11.324058130587499        11.650880986075766        11.904733005419892        12.097010494091958        9.9107916822104904        10.981420749716893        11.114905078697298        11.226490300585560        11.335768869945888        11.672175866634149        11.779104137582163        11.878358082380220        10.059069503480071        10.265156462846587     
   27117.272166802682       -1.4052929999999999        5.7358113257085168E-002   8.4855602000000001        8.9783999999999992E-003   11.119706721835000        10.999354905334590        11.327824950315955        10.678036778340291        10.931122114767787        11.334175810502208        11.651875935969420        11.961175013049560        10.966239386934587        11.336014326228478        11.661714451695692        11.915006755229298        12.107008508996101        9.9269790191402922        10.995938556087646        11.127713495381533        11.238182584048745        11.346057740882758        11.681353551949970        11.788251580643044        11.887246560863309        10.094171991530393        10.289455834356476     
   26839.597583493760       -1.4235819999999999        6.0864790956467886E-002   8.4859690000000008        8.9741000000000005E-003   11.131768031977090        11.012249239226611        11.337955984627603        10.693431475400386        10.944457796059622        11.345429222293630        11.662012108627605        11.970738425369367        10.979136991226609        11.347221698302347        11.671955984627607        11.924691303794594        12.116267253386804        9.9422149489838798        11.009674322476128        11.139750027126643        11.249117419885840        11.355898827785873        11.690088846119851        11.796825198128568        11.895703947703344        10.129224862954898        10.312460573505225     
   26563.298340898244       -1.4419620000000000        6.4497417879348456E-002   8.4863715000000006        8.9700000000000005E-003   11.143192872798886        11.024502977776189        11.347688592135784        10.708165781062350        10.957267353094389        11.356271856772191        11.671743106135784        11.979900410463339        10.991393949776191        11.357804447467332        11.681688592135787        11.933869702817583        12.124911077853623        9.9566745654032491        11.022758568753494        11.151145260090397        11.259422259808234        11.365337112122438        11.698426763486035        11.804904840181175        11.903772005826932        10.164125165468290        10.334427901261728     
   26288.753850366404       -1.4604079999999999        6.8256057959906233E-002   8.4867703999999993        8.9659000000000006E-003   11.154545559415247        11.036679297864147        11.357361561700955        10.722806090419095        10.969995953363412        11.367047791099491        11.681414480100955        11.989007268193443        11.003573461064146        11.368321264558102        11.691361561700955        11.942991987801687        12.133501296710666        9.9710419258694607        11.035760117913046        11.162470283398758        11.269662936808469        11.374718514343076        11.706714774544540        11.812935329603153        11.911791854794910        10.198805088925855        10.356252649134301     
   26016.268137079776       -1.4789060000000001        7.2141527031900091E-002   8.4871680999999999        8.9618000000000007E-003   11.165814534719033        11.048765730307792        11.366965141150374        10.737337068469643        10.982630538833632        11.377746085802059        11.691016468750377        11.998049840028969        11.015663075107796        11.378761518934702        11.700965141150377        11.952049005024538        12.142029378694261        9.9853020090067233        11.048665598296555        11.173713549527896        11.279829114671784        11.384033571891891        11.714944661640210        11.820908767172856        11.919755619377291        10.233227267671687        10.377911591892271     
   25745.243276810139       -1.4974909999999999        7.6154367612337209E-002   8.4875635999999997        8.9577000000000007E-003   11.175866757296198        11.059388943768628        11.375630046254201        10.749894025283055        10.993289452568629        11.387245079623771        11.699667118828152        12.006170278407822        11.026289452568630        11.388245079623772        11.709375289531010        11.959928194710685        12.149865776084631        9.9978316066570088        11.059861384641060        11.183512509373010        11.289040068500583        11.392182951433874        11.722498855135392        11.828207025838253        11.927070462064300        10.264665529565498        10.396549365297432     
   25476.748508458335       -1.5161089999999999        8.0295291378376793E-002   8.4879659000000007        8.9534999999999997E-003   11.185780239213289        11.069851929639468        11.384186930712483        10.762238974566452        11.003755656839468        11.396612275987104        11.708209879669385        12.014188564129400        11.036755656839469        11.397612275987109        11.717663679220943        11.967690500080957        12.157617176237858        10.010165650723357        11.070875483665651        11.193160714921747        11.298137160895566        11.400213751572496        11.729972464503218        11.835426264054773        11.934307042297869        10.295653184384514        10.414851257152764     
   25210.763595976659       -1.5347660000000001        8.4565006231524312E-002   8.4883910000000000        8.9490999999999998E-003   11.195652093735188        11.080267215524888        11.392715698733415        10.774515272316368        11.014174343524889        11.405944099945483        11.716725485751756        12.022183661925364        11.047174343524890        11.406944099945481        11.725926462329390        11.975431074503003        12.165347989521344        10.022432187334712        11.081835901314594        11.202769985331162        11.307201299541457        11.408220310907023        11.737429232135664        11.842630208713295        11.941527549694953        10.326393279065581        10.433025069131514     
   24946.866329020148       -1.5534850000000000        8.8964618353484556E-002   8.4888306000000000        8.9446000000000005E-003   11.205232130977203        11.090383075919158        11.401014848523483        10.786416719545040        11.024346854390140        11.414989456950339        11.724964088737403        12.029953258781523        11.057293720719160        11.415991830835241        11.733966462622300        11.982997936381524        12.172908581181526        10.034276604558956        11.092489343261120        11.212089642106220        11.316034134550341        11.416051070052506        11.744673028809361        11.849670654924461        11.948632059510546        10.356086265266734        10.450508197891290     
   24685.390400751163       -1.5722280000000000        9.3495274586253771E-002   8.4892711999999992        8.9400999999999994E-003   11.213784528562977        11.099456662961474        11.408499087098233        10.797030963756965        11.033685442160722        11.423013062230607        11.732197979032859        12.036912783099735        11.066370832561473        11.424026563764480        11.741211480566731        11.989955698299736        12.179869867899738        10.044644025291595        11.102085882159974        11.220384088563728        11.324055977430609        11.423270307898987        11.751138906168988        11.856125404635113        11.955340682300486        10.382269379785262        10.465604993879692     
   24425.980159576142       -1.5910130000000000        9.8158274816132943E-002   8.4897019000000000        8.9356000000000001E-003   11.222275835183058        11.108465067263904        11.415932465311613        10.807568264706450        11.042956702304327        11.430980573047336        11.739382090726064        12.043825618030763        11.075382682463907        11.432004218302211        11.748405735980942        11.996866810430767        12.186784425630766        10.054935505320902        11.111613106944755        11.228619430542633        11.332021765447337        11.430440830271191        11.757560099259667        11.862536454004793        11.962004443790342        10.408242416695078        10.480585952613154     
   24169.073364605811       -1.6097999999999999       0.10295541717791584        8.4901243999999991        8.9312999999999997E-003   11.230644812906817        11.117346168577605        11.423255459172594        10.817963766789969        11.052098090412997        11.438831628839704        11.746457356133522        12.050633108301806        11.084267163777604        11.439864452436026        11.755490179729843        12.003672610701805        12.193593605901807        10.065086658950896        11.121008021848390        11.236734881471421        11.339871131239704        11.437503537337200        11.763878892623659        11.868846069027338        11.968565167266412        10.433914971437769        10.495378823576957     
   23914.097743873419       -1.6286380000000000       0.10788817928155507        8.4905369000000004        8.9271000000000003E-003   11.239114284537637        11.126323941449888        11.430615571670122        10.828444993386649        11.061251488256447        11.446794322031943        11.753653424070121        12.057481619557871        11.093165586000323        11.447828922825382        11.762770675513130        12.010605374213997        12.200443767157873        10.075407140986650        11.130413095312575        11.245041831344194        11.347746272175817        11.444688024863561        11.770402663151311        11.875196257845618        11.975085952252174        10.459430575848552        10.510290801590367     
   23661.703064032616       -1.6474740000000001       0.11295847100282777        8.4909423999999998        8.9228999999999992E-003   11.247864330867781        11.135577155139714        11.438124898654561        10.839186623155516        11.070516950973023        11.455055072029154        11.761161129054560        12.064484535182626        11.102178654037058        11.456079045795846        11.770511143123908        12.017859062518593        12.207448304782627        10.086150392755517        11.139927708708992        11.253804126701088        11.355753005493188        11.452185102821250        11.777399817749316        11.881699250110689        11.981602815543997        10.484820102074938        10.525553554569623     
   23411.594860132045       -1.6663340000000000       0.11816845936575331        8.4913401000000004        8.9187999999999993E-003   11.256523962983806        11.144735412863540        11.445553422321829        10.849820077302748        11.079686515782225        11.463228976422752        11.768588061921832        12.071411251642097        11.111098110642359        11.464243233904071        11.778170342424332        12.025034296381961        12.214376612042095        10.096785437702749        11.149344200122094        11.262475065902485        11.363675210882885        11.459602319403150        11.784321590323415        11.888130522562360        11.988046985881041        10.509967957533775        10.540668104501691     
   23163.650310796944       -1.6852180000000001       0.12352048245504474        8.4917300999999998        8.9148000000000005E-003   11.265096795920467        11.153802574898876        11.452904220500809        10.860349946634091        11.088764081812055        11.471319444255240        11.775937300100811        12.078264600722406        11.119927732122850        11.472324857742063        11.785751397163654        12.032134030011608        12.221231521122405        10.107316867034093        11.158666590701255        11.271058302833648        11.371516174166036        11.466942713587631        11.791170775409224        11.894492662544000        11.994421089857177        10.534885894721050        10.555641211726570     
   22918.015034879983       -1.7041249999999999       0.12901780287417872        8.4921150000000001        8.9108999999999994E-003   11.275000930115723        11.164275839205285        11.461429621165685        10.872510586473965        11.099405683329721        11.480660355220362        11.784458575359885        12.086217792076123        11.130323698364606        11.481662941026165        11.794350222006361        12.040326145429642        12.229183666270323        10.119479046473963        11.169550748294846        11.280966804309926        11.380691895220362        11.475299777041243        11.798959202145884        11.901959202145882        12.001737323827243        10.563556632193087        10.573257385557888     
   22674.619084875667       -1.7230520000000000       0.13466334658321838        8.4924937000000007        8.9070000000000000E-003   11.287645293542351        11.177641691860668        11.472377396763530        10.888021214415627        11.113252658863864        11.492579075196975        11.795397652336479        12.096441048845211        11.143927277948741        11.493588844824028        11.805061785475459        12.050776915706230        12.239401254018158        10.134991189215629        11.183638090178992        11.293605498715298        11.392609100396978        11.485766429760336        11.808700211414962        11.911700211414963        12.011008938438817        10.599897223537585        10.596259581422167     
   22433.239864199881       -1.7420150000000001       0.14046016675735815        8.4928653000000001        8.9032000000000000E-003   11.300177421872956        11.190890066426189        11.483226275576516        10.903399004485902        11.126978873243626        11.504391525065554        11.806238639722356        12.106570708623281        11.157412113107828        11.505407699719719        11.815675690094881        12.061133658250750        12.249525995169115        10.150370465685899        11.197602710979428        11.306132708418790        11.404420063865555        11.496137468759080        11.818351571951681        11.921351571951678        12.020193323388408        10.635942469806420        10.619071292370723     
   22256.967928594546       -1.7559920000000000       0.14481832602705538        8.4931373000000008        8.9003999999999993E-003   11.309340719727082        11.200576869916510        11.491159892052028        10.914642180884805        11.137015086434538        11.513029271112863        11.814166946027242        12.113978643462598        11.167272054363131        11.514049667937652        11.823437256805413        12.068708332684430        12.256930795837810        10.161614730084803        11.207813020105945        11.315292872102297        11.413056721912866        11.503721675534003        11.825410226919786        11.928410226919787        12.026910054826548        10.662284834278672        10.635745949749658     
   22136.910030733576       -1.7655719999999999       0.14784131044335408        8.4933212999999999        8.8985000000000002E-003   11.315582783738272        11.207175711170159        11.496564211229320        10.922301785865827        11.143852119032786        11.518913369430472        11.819567868753410        12.119024713397430        11.173989029063517        11.519936426706387        11.828724178535964        12.073868403614874        12.261974941321519        10.169275071065826        11.214768638602049        11.321533011662360        11.418940084230474        11.508887803366697        11.830218389058899        11.933218389058897        12.031484894072186        10.680231436159985        10.647106234857617     
   22042.203114006355       -1.7731619999999999       0.15025634772101212        8.4934648999999993        8.8970000000000004E-003   11.320508680845274        11.212383174709535        11.500829139837036        10.928346481502322        11.149247590887805        11.523556868987294        11.823830243043316        12.123006926772776        11.179289794001809        11.524581906181011        11.832896380144762        12.077940789671329        12.265955749179055        10.175320341102326        11.220257668573799        11.326457503251556        11.423583009387292        11.512964723658767        11.834012911800789        11.937012911800787        12.035095111616238        10.694392633385716        10.656070944605814     
   21949.821862401044       -1.7806010000000001       0.15265193604130867        8.4936065000000003        8.8956000000000000E-003   11.326226677805970        11.218427390356364        11.505751753685669        10.935310528614263        11.155426420493963        11.528901631629356        11.828753036941361        12.127652367272869        11.185377525612054        11.529925922373664        11.837826222567578        12.082628076528561        12.270503429509059        10.182234776476665        11.226577924769163        11.332225707943568        11.428825566098464        11.517752723548067        11.838526750390965        11.941327321096260        12.039326037840571        10.710094953393664        10.666289200213548     
   21856.368283574342       -1.7881540000000000       0.15510640754596433        8.4937488999999999        8.8941000000000003E-003   11.332821543226062        11.225396070091763        11.511413821886693        10.943297484747555        11.162489693008192        11.535035554293716        11.834417413311586        12.133032935537416        11.192349652716652        11.536056967268822        11.843578866578232        12.088011522562306        12.275702846154347        10.190128848631135        11.233826965241041        11.338915166142487        11.434769703835970        11.523320198970270        11.843817882045885        11.946246946605070        12.044243355180180        10.727619271198082        10.677913351813489     
   21761.258102712789       -1.7958740000000000       0.15763703523287129        8.4938921000000001        8.8926000000000005E-003   11.339527880023322        11.232482847612470        11.517170725496989        10.951420786436092        11.169672726309759        11.541272541429965        11.840176558343526        12.138503363005128        11.199439817259009        11.542291140183426        11.849428066147741        12.093484764251667        12.280988681703629        10.198157612938807        11.241199073304333        11.345717758720610        11.440813656388851        11.528980846799701        11.849197159154379        11.951248024411765        12.049242191565231        10.745449016312850        10.689738653490682     
   21665.913254729690       -1.8036449999999999       0.16021515258237759        8.4940368999999993        8.8912000000000001E-003   11.346226335951194        11.239562682932274        11.522917289669170        10.959539749559564        11.176849064877548        11.547500282566208        11.845925258439852        12.143962734233359        11.206522946902957        11.548516166195522        11.855267260043760        12.098946850604044        12.286262793484187        10.206181810414297        11.248564943168088        11.352512717896463        11.446847992704985        11.534630907723905        11.854565059058775        11.956236680848374        12.054228712077691        10.763298547606450        10.701569078713060     
   21569.893459968844       -1.8115090000000000       0.16285055265331974        8.4941823999999997        8.8897000000000004E-003   11.352995207396885        11.246715633557008        11.528727421147801        10.967739311946124        11.184099199297043        11.553794880999186        11.851737429899030        12.149483642327707        11.213679101508239        11.554808142647959        11.861170789336603        12.104470380678938        12.291596905950106        10.214285935006094        11.256005953177104        11.359378773136916        11.452947929567896        11.540343855407768        11.859993733338905        11.961283315930009        12.059273307178783        10.781297655078069        10.713506711153650     
   21473.211416006692       -1.8194580000000000       0.16554333067239660        8.4943285999999993        8.8882000000000006E-003   11.359809244298951        11.253916398634928        11.534575994574119        10.975994035343753        11.191397816018920        11.560131145609191        11.857587945089222        12.155041000022138        11.220882977950026        11.561141880694088        11.867113518243016        12.110030264937244        12.296965952684356        10.222444561159758        11.263496764386908        11.366290661682946        11.459088303526102        11.546094577190125        11.865458105153248        11.966362901332374        12.064350950817275        10.799419607595965        10.725525624174189     
   21375.978304032917       -1.8274850000000000       0.16828466159867678        8.4944735999999992        8.8867000000000008E-003   11.366661120606064        11.261157207389932        11.540456803620391        10.984295024471567        11.198737017885897        11.566502284074229        11.863470597994397        12.160628949732491        11.228126790563934        11.567510595300231        11.873089136542358        12.115620638506496        12.302364283888561        10.230648897175598        11.271029272477829        11.373240931102028        11.465262551908296        11.551876993124424        11.870952405610527        11.971470113200660        12.069456318826656        10.817644070286203        10.737612593092276     
   21278.744504857732       -1.8355530000000000       0.17107868002925020        8.4946201000000006        8.8851999999999993E-003   11.373513976088836        11.268398998069403        11.546338461867164        10.992597042186214        11.206077214364546        11.572874182072630        11.869353982996918        12.166217734581737        11.235371479999158        11.573880180542874        11.879065715832555        12.121211736111492        12.307763226650961        10.238854267091073        11.278562764554829        11.380192192383975        11.471437669552595        11.557660245572022        11.876447441416348        11.976577940565535        12.074562419435781        10.835869826760971        10.749700962707502     
   21180.441080333607       -1.8437450000000000       0.17394450097054032        8.4947678000000000        8.8836999999999996E-003   11.380439216917631        11.275717452596298        11.552281708905683        11.000987522727909        11.213495153915963        11.579312940688736        11.875298861290402        12.171864889746685        11.242692747381016        11.580316717104017        11.885105044240634        12.126861113331403        12.313218219076790        10.247147035008245        11.286176129355296        11.387216918237298        11.477677599264686        11.563504007586017        11.881999696811738        11.981738613517789        12.079721461133071        10.854293305749161        10.761919792240745     
   21081.718015217783       -1.8520099999999999       0.17686763623105586        8.4949159000000005        8.8821999999999998E-003   11.387393489304268        11.283066617243398        11.558249680406201        11.009413417726241        11.220944226428179        11.585778419279867        11.881268354955955        12.177535507251852        11.250044618993153        11.586780081130113        11.891169624241227        12.132533845401609        12.318695619581801        10.255474799341465        11.293821463197743        11.394271098489048        11.483943517160549        11.569372071221418        11.887574890616827        11.986920437227452        12.084901762677697        10.872795132424278        10.774190727883484     
   20982.827002024555       -1.8603259999999999       0.17984478404783144        8.4950639999999993        8.8807000000000001E-003   11.394602337084613        11.290688202074492        11.564470095104856        11.018096860054243        11.228666226136138        11.592496728094737        11.887506673039159        12.183474898045233        11.257685292008791        11.593496728094735        11.897470095104861        12.138458064110932        12.324440552049285        10.264077116054246        11.301739721068419        11.401580361146259        11.490479555096762        11.575492071043211        11.893383891051307        11.992386462053336        12.090298026061429        10.891796016948764        10.786847329961116     
   20883.582389139327       -1.8687100000000001       0.18287702264213315        8.4952118999999993        8.8790999999999991E-003   11.403018208188630        11.299600296242932        11.571892336880023        11.027994301151537        11.237680638730442        11.600416967734326        11.895025677214232        12.190695576781646        11.266695331777139        11.601416967734323        11.904892336880021        12.145581388847440        12.331462741559928        10.273975148751539        11.310949549075513        11.410098550676135        11.498300550123464        11.582811994392511        11.900308019149069        11.999210753938204        12.096725931094763        10.913118652153816        10.801311206451128     
   20782.749357629327       -1.8772679999999999       0.18600701636425801        8.4953617000000001        8.8775999999999994E-003   11.411538755479739        11.308625008691592        11.579403355456034        11.038020153515298        11.246809183628582        11.608433949067884        11.902635128603784        12.198001929876671        11.275819675439347        11.609433949067881        11.912403355456032        12.152788709928920        12.338567428591933        10.284001600315300        11.320276760618704        11.418722930416724        11.506216698425515        11.590219180519039        11.907313071549559        12.006114374107188        12.103226818337706        10.934752293977159        10.815976576664347     
   20681.260261998319       -1.8859230000000000       0.18921140948842488        8.4955120999999991        8.8760999999999996E-003   11.420113053433260        11.317706752123270        11.586961559253242        11.048109568703284        11.255995310549553        11.616501403143252        11.910292528702962        12.205354261088958        11.285001818372988        11.617501403143249        11.919961559253244        12.160041243239236        12.345716781612959        10.294091617103286        11.329662971337273        11.427401611859542        11.514182663405249        11.597673000826960        11.914362138674955        12.013061350536953        12.109768439984945        10.956524759950037        10.830735693451361     
   20578.892570698044       -1.8946940000000001       0.19249539610780081        8.4956634999999991        8.8745000000000004E-003   11.428783577031041        11.326889114177547        11.594607194738018        11.058308340470568        11.265282834136322        11.624660693884529        11.918038343637853        12.212792367349948        11.294285571077381        11.625660693884527        11.927607194738020        12.167378564450111        12.352950152491346        10.304290994470570        11.339152436465454        11.436177296989808        11.522239586455228        11.605213474779248        11.921494353062037        12.020090591632737        12.116388815915528        10.978507459899227        10.845644590218456     
   20475.852858198206       -1.9035650000000000       0.19585342870209066        8.4958153999999997        8.8730000000000007E-003   11.437484702880969        11.336105438589978        11.602276708262952        11.068547770807992        11.274604882316300        11.632847228771961        11.925808820420233        12.220253117394829        11.303604073947263        11.633847228771959        11.935276708262951        12.174737743637547        12.360204823111228        10.314531032407995        11.348677880015384        11.444984146607286        11.530323081630161        11.612777264536629        11.928647199169422        12.027139790427622        12.123026463460416        11.000607901284237        10.860625062530879     
   20372.015596809342       -1.9125500000000000       0.19929733721768056        8.4959682000000001        8.8713999999999998E-003   11.446275532393162        11.345415454409114        11.610027942761253        11.078888824841016        11.284021312042373        11.641119483177206        11.933661926734374        12.227794100724807        11.313017183982240        11.642119483177208        11.943027942761255        12.182176243951680        12.367538131918423        10.324872697641020        11.358299407618688        11.453881390026417        11.538491498774018        11.620422085127991        11.935877893115233        12.034266035912040        12.129737971099281        11.022901505668081        10.875743852987789     
   20267.351518601685       -1.9216510000000000       0.20282566625549386        8.4961216000000004        8.8698000000000006E-003   11.455133983260742        11.354797225667733        11.617838525646759        11.089309873681716        11.293510212964614        11.649455227253748        11.941575321712678        12.235392889868480        11.322502994533652        11.650455227253753        11.950838525646761        12.189671607402564        12.374927592905687        10.335294360081720        11.367995171111930        11.462846970557623        11.546722578772355        11.628125538349879        11.943163917224284        12.041446782342890        12.136500674817293        11.045369990673487        10.890980676626038     
   20161.043190338976       -1.9309419999999999       0.20647372321263990        8.4962769999999992        8.8683000000000008E-003   11.464101712602636        11.364296496650946        11.625741928506026        11.099864768747553        11.303118163205413        11.657892036554331        11.949583283570879        12.243081305141898        11.332108067715795        11.658892036554333        11.958741928506027        12.197254842077045        12.382403391522574        10.345849876747552        11.377813367079925        11.471923379157106        11.555053079744672        11.635920261951556        11.950534650712912        12.048710585903253        12.143339866664606        11.068161301348193        10.906426997991959     
   20053.676280608095       -1.9403740000000000       0.21022237230919522        8.4964338000000001        8.8666999999999999E-003   11.473180327078206        11.373911945675163        11.633745619484285        11.110546360469082        11.312843238913148        11.666434443681242        11.957692708885086        12.250868002526909        11.341830505475963        11.667434443681243        11.966745619484284        12.204935177926105        12.389975355088128        10.356532095669083        11.387750916833339        11.481111620316186        11.563488119961852        11.643814326246302        11.958000501768732        12.056068442849343        12.150268883171771        11.091200879236338        10.922048721961110     
   19946.559646342575       -1.9498340000000001       0.21402969971551297        8.4965899000000000        8.8651000000000008E-003   11.482849369616019        11.383849369616019        11.642235366172130        11.121654338659908        11.323049490630648        11.675408206386759        11.966235366172132        12.259035245157502        11.352035850230649        11.676619052010189        11.975021604757497        12.213259731180930        12.398032329366302        10.367426936845280        11.398063131030650        11.490832813424820        11.572408206386758        11.652249006572131        11.966007964357498        12.063804927551672        12.157577525737040        11.114906412089997        10.938405956250090     
   19839.421300851565       -1.9593469999999999       0.21790288747849010        8.4967445000000001        8.8634999999999999E-003   11.493133696990130        11.394133696990130        11.651232796600349        11.133216905379912        11.333762989786726        11.684836045396944        11.975232796600350        12.267603503803757        11.362749967786725        11.686469995970254        11.983590481803757        12.222250476377068        12.406595139580473        10.378561568583320        11.408776011786726        11.501112310766848        11.581836045396946        11.661245818600351        11.974577459803756        12.071939802783882        12.165284465987286        11.139338449501009        10.955540953735630     
   19726.134955286874       -1.9694579999999999       0.22207743672545505        8.4969076000000001        8.8617999999999995E-003   11.504010749615162        11.405107390598243        11.660843387653230        11.145541025530569        11.345093840194014        11.694902919836309        11.984749108278606        12.276761477878608        11.374082651398243        11.696891731040537        11.992938847832079        12.231761477878607        12.415654828903982        10.390528655930574        11.420201669972869        11.512081470594012        11.591808640461686        11.670855757253229        11.983735557874375        12.080641278499751        12.173534629525129        11.165459685653854        10.973756087851427     
   19611.463320192546       -1.9797520000000000       0.22639116796414524        8.4970732000000009        8.8600999999999992E-003   11.515016015286884        11.416576649512583        11.670924648741950        11.158373088563804        11.356558454806111        11.705450161367652        11.994376989529192        12.286388696729196        11.385553235112587        11.707444941674124        12.003478795461183        12.241388696729194        12.424829330316433        10.403361381363803        11.432124308725340        11.523546747606110        11.601902502154894        11.680936355941951        11.993358794822724        12.089811135609962        12.182251769197206        11.192977004379157        10.992547094007319     
   19494.136378130046       -1.9903400000000000       0.23088064079725237        8.4972399999999997        8.8584000000000006E-003   11.526288396331903        11.428322890819384        11.681229331807007        11.171514694281825        11.368324265306864        11.716253901844425        12.004263567356944        12.296251152869466        11.397324006369320        11.718253901844427        12.014206136257069        12.251251152869465        12.434250893931921        10.416480458731886        11.444335305306861        11.535289770819382        11.612264682906883        11.691240371807009        12.003218291807006        12.099205618381983        12.191181904956963        11.221144056818719        11.011763546006666     
   19374.879047699829       -2.0011679999999998       0.23553785640046712        8.4974086000000000        8.8567000000000003E-003   11.538148306859270        11.440659156268470        11.691662408846639        11.185274629296075        11.381138908877670        11.727637457450065        12.015168070440868        12.306677952231666        11.410133721062699        11.729637457450067        12.024167112852410        12.261677952231665        12.444672764416694        10.429768967701843        11.457149274477672        11.547628059468469        11.623642635235093        11.701672774446642        12.013652043246637        12.109156737222467        12.200651065598294        11.250181277405467        11.031259713836427     
   19253.646773231660       -2.0122469999999999       0.24037773896414869        8.4975804999999998        8.8550000000000000E-003   11.550198527230565        11.453193618137641        11.702261503335459        11.199256314858859        11.394159675044714        11.739203436323495        12.026247057416422        12.317271322509344        11.423150138218597        11.741203436323497        12.034285627254503        12.272271322509349        12.455261785683232        10.443270760777901        11.470169353044712        11.560164584137640        11.635203577497380        11.712271181335462        12.024251825335460        12.119266553602275        12.210271603869083        11.279692606711324        11.051071309395970     
   19129.957271846135       -2.0236160000000001       0.24541882114409597        8.4977546000000004        8.8532000000000003E-003   11.562898562820113        11.466863573542280        11.713951871491819        11.213922712967509        11.407845610342278        11.751405097604433        12.038427729701365        12.328480682179201        11.436360770532733        11.753405097604432        12.046441024004434        12.283480682179199        12.466471700579202        10.457922712967509        11.483378733732732        11.573360770532734        11.647405097604430        11.723960853091814        12.035458406276131        12.129978235363517        12.220493395553969        11.310678537083820        11.072631811441060     
   19003.211414854290       -2.0353400000000001       0.25069901685647278        8.4979318999999993        8.8514000000000006E-003   11.575913738098246        11.480888153043848        11.725947808081516        11.228953458125014        11.421871608243846        11.763910145222100        12.050926796286534        12.339968926140932        11.449884347638834        11.765910145222099        12.058943234822097        12.294968926140934        12.477960653740931        10.472953458125014        11.496900892438832        11.586884347638831        11.659910145222097        11.735956080481516        12.046944215205366        12.140957060864780        12.230969800259766        11.342446827364244        11.094757180357606     
   18873.524099082519       -2.0474160000000001       0.25621999514466304        8.4981120000000008        8.8494999999999997E-003   11.590098344021259        11.495102164605273        11.739094088813919        11.244702947416284        11.436592964208943        11.777079073981946        12.063584453794265        12.352093654190591        11.464592964208942        11.779079073981949        12.072097820229901        12.307595737210248        12.490082281606577        10.488699126832268        11.511608068208941        11.601589143624929        11.673075253397935        11.748599557794263        12.058568915170939        12.152063011567266        12.242561274002911        11.375831970525075        11.117770493867662     
   18740.880870070170       -2.0598519999999998       0.26200393407722333        8.4982950000000006        8.8477000000000000E-003   11.604626029239373        11.509669325759091        11.752523419680216        11.260817298798532        11.451655685759093        11.790589303949787        12.076523668450079        12.364500583160495        11.479655685759091        11.792589303949789        12.085523419680214        12.320493763160499        12.502450715410642        10.504810478798532        11.526705553508947        11.616612638009236        11.686546256199936        11.761536810910350        12.070486943160496        12.163450217870913        12.254364122371200        11.410032845758572        11.141314578844465     
   18604.928271337722       -2.0726849999999999       0.26806805317596377        8.4984807999999994        8.8457999999999991E-003   11.619964774976610        11.525551138691265        11.766229991032668        11.277778557320561        11.467538985091261        11.805380961774441        12.090233517320188        12.377661857718016        11.495538985091260        11.807380961774440        12.099229991032667        12.333655780918017        12.515072943490891        10.521772480520562        11.543127899318387        11.631956147664136        11.700798124347317        11.775238618345144        12.083649704118018        12.176065890915845        12.265900216061590        11.446037434420804        11.165893946813172     
   18465.411912107647       -2.0859489999999998       0.27445023509432748        8.4986698999999994        8.8439000000000000E-003   11.635681144156724        11.541962433170013        11.780409023763731        11.295435278534868        11.483951792370014        11.820537471405153        12.104551960425454        12.391281312212165        11.511952528459862        11.822537471405155        12.113546640025454        12.347275991812161        12.528275255722313        10.539292341873150        11.559957848859860        11.647951056280160        11.715536735315304        11.789414344163731        12.097132319060595        12.188988646309028        12.277850293957457        11.483236519819499        11.191367627146690     
   18321.878549465077       -2.0997020000000002       0.28118890392994422        8.4988630000000001        8.8418999999999998E-003   11.651820675067002        11.559246954285852        11.795397011077293        11.314431199306844        11.501237858285853        11.836103641264861        12.120110804494006        12.405693621275153        11.529241098671283        11.838103641264864        12.129106256494007        12.361689073275157        12.542685832889726        10.557717405890132        11.577245646671278        11.665234617900422        11.731100400879432        11.804401559077293        12.110972039473017        12.202255005670876        12.290542519868735        11.522338299152592        11.218404692922226     
   18175.610195344849       -2.1138200000000000       0.28823848095217341        8.4990593000000008        8.8398999999999995E-003   11.668910460872238        11.576912700183895        11.811018902872204        11.333843005839759        11.518906294239722        11.852609138853618        12.136018902872207        12.420727749597757        11.547205376946687        11.854609138853617        12.145016259728036        12.376725106453586        12.557424904090793        10.576841886183933        11.595209139746688        11.683197851346689        11.747308936490823        11.820022665672203        12.125423784434963        12.215826022853554        12.303527343979104        11.562829000472890        11.246305274463237     
   18025.652730493282       -2.1284120000000000       0.29566413365414551        8.4992578999999999        8.8378999999999992E-003   11.687066411841357        11.595071739460835        11.827376908417015        11.353793590694913        11.537068466470572        11.870166054363331        12.152376908417015        12.436482792329251        11.565963496329125        11.872166054363330        12.161376603826753        12.392482487738988        12.572584794070700        10.596790926885177        11.613966464729124        11.701957559529124        11.764268360695041        11.836379876817016        12.140582130260960        12.229787047514648        12.316886994626884        11.604976512372168        11.275251763055579     
   17872.446265101007       -2.1434419999999998       0.30347232840170696        8.4994601000000003        8.8357999999999996E-003   11.705761358562359        11.614785005781364        11.844232873343572        11.374827031660558        11.556782846181363        11.888247882162577        12.169232873343567        12.452724818003972        11.585780686581366        11.890248984022762        12.178232873343568        12.408724818003975        12.588723716143789        10.617824872060559        11.633273733101952        11.721267254301956        11.781738769083166        11.853233931083388        12.156212443464376        12.244701126664598        12.330678537185406        11.648692070945977        11.305988311094094     
   17715.279143681022       -2.1589909999999999       0.31172001547748301        8.4996658000000007        8.8336999999999999E-003   11.725127097577007        11.635267132142920        11.861711598441813        11.396697150418747        11.577265981002283        11.906846842785816        12.186850481867092        12.469574051816542        11.606264644202282        11.908986691692368        12.195711598441816        12.425574051816538        12.605434017250625        10.639557115852837        11.653406201227559        11.741263307402283        11.799847993926454        11.870711598441813        12.172433831591261        12.260154727940714        12.345014693374798        11.693968407897957        11.337779436316614     
   17554.804609742132       -2.1750080000000001       0.32040480113440972        8.4998746999999995        8.8316000000000002E-003   11.745515032422269        11.656295923855581        11.880172797611451        11.419643280538672        11.598295813983299        11.925952858227923        12.205953579172487        12.487392517250420        11.627295312783296        11.928733358333517        12.214172797611454        12.443392517250423        12.622611625817107        10.661862389105359        11.675077096744328        11.762294811583295        11.818952968100206        11.889172797611451        12.189611234489391        12.276049170167326        12.360268278734015        11.741311256513306        11.370355285409580     
   17390.136863831354       -2.1915930000000001       0.32959354110761435        8.5000871000000000        8.8293999999999994E-003   11.766514021059754        11.678392424643834        11.899635158159869        11.443268151943718        11.620832072483241        11.946514564754489        12.225195663425731        12.505756057775786        11.649832420883245        11.949075112209814        12.233635311265138        12.461756210881058        12.640756057775791        10.685268347238450        11.697392076243835        11.784393469843836        11.839075112209814        11.908195510320462        12.206877849486441        12.291998400702356        12.375558599757683        11.790846644320167        11.404738538992655     
   17222.571642210478       -2.2086260000000002       0.33925415529412078        8.5003013999999997        8.8272999999999997E-003   11.788004498180705        11.701111932682373        11.919564571126585        11.467541009336493        11.644111932682375        11.967786409188896        12.244675357887228        12.524454857695424        11.673113138282375        11.969895990349542        12.253565776726582        12.480565512185557        12.659345144264268        10.709541009336490        11.720220308243022        11.807115417211861        11.859786276918385        11.927564571126585        12.224347423193755        12.308126658460925        12.390796577108475        11.841929546582818        11.440294145305536     
   17052.772570666151       -2.2260559999999998       0.34937889983955006        8.5005172000000009        8.8251000000000007E-003   11.810423934823476        11.724210339037235        11.939267859250556        11.493347795410152        11.667210339037233        11.988849816285224        12.265057205671468        12.543478949533220        11.696212407837233        11.991637093906142        12.273269928050556        12.500266663857712        12.677690039815886        10.735347795410153        11.743995547858145        11.830214913340811        11.880848184188807        11.947267859250559        12.242692545319464        12.325111024988367        12.405745491229212        11.894904184103567        11.476967845383939     
   16878.739091979627       -2.2440920000000002       0.36011636037781214        8.5007362999999998        8.8228000000000004E-003   11.833898666364011        11.748380764796092        11.960443535467768        11.520294432524420        11.691865808428172        12.011418084581425        12.286443535467765        12.563472019653101        11.720868753628174        12.014416567931928        12.294445052117265        12.520470503003605        12.696986976021019        10.761810817442843        11.768859918028173        11.854386655196091        11.902931524299849        11.967958491835684        12.261021262507359        12.342045284843199        12.422045372942186        11.950181221439760        11.515537229069803     
   16702.635359599903       -2.2625329999999999       0.37137515391897991        8.5009560999999998        8.8205999999999996E-003   11.858014212386937        11.773389305110140        11.982067644144255        11.547924710325585        11.717389305110139        12.034639844229059        12.308256378140538        12.583874361182655        11.746393129510139        12.037639844229059        12.316257102705858        12.540874361182656        12.716685627186379        10.788927810160263        11.794382380875462        11.879208219913860        11.925639119663735        11.989067644144257        12.279502368294136        12.359115802370933        12.438545051416778        12.007070703909079        11.555330415469069     
   16522.585199177109       -2.2815829999999999       0.38331892220800351        8.5011788999999993        8.8184000000000005E-003   11.883155455255626        11.799970058062208        12.003611448828103        11.576665174449960        11.743970058062207        12.058345142037979        12.330516818442458        12.604697074024813        11.772974773662206        12.061345142037979        12.338521108031397        12.561697074024814        12.736791704410461        10.817665600461019        11.820964916451146        11.905074119647857        11.949340852449041        12.010611448828104        12.298882897229291        12.377054147622708        12.454329033590714        12.066776230602557        11.597030034920270     
   16340.411907986570       -2.3010670000000002       0.39587116658097432        8.5014026999999999        8.8161000000000003E-003   11.908486273180815        11.826757367116921        12.026573245209187        11.606271500989140        11.770760948784387        12.082855560745296        12.352932863708601        12.625656158972491        11.799762977916922        12.085855560745296        12.360934892841135        12.583290929673078        12.757658188105028        10.847271500989139        11.848390108684976        11.931135847148868        11.973215179244706        12.032934892841135        12.319016254069505        12.394458786332224        12.471453652129826        12.128353394383504        11.639754203681571     
   16159.651852775407       -2.3206110000000000       0.40881182939065613        8.5016231999999992        8.8138000000000001E-003   11.933894538485339        11.853613177312939        12.049089921990648        11.636374690657432        11.797978716252038        12.107180592557347        12.375448968129747        12.646726182951950        11.826978716252034        12.110539638696443        12.383808014268842        12.604722036601752        12.778005744223952        10.877013298068531        11.875606684512936        11.957627962813339        11.997178246107543        12.055087575540851        12.338635512385254        12.411912727207456        12.488179302879464        12.190630864357855        11.682873264457600     
   15980.854594730909       -2.3401580000000002       0.42211685161554485        8.5018399999999996        8.8115999999999993E-003   11.959345863736068        11.880498463337489        12.070969751989956        11.666830415083602        11.825575044958565        12.131206856853186        12.397962955630685        12.667809228747799        11.854498463337492        12.135200060493915        12.406879577650344        12.625809792388530        12.797740570767459        10.906830415083604        11.902644266579642        11.984429805357145        12.021123478872841        12.076962391989955        12.357572123884573        12.429418960642423        12.504259001041000        12.253422391274192        11.726354123864400     
   15803.926455527966       -2.3597090000000001       0.43579675081585922        8.5020533000000000        8.8094999999999996E-003   11.984959083687686        11.907521230478521        12.093039384433302        11.697391650532898        11.853305524656408        12.155400480166966        12.420037612798245        12.688462582877525        11.881521230478517        12.159398708531908        12.428251546985299        12.646469024442466        12.817692943464580        10.937391650532900        11.931081605634295        12.010751591065572        12.044614414354021        12.099031171233305        12.376101487143861        12.446532898788083        12.519962538797250        12.317245263693644        11.771062879325724     
   15628.921146161691       -2.3792629999999999       0.44986324376046799        8.5022634000000004        8.8073000000000005E-003   12.010703399443969        11.934667361472719        12.115286207165248        11.728039001747529        11.880667361472721        12.179748207011304        12.442286207165246        12.708828592117232        11.908671746270766        12.183263891595953        12.450286207165245        12.667313191536497        12.837837929721143        10.967554686332178        11.959142623288074        12.036716837842011        12.068263891595954        12.120312907532583        12.393886661653863        12.462913646025111        12.535429330609759        12.382241334117150        11.815711587652640     
   15455.853763955009       -2.3988170000000002       0.46432753720074438        8.5024707999999993        8.8051999999999991E-003   12.036144995557223        11.961673005165441        12.137271954036326        11.758859683774702        11.907849590109620        12.203986431788721        12.464270208812000        12.728917038923644        11.935857728085303        12.206986431788721        12.472445048531860        12.687908900947964        12.857742199203784        10.997684844054842        11.986841452133941        12.062516186621263        12.091809846844544        12.141270208811999        12.411387284091102        12.479024231002743        12.550671061114382        12.447670909808021        11.860381499458303     
   15284.667654918172       -2.4183699999999999       0.47920210699974664        8.5026750000000000        8.8032000000000006E-003   12.060815986822483        11.988390758739094        12.158520039920845        11.790366564401385        11.935252088119420        12.227966841217786        12.485510823696476        12.748788164935821        11.963253571895052        12.230966841217786        12.494362936852433        12.707786681160190        12.876936051779865        11.028514451245428        12.014250604343793        12.088550829358766        12.115105511837456        12.162510823696476        12.429204176794840        12.495470818034185        12.565748159273532        12.513420849642120        11.905582452007931     
   15115.342766400296       -2.4379230000000001       0.49449857432342936        8.5028770999999992        8.8010999999999992E-003   12.085889269660955        12.014961217886983        12.180201434631732        11.821674078427774        11.962499846821379        12.251291090014986        12.507196124988964        12.768580238185768        11.989961217886981        12.254823520192156        12.515652186411790        12.728112668362934        12.896585547828538        11.059685586827774        12.042038475755779        12.114439406995354        12.137752461080586        12.183657496054563        12.446958152625340        12.511336956179369        12.580259698310575        12.580209903550911        11.951512406584547     
   14947.859255087156       -2.4574790000000002       0.51022920647318337        8.5030763999999994        8.7991000000000007E-003   12.110908652905980        12.041531775352333        12.201654708535472        11.853138751189544        11.989740338331984        12.274513571654079        12.528654708535473        12.788237582576169        12.016740338331985        12.278501266054075        12.536654708535469        12.748019280489117        12.915820456616867        11.090942493809894        12.069948901311637        12.140126954993033        12.160305008674424        12.204446145555817        12.464393591550166        12.526973899098259        12.594556773138958        12.647391412983321        11.997508834654827     
   14782.197484863796       -2.4770370000000002       0.52640730913289446        8.5032736000000000        8.7971000000000004E-003   12.135826248855496        12.068428471064115        12.222587580519212        11.885332679548474        12.017299681124664        12.298098609561395        12.549587580519210        12.807845160398125        12.044299681124661        12.302085515161393        12.557587580519213        12.766972263910597        12.934102740277035        11.122474563887929        12.098170891185207        12.165699145343028        12.183227399500845        12.224716370458667        12.481358633728961        12.542604805634854        12.608862385513765        12.715376336390912        12.043626404392933     
   14618.304364770011       -2.4965989999999998       0.54304593044888638        8.5034679000000004        8.7951000000000001E-003   12.161100861527919        12.095674644867374        12.243406819458174        11.917307379287204        12.044674644867372        12.321541692821855        12.570406819458173        12.826833779152109        12.071155169643147        12.325527821221852        12.577887344233948        12.786360561693028        12.952306996611187        11.154313943570509        12.126720902632522        12.191108168844616        12.206014910280937        12.244880036917253        12.497726648988428        12.557651904989898        12.623125122448977        12.784846152027173        12.090942852952589     
   14456.161786575080       -2.5161660000000001       0.56015885914635910        8.5036587000000008        8.7931999999999993E-003   12.186256433631332        12.122779925938485        12.264028963655434        11.949314197221785        12.071957845046132        12.344757078416290        12.591028963655436        12.845690326494090        12.097969913592184        12.348745009870232        12.598216385055188        12.805690326494091        12.970512407386448        11.186141410622028        12.155118563099830        12.216271068431332        12.228581725562588        12.264853610801733        12.513988915079292        12.572436153172138        12.637085447464738        12.854635878497952        12.138510597164522     
   14295.751818808607       -2.5357360000000000       0.57775994694581467        8.5038479000000002        8.7913000000000002E-003   12.211207898268700        12.149646301617775        12.284488949195342        11.981953061340665        12.099475869167762        12.367775128469180        12.611488949195344        12.864857780520591        12.125478685942543        12.371772311694404        12.619308758694885        12.824857780520588        12.989028212970599        11.218148643441122        12.183277470292527        12.241223289868699        12.250958135744416        12.284671956470579        12.530589809621528        12.587120623072451        12.650486637622922        12.925149998552278        12.186558069960260     
   14137.121808830290       -2.5553089999999998       0.59586420803257012        8.5040346000000007        8.7893999999999993E-003   12.235796860722415        12.176586773381130        12.304636271369665        12.014609259756844        12.127498650616884        12.390902686899457        12.632080497440741        12.883733245840309        12.152595625087530        12.394902686899458        12.639636271369666        12.844177471911385        13.007265594675628        11.250618111463242        12.211941311675167        12.266708737958174        12.273451174134779        12.304628984676063        12.547371420852668        12.601556518087554        12.664097718629273        12.997039990544407        12.234889792180210     
   13980.187624395674       -2.5748840000000000       0.61448676716045214        8.5042190000000009        8.7875000000000002E-003   12.260213215132939        12.203435425054792        12.324658468616018        12.047272080166781        12.155514674557207        12.413976804040288        12.652563680528200        12.902420720108765        12.179514674557208        12.417976804040290        12.659658468616019        12.863405181523365        13.025246682518532        11.283194168078968        12.240671836147442        12.292214552547538        12.295897554537870        12.324484431025784        12.564008934011280        12.615849097591845        12.677675060001611        13.069312971150694        12.283317028644230     
   13824.931877777139       -2.5944639999999999       0.63364362314577538        8.5044003000000004        8.7857000000000005E-003   12.285181186605211        12.230276728508017        12.345279279182972        12.080932197849691        12.182977000996907        12.437092694774666        12.672573731130210        12.921178461716298        12.206977000996908        12.441092694774667        12.680279279182972        12.882173186152425        13.042772641174647        11.316244250996931        12.269365220338560        12.317193512241342        12.318392422285775        12.343873458641319        12.579671823707972        12.630258953094057        12.690853132552405        13.142739086011005        12.333134006997000     
   13671.463269495931       -2.6140379999999999       0.65335048866467071        8.5045801999999995        8.7839000000000007E-003   12.310123248039869        12.257374080305006        12.365610072663738        12.114472097971028        12.210688227227021        12.460193372650892        12.692918464162826        12.939667631897688        12.234374080305006        12.464193372650893        12.700604317240810        12.900667631897690        13.060661876474761        11.349478907925167        12.298303955693981        12.342449960338957        12.340879225728873        12.363295925741721        12.595405288786697        12.644450282643575        12.703821988799543        13.217142480167219        12.383256700941626     
   13519.760555126966       -2.6336020000000002       0.67362354022477300        8.5047587999999994        8.7820999999999993E-003   12.335025856514456        12.284692157016899        12.385658194278520        12.147879690442871        12.238613114796394        12.483264487760458        12.713561621442487        12.957895320940043        12.261692157016903        12.487264487760456        12.720640663662994        12.918895320940042        13.078877790324519        11.382863664411822        12.327453525770899        12.367948318878426        12.363343529980963        12.382737236499025        12.611193959206549        12.658429581283599        12.716587665724614        13.292408246612304        12.433631447037602     
   13369.833535433487       -2.6531509999999998       0.69447943162904802        8.5049363000000007        8.7802999999999996E-003   12.360126212235594        12.312199411120163        12.405960885369465        12.182417375567853        12.267230462185191        12.506564214660793        12.733430754962706        12.976398887794668        12.289199411120164        12.510053829454035        12.740951420820972        12.937398887794666        13.096348091529640        11.416887245161087        12.356751128043458        12.393136492887100        12.385522882944260        12.402440219511201        12.627296479161602        12.672224096380043        12.729693149870274        13.369364906304741        12.484966809850805     
   13222.056236957915       -2.6726359999999998       0.71588954705153851        8.5051124999999992        8.7784999999999998E-003   12.385073698714844        12.339520798923520        12.426070009045144        12.216823485349355        12.295614409775503        12.529628884305989        12.753179498297495        12.994732398088825        12.316523084723336        12.532756537758523        12.761070009045145        12.955844173140992        13.113620623036656        11.450711710297188        12.385837959879840        12.418203637967199        12.407517109253821        12.421955948193162        12.643155358627798        12.685838197671476        12.742594197567140        13.446186164261981        12.536158572714225     
   13080.610081001743       -2.6914870000000000       0.73720410205643250        8.5052807999999995        8.7767999999999995E-003   12.409475148151014        12.366185386854990        12.445391423295629        12.250288168795453        12.322856135559530        12.551779221675591        12.773054670743072        13.012344432039100        12.343199699083538        12.555449280094489        12.780391423295629        12.974021991715095        13.130666872363104        11.483610609119456        12.414211254911518        12.443159518798463        12.429101661999599        12.440699551391084        12.657949822687684        12.698923954631155        12.754547712079169        13.522084021294930        12.586608148103792     
   12939.395871623896       -2.7105120000000000       0.75936275213051840        8.5054505000000002        8.7750999999999992E-003   12.433950860805759        12.393157658208455        12.465028045532893        12.284050139535335        12.350405359886786        12.574240128100417        12.793011528697722        13.030041862643706        12.370416591557127        12.578223611265248        12.800028045532894        12.992278993992382        13.147557029616696        11.517044854370507        12.443127324262470        12.468193277319262        12.450997711586911        12.459763827019390        12.672829780076182        12.712339661884346        12.766606465838315        13.599184527267010        12.637807467967473     
   12804.776425979720       -2.7288420000000002       0.78133046369458303        8.5056127000000004        8.7735000000000000E-003   12.457423121587308        12.419310061366055        12.484180886316999        12.316675873820685        12.377108487363795        12.596085357797399        12.812175967218657        13.047052390034334        12.397095874760470        12.600080438699063        12.819180886316996        13.009815752628754        13.163490601442170        11.549658342119024        12.471433638550376        12.492204015883388        12.472304463501324        12.478377541220915        12.687147918553929        12.725568598260104        12.778256059676849        13.674361604112757        12.687664491295283     
   12672.724687266747       -2.7470089999999998       0.80374588993449525        8.5057726000000002        8.7717999999999997E-003   12.481153761592736        12.445374213467993        12.503069886354929        12.349392529730121        12.404008369098335        12.617615392609594        12.831069886354928        13.064135445330606        12.423374213467994        12.621615392609591        12.838371850334337        13.027119492202132        13.179826344079672        11.582067475350712        12.499610618471724        12.515851797613326        12.493306291358664        12.496737694703995        12.701589939075941        12.738337580943735        12.790369487200685        13.750349897536971        12.737901972261845     
   12544.171993349399       -2.7648790000000001       0.82646150404057672        8.5059292000000006        8.7703000000000000E-003   12.504681775955520        12.470970833588604        12.521468182016170        12.381673889934435        12.430621648115137        12.638584742149183        12.849468182016169        13.080978719609691        12.448970833588605        12.642584742149184        12.857271967716100        13.043974529136365        13.196155407583086        11.613846387434505        12.527264081695014        12.538877990255594        12.513761430122580        12.514621153189568        12.715862159476680        12.750564720896941        12.802573101843597        13.825812573842365        12.787666498838918     
   12418.953472334635       -2.7824610000000001       0.84947585313087492        8.5060830999999997        8.7687000000000008E-003   12.527673470175881        12.496294400729187        12.540088537238351        12.414157192389109        12.456942772950509        12.659717356017776        12.868096425464469        13.097459050737282        12.474618586839849        12.663717356017777        12.875755795179927        13.060783236847943        13.211810678515956        11.645825118052326        12.554591145171830        12.562338286571084        12.534393169907116        12.532431609069267        12.729838120183974        12.762865561851989        12.813893003520004        13.901337051616654        12.837820004146803     
   12298.609154442653       -2.7995260000000002       0.87250009061022671        8.5062320000000007        8.7671999999999993E-003   12.549781850906840        12.520809667817986        12.558322109681022        12.445893118551432        12.482420794582445        12.680370007676160        12.886342190765014        13.113309526937858        12.499615231200217        12.684370007676158        12.893531780466777        13.077115090320092        13.226698400173401        11.677067474085206        12.581031921346906        12.585397824587311        12.554564444293931        12.549726217084547        12.743281710026714        12.774865019880025        12.824448329733336        13.974952204805383        12.886873319227696     
   12181.506463996417       -2.8162910000000001       0.89580687452444485        8.5063782000000003        8.7656999999999995E-003   12.571810701856084        12.545180572576157        12.576052437463481        12.477557169032846        12.507728520864184        12.700714805280029        12.904337944712417        13.129249037983897        12.524180572576157        12.704714805280027        12.911337944712415        13.093249037983899        13.241701089695873        11.708264671936369        12.607276469152215        12.607810701856085        12.574166856992001        12.566789996424387        12.756598203272269        12.786509296543755        12.834961348255725        14.048737277482161        12.935401715264902     
   12068.186136571334       -2.8326690000000001       0.91928905880685929        8.5065212999999993        8.7642999999999992E-003   12.593462735511510        12.569099012780081        12.593183066378325        12.508716129435557        12.532553523687513        12.720553713696654        12.921898465824116        13.145008414613217        12.548099012780080        12.724553713696652        12.928898465824121        13.109008414613220        13.256553903705791        11.738981759385803        12.633008034594942        12.629462735511511        12.593099202789221        12.583443954916691        12.769625911286967        12.797735860076072        12.845281349168642        14.121597545977307        12.982890211173244     
   11958.618186512871       -2.8486560000000001       0.94294516925625271        8.5066612999999993        8.7629000000000005E-003   12.611644586124743        12.583001686097099        12.620228761823487        12.516288420957494        12.545128821591589        12.741098418735135        12.948228761823486        13.177496769988903        12.561602390980777        12.744658385882900        12.955301197417338        13.140498752884433        13.291868886696300        11.746773969615873        12.644070318306451        12.646077925075460        12.615033277745127        12.611628315990174        12.811576482998234        12.845365978058748        12.894469842130214        14.234168696118854        12.985214968548341     
   11852.746607809628       -2.8642420000000000       0.96676854547720492        8.5067985999999998        8.7615000000000002E-003   12.635484726204044        12.607536530811633        12.642109952924930        12.544996061854540        12.569847246085349        12.763591769130617        12.970109952924933        13.198932025015470        12.586388092457515        12.767306210246350        12.977271374143626        13.161936537482493        13.313063244537897        11.775544569284559        12.669879616578847        12.669516287481809        12.637432333548222        12.633258758159780        12.832163882576157        12.865439065992248        12.913523220051115        14.316535000553838        13.025820925420408     
   11751.031758517527       -2.8793440000000001       0.99057769958720654        8.5069315000000003        8.7600999999999998E-003   12.658666310435231        12.631255509031158        12.663547481140627        12.572325684048609        12.593608852192522        12.785487295171345        12.991547481140627        13.220074604768518        12.610344192119198        12.789345912727663        12.998664094163169        13.183077930181584        13.333844614964198        11.803064363169318        12.694692533542240        12.692051710565169        12.659229590503843        12.654455559503733        12.852492160288053        12.885142751699130        12.932247054438230        14.396367218660840        13.064179951908107     
   11650.753129771832       -2.8943639999999999        1.0149915437328274        8.5070633000000004        8.7588000000000006E-003   12.682711031834547        12.656475521539843        12.686426643471624        12.600363448355303        12.618795376393880        12.808772411914152        13.014404044557370        13.242417129848516        12.635065649111052        12.812756031936413        13.021442610870810        13.205788023385313        13.356112152771896        11.830939297296158        12.720021061587740        12.716174406262699        12.682397610768941        12.677520813131803        12.874198625745290        12.906070276246613        12.952054783951400        14.482487631185759        13.102329943401973     
   11551.197250099842       -2.9094039999999999        1.0402122489515586        8.5071951000000006        8.7574999999999997E-003   12.707568930828506        12.682378138639665        12.710366706378055        12.627611884205299        12.644780505413474        12.833350626621288        13.038327638984027        13.265947003040351        12.660713712133356        12.837345890406068        13.045524061096922        13.229567625937412        13.379696337878430        11.857793545912676        12.745784134052149        12.741584848928154        12.706747101519360        12.701765444513191        12.896644032904911        12.927236638447132        12.971630830070607        14.575300062011506        13.138033668372008     
   11453.626057730315       -2.9242750000000002        1.0661481555663503        8.5073296000000003        8.7560999999999993E-003   12.732683599666078        12.708215960081205        12.734635129561472        12.654751496697262        12.670881160800274        12.858249393278737        13.062637039166010        13.290108806258775        12.686702948495562        12.862249393278741        13.070103094174716        13.253742180300041        13.403838051845145        11.884498805654129        12.771962552385975        12.767167059245818        12.731416938106431        12.726153805381397        12.919378840263864        12.948727797990735        12.991129232849996        14.673129358046051        13.173169168860895     
   11363.784780610382       -2.9380799999999998        1.0909669175511305        8.5074546000000009        8.7548999999999995E-003   12.756633046345232        12.732545538630220        12.757772012589104        12.680148210909255        12.695639866058062        12.881966836466152        13.085780031777844        13.313432713185360        12.711321921430415        12.885966836466153        13.093533294854115        13.276932257022814        13.426824035106538        11.909597712480473        12.797014934298399        12.791401201454573        12.754923578095546        12.749222337536704        12.940682454702252        12.969334860769468        13.009390068540934        14.770424530561815        13.205694298866330     
   11275.297250496649       -2.9517850000000001        1.1164238332063432        8.5075795999999997        8.7536000000000003E-003   12.780645267418256        12.756835166917890        12.780989757033973        12.705094164890836        12.720355033919889        12.905753292469440        13.109007030837263        13.336934395174721        12.735799243712991        12.909753292469441        13.116942733933664        13.300299382844402        13.449795813837886        11.934444889482004        12.821918913297408        12.815599367505287        12.778505644417701        12.772375998125215        12.962001585099665        12.990054574664763        13.027705149126566        14.869613035596830        13.237257881404409     
   11189.972004624651       -2.9651090000000000        1.1422590195486080        8.5077055999999995        8.7522999999999993E-003   12.804822978385232        12.781362645386672        12.804528469886733        12.730023839198452        12.745114411964281        12.929717727540513        13.132605892077322        13.360297936269575        12.760368337961488        12.933717727540511        13.140523063739284        13.323715153210351        13.472952287910477        11.959329203317051        12.846489182445595        12.839996569200984        12.802211097643230        12.795898449220935        12.983061049262925        13.010345747838990        13.046058634838012        14.974999503539777        13.268193371293805     
   11110.382224571755       -2.9776199999999999        1.1669918538314605        8.5078209000000005        8.7512000000000006E-003   12.827793098566939        12.804712407411991        12.827087424808006        12.753612954588803        12.768537104749743        12.952489955677027        13.155172035764071        13.382356482395487        12.783728050556025        12.956489955677025        13.163085979710321        13.345962974798386        13.495121189218917        11.982848513232373        12.869618686526838        12.863276053288136        12.824782630197333        12.818388678323402        13.002798176184285        13.029408681260261        13.063416152738487        15.079202395464701        13.297054989133553     
   11027.726840853544       -2.9907159999999999        1.1937104773222647        8.5079422000000005        8.7500000000000008E-003   12.851968504132063        12.829280642903651        12.850932048142173        12.778279061237921        12.793113929954739        12.976434249967863        13.178965815963487        13.405481646748385        12.808331646335365        12.980434249967860        13.186932048142172        13.369345142473446        13.518457173240034        12.007420084128139        12.893917665177984        12.887856628003334        12.848601461130308        12.842072822528440        13.023302213313787        13.049108977891233        13.081258734716702        15.194080641345579        13.326437992625177     
   10946.870992284857       -3.0036190000000000        1.2209161441777590        8.5080624000000000        8.7486999999999999E-003   12.876915914765776        12.854455909430255        12.874926567395869        12.803723688949406        12.818565864167526        13.000881644540632        13.203160552179755        13.428737622324162        12.833844536021095        13.004881644540633        13.210926567395868        13.392799423838058        13.541291121509412        12.032908268352363        12.919388810618065        12.913080891836275        12.873152270580961        12.865868693171956        13.044922085975132        13.067545919488600        13.097610495272969        15.331017991728631        13.354836402804230     
   10868.159413560856       -3.0162730000000000        1.2485112183903562        8.5081813000000004        8.7475000000000001E-003   12.901456100022516        12.879197993860744        12.898327874558627        12.828751698407254        12.843681389451975        13.024908012404515        13.226866381815997        13.451443581069382        12.859015948001639        13.028908012404516        13.234327874558629        13.415695818781765        13.563377711466261        12.058165579266701        12.944620326565845        12.937866949053438        12.897307101074320        12.889079959096398        13.066415868250852        13.085370520367286        13.113305443254434        15.473408861682417        13.382773399006497     
   10791.479746947212       -3.0286930000000001        1.2765901679979379        8.5082996000000009        8.7463999999999997E-003   12.925272257021721        12.903281868473286        12.921029735227723        12.853043343308840        12.868131384609306        13.048294369956658        13.249867115512512        13.473397181330252        12.883520278918404        13.052294369956655        13.257029735227725        13.437832441154484        13.584725720033251        12.082753383928491        12.969185411705325        12.961993374964191        12.920745353067513        12.911596684375837        13.086965314470831        13.102490811613855        13.128356172057707        15.616892081135113        13.409823452747343     
   10716.599485365437       -3.0409030000000001        1.3048367385027395        8.5084143000000001        8.7451999999999998E-003   12.948863480697611        12.927326172175530        12.943453647690578        12.877364231064515        12.892477850115476        13.071525799322906        13.272391646158173        13.494960919537597        12.907917533002234        13.075530295994110        13.279523088736685        13.459508440803102        13.605758482084269        12.107171548032220        12.993712858077462        12.985952005825975        12.943830849666430        12.933708363354103        13.106491377509929        13.119067224294707        13.142979091487870        15.768608928314915        13.436837154252881     
   10641.209659341588       -3.0532859999999999        1.3344924517477010        8.5085315000000001        8.7440000000000000E-003   12.973057665771261        12.952101804735282        12.966225671357574        12.902626378909769        12.917534971014309        13.095316726924569        13.295074064493388        13.516768979252280        12.933024657639908        13.099331577241230        13.302503869323132        13.481402522278774        13.627157866925028        12.132172340710589        13.018987384065408        13.010480903067052        12.967245207016621        12.956000003571372        13.125515526866902        13.135594049695374        13.157668836280791        15.935200121951919        13.464777517040996     
   10573.968200485177       -3.0644019999999998        1.3644497925771979        8.5086382999999994        8.7428999999999996E-003   12.994641722342839        12.974147831918474        12.986362998444632        12.925165213467258        12.939888930490477        13.116482217032887        13.315190273128151        13.536044504388405        12.955425150261133        13.120506546880785        13.322888218512352        13.500817626181194        13.646125173991924        12.154417475771529        13.041478618592143        13.032304836628713        12.988014336676740        12.975706842323445        13.142183761352511        13.150161516191316        13.170656438005876        16.088261270801276        13.489586030393051     
   10504.272992953622       -3.0760030000000000        1.3971632778337795        8.5087498000000004        8.7417999999999992E-003   13.017000861845061        12.996929612287724        13.007045368836478        12.948516306489251        12.963046310370485        13.138348987541731        13.335909187109676        13.555831526199947        12.978632763768905        13.142383388536393        13.343887156021237        13.520811949088289        13.665648573572261        12.177403863430554        13.064722095116361        13.054854320729961        13.009410093499396        12.995940917076526        13.159144598362092        13.165071114218796        13.183986805350370        16.251344445859225        13.515171243601843     
   10439.483206603569       -3.0868530000000001        1.4315448230876509        8.5088512000000005        8.7408000000000000E-003   13.038074690603700        13.018577709644898        13.026371111516976        12.970988745153303        12.985327744016608        13.158920308540178        13.355341250435036        13.574090070429953        13.000730964282827        13.162947143000306        13.363322047088094        13.539312934256603        13.683281434937360        12.199947550968016        13.087014652971018        13.076283783883731        13.029694092771518        13.015081075944881        13.174457592806313        13.179011888033919        13.196529434651087        16.422150853097481        13.540562360032300     
   10366.567980677846       -3.0991430000000002        1.4713984069631050        8.5089673000000001        8.7396000000000001E-003   13.061063102761903        13.042563801848669        13.047202586982930        12.996366943832641        13.010073753387548        13.181278597138398        13.376201336465517        13.593607466321696        13.025154587200806        13.185295321939250        13.384110103772525        13.559048530274627        13.701980196322058        12.225476577340054        13.111914397779419        13.099799128470963        13.051795206609334        13.035537900148775        13.190791466690843        13.193998737159735        13.210234975525768        16.634075495432501        13.569728717578958     
   10305.356020418882       -3.1095320000000002        1.5119251477571221        8.5090669999999999        8.7385999999999991E-003   13.079941434177588        13.062474616615493        13.064120944443811        13.017757676310854        13.030616510909486        13.199574494579966        13.393119564561001        13.609398512894128        13.045401635039529        13.203582525188562        13.400925731100020        13.574978403379106        13.717141745841893        12.246967551076050        13.132655419206262        13.119128570294453        13.069840616227872        13.052018226069752        13.203991731023944        13.206217465686450        13.221534504488112        16.822640223678608        13.594601088834391     
   10233.401177496455       -3.1218230000000000        1.5572768252277724        8.5091873000000007        8.7373999999999993E-003   13.102086589001054        13.086022302610690        13.083705277620687        13.043429032131648        13.054864355466446        13.220969504129066        13.412707019958336        13.627640236982344        13.069304448630469        13.224969504129067        13.420349189307913        13.593338991944407        13.734733007055645        12.272648556362903        13.157205782772685        13.141777418633204        13.090836713549038        13.070959272593687        13.219356014979322        13.220376865426836        13.234737080755202        17.052758195703078        13.624808759463839     
   10183.943940646755       -3.1303190000000001        1.5977619000956551        8.5092663000000002        8.7366000000000006E-003   13.117385113563651        13.102616039949707        13.096857350323914        13.062059042633040        13.071862649300924        13.235703072480669        13.425863575686142        13.639804300879396        13.086065535855051        13.239703072480671        13.433313944163137        13.605508957461053        13.746448936434382        12.291159157309975        13.174562305270106        13.157497986315390        13.105174624005846        13.083527360078515        13.229849179845351        13.229703724335620        13.243586298374671        17.220052788350060        13.647428027585617     
   10110.718056668587       -3.1429809999999998        1.6463444669669436        8.5093905000000003        8.7354000000000008E-003   13.139928025138351        13.127133286202982        13.116107970405297        13.089762399439527        13.097036176957149        13.257352216458097        13.445118843027954        13.657535107672471        13.110883631569441        13.261352216458098        13.452340296251384        13.623305696372091        13.763572866624413        12.318685717539728        13.200266222656557        13.180720295354257        13.126237960911444        13.102021256868069        13.245160548105487        13.243405106091336        13.256633128623731        17.470535827751839        13.681322964864131     
   10074.813141789091       -3.1492160000000000        1.6832922631933676        8.5094463999999999        8.7347999999999992E-003   13.150935812907360        13.139133859209878        13.125451598883053        13.103399939564923        13.109383540380396        13.267896766987199        13.454463848297689        13.666108673077442        13.123054819592468        13.271896766987197        13.461597058422107        13.631936554281037        13.771873589567566        12.332236568837423        13.212873652562880        13.192084957787877        13.136495272121511        13.111040828551488        13.252571461678684        13.250077578438852        13.263007528715313        17.594565362631332        13.698120729281765     
   10005.251272322570       -3.1613669999999998        1.7276296974082341        8.5095626000000006        8.7335999999999993E-003   13.172180328366428        13.162348043951267        13.143378650011526        13.129925405964185        13.133316399659043        13.288197004846934        13.472391843544427        13.682497279908242        13.146642697962966        13.292197004846932        13.479398961106048        13.648482872004907        13.787779817995682        12.358594085056710        13.237310362381477        13.214065290875608        13.156239015025511        13.128427887210021        13.266751939023662        13.262922954746143        13.275318203832859        17.837143370428471        13.731001658153707     
   9978.5399407861896       -3.1660529999999998        1.7581868751676424        8.5096030000000003        8.7332000000000000E-003   13.179704237709569        13.170664604474101        13.149272219139313        13.140783103884694        13.141999406575977        13.295015628538657        13.478319994339124        13.687722676865931        13.155061052930563        13.299015628538658        13.485286739957331        13.653757177718184        13.792682543958819        12.369319235479203        13.246442351177045        13.221637450378431        13.162840650769766        13.134060422803838        13.271409124151852        13.267231912220716        13.279509468238150        17.889907193620658        13.747464886918365     
   9927.3195136961676       -3.1750820000000002        1.7948544125327581        8.5096939999999996        8.7323000000000001E-003   13.193910339117080        13.186401036630128        13.160266722047277        13.161900166325621        13.158451380695160        13.307760980489808        13.489418960666990        13.697382782308415        13.170943112421936        13.311760980489806        13.496284529664551        13.663522390375986        13.801677170670539        12.390150201104303        13.263852390236766        13.235819731854418        13.175168263565231        13.144540698862327        13.280146504583934        13.275324365830484        13.287388455714238        17.970289877053716        13.780643615482939     
   9900.3375036727102       -3.1798549999999999        1.8247823992696610        8.5097363000000001        8.7319000000000008E-003   13.201389388339649        13.194685827289359        13.166093646235801        13.172979762927216        13.167099688291845        13.314496888969284        13.495313267466752        13.702493882388435        13.179290700017123        13.318496888969282        13.502113197736843        13.668701746323947        13.806451199774077        12.401079086991619        13.272992502148437        13.243285823576340        13.181684063495258        13.150109586213020        13.284794800066425        13.279609028130441        13.291547348462160        18.011695663575200        13.797996198113342     
   9849.4277772501646       -3.1888980000000000        1.8606962068751776        8.5098239000000007        8.7309999999999992E-003   13.215562935299111        13.210378852318630        13.177224495561330        13.193871585965841        13.183453421140104        13.327317779989603        13.506594461040368        13.712249904101334        13.195076057750011        13.331317779989600        13.513247395009781        13.678610762215335        13.815596499052614        12.421686548664049        13.290249963822479        13.257434125329464        13.194089534904258        13.160777719147440        13.293721307359316        13.287804700924230        13.299480744301754        18.088145977255369        13.830572041414083     
   9822.4086840787404       -3.1937080000000000        1.8921418683890032        8.5098635999999992        8.7305999999999998E-003   13.223079860816242        13.218701756060355        13.183166160393029        13.204914113813469        13.192113591918659        13.334143077478537        13.512628200165253        13.717449077882478        13.203434058340562        13.338143077478538        13.519190842666550        13.683903968810920        13.820485000155088        12.432578158665770        13.299376931697005        13.264937204942182        13.200694319915907        13.166486610768672        13.298503282473362        13.292175112046465        13.303698648652656        18.127781824540534        13.847734838517290     
   9769.3349496398041       -3.2032110000000000        1.9298776918460658        8.5099520999999996        8.7297000000000000E-003   13.237901608593502        13.235105809591742        13.194973477456559        13.226580573300039        13.209153152871712        13.347659296727043        13.524641175774560        13.727772003069779        13.219878975774536        13.351659296727041        13.531001731213506        13.694437516247914        13.830224754026508        12.453948169503041        13.317307511286009        13.279730874000874        13.213777246697797        13.177862534160957        13.308053292321814        13.300868965454681        13.312066180063264        18.203836641343258        13.881260549645750     
   9734.4181995891195       -3.2094830000000001        1.9621511362931949        8.5100048000000008        8.7291999999999995E-003   13.247923866557510        13.246302084067214        13.202956597986759        13.241399428995425        13.220810325673128        13.356855367498483        13.532733014182426        13.734748294060541        13.231132001579262        13.360869421796334        13.539033581488148        13.701585129061648        13.836770841962089        12.468571994200520        13.329565809273621        13.289853050297907        13.222676053708796        13.185537218259842        13.314392735938110        13.306524592520955        13.317530995116908        18.257744368259463        13.903829263726120     
   9681.9313736568674       -3.2189580000000002        2.0008794881197742        8.5100887000000007        8.7284000000000007E-003   13.263517723569205        13.263887187719945        13.215338360560576        13.264795152358747        13.239175371305805        13.371254796190630        13.545202132951612        13.745588975319325        13.248888411101635        13.375294425394511        13.551595918973721        13.712715701111552        13.846868750208291        12.491674547150684        13.348913714465620        13.305818922194032        13.236628596696981        13.197380855330362        13.323985120530100        13.314918045949558        13.325711039355845        18.347346346677941        13.938823888331580     
   9643.6624348515979       -3.2258939999999998        2.0405366666183333        8.5101458000000001        8.7278000000000008E-003   13.274890876446136        13.276690062497217        13.224414384485854        13.281812609910777        13.252524848926647        13.381801031038385        13.554342778482130        13.753541492137440        13.261815303903447        13.385838163010668        13.560823801908661        13.720879544996990        13.854299915387099        12.508478249719410        13.363001874512740        13.317463218560896        13.246871044667543        13.206064605709543        13.331027203704487        13.321087045932764        13.331723478006666        18.411931311877815        13.964167917271268     
   9573.3293467693911       -3.2387220000000001        2.0881257167177907        8.5102551000000002        8.7267000000000004E-003   13.295636562878297        13.300061348156017        13.240919788296228        13.313056720500796        13.276888325625475        13.401047322746521        13.570942406756082        13.768015911520731        13.285453835192722        13.405047322746523        13.577638255887930        13.735722594133652        13.867852962167003        12.539329507815001        13.388802356044177        13.338712827304565        13.265579271026937        13.221842641972419        13.343735165029152        13.332277822341066        13.342690962018832        18.529742584613228        14.010822088975047     
   9550.1457579152666       -3.2429630000000000        2.1235598484739509        8.5102846000000003        8.7264000000000005E-003   13.302244441055105        13.307584062692978        13.245981532596801        13.323406442748794        13.284782203303980        13.407071773833042        13.576001516593390        13.772462415047951        13.293124195316640        13.411071773833040        13.582788728492485        13.740261832016291        13.871987362913412        12.549549735809880        13.397218165637906        13.345490092371715        13.271388359739493        13.226660082921310        13.347458802567964        13.335620675798417        13.346051653385057        18.568770806495632        14.026775792999633     
   9492.7271914933281       -3.2535280000000002        2.1660808754566681        8.5103732999999995        8.7255000000000006E-003   13.318823110270653        13.326406373120466        13.258708519877619        13.349175676126254        13.304523766094107        13.422207700458525        13.588743858273109        13.783683209259369        13.312305931801721        13.426202536286265        13.595708519877615        13.751712300493399        13.882392831488904        12.574998252044665        13.418223171481237        13.362436294196016        13.285936934564251        13.238804917418594        13.356812519413349        13.343977158941851        13.354418746237311        18.664773619825514        14.066548621933247     
   9455.1625610799529       -3.2604649999999999        2.2001104477531506        8.5104246999999997        8.7250000000000001E-003   13.330206699069752        13.339378701299506        13.267367714062839        13.366786306553319        13.318102024211374        13.432542645757998        13.597400743877291        13.791309981047043        13.325485105305855        13.436500990673668        13.604367714062839        13.759489330802722        13.889432152725973        12.592399061473358        13.432606604350507        13.373941712608261        13.295765226132662        13.247070589934534        13.362998105683030        13.349385420486666        13.359782290677902        18.736687358813466        14.093848429430782     
   9400.4360648436941       -3.2706249999999999        2.2409464116081659        8.5105000999999998        8.7241999999999997E-003   13.346839659472066        13.358294202306427        13.280095716868599        13.392395063086509        13.337899023259366        13.447678541035364        13.610125341025226        13.802503068623645        13.344671242917761        13.451554318073255        13.617095716868599        13.770901324364269        13.899832257603363        12.617702137691010        13.453545923626320        13.390752161988699        13.310164408911957        13.259225243458223        13.372123618323029        13.357377221579464        13.367646093206366        18.838575494205259        14.133447415557105     
   9353.7982829069333       -3.2793310000000000        2.2844027746325639        8.5105652000000003        8.7235999999999998E-003   13.361022702492257        13.374392437574159        13.291010970247129        13.414137265075361        13.354747269265943        13.460614466175691        13.621037652933566        13.812081448514505        13.360971394222300        13.464392401502700        13.628010970247132        13.780666255382876        13.908793665337541        12.639183839686645        13.471338932252543        13.405086460667974        13.322473854551603        13.269651850848796        13.379969999165947        13.364256260014695        13.374357245890483        18.922672090578153        14.166994575133629     
   9285.6219917010894       -3.2921390000000001        2.3365511240970265        8.5106643000000002        8.7226000000000005E-003   13.381834084090599        13.397953849966957        13.307144766728602        13.445849802699680        13.379403039233697        13.479650209573290        13.637167088437469        13.826213289770163        13.384780465478809        13.483239714221316        13.644144766728601        13.795070801803359        13.922120926509820        12.670515571821095        13.497328273038864        13.426118951620836        13.340596070847798        13.285071271183266        13.391619606087534        13.374489769913087        13.384248010698219        19.041150511003220        14.215769486717779     
   9246.7475307629156       -3.2994789999999998        2.3793358574000925        8.5107164999999991        8.7221000000000000E-003   13.393767479093841        13.411430187598560        13.316419035931824        13.463953203596448        13.393520076336957        13.490577914617363        13.646451577097585        13.834321960890039        13.398391502780074        13.494049806142813        13.653419035931824        13.803334970766985        13.929820033928840        12.688401835530156        13.512193636705186        13.438191691605711        13.351010776511968        13.293944201914625        13.398325281027171        13.380399087860875        13.389892667965265        19.107524856120762        14.243551270257209     
   9173.2451511173094       -3.3134440000000001        2.4306768954520948        8.5108169999999994        8.7209999999999996E-003   13.417565545530223        13.438189276046032        13.334401188057509        13.499987522831301        13.421754254675587        13.512182082883282        13.664718554784937        13.850146100988393        13.425705410317821        13.515737536639374        13.671401188057509        13.819453120383926        13.944780245266234        12.724025599875738        13.542134826917739        13.462526477337583        13.371816478452782        13.311260031877588        13.411187433782558        13.392011174956004        13.400643653329912        19.255098089697395        14.298838191799032     
   9147.0910064653635       -3.3184350000000000        2.4678365255027082        8.5108491999999991        8.7206999999999996E-003   13.425994313768388        13.447687487406373        13.340809415880514        13.512737958867913        13.431729174311929        13.519864003072772        13.671228804383478        13.855802980500631        13.435367979334647        13.523464309973402        13.677809415880514        13.825214616474771        13.950097353410218        12.736629949322857        13.552733627650408        13.471145524864664        13.379229402050985        13.317416057416192        13.415773826655535        13.396154119368891        13.404496025343075        19.306712356830328        14.318405396889052     
   9086.2566559748666       -3.3301099999999999        2.5124278351793352        8.5109311999999999        8.7198999999999992E-003   13.445591414613983        13.469804224685493        13.355806035878686        13.542321603853662        13.454857016722684        13.537792570107399        13.686464134629070        13.869085533058914        13.457799884781821        13.541527857252987        13.692806035878686        13.838740506435016        13.962523917461084        12.765873797962556        13.577346053381255        13.491183770179841        13.396562937124685        13.331795468424048        13.426532871792791        13.405884587134011        13.413582743316212        19.425037033189298        14.363776184398755     
   9050.8840244560179       -3.3369279999999999        2.5485304131947872        8.5109747999999996        8.7194999999999998E-003   13.456948566787661        13.482647077293288        13.364552037083227        13.559443338125762        13.468224955375783        13.548223698947647        13.695349850901794        13.876856459490606        13.470782826935727        13.552057148453168        13.701552037083227        13.846652923392776        13.969754901392120        12.782797954865240        13.591598738556185        13.502796482822051        13.406667756746637        13.340162926654054        13.432814900375282        13.411570386294580        13.418914866071921        19.492682595569114        14.390033288437456     
   8993.7539081655868       -3.3480020000000001        2.5918556434591982        8.5110489999999999        8.7186999999999994E-003   13.475396118126460        13.503554548203686        13.378856859740877        13.587229485737735        13.489924980115310        13.565244700489854        13.709881777308942        13.889572949936960        13.491872586039529        13.569243663080032        13.715857897150704        13.859597934304299        13.981552929056702        12.810242560976645        13.614715898311518        13.521680688654930        13.423167131746164        13.353822324786949        13.443092756344461        13.420837360458085        13.427620076979741        19.603017201853653        14.432585373350852     
   8953.9156744703578       -3.3557640000000002        2.6325477048946544        8.5110969999999995        8.7182000000000006E-003   13.488786825321426        13.518816453391345        13.389261796466148        13.607671738907921        13.505962945591399        13.577668521644739        13.720445641150640        13.898603253364708        13.507374557561988        13.581660242525686        13.726269956964003        13.868787590666827        13.990050241458349        12.830306843428836        13.631499191215582        13.535507975053264        13.435107230619330        13.363744893440739        13.450407875967237        13.427163820599024        13.433442670867187        19.695522410923552        14.463740840167219     
   8892.2159270605935       -3.3678509999999999        2.6813772930584046        8.5111732999999994        8.7174999999999996E-003   13.509038975747561        13.542118334113308        13.404359580340397        13.639894147504982        13.530842366542558        13.596038857193079        13.735747385930928        13.911522684415807        13.531287796306735        13.600017033097757        13.741376912613216        13.881953820707565        14.002229275540536        12.861932925032566        13.657575583240160        13.556442741589358        13.452723624222486        13.378089040569805        13.460711222353481        13.436074820667592        13.441671054825797        19.838107907786949        14.513691828139187     
   8850.1167517912618       -3.3761470000000000        2.7248814732217217        8.5112235999999992        8.7170000000000008E-003   13.522863217136651        13.557996905637905        13.414749974180316        13.661777433579202        13.547743036242968        13.608633297440205        13.746249231719395        13.920454452698555        13.547553394139888        13.612603374717507        13.751772388047973        13.891053985691391        14.010655853720051        12.883462318684115        13.675318376622107        13.570732665616609        13.464804775739003        13.387966346879113        13.467884513923343        13.442271502953568        13.447402054473615        19.932167700686286        14.547668085057053     
   8782.4765730455074       -3.3895550000000001        2.7770868992136908        8.5113040000000009        8.7162000000000003E-003   13.545073843941777        13.583463098860358        13.431584634546317        13.696752121924836        13.574759242710206        13.628960055322013        13.763215882133045        13.934992637297055        13.573590182555646        13.632919100758597        13.768613177037201        13.905862731004872        14.024382356173598        12.917958357167512        13.703730675826145        13.593691358003133        13.484308819635144        13.403978614859453        13.479642420028034        13.452415204205890        13.456797690144532        20.077800610602857        14.602066081399512     
   8751.5302846133291       -3.3957190000000002        2.8188348191502732        8.5113363000000000        8.7157999999999992E-003   13.555244086597977        13.595104301186158        13.439353327299532        13.712686399946108        13.587071723397255        13.638306218036622        13.771025612168071        13.941730011538620        13.585471343844194        13.642261060588115        13.776383812191352        13.912723890400169        14.030748374953983        12.933710583080586        13.716699549667911        13.604203810493903        13.493279424003479        13.411371878466387        13.485126267999402        13.457142008279742        13.461182284383813        20.142175493597943        14.626884123273573     
   8679.2260561435214       -3.4102070000000002        2.8689337074499330        8.5114154000000006        8.7150000000000005E-003   13.580470600104769        13.623736856308453        13.458559048481094        13.752025448553097        13.617311372667904        13.661699816677066        13.790396662130219        13.958331013129714        13.614887130533939        13.665535761484120        13.795742140521257        13.929614108905140        14.046322688321114        12.972774114782416        13.748805022305708        13.630131529258234        13.515527436675518        13.429432330079548        13.498553358987460        13.468484859852301        13.471699872405734        20.323559168749021        14.688039293227339     
   8650.2368711603267       -3.4160520000000001        2.9060672244326309        8.5114452000000007        8.7147000000000006E-003   13.590610948011577        13.635223509250192        13.466334898493795        13.767791755598505        13.629424608912188        13.671141661809372        13.798240342151594        13.965043241453508        13.626672323954562        13.674911511136180        13.803563772151318        13.936442293968867        14.052640246822229        12.988396771525863        13.761652351043409        13.640533874372856        13.524508516504902        13.436747533989326        13.504009130470315        13.473084896887649        13.475968755096215        20.395868716917747        14.712473163693232     
   8595.3783866263693       -3.4271609999999999        2.9506283718162543        8.5115051000000008        8.7141000000000007E-003   13.609837568831232        13.656967352138494        13.481171840740359        13.797603778320440        13.652325010519363        13.689103406361216        13.813206952299662        13.977839628583332        13.648953228606182        13.692720382803273        13.818460853194445        13.949458115036826        14.064718943109447        13.017882552739472        13.785915351205261        13.660227189652012        13.541599697329389        13.450714152108539        13.514456976327814        13.481885588789005        13.484142707628131        20.531623908899320        14.758546912272550     
   8548.5410202413404       -3.4367040000000002        2.9933951337587357        8.5115543999999996        8.7136000000000002E-003   13.626280180989193        13.675527552865992        13.493954445921597        13.823020844581015        13.671842454150108        13.704525052276955        13.826101642060975        13.988851281260557        13.667943095294115        13.707982758878300        13.831267387841910        13.960657117179592        14.075148051814514        13.042964800552129        13.806568667989021        13.677038133410631        13.556279529432258        13.462755140676899        13.523493653349574        13.489487193425424        13.491209126773894        20.646390774863285        14.797702474798099     
   8490.6707461121368       -3.4485619999999999        3.0427776866995542        8.5116130000000005        8.7130999999999997E-003   13.646791448381403        13.698662970662230        13.510020037399716        13.854653707365006        13.696132432095730        13.723787579395722        13.842298601422893        14.002717150484745        13.691546094021799        13.727028826403345        13.847343319972882        13.974754467500297        14.088268214482536        13.074119165955342        13.832235969033661        13.698012012258435        13.574653613308424        13.477941052578057        13.534848953040342        13.499075928438177        13.500047182065813        20.791916006868153        14.846262010728125     
   8446.2707720155340       -3.4577119999999999        3.0890920714187340        8.5116561999999991        8.7125999999999992E-003   13.663330018599797        13.717362433961220        13.523092981983506        13.880121136166942        13.715714054963946        13.739162010286602        13.855451910613933        14.014188291227075        13.710454116005991        13.742306022005089        13.860488514955897        13.986403208139016        14.098923228773597        13.099234544399522        13.852927342522861        13.715043940357369        13.589466937385211        13.490477792698705        13.543928708378882        13.506988265104631        13.506997424076161        20.924973054725271        14.885135274058804     
   8376.4885657319792       -3.4721920000000002        3.1446702565341060        8.5117229000000005        8.7119999999999993E-003   13.689327505028185        13.746657490012240        13.543797672367194        13.920055568529630        13.746292157598599        13.763382811767269        13.876331144794666        14.032373046000448        13.739973538837372        13.766422238457675        13.881354869799583        14.004867091737520        14.115822952172952        13.138661436195729        13.885350729969968        13.741713404552453        13.612856447938608        13.510337320422881        13.558205802805148        13.519526857952268        13.517925318223160        21.137867211087151        14.945932319576766     
   8335.1995197580291       -3.4808129999999999        3.1886800190952900        8.5117601000000001        8.7115999999999999E-003   13.704750146160494        13.763974493086012        13.556177321756147        13.943669102967720        13.764308777717718        13.777784716576216        13.888841814555400        14.043260274574797        13.757363754584988        13.780790007454504        13.893857845833361        14.015919476495762        14.125948478834248        13.162000979297462        13.904517377179831        13.757474102816490        13.626795605197136        13.522215486100604        13.566695075355122        13.527042876032505        13.524431571115537        21.266041141415769        14.981770781150791     
   8267.1915442133632       -3.4951080000000001        3.2414906637933214        8.5118217000000005        8.7110000000000000E-003   13.730360020607039        13.792796312861428        13.576289194120635        13.983049655151104        13.794544024105809        13.801482447215859        13.909216396879964        14.061002585902907        13.786567238379073        13.804482744886370        13.914219350941901        14.033933819726053        14.142431663913614        13.200895630737440        13.936572359067833        13.783812593452071        13.649603498619980        13.541498446713137        13.580500755980795        13.539266292339379        13.535066317030848        21.481199588259358        15.041289044258908     
   8222.7862312366597       -3.5045020000000000        3.2847609220931004        8.5118621000000001        8.7106000000000006E-003   13.747817635588673        13.812446962394366        13.589874341585860        14.009691988300750        13.815339969214341        13.817608546950874        13.922972020292390        14.073056597101791        13.806707130815452        13.820608546950874        13.927954391083295        14.046269978730519        14.153766335261656        13.227115776691877        13.958436494967911        13.801855072377082        13.665025312624733        13.554543447839324        13.590106559931678        13.547504699233142        13.542454138892536        21.638977019813105        15.081281540140884     
   8164.8084414929253       -3.5168490000000001        3.3363618627132188        8.5119149000000007        8.7100000000000007E-003   13.771167985610445        13.838760818742150        13.608108269538354        14.045184533930039        13.843239152723511        13.839202001980977        13.941428941578673        14.089295254204975        13.833795606470540        13.842202001980977        13.946342427583806        14.062964669113020        14.169103679269268        13.261975920954717        13.987692137185979        13.826023678171024        13.685663575929224        13.572073853276256        13.603176670173601        13.558534773374339        13.552455098573079        21.861554494276959        15.134364607198327     
   8113.2900074671779       -3.5278920000000000        3.3822823944509715        8.5119614000000006        8.7095999999999996E-003   13.791847915395861        13.862072352064180        13.624417333332834        14.076618029244619        13.867886179940369        13.858388939171776        13.957939513492098        14.103831342001788        13.857758025443614        13.861388939171773        13.962756011278193        14.077907637829105        14.182804828081020        13.292847586262011        14.013581931522387        13.847393236473712        13.704040908765601        13.587759429309495        13.614861523322928        13.568408608595542        13.561344571004527        22.060534371939653        15.181395016140835     
   8070.3988746830846       -3.5371370000000000        3.4269117330836405        8.5119974000000003        8.7092000000000003E-003   13.809055819410714        13.881469912899801        13.638112286277346        14.102752979316966        13.888343020786683        13.874402769204087        13.971804674722963        14.116050222344770        13.877670585356055        13.877402769204087        13.976514743492123        14.090466469086449        14.194304163371489        13.318514870980001        14.035100314077068        13.865148375731986        13.719408857273960        13.600936510512687        13.624680995454900        13.576721593862521        13.568787865970142        22.227090988090538        15.220490713876812     
   7998.4714691595200       -3.5527440000000001        3.4804662424360711        8.5120565999999993        8.7086000000000004E-003   13.837885106943220        13.913974813822838        13.661294669733936        14.146509160662154        13.922532019804821        13.901325953549909        13.995274560935750        14.136754460226252        13.910993030177265        13.904325953549909        13.999757088893064        14.111737453358261        14.213752159839180        13.361495619937218        14.071121041563581        13.894852337229262        13.745303544364647        13.623250257070227        13.641312154530995        13.590826133152619        13.581326137652932        22.509203010391445        15.285956507021917     
   7963.0785546248662       -3.5604770000000001        3.5210326754902286        8.5120821000000007        8.7083999999999998E-003   13.852991292258443        13.931013279917250        13.673423388166894        14.169131550712768        13.940697437361740        13.915441677641722        14.007486468984888        14.147608050178937        13.928598944928916        13.918441677641722        14.011916820358342        14.122738178043610        14.223985125537590        13.383940649382330        14.090129161157554        13.910617527313859        13.758881833818370        13.634899820907043        13.650196006913612        13.598394606919234        13.587984060021702        22.673909170513362        15.319773474130882     
   7903.1641063316110       -3.5736420000000000        3.5697113010708423        8.5121269000000002        8.7078999999999993E-003   13.878636496984965        13.959858853609818        13.694071466694572        14.207433204227888        13.971414447385291        13.939380969278057        14.028308090863048        14.166132032673802        13.958330862943457        13.942380969278057        14.032651911944251        14.141509531820072        14.241493011672018        13.421974715270698        14.122272684253838        13.937273138758774        13.781978572444741        13.654771281667459        13.665313191601298        13.611250747598090        13.599371249590094        22.963829023455716        15.376926146593254     
   7850.4219475083719       -3.5853120000000001        3.6155804428683536        8.5121660000000006        8.7075000000000000E-003   13.901235660785515        13.985201761838718        13.712316760588395        14.241103804988642        13.998366980699137        13.960448091850454        14.046740167105627        14.182543373825185        13.984376728738662        13.963448091850454        14.051009701380915        14.158136845468471        14.257045789555027        13.455443703056202        14.150480922639796        13.960652343876292        13.802373914097524        13.672368824528208        13.678650256419806        13.622561732893478        13.609464527323995        23.230539952557557        15.427087567078589     
   7795.6440327227474       -3.5975150000000000        3.6628775714745649        8.5122069000000007        8.7071000000000006E-003   13.924736854079168        14.011479752683126        13.731340769992780        14.276034512772018        14.026279272057021        13.982328108975384        14.065991845650725        14.199698180896583        14.011308184603070        13.985328108975384        14.070186113775296        14.175514171521453        14.273344460780557        13.490198623621144        14.179697343804360        13.984855270756960        13.823625464517303        13.690755646145860        13.692537488568252        13.634309314843307        13.620022138966572        23.518955426990143        15.479043060361523     
   7741.6939768736038       -3.6096200000000001        3.7085626958391678        8.5122461999999999        8.7066999999999995E-003   13.948077925169642        14.037545051207147        13.750302796033502        14.310648097872885        14.053922750850333        14.004061649874693        14.085182267362129        14.216797695171817        14.037981225995956        14.007061649874693        14.089300419053302        14.192858633858844        14.289641176502272        13.524583986747771        14.208617706898224        14.008875564226997        13.844781858253764        13.709094793150491        13.706380573191684        13.646038091728645        13.630629651094210        23.813952605929671        15.530465361271645     
   7696.9382079632342       -3.6197219999999999        3.7532658212560017        8.5122774999999997        8.7063999999999996E-003   13.968174756280010        14.060127268741645        13.766791769217598        14.340471756326746        14.077797151938022        14.022945398638306        14.101738604431905        14.231480817926052        14.061180432324846        14.025945398638306        14.105790908600817        14.207883649176424        14.303677624565097        13.553812085971416        14.233562361540876        14.029904482053702        13.863088046531725        13.724938560792147        13.718473123364390        13.656508931856607        13.640090446695069        24.070558760397937        15.574845193716087     
   7631.2204571159500       -3.6346660000000002        3.8054788052366066        8.5123244000000007        8.7059000000000008E-003   13.996454790107911        14.092321294485089        13.789392820628926        14.384560021522912        14.112056149608208        14.049313267221173        14.124243585165978        14.251534213547686        14.094447319263757        14.052313267221173        14.128340411637424        14.228389878054454        14.322832799382375        13.596875446129417        14.269593029195818        14.059706269684309        13.888415135298203        13.746547144274189        13.735094391287312        13.671075578609482        13.653466577306570        24.429459450365087        15.645004770582695     
   7588.5185484141075       -3.6444429999999999        3.8462832825544706        8.5123532999999991        8.7056000000000008E-003   14.014653769641390        14.113048950754672        13.803915596986966        14.413249967412868        14.134104209110733        14.066260152462787        14.138698537779019        14.264460963806298        14.115847004532659        14.069260152462787        14.142799026178382        14.241583111691090        14.335207957473136        13.624918840895083        14.292856301142718        14.078812096684628        13.904681800038814        13.760396603688077        13.745838260867407        13.680510084434067        13.662240193500017        24.676751275314231        15.691450852090076     
   7522.9123179192502       -3.6595670000000000        3.8952455904895760        8.5123951000000009        8.7051999999999997E-003   14.042384706802187        14.144628725546353        13.826041191536630        14.457378513410253        14.167669919254083        14.092060488288984        14.160719939891818        14.284222565214426        14.148409855693542        14.095060488288985        14.164780949194556        14.261713421729693        14.354169421811838        13.668090241846626        14.328383687713560        14.107798804668461        13.929439320468495        13.781444922187861        13.762302727021249        13.694990150198548        13.675869792027482        25.080210946884215        15.763938340517653     
   7477.6821348872427       -3.6700710000000001        3.9369475079301726        8.5124218000000003        8.7048999999999998E-003   14.061528390855688        14.166632261031051        13.840991800497388        14.488385635017234        14.191210003556193        14.109760424160520        14.175649859820204        14.297703263610348        14.171274126310674        14.112734205041395        14.179623868328548        14.275334656530905        14.367122149255071        13.698563992801422        14.353170940030399        14.127921628799012        13.946355423427455        13.795682030023272        13.773943700466699        13.705916263279580        13.686837194698885        25.337350912202009        15.817875753165065     
   7409.1092728760214       -3.6861199999999998        3.9865102179567344        8.5124645000000001        8.7045000000000004E-003   14.090151389319097        14.199982072326961        13.862719925824834        14.536552365614725        14.227278935307261        14.135907735207745        14.197382623138289        14.317434145350113        14.206253625602503        14.138761488628777        14.201210749661456        14.295095848163804        14.386060079523467        13.746041588928158        14.390992620413169        14.158241441187180        13.971231135330072        13.816433210689095        13.791690100611653        13.724256811217586        13.706746671725725        25.715213327473705        15.907378951053104     
   7369.2281090848728       -3.6955160000000000        4.0266097211296792        8.5124872000000007        8.7042999999999999E-003   14.106369905886137        14.218976382676797        13.874935830673106        14.564785995529615        14.247918346098107        14.150604866729715        14.209570984349593        14.328529733968168        14.226193448872877        14.153361419621856        14.213341679029906        14.306180272633714        14.396702952001991        13.773842702448572        14.412727025052863        14.175388135899343        13.985202350737829        13.828095994773957        13.801756597806989        13.735145134261440        13.719015648573393        25.963675741953612        15.961221110660919     
   7305.4168164624198       -3.7106640000000000        4.0747275064432502        8.5125250999999995        8.7039000000000005E-003   14.131695759127034        14.248785263470658        13.893867574890535        14.610331587061076        14.280457434345518        14.173371231800580        14.228412330150917        14.345731954309379        14.257512067820088        14.175930359463226        14.232133076430380        14.323320533990717        14.413193910038530        13.818647643717483        14.447134088001828        14.202109684239577        14.006827897970258        13.846165610110269        13.817505171529909        13.752940420032004        13.739738107048236        26.405168256700811        16.050144030092802     
   7258.1510149362030       -3.7219639999999998        4.1157633830572795        8.5125519000000001        8.7036000000000006E-003   14.149944337776819        14.270387840591255        13.907387627770188        14.644347672494408        14.304160227743427        14.189624533779369        14.241828665994408        14.358020772236717        14.280230561108009        14.192004172599393        14.245545692074071        14.335528476338478        14.424966291629200        13.852076549025721        14.472312651054200        14.221321253131553        14.022252489925144        13.859065135945290        13.828870721772983        13.766403539702903        13.755939618891741        26.767026609384448        16.118197000120055     
   7199.9088773715639       -3.7359920000000000        4.1624381411099067        8.5125848000000008        8.7033000000000006E-003   14.163598447009113        14.291504985487757        13.910808421539814        14.690695388666173        14.331693949827015        14.197250862931659        14.244612927219011        14.361073339288476        14.305947114644271        14.199660796191241        14.248399728948849        14.338141312131581        14.429278746174083        13.896777831417269        14.501819568303615        14.238136317711701        14.028442791388800        13.861511047702374        13.844548314757754        13.803583341062721        13.802443466886873        27.018527599632442        16.243352837914394     
   7148.2050174661445       -3.7485439999999999        4.2052271166118409        8.5126130000000000        8.7030000000000007E-003   14.172207733779910        14.307923852343336        13.908917663898425        14.733704645134242        14.354824200579959        14.199493864529931        14.242000282712009        14.359074781602533        14.327157024630978        14.201998232793631        14.245855073826551        14.335616371124583        14.428934867045744        13.937977088212016        14.527102879547332        14.249915293298297        14.029275859918176        13.858649238931822        13.858478170575548        13.843542092103153        13.853150669222909        27.220256700222873        16.368822115533046     
   7092.1187697620890       -3.7622580000000001        4.2498242232921548        8.5126427000000007        8.7027000000000007E-003   14.178908596118493        14.323907276510088        13.903334684085454        14.781775221072696        14.378626344781363        14.198705237601434        14.235534864903659        14.353440664081283        14.348615355752809        14.201344474601296        14.239461400161733        14.329307951128712        14.425397769390855        13.983833375353527        14.553685255214329        14.260137361199586        14.026873046494270        13.851928268899304        13.873275418035270        13.891465430020073        13.914642522650368        27.450130817094770        16.514770684872669     
   7040.7998705642840       -3.7748979999999999        4.2928921760175758        8.5126696000000006        8.7025000000000002E-003   14.184721133320323        14.339034905815481        13.896690178457042        14.827615280201890        14.401322893170775        14.197509199080180        14.228175975948773        14.346180531852390        14.369013694854797        14.200311862575205        14.232104585081913        14.321497813653256        14.420025739480735        14.027591218720943        14.579260188137852        14.269666316951820        14.023945558884598        13.844022823372779        13.885773507580403        13.936747707132241        13.975526462680943        27.690307191965381        16.649478282843258     
   6985.6850250347670       -3.7885800000000001        4.3367422623241447        8.5126985000000008        8.7022000000000002E-003   14.196866340085352        14.361451807911708        13.894707678625016        14.879429462585799        14.431844593706893        14.203129337601938        14.225808930502327        14.342027483493256        14.397407837627663        14.206078902793246        14.229593271577565        14.317074324063851        14.417154875878788        14.077483044218747        14.612651471546849        14.286810179604378        14.027272517952978        13.840301632105680        13.899116509382681        13.979538506761882        14.033733440562633        27.969541041240845        16.777230687651091     
   6934.3698281011111       -3.8014139999999998        4.3775416083928524        8.5127248000000009        8.7019000000000003E-003   14.217142498267791        14.390715372301688        13.902574423419654        14.930451490550485        14.468275536096943        14.218851923496359        14.233656148163501        14.346618919002239        14.432533476326835        14.221803761710806        14.237212697271129        14.321773680255379        14.422042116249873        14.127088292616886        14.651085287987247        14.312283673541323        14.040641014467862        13.846335037874542        13.914120926468058        14.008504520331794        14.064462790849802        28.159432928485703        16.875461370738186     
   6882.4172752925078       -3.8145039999999999        4.4185556932990897        8.5127504999999992        8.7016999999999997E-003   14.237890493805338        14.420180565634539        13.911465931205747        14.981715708719381        14.504610355161155        14.235313345173502        14.242465008674323        14.352390325264039        14.467473762900919        14.238269233437819        14.245823280911587        14.327588012585522        14.428175833040644        14.176981182464363        14.689517429253616        14.337966453880739        14.054848641342396        13.853402932337154        13.930503830562525        14.038473649242466        14.096383258816381        28.352727886639542        16.973403147946279     
   6831.4673967333074       -3.8274370000000002        4.4592861560523778        8.5127754000000007        8.7013999999999998E-003   14.258504006880713        14.448970142432700        13.921142364631834        15.031659562753720        14.539759204174494        14.252039065689289        14.251998974188048        14.359198222656310        14.501183593260194        14.255000642279427        14.255194391285109        14.334373193421108        14.435400422259022        14.225641747945900        14.726791139266361        14.363099984248748        14.069490581615398        13.861322678289604        13.947786106567094        14.068544212898694        14.128530112804498        28.543363008097529        17.068032576360142     
   6778.0848319328725       -3.8410890000000002        4.5007600792502851        8.5128006999999997        8.7010999999999998E-003   14.280352977301042        14.478989604364209        13.932265381078196        15.083605659162764        14.576040408579122        14.270150243853749        14.262907510422849        14.367518957676232        14.535881188307975        14.273119615213020        14.265965848850648        14.342601285603429        14.444222910773512        14.276308656385869        14.765370923021784        14.389345440691848        14.085552842975986        13.870638828353989        13.967153231844105        14.100741505395010        14.163075746965944        28.744205349694177        17.165639559045843     
   6726.3118730528286       -3.8544350000000001        4.5413572794332033        8.5128245000000007        8.7008999999999993E-003   14.303664186027866        14.509553209984283        13.946424133253423        15.133162198344682        14.612215775062246        14.290422173472734        14.276847129377003        14.379306685618161        14.570621742912337        14.293347637701761        14.279796797360717        14.354242991526810        14.456470509141852        14.324809047119775        14.803505735818106        14.416732856790397        14.104045437083165        13.883297459948892        13.988944490496380        14.132582903080916        14.195200977251275        28.936702512197861        17.255646124120556     
   6673.3053916435947       -3.8682010000000000        4.5827906860059864        8.5128482999999999        8.7007000000000004E-003   14.329866899062599        14.542502519422564        13.964427468634584        15.183254947418254        14.650417706606769        14.314068031520906        14.294646801907691        14.395169544774026        14.607494237030609        14.316858603905972        14.297460711301445        14.369950150697084        14.472812239179097        14.373958552464819        14.843522117804243        14.446864111219485        14.126048665136809        13.900041533074026        14.014505171486769        14.166466005414462        14.226489175842966        29.130132048090637        17.343500212445619     
   6620.0306472694247       -3.8821509999999999        4.6240713338825961        8.5128719999999998        8.7004000000000005E-003   14.356183946428519        14.575284160716688        13.982959838081886        15.233598795346936        14.688058433246436        14.338027218458560        14.312938638551152        14.411624257339913        14.643725132723503        14.340646321370315        14.315583901556781        14.386246571985406        14.489888068575450        14.423318470742306        14.883268204455053        14.476671700085831        14.148426986552270        13.917310151556784        14.041241125584193        14.202145046146189        14.259133773578366        29.324727858403808        17.431709540739803     
   6568.8599094322217       -3.8956499999999998        4.6643554126471320        8.5128938000000005        8.7001999999999999E-003   14.381399021901288        14.606410145646237        14.001128234128139        15.281906837037390        14.723455105849272        14.361177574404664        14.330842167202967        14.427866591657100        14.677698113215875        14.363598098396718        14.333295066879010        14.402335152137866        14.506858960423422        14.470647540470637        14.920952981460299        14.504807316309712        14.170125049983504        13.934266496660975        14.067863021303701        14.237902856533889        14.291574647852329        29.511769542129777        17.516305841247608     
   6512.4589675952038       -3.9106550000000002        4.7062059154332356        8.5129166999999999        8.6999999999999994E-003   14.409140077279812        14.640327615755297        14.021591040893519        15.335118456699973        14.761629749117148        14.386869906286009        14.350974620483022        14.446285427173279        14.714224595486719        14.389033091149802        14.353181028973143        14.420582559087080        14.526230623396959        14.522741641860001        14.961951411752047        14.535276917099658        14.194291713818458        13.953395407103351        14.098294899571385        14.279024278455204        14.328583600761220        29.718097557046974        17.609422160799593     
   6459.0255130058995       -3.9249879999999999        4.7471435411434371        8.5129382000000007        8.6998000000000006E-003   14.437455077166742        14.674317196563823        14.043337438789383        15.386772474366996        14.799522004966644        14.413617646282386        14.372676975004079        14.465991959717783        14.750493592086219        14.415663722314758        14.374743169073330        14.440281887244417        14.546493392355540        14.573612238712681        15.002522680476776        14.565992301272523        14.219673092150305        13.973865850297503        14.127666475499996        14.318501767324172        14.360300450540990        29.909912279017274        17.698933893911718     
   6405.7059682345898       -3.9394070000000001        4.7881007116182284        8.5129596000000003        8.6996000000000000E-003   14.466816571462321        14.709168118618859        14.066280312895177        15.438444443707663        14.838325573934917        14.441391782971831        14.395701790808076        14.487062758536943        14.787812908036535        14.443348669376551        14.397698557333310        14.461416979596887        14.568026342771585        14.624630773752660        15.043709789615850        14.597830759826007        14.246077469678806        13.995650410536481        14.157147560529054        14.356469174828263        14.388975919589505        30.122546650821239        17.788461376903062     
   6354.1578592264786       -3.9534639999999999        4.8288207286627101        8.5129795999999995        8.6993999999999995E-003   14.495610972144458        14.743170578505993        14.088877562179842        15.488328690026112        14.876340764790672        14.468463803153824        14.418367086708852        14.508030346424082        14.824531020725512        14.470338954878638        14.420290459552227        14.482398901344116        14.589422402148994        14.673845099912722        15.083789149841454        14.629143243058031        14.271813233996269        14.017195052605718        14.185723694569280        14.391778167274246        14.416053210337186        30.354593238430180        17.875145323607548     
   6300.8189409987635       -3.9681280000000001        4.8696760721172216        8.5130002999999999        8.6990999999999995E-003   14.525285261064251        14.778131027471016        14.112244091929536        15.540253036256683        14.915384085178896        14.496359605553096        14.441768544152264        14.529745964324274        14.862157567788319        14.498150183090964        14.443585971454144        14.504060239897544        14.611616741717718        14.724975319338476        15.125142145777449        14.661215614246171        14.298360021278608        14.039438743995447        14.215660976174657        14.429349225825163        14.445932294758325        30.602040592216145        17.965608393645788     
   6248.7190687214470       -3.9825750000000002        4.9094668902523573        8.5130198999999998        8.6990000000000001E-003   14.554141973042297        14.812056547592791        14.135041083156777        15.591305574738056        14.953241601383821        14.523489967567398        14.464566379972444        14.550944906571265        14.898561439366608        14.525197668707980        14.466250588097113        14.525141567521301        14.633297611360694        14.775144308900009        15.165421232475053        14.692223172017600        14.324200625370120        14.061103994080083        14.245139836273152        14.466867421947816        14.476770691584919        30.850734964531128        18.054760507783207     
   6197.9347527807531       -3.9967690000000000        4.9494438430976366        8.5130383999999992        8.6987999999999996E-003   14.584520674715225        14.847541173954415        14.159547860466770        15.645360522185555        14.992921327867094        14.552482859397699        14.489119363936048        14.573144798193358        14.936875453788442        14.554099442209882        14.490679153514865        14.547321884112609        14.655211633343608        14.827965888843561        15.207430747184198        14.724987166030076        14.351769604159166        14.084433753960433        14.272111914209113        14.499651275092255        14.504399390466855        31.092554229204321        18.146506891420035     
   6149.8567532011648       -4.0103160000000004        4.9895281708380663        8.5130584999999996        8.6986000000000008E-003   14.613159535862950        14.880951883922608        14.182691285402159        15.696753009469314        15.030181187230776        14.579843232824997        14.512308140416360        14.594134276991939        14.972751915634548        14.581373521193560        14.513805726940129        14.568294475431246        14.675962025691033        14.878216248406412        15.247050201160336        14.755730234488928        14.377810531503892        14.106493036548480        14.297883615716318        14.531733595283347        14.531781508336197        31.324215497377196        18.233942439376264     
   6112.2203150605255       -4.0209979999999996        5.0222697477863392        8.5130753000000006        8.6984000000000002E-003   14.635505544012522        14.906991328006940        14.200778507796853        15.737141199763427        15.059150754064644        14.601211140129477        14.530431956128568        14.610555722793526        15.000577131740945        14.602673851520974        14.531918562884838        14.584703822959815        14.692217740588289        14.917727663512542        15.277971407327664        14.779618962841679        14.398164944798983        14.123752037166833        14.318228102865296        14.557566853155711        14.554057923170381        31.507425858114452        18.302790548952778     
   6077.8363189555848       -4.0308109999999999        5.0516112690115849        8.5130887000000008        8.6983000000000008E-003   14.655835309182281        14.930663118768985        14.217250595202591        15.774130852800882        15.085435784027178        14.620664706146977        14.546938290154950        14.625521711137607        15.025769582842026        14.622065668066485        14.548443809793133        14.599659596869200        14.707048872214843        14.953929564617910        15.306119599074757        14.801277988817420        14.416707477015203        14.139483191965047        14.336916145698241        14.581690004949900        14.575025128783567        31.676200827963370        18.365969593496260     
   6032.9676979632559       -4.0436990000000002        5.0850882025349762        8.5131040000000002        8.6981000000000003E-003   14.682288902288478        14.961431521129791        14.238717697223686        15.822578378132969        15.119522845522789        14.645999877946084        14.568451258907755        14.645046036471689        15.058363245698809        14.647320246701435        14.570023010293424        14.619171797053218        14.726420981688735        15.001368149751171        15.342753092205998        14.829351071682735        14.440875176804321        14.160005995955489        14.361495675760453        14.613966047934534        14.603317317285319        31.898493780231632        18.448863483795144     
   5980.5895823722094       -4.0588610000000003        5.1238643556410057        8.5131201999999995        8.6978999999999997E-003   14.714024690955208        14.998233729319116        14.264797778435108        15.880879708688530        15.160034311165530        14.676594387094147        14.594665379909932        14.668523616619522        15.096949187310328        14.677821805888220        14.596291006913324        14.642764438677501        14.749444838169071        15.058537411957699        15.386588675069914        14.862770073819648        14.470212753001894        14.184958601249294        14.389880881900334        14.650675336963134        14.637761337165509        32.163082785941548        18.547761250443415     
   5930.0861135082878       -4.0736080000000001        5.1625066975256928        8.5131362999999993        8.6978000000000003E-003   14.746062605358869        15.035185682413200        14.291716238425156        15.939812338696814        15.200295549167453        14.707860445957504        14.621842713629920        14.692338862944656        15.135110574219151        14.708998929006981        14.623383856975689        14.666921215576657        14.772344772714266        15.116417690852085        15.430576215780896        14.896082211748801        14.500423797038199        14.210704058548959        14.416548582698756        14.683696874015045        14.672539436896027        32.425153302193237        18.646226090019699     
   5879.6841920629959       -4.0884549999999997        5.2010922666333466        8.5131519000000004        8.6975999999999998E-003   14.777879210413637        15.071753404872986        14.318642997935140        15.998899561458892        15.239922463585010        14.739059933306724        14.649027856293930        14.716163501711208        15.172538232366264        14.740107943626100        14.650455831189774        14.691117275445318        14.795283062126565        15.174454664210835        15.474154965217856        14.928845812156219        14.530604318832992        14.236456774122189        14.443392573901491        14.717665049511176        14.708674717174617        32.690249658066243        18.745151092584685     
   5829.6301146902815       -4.1033220000000004        5.2395482922537662        8.5131675999999992        8.6975000000000004E-003   14.809271709962042        15.107712815230025        14.345396348873608        16.057799701018396        15.278679045002646        14.769991145702571        14.676037844972983        14.739831009089778        15.209008251965054        14.770947602017587        14.677324914913173        14.715183875284650        14.818097105462686        15.232311794390229        15.517066660269061        14.960857628022216        14.560557148725069        14.262040809312888        14.470229088138028        14.752351024656372        14.745923971590011        32.956986861695192        18.843994464966940     
   5780.4014326464130       -4.1180680000000001        5.2777793984171595        8.5131826999999998        8.6972999999999998E-003   14.840193786622669        15.143102003964932        14.371808285360212        16.116172748160672        15.316361411138397        14.800884616283275        14.702763775152361        14.762997629797310        15.244459561208947        14.801723786191369        14.703846196367897        14.738782513475732        14.840351718401434        15.289666652924643        15.559178748705511        14.992313406947575        14.590391238426426        14.287231387952028        14.495947583207846        14.785214367935138        14.786490502126190        33.190956214075044        18.940842303235208     
   5730.8626504387094       -4.1330349999999996        5.3158955510310824        8.5131976999999992        8.6972000000000004E-003   14.871264025796702        15.177773217836890        14.399379898654541        16.178289224659675        15.350455086231168        14.833828166635772        14.730947386797666        14.786647513154225        15.275966670720020        14.834303082740895        14.731771412014115        14.762938583672682        14.862464684308801        15.350682180751683        15.600076908587329        15.022451206699564        14.622019877939490        14.313427475980898        14.519346033353862        14.818420893326365        14.854276001007278        33.422973456109204        19.041125092022053     
   5681.9577491563778       -4.1479359999999996        5.3537528745962408        8.5132121000000005        8.6969999999999999E-003   14.902026715371061        15.210928461308164        14.428112202349926        16.244152972101794        15.379904866646505        14.868301579128726        14.760561666160832        14.810944044830610        15.302299307895069        14.868145233921929        14.761155299953728        14.787862736949929        14.884498120957318        15.415347476126151        15.638964128283988        15.050260416587921        14.655074780384705        14.340727125394888        14.540674593418103        14.853681898742636        14.948567907720218        33.689476412866668        19.146067146370598     
   5632.0045889917828       -4.1632920000000002        5.3914325056579901        8.5132270000000005        8.6969000000000005E-003   14.933835275285809        15.245682283760399        14.457285974975164        16.311266786557873        15.411886554994599        14.903303324102879        14.790576972932811        14.835708938064492        15.331271923208149        14.902561567662730        14.790963282231729        14.813268707688295        14.907014046356956        15.481235522392772        15.679874534330210        15.079847280934608        14.688629239326616        14.368467216351494        14.562984686984663        14.888590744811868        15.035771423180570        33.984601655466498        19.253795247490757     
   5583.5833045416630       -4.1783070000000002        5.4285239212894556        8.5132413000000007        8.6966999999999999E-003   14.965091943678239        15.280277480134700        14.485447728605436        16.376217429411938        15.444771391677783        14.937079390128410        14.819497214837632        14.859714674004849        15.361408615923779        14.935827444020582        14.819709560551274        14.837895859405858        14.928900217011851        15.544996408151178        15.720728556814912        15.109717178529305        14.721003979610032        14.395267879730998        14.585167291570720        14.921411423320215        15.111565966025616        34.292832313935023        19.358788521478360     
   5535.8205051192717       -4.1932429999999998        5.4653382161803368        8.5132551000000003        8.6966000000000005E-003   14.996282840003303        15.315227794625798        14.513064218161659        16.440134472241642        15.478976472864026        14.970200125565722        14.847806682132124        14.883345135615311        15.393065535861780        14.968500149998359        14.847873463129474        14.862139281220767        14.950498232088091        15.607738343752992        15.762133246326854        15.140279524822112        14.752743973341708        14.421569391574444        14.607536006303874        14.952755457029909        15.177858091773661        34.618197204296024        19.462853656886011     
   5488.4915511440286       -4.2081739999999996        5.5019709647244079        8.5132685000000006        8.6964999999999994E-003   15.028565954479312        15.352175368277496        14.540659126556676        16.504182531105851        15.516863502997811        15.003562740526839        14.876012316223051        14.907084565990147        15.428672205367189        15.001541056438722        14.875941096198588        14.886464415595430        14.972278341781401        15.670620465728337        15.806042933654457        15.173433447705246        14.784610345728552        14.447912640483676        14.630284147388767        14.980755010076184        15.228591244520796        34.948192878771522        19.568237271055271     
   5441.5045919668337       -4.2231230000000002        5.5384370037135060        8.5132815999999991        8.6963000000000006E-003   15.063866629189054        15.393785850841009        14.569153824587534        16.570417904573855        15.562152788413766        15.038788507459753        14.905007108310546        14.931794516030699        15.472021037568258        15.036661791067669        14.904749850665141        14.911672329237074        14.995091795993726        15.735696842721442        15.855620891301303        15.212246216040505        14.817950984380783        14.475251896316895        14.653522868654143        15.001715696024871        15.254790102998964        35.249863393341499        19.679185900433264     
   5394.8577770486672       -4.2380909999999998        5.5747330562648525        8.5132943000000001        8.6961999999999994E-003   15.098881316436438        15.435092313164242        14.597416275933904        16.636294799482641        15.607217907312632        15.073648575331989        14.933736869599551        14.956384244867083        15.515159765735044        15.071391369473725        14.933296398453203        14.936730194469630        15.017854162361674        15.800421662272560        15.904920236387797        15.250746060187849        14.850939628774354        14.502370231528241        14.676874912692954        15.022369062835638        15.280062859323403        35.561119233473732        19.790421542293267     
   5348.4876829112718       -4.2531010000000000        5.6108465266627361        8.5133068000000005        8.6961000000000000E-003   15.133682669484781        15.476175415160146        14.625509876865525        16.701924850755258        15.652142503174165        15.108216989809431        14.962266206533936        14.980910477026089        15.558169415695499        15.105804182285915        14.961645071427842        14.961695897630175        15.040618576351015        15.864905019821343        15.954030845792584        15.289010398932206        14.883647777492367        14.529329435946323        14.700390875644349        15.042770729220614        15.304483040045220        35.882178139762104        19.902098242014450     
   5302.4062665209021       -4.2681430000000002        5.6467709614120798        8.5133188999999998        8.6960000000000006E-003   15.168261793463621        15.517024149718054        14.653427389967291        16.767288569766080        15.696912654702984        15.142486365303185        14.990588287161536        15.005365382986604        15.601036556339373        15.139893359355135        14.989789061603787        14.986561968043851        15.063376676316516        15.929127742314115        16.002938157370551        15.327029468960294        14.916068521698872        14.556122518563985        14.724059244340516        15.062917818319267        15.328057248944486        36.212747848912876        20.014167333957523     
   5256.6129423598131       -4.2832249999999998        5.6824999076742788        8.5133306999999991        8.6958000000000001E-003   15.202644196267855        15.557663599593759        14.681194166752363        16.832409113844072        15.741551534375507        15.176483682711414        15.018728998081677        15.029772723777864        15.643784336498008        15.173686361236054        15.017754229620977        15.011352655507878        15.086151185649491        15.993112996885131        16.051665835711539        15.364828846947887        14.948228816413831        14.582774769142549        14.747899684323883        15.082837959539113        15.350823872657969        36.552644668708574        20.126634829229651     
   5211.0711151995683       -4.2983500000000001        5.7180301054980252        8.5133420999999991        8.6957000000000007E-003   15.239441727905238        15.601107468568784        14.711463681495214        16.901569186113182        15.789419305417905        15.213287550725646        15.049496755075058        15.056275765228765        15.689910500486032        15.210382699086733        15.048341560370115        15.038505860410385        15.110937695990632        16.060866265780373        16.103595386556620        15.405546893842835        14.983301486116662        14.611750404299261        14.770337629244406        15.101774476592258        15.372154670831865        36.894751008677417        20.244773374179108     
   5165.9595347779250       -4.3134670000000002        5.7533487477689134        8.5133533000000003        8.6955999999999995E-003   15.276390085655684        15.644731159188300        14.741938336366857        16.971050281453888        15.837625069794868        15.250290677027980        15.080488254112474        15.082944118977480        15.736416615837761        15.247322843870659        15.079151778255810        15.065875070281322        15.135891958211531        16.128863755612919        16.155771248004307        15.446568509337585        15.018621752329786        14.640918269055156        14.792292586843335        15.120268502468971        15.392759917733109        37.195802905237514        20.363302499463387     
   5121.2502716761737       -4.3285770000000001        5.7884493368604613        8.5133642999999992        8.6955000000000001E-003   15.313389845285318        15.688838932920330        14.771920601352900        17.040745794651219        15.886808725139172        15.287459164221286        15.111118942326410        15.108744828729161        15.783902829300782        15.284441954086535        15.109601875841431        15.092433946883130        15.159918039973920        16.197075925781263        16.208696462884813        15.488315993410929        15.053908087694531        14.669496607173482        14.813179155062894        15.138151822152619        15.412193908899507        37.197163216022901        20.479563286284890     
   5076.9162588824893       -4.3436919999999999        5.8233221360222220        8.5133749999999999        8.6954000000000007E-003   15.350080619347761        15.732650551740853        14.801557912959712        17.110316227376845        15.935749813824504        15.324294872501394        15.141399237578366        15.134238315112221        15.831111960241106        15.321204983190707        15.139704432902203        15.118677901893324        15.183695147889434        16.265150455247234        16.261420124895810        15.529739732994511        15.088828671307414        14.697719401370168        14.834060420444064        15.155910313463060        15.431417460798382        37.214732420688549        20.595745004197159     
   5032.9312736259390       -4.3588180000000003        5.8579540762698077        8.5133854000000007        8.6952999999999996E-003   15.386484063521767        15.776190106434235        14.830870084711570        17.179791459660120        15.984473102257788        15.360820095861797        15.171349333274875        15.159441884693624        15.878068944444621        15.357634764648672        15.169479508275074        15.144624714751878        15.207238501340573        16.333116948571309        16.313967465041099        15.570863569320593        15.123405858761625        14.725606181197932        14.854944570890062        15.173553853139239        15.450443097722591        37.248124527389621        20.711894436871461     
   4989.3043853546324       -4.3739549999999996        5.8923418094280722        8.5133956000000008        8.6952000000000002E-003   15.423448606569256        15.820644930190056        14.860418550461510        17.251021105534587        16.034419102222589        15.397952249432375        15.201613805693572        15.184672830773906        15.926102122383003        15.394620507076372        15.199599813299773        15.170603918443756        15.230652366324936        16.402875820785543        16.367860989178702        15.612813634367203        15.158429470633362        14.753703086915056        14.875439031533933        15.191226672474098        15.469293256587395        37.295411647726027        20.830189560993364     
   4946.0215014089745       -4.3891010000000001        5.9264721653912265        8.5134054999999993        8.6951000000000007E-003   15.462751008389999        15.868452097095519        14.891481566072214        17.327666656092369        16.088508896603585        15.437636853833338        15.233641545711491        15.210704389455143        15.977915254907453        15.434063350602218        15.231556899526124        15.197429134048674        15.254221770481744        16.478204785103884        16.426139020216333        15.657925970607147        15.195623267353783        14.783281902688044        14.894676172560834        15.209209666531072        15.488042388820700        37.351598410522733        20.954954424605752     
   4903.0689431382280       -4.4042610000000000        5.9603418140443605        8.5134152000000007        8.6949999999999996E-003   15.501775844291553        15.915920576564337        14.922394072933349        17.403861246070981        16.142238068231983        15.477064471054936        15.265511404218257        15.236622616693504        16.029362906192119        15.473251052015788        15.263334403266702        15.224157190690820        15.277654690477894        16.553091568626833        16.484004762374994        15.702718922821147        15.232600060762552        14.812742516525757        14.913792770075331        15.227034682896294        15.506628900629520        37.420216441777455        21.079222812315393     
   4860.3550978089052       -4.4194709999999997        5.9939408379320271        8.5134246000000005        8.6949000000000002E-003   15.540605844806054        15.963151042762386        14.953220214359918        17.479764741187864        16.195720136659752        15.516318222950348        15.297289564863485        15.262481030186185        16.080554171326057        15.512266221458168        15.294998754735760        15.250842887725293        15.301000192913248        16.627693267895467        16.541580959778607        15.747287478365978        15.269437324482839        14.842145553668731        14.932829069167289        15.244740103913125        15.525092768554545        37.501158292850135        21.203250901041251     
   4817.9024231858384       -4.4347209999999997        6.0272659903472832        8.5134337999999996        8.6948000000000008E-003   15.579220230414005        16.010118240111222        14.983942297085473        17.555334951387142        16.248926112943987        15.555376702630578        15.328957835886232        15.288264561478996        16.131461653821145        15.551087577480448        15.326532209136150        15.277470337079709        15.324245259092894        16.701968398898870        16.598836815779460        15.791607802763981        15.306114554520232        14.871473701396084        14.951774596594611        15.262317000629562        15.543424656001843        37.594159381230185        21.326965580290281     
   4775.7765638719511       -4.4499849999999999        6.0603039891823016        8.5134428000000000        8.6946999999999997E-003   15.617558881126204        16.056749062855619        15.014511096775774        17.630452386835980        16.301772723111835        15.594178628743943        15.360465530405794        15.313931643966207        16.182006085546103        15.589654205395451        15.357884739879989        15.303996215973534        15.347353103700573        16.775799498049562        16.655683198607576        15.835610906602060        15.342573723204310        14.900679462186510        14.970599569043582        15.279738659211990        15.561596661435555        37.698816573821176        21.450166436001457     
   4733.9754349126461       -4.4652669999999999        6.0930550213218417        8.5134515999999998        8.6946000000000002E-003   15.656646076412269        16.104501617702898        15.045729115272255        17.708812897174223        16.356280554777246        15.633781472842916        15.392615197055068        15.340249380204074        16.234082352007736        15.629004994849250        15.389840814312077        15.331202294500248        15.371181362913212        16.852714494707751        16.714481547841498        15.880695199103435        15.379770043178027        14.930462071224948        14.989865814932497        15.297621281209192        15.580054442973573        37.824022978746711        21.580796818415866     
   4692.4969606595705       -4.4805599999999997        6.1255126201313947        8.5134600999999996        8.6945000000000008E-003   15.697068353832226        16.154265635488152        15.077992835073804        17.792885368282416        16.413717186641993        15.674762465894258        15.425803363500737        15.367579045934836        16.288882589241691        15.669720553330588        15.422800829172697        15.359443975245856        15.396171910148727        16.935069960549509        16.776775882065795        15.927714434534987        15.418205228569040        14.961142732608398        15.009918492058727        15.316373360612953        15.599089388344286        37.975759847475544        21.724200443069105     
   4651.3926255936103       -4.4958530000000003        6.1576669194947469        8.5134685000000001        8.6945000000000008E-003   15.737097762241522        16.203624034081276        15.109912297412816        17.876715640291689        16.470769703826246        15.715326328769347        15.458638926862339        15.394587480385756        16.343299816264238        15.710041747738465        15.455410303323237        15.387356175609664        15.420862353388028        17.017178349248564        16.838731879589023        15.974350493491261        15.456243934529365        14.991492265021432        15.029809904042505        15.334976960612956        15.617950587706527        38.139110364216293        21.867658512216860     
   4610.6377311261040       -4.5111520000000001        6.1895114668509779        8.5134766000000006        8.6943999999999997E-003   15.776808376460908        16.252654629404333        15.141557354293228        17.960389897993856        16.527518173939889        15.755547963619103        15.491192287077856        15.421342155912557        16.397413108216725        15.750042796628376        15.487739500806862        15.415006908488218        15.445318783097386        17.099125344708213        16.900430210448157        16.020679608493097        15.493959602503340        15.021579604626895        15.049600843444937        15.353492013500707        15.636698709276709        38.313878530649625        22.011271393499328     
   4570.0399861326368       -4.5265230000000001        6.2210398470999495        8.5134846000000000        8.6943000000000003E-003   15.816362537824226        16.301562440147105        15.173052741665668        18.044267974299153        16.584202378029882        15.795592481086402        15.523592468169984        15.447945120240934        16.451450227166962        15.789887395608826        15.519916387706861        15.442502453017337        15.469632392756115        17.181263007162201        16.962132374718493        16.066894093641235        15.531505557531403        15.051522157000658        15.069358739852028        15.371979962669247        15.655396721071806        38.500622541463073        22.155666398836363     
   4529.5911136088007       -4.5419739999999997        6.2522456847419878        8.5134924000000005        8.6941999999999992E-003   15.855931100151373        16.350462179634107        15.204591173992156        18.127802117757867        16.640843512300407        15.835716335707435        15.556051100008290        15.474498714702897        16.505485718739074        15.829833735118193        15.552167347958836        15.469948112599322        15.493798417694197        17.263077328255484        17.023756934360904        16.113179357036579        15.569141698702428        15.081495528327267        15.088835581827603        15.390337573310934        15.673990782404449        38.664150436456985        22.299212626078273     
   4489.3762014129634       -4.5574740000000000        6.2831331477053380        8.5134998999999993        8.6940999999999997E-003   15.896601561849995        16.400470416619935        15.237286930502041        18.211644066475845        16.698559126690053        15.877270425186758        15.589714080366331        15.502075970764604        16.560689322070463        15.871217944209075        15.585670222977445        15.498390697867276        15.518702668221263        17.345208188771299        17.086274951061693        16.160832033910932        15.608205977715173        15.112629837359968        15.108117251566469        15.408579851996166        15.692608932444362        38.750945048374959        22.441809949392070     
   4449.4363654801664       -4.5730050000000002        6.3136960970459217        8.5135071999999994        8.6940999999999997E-003   15.939455919031605        16.453137169001213        15.272098860553633        18.300426966561769        16.759448579212574        15.921362720440914        15.625510118214020        15.532017780864972        16.618958911342613        15.915113967975675        15.621287885252617        15.529134482212218        15.545932093787872        17.432067001077719        17.152191471997362        16.211312737308827        15.649735363736134        15.145987591742038        15.128821937271159        15.427404763337432        15.711797145181624        38.859276544868663        22.593170392516303     
   4409.7401619562797       -4.5885800000000003        6.3439355043778605        8.5135144000000000        8.6940000000000003E-003   15.982109661140452        16.505738478020969        15.306645465153672        18.389325756136742        16.820340490621774        15.965343871023663        15.661055960208785        15.561629126333990        16.677226913714854        15.958881066972626        15.656635313692910        15.559579773052455        15.572810746763651        17.519051295498059        17.218139873660331        16.261758152497823        15.691092287950703        15.179069931878644        15.149413873516806        15.446163074276100        15.730894326429404        38.969317804048160        22.744533790229816     
   4370.3477973032923       -4.6041730000000003        6.3738418662438008        8.5135214000000001        8.6938999999999992E-003   16.024472404971849        16.558164847644239        15.340851011146324        18.478167646779109        16.881110358501683        16.009119473189077        15.696273922608281        15.590843725626719        16.735373217050917        16.002425555348946        15.691635559052678        15.589658257464709        15.599277260018052        17.605991225559642        17.283986750152685        16.312061698963202        15.732187918113482        15.211803737365816        15.169837163621903        15.464800919637941        15.749846545667772        39.080828926522130        22.895627245229800     
   4331.2774065276899       -4.6197819999999998        6.4034199251079045        8.5135283000000008        8.6938999999999992E-003   16.066498844912648        16.610361767965735        15.374676619156009        18.566871945069327        16.941697064259795        16.052641298445796        15.731124168481724        15.619627220837302        16.793338380640360        16.045699756450613        15.726249377229305        15.619334314163208        15.625299402074511        17.692807022516437        17.349667237589177        16.362169447974729        15.772977064140225        15.244151251808510        15.190057694550969        15.483284218228921        15.768620099993722        39.193677837245943        23.046335058628987     
   4292.4969969627655       -4.6354139999999999        6.4326603329459582        8.5135349999999992        8.6937999999999998E-003   16.108272519948940        16.662416676776878        15.408201701864517        18.655546916259070        17.002192239689322        16.095991901128745        15.765686469985802        15.648057059156248        16.851212341371713        16.088786454507435        15.760556824502466        15.648685278278911        15.650953205722672        17.779605447818110        17.415275780611708        16.412166737455976        15.813541793573009        15.276191108525943        15.210142277437406        15.501677533285825        15.787280284582291        39.307954147606139        23.196810363127632     
   4254.0931967691449       -4.6510290000000003        6.4615609213862308        8.5135415999999999        8.6937000000000004E-003   16.149674319400866        16.714182706535652        15.441328372466566        18.743954008731720        17.062427261786084        16.139046267878946        15.799860108118262        15.676049064275167        16.908832824745780        16.131561692007217        15.794458267818110        15.677624009841493        15.676161597113500        17.866152194262838        17.480630856939761        16.461910882457509        15.853765206562068        15.307829205140900        15.230021388126547        15.519914294181321        15.805760481872239        39.423319166047669        23.346669869658896     
   4216.0621083289579       -4.6666379999999998        6.4901160196364485        8.5135480000000001        8.6937000000000004E-003   16.194879211145164        16.769539480462086        15.478678464719986        18.833865006008701        17.125997050934274        16.186566645755967        15.838471381916309        15.707692360291267        16.969912212921180        16.178733294445649        15.832781062179999        15.710429315323362        15.704805553853427        17.954365740168697        17.549010779804775        16.515610973841149        15.898287115303331        15.343614547999914        15.250508250534965        15.538656062730945        15.824682896974581        39.540425489710429        23.493090418323618     
   4178.3806343730057       -4.6822410000000003        6.5183200066959719        8.5135541999999997        8.6935999999999992E-003   16.240196771580734        16.824906519924355        15.516278137432806        18.923713562696392        17.189559204876797        16.234251749143809        15.877344313993042        15.739588151114866        17.030970393648708        16.226065348740391        15.871384309569038        15.743484805971171        15.733719942499292        18.042517532879167        17.617370667439655        16.569344449647222        15.942982729508195        15.379655115033277        15.270998593099431        15.557351573054355        15.843550613205629        39.657302312671497        23.639351500354209     
   4141.0264072575119       -4.6978470000000003        6.5461673131930898        8.5135603999999994        8.6934999999999998E-003   16.285121001767287        16.879809759676561        15.553569295046257        19.013293531540697        17.252675260002796        16.281521024611230        15.915895752461124        15.771244677596348        17.091552826456088        16.272984648446453        15.909686179711324        15.776274138552280        15.762438731774965        18.130381875078115        17.685311935416543        16.622594688728547        15.987288496183565        15.415401676490456        15.291381262097252        15.575903662113626        15.862272471117157        39.773807097823742        23.785849090893151     
   4104.0344720683070       -4.7134419999999997        6.5736597433274451        8.5135664000000002        8.6934999999999998E-003   16.329584782384323        16.934172262523113        15.590491484496132        19.102481899622077        17.315258137119798        16.328305199392354        15.954064109321541        15.802606237015381        17.151576222800777        16.319422249354574        15.947624828618613        15.808741009869069        15.790908495661823        18.217838285252896        17.752741080953761        16.675287228806404        16.031137921172622        15.450795201219178        15.311610302033687        15.594269451543857        15.880805444429763        39.889789267146000        23.932379655870193     
   4067.1856820077196       -4.7291140000000000        6.6007882508454294        8.5135722000000005        8.6934000000000004E-003   16.373901477244381        16.988365697676876        15.627313033936632        19.191846752080835        17.377726425017293        16.374931419879388        15.992125130672973        15.833907822784850        17.211445040284509        16.365703244332813        15.985474285225015        15.841127299785180        15.819346741603960        18.305445261911402        17.820104017529694        16.727784521498990        16.074840763621886        15.486094942505124        15.331854116061772        15.612607325577676        15.899308922412748        40.005973225013982        24.079831104508699     
   4030.5563753154534       -4.7448370000000004        6.6275548543013594        8.5135778999999996        8.6934000000000004E-003   16.417929381880420        17.042227653083458        15.663907514652378        19.281145688066594        17.439899291675246        16.421253225103463        16.029949846869009        15.865034159142263        17.270984571904947        16.411681887133575        16.023105764350724        15.873315728623203        15.847643865644772        18.392964531833492        17.887208776376234        16.779928154357130        16.118256618969490        15.521177612518054        15.352019828181723        15.630829125463583        15.917694423057943        40.122058131512986        24.227826310416695     
