  #       Teff 			 log(L/Lsun) 		 tcool(gyr) 			logg(CGS)		  R/R_sun		       G3      			Bp3    			Rp3     		    u      			g      			 r      		 i       		z     				g		       r       			i      			 z       			y  
   78848.239322916343       0.22240599999999999        3.4995692571530412E-004   8.7985640000000007        6.9176000000000003E-003   10.012984993274767        9.8172153454101831        10.391214856936223        9.1957998768977269        9.7425247774778896        10.312445209071640        10.719214856936226        11.087099680868516        9.8213305214778899        10.318732267497140        10.731214856936226        11.034077307226305        11.256006878443017        8.4537775032555160        9.7384680711878104        10.086869817207059        10.233445209071640        10.441214856936224        10.906452096733098        11.051905966172185        11.175187953253477        7.7157656818284366        8.3680088323388517     
   77588.615082387740       0.19360200000000000        3.6493597945818122E-004   8.7993930999999996        6.9109999999999996E-003   10.028832030465002        9.8333143074485232        10.406428765606192        9.2123305799449060        9.7587530183402844        10.327911042589717        10.734428765606195        11.102187627114430        9.8375554459402839        10.334302111170929        10.746428765606195        11.049139984803885        11.270994130933223        8.4702829376343569        9.7548442267425965        10.102590891973241        10.248911042589716        10.456428765606196        10.921298067330907        11.066412583766178        11.189377170111994        7.7370510555212828        8.3865362983025360     
   76357.200959915164       0.16499800000000001        3.8056282920481975E-004   8.8002046000000007        6.9045000000000000E-003   10.044338699062582        9.8490672588705976        10.421316481142540        9.2285072251975748        9.7746323571746068        10.343045040950557        10.749316481142539        11.116952201238529        9.8534315387746076        10.349536985147090        10.761316481142540        11.063879047131056        11.285661075441997        8.4864340710900983        9.7708689727860900        10.117974419158575        10.264045040950556        10.471316481142541        10.935826096630514        11.080609684625962        11.203265608328888        7.7578750706424238        8.4046641863542355     
   75150.348688274054       0.13654200000000000        3.9683762947311153E-004   8.8009833999999998        6.8982999999999996E-003   10.059483326453861        9.8644532567162067        10.435854567197996        9.2443098870798757        9.7901421554473806        10.357824497460346        10.763854567197999        11.131369602066826        9.8689382218473796        10.364414495506441        10.775854567198000        11.078270701381751        11.299983537620729        8.5022109863948003        9.7865220876636272        10.132998361322688        10.278824497460345        10.485854567198000        10.950011472604480        11.094471212296039        11.216825919072669        7.7782317941793586        8.4223782956935587     
   73972.279167500674       0.10833300000000000        4.1397612909872805E-004   8.8017447000000004        6.8922999999999996E-003   10.074249842950870        9.8794553871173676        10.450029003734620        9.2597202042520479        9.8052651380006211        10.372234547901122        10.778029003734620        11.145426231651371        9.8840581592006203        10.378919537741908        10.790029003734620        11.092301470608906        11.313948220610584        8.5175954432095864        9.8017856923263338        10.147647070867620        10.293234547901122        10.500029003734618        10.963841623884868        11.107985983877583        11.230048126112763        7.7980868247730797        8.4396537541415810     
   72821.899003019687        8.0357999999999999E-002   4.3187075015740104E-004   8.8024889999999996        6.8864000000000000E-003   10.088681732477227        9.8941173526766235        10.463882725978738        9.2747821560503034        9.8200451187763207        10.386318346178136        10.791882725978738        11.159164915879039        9.8988351627763222        10.393095403740539        10.803882725978738        11.106014207341747        11.327597814316633        8.5326314475130118        9.8167036814133120        10.161963922377531        10.307318346178135        10.513882725978739        10.977359163679644        11.121196265917842        11.242974120693333        7.8174883193015354        8.4565363211081781     
   71698.488457742322        5.2616999999999997E-002   4.5062951319997066E-004   8.8032251000000006        6.8805999999999997E-003   10.102786250245055        9.9084465525535048        10.477422594073927        9.2895033854417743        9.8344896041077323        10.400082896382377        10.805422594073926        11.172592442919699        9.9132767037077318        10.406949208423809        10.817422594073923        11.119415703406906        11.340939031278269        8.5473266459289778        9.8312835943747512        10.175956099090831        10.321082896382377        10.527422594073924        10.990570841811246        11.134108729461365        11.255610456224280        7.8364465889895580        8.4730348651965901     
   70601.999376169668        2.5124000000000000E-002   4.7036049048861626E-004   8.8039447000000006        6.8748999999999998E-003   10.116564627002395        9.9224442271271602        10.490649847890483        9.3038849839737114        9.8485998059895454        10.413529448015248        10.818649847890478        11.185710047828097        9.9273840271895448        10.420482237947931        10.830649847890479        11.132507258898395        11.353973036695416        8.5616821950440123        9.8455266161816279        10.189624826940014        10.334529448015248        10.540649847890480        11.003477784103330        11.146724288045883        11.267957802118135        7.8549630398145656        8.4891505536421388     
   69531.724383190813       -2.1229999999999999E-003   4.9106397468432308E-004   8.8046556000000002        6.8691999999999998E-003   10.131112887113908        9.9372533697989525        10.504509406666543        9.3192736199384782        9.8635451722144722        10.427706954467187        10.832472816658782        11.199322096419820        9.9421963046833497        10.434660126905506        10.844509406666539        11.146113711573740        11.367483653704220        8.5770652350923982        9.8606490648917529        10.203915339313266        10.348660126905507        10.554368923981500        11.016770178265254        11.159816462703571        11.280935927157412        7.8740328171428260        8.5060907630864087     
   68486.819780801539       -2.9121000000000001E-002   5.1284812115318351E-004   8.8053491000000008        6.8637999999999998E-003   10.146593488205864        9.9530474422716235        10.519128046365195        9.3358886743816694        9.8795044721848466        10.442766819718182        10.847010229608584        11.213522774277513        9.9578626229843916        10.449615501696263        10.859128046365194        11.160334879142825        11.381559351390289        8.5937007792469782        9.8768406094939944        10.218954714852876        10.363615501696264        10.568674092299437        11.030514688859219        11.173470352837297        11.294661650328605        7.8937975271045762        8.5240437038013201     
   67468.336139882784       -5.5832000000000000E-002   5.3582114980630995E-004   8.8060335999999992        6.8583000000000003E-003   10.161760063104438        9.9685195622624754        10.533453854320317        9.3521605532545387        9.8951365428424403        10.457523263160393        10.861257431230332        11.227441188776272        9.9732096525804330        10.464270096774381        10.873453854320314        11.174273797672296        11.395355413494229        8.6099931621505696        9.8926996189104912        10.233690654264361        10.378270096774379        10.582694355162282        11.043987439840166        11.186854945454154        11.308115297248108        7.9131398849309171        8.5416191073766612     
   66472.957234099988       -8.2320000000000004E-002   5.5998347714555051E-004   8.8067005999999992        6.8531000000000000E-003   10.176530388253420        9.9835885010831884        10.547401957464276        9.3680105483194875        9.9103607236835263        10.471892768747056        10.875129247364109        11.240991140357918        9.9881558026301764        10.478540064470467        10.887401957464279        11.187844332134338        11.408785244304907        8.6258637400959071        9.9081461264131274        10.248039576970635        10.392540064470468        10.596343844634506        11.057100742098713        11.199882049822124        11.321208777745875        7.9319912635936074        8.5587425121387373     
   65501.312142497249      -0.10855800000000000        5.8544342938233736E-004   8.8073574000000008        6.8478999999999996E-003   10.190990358849128        9.9983399652063767        10.561058765747553        9.3835239910768138        9.9252627059467429        10.485961454106125        10.888712110177373        11.254259290604555        10.002786883205061        10.492511585320372        10.901058765747557        11.201133074220124        11.421935638203237        8.6413977746923791        9.9232656567338111        10.262087670490558        10.406511585320374        10.609709159390306        11.069941677830421        11.212638957044668        11.334029547399282        7.9504349790648874        8.5754985016759981     
   64551.746953070891      -0.13456399999999999        6.1241731589916531E-004   8.8079958000000005        6.8428999999999999E-003   10.205098916262596        10.012733392176674        10.574381940307429        9.3986615538965950        9.9398022453508155        10.499687631843823        10.901963505320360        11.267202639088655        10.017062176554358        10.506142806539131        10.914381940307429        11.214097046206280        11.434763406666338        8.6565559610142166        9.9380182862778206        10.275793224726200        10.420142806539129        10.622747464393353        11.082466506834638        11.225081597529947        11.346533558199390        7.9684367537550038        8.5918498757399782     
   63624.883480519187      -0.16031200000000001        6.4090575914661936E-004   8.8086224000000009        6.8379000000000001E-003   10.218910587021401        10.026823121977245        10.587426514353556        9.4134771941405688        9.9540336551766195        10.513126050813607        10.914938492553869        11.279876467745762        10.031036120473036        10.519488539161660        10.927426514353556        11.226791467998023        11.447323955841554        8.6713921943928298        9.9524581683327789        10.289211050561345        10.433488539161662        10.635513979397711        11.094730910233448        11.237265846581501        11.358776826528928        7.9860485647512718        8.6078498453636350     
   62720.137244116610      -0.18579999999999999        6.7112528682807242E-004   8.8092275999999998        6.8332000000000002E-003   10.232338368120825        10.040522326947588        10.600105099996373        9.4278844808325530        9.9678702748592762        10.526189512618469        10.927549581240530        11.292193154894019        10.044621873152256        10.532461526342882        10.940105099996373        11.239128712013763        11.459529611498688        8.6858200379522970        9.9664987149302000        10.302253955498724        10.446461526342883        10.647921141169608        11.106647005952180        11.249103571676589        11.370671174912690        8.0031858054199461        8.6234127452954574     
   61836.229448830374      -0.21104100000000001        7.0307669597568178E-004   8.8098150999999998        6.8285999999999998E-003   10.245462198367051        10.053911329532397        10.612496594825355        9.4419648004725758        9.9813926906411155        10.538957429746581        10.939875544470993        11.304231086604887        10.057899625776521        10.545141052691463        10.952496594825355        11.251187152905644        11.471458643249012        8.6999208667733363        9.9802207714521103        10.315001363445823        10.459141052691464        10.660047463660003        11.118292706182903        11.260672631127786        11.382294656781387        8.0199336576268436        8.6386216358883416     
   60973.903627270724      -0.23601200000000000        7.3708474329183102E-004   8.8103885999999996        6.8240000000000002E-003   10.258303616547627        10.067011445459448        10.624623155720078        9.4557389564282648        9.9946221604752612        10.551451623598537        10.951938575412170        11.316012717170990        10.070890806492807        10.557549013961262        10.964623155720078        11.262989192100354        11.483133632604348        8.7137154313576293        9.9936454090791731        10.327475148669171        10.471549013961264        10.671915326808259        11.129690883163162        11.271996045525890        11.393670368504432        8.0363106116758178        8.6534964067834448     
   60133.017850129858      -0.26070700000000002        7.7336647646976072E-004   8.8109582000000000        6.8196000000000003E-003   10.270800022871468        10.079760117516427        10.636422014963054        9.4691446122478080        10.007496167969370        10.563609397211517        10.963675906136581        11.327475222103109        10.083532829912924        10.569622698996531        10.976422014963054        11.274471978691620        11.494491767299605        8.7271413688363229        10.006710153787859        10.339612640623001        10.483622698996532        10.683461920318093        11.140778748866127        11.283011214651138        11.404735898089099        8.0522546496859331        8.6679749324541238     
   59310.966346613437      -0.28517300000000001        8.1213917664783256E-004   8.8115140000000007        6.8152000000000004E-003   10.287406394021636        10.096682007482995        10.652259156541175        9.4877578098662898        10.024469859655914        10.579918632733206        10.979367405810498        11.342949634906896        10.100022531290959        10.585814734175452        10.992121349810498        11.289845736349141        11.509983543079818        8.7457239016933652        10.024404949309305        10.355299589464648        10.499814734175450        10.698983543079818        11.156057884176219        11.298633768022404        11.420785356214436        8.0721986108470904        8.6872073122702300     
   58509.313164869040      -0.30936399999999997        8.5362038464685953E-004   8.8120659999999997        6.8108999999999999E-003   10.304431582648512        10.114027857382563        10.668518384588669        9.5069519299704304        10.041853610157855        10.596661060689748        10.995468511221642        11.358848093079327        10.116885181281486        10.602436940098009        11.008220247221644        11.305623972487592        11.525922109854616        8.7648779131951393        10.042592560992983        10.371320477671066        10.516436940098007        10.714922109854616        11.171798219712304        11.314785918262807        11.437425122363887        8.0924704170301993        8.7069224291126694     
   57725.406515375216      -0.33333699999999999        8.9824404922370603E-004   8.8126049000000002        6.8066999999999997E-003   10.321087096329045        10.130996933722894        10.684425584202536        9.5257297197053035        10.058860434681009        10.613040759893309        11.011221085105610        11.374401826250569        10.133381758032119        10.618699761754499        11.023970665505608        11.321060828111762        11.541515746808685        8.7836157991471850        10.060385447765633        10.386993243989377        10.532699761754500        10.730515746808685        11.187197327153644        11.330586340128185        11.453702355018962        8.1122986272901194        8.7262076328186495     
   56961.051792320475      -0.35702800000000001        9.4622847626072825E-004   8.8131409000000005        6.8025000000000004E-003   10.337368483475888        10.147584062758963        10.699977913608119        9.5440818870956754        10.075485004698869        10.629053846132724        11.026622687566583        11.389608828785139        10.149508130234352        10.634599562031099        11.039370123966581        11.336154544683509        11.556762334325047        8.8019283815557650        10.077776516506550        10.402315676486765        10.548599562031097        10.745762334325047        11.202253602743600        11.346032778588391        11.469613838312998        8.1316715493284164        8.7450525290420877     
   56213.548351144607      -0.38050000000000000        9.9800857652957114E-004   8.8136635000000005        6.7983999999999996E-003   10.353296704434889        10.163811285094429        10.715193791797670        9.5620364807451885        10.091749478106070        10.644720316786984        11.041691155467898        11.404486364126495        10.165284760105120        10.650155873468851        11.054436501467901        11.350921920808357        11.571679211138129        8.8198436337335515        10.094790583754925        10.417305461444624        10.564155873468852        10.760679211138129        11.216983727796720        11.361143174762759        11.485179007752070        8.1506212603251704        8.7634871010293587     
   55483.902514203946      -0.40371400000000002        1.0542362103186066E-003   8.8141821999999994        6.7942999999999996E-003   10.368883169722233        10.179689608716552        10.730085497094079        9.5796022457005865        10.107664762374194        10.660051884385554        11.056439006396920        11.419047175642115        10.180723221425071        10.665380547346041        11.069182277596918        11.365375838602601        11.586279058099757        8.8373703632429415        10.111437588659987        10.431975241481632        10.579380547346039        10.775279058099757        11.231400684944960        11.375930222521150        11.500410067412629        8.1691551317896458        8.7815194763162960     
   54771.293813277531      -0.42667699999999997        1.1153478947109362E-003   8.8146907999999993        6.7903000000000000E-003   10.391931885437248        10.203184263921866        10.752225942654309        9.6055474159633043        10.131172427772920        10.682782825576272        11.078415292319068        11.440806283444381        10.203456252199476        10.687938270152635        11.091122624030675        11.387098951732778        11.608212503146920        8.8633462301495953        10.135991921970000        10.453545275527706        10.602029752627324        10.797019305407037        11.253051607136992        11.398032930625821        11.522878633761056        8.1941943110009809        8.8073050845578003     
   54075.930349988936      -0.44937899999999997        1.1821056731871522E-003   8.8151940000000000        6.7863999999999997E-003   10.430577689681101        10.242598149405936        10.789509003198852        9.6490088235956364        10.170549954368525        10.720975052853689        11.115488575194028        11.477597395334026        10.241441039068505        10.725818005956270        11.128091180301439        11.423994790226619        11.645452841941804        8.9069810565630512        10.177076692565961        10.489544673011061        10.640187633816279        10.833673357404024        11.289802010076976        11.435412017652169        11.560475549656992        8.2329558792326125        8.8493460936974842     
   53395.910937386972      -0.47185100000000002        1.2553813161642609E-003   8.8156855000000007        6.7825999999999997E-003   10.468377919371017        10.281150593061026        10.825974940117218        9.6915216290664485        10.209066300747329        10.758331173619750        11.151748279677305        11.513581160052260        10.278595380622106        10.762867987681011        11.164249012178479        11.460080427551082        11.681874296361256        8.9496639971926708        10.217263148811297        10.524756896933090        10.677509623306056        10.869523084239736        11.325743258296290        11.471966988731507        11.597244617171425        8.2708752731966495        8.8904736355120644     
   52734.034623502317      -0.49401000000000000        1.3361567747112702E-003   8.8161751000000006        6.7787000000000004E-003   10.505245349142529        10.318751235295645        10.861542029899910        9.7329792845572687        10.246631274907338        10.794765809528323        11.187113616447990        11.548677829497391        10.314834643754343        10.799004163389414        11.199515683361001        11.495275762584383        11.717395421033663        8.9912877376208780        10.256454252599243        10.559105279911838        10.713910549540012        10.904489336822090        11.360795921031146        11.507616066831025        11.633103281882944        8.3078644260633308        8.9305865891718366     
   52087.318481487768      -0.51592099999999996        1.4256330814430953E-003   8.8166512000000008        6.7749999999999998E-003   10.541243644432633        10.355466939900626        10.896268291975083        9.7734656035032614        10.283311632925887        10.830340728546780        11.221641746521904        11.582943464314496        10.350219665088861        10.834286953764636        11.233947912392942        11.529637298443454        11.752074293405080        9.0319368419817039        10.294723980345054        10.592642245062287        10.749452026372040        10.938627532810791        11.395016070544493        11.542417952513521        11.668110917166707        8.3439871341473832        8.9697625022820198     
   51457.774564508436      -0.53752100000000003        1.5251228877600340E-003   8.8171244000000009        6.7713000000000001E-003   10.576328125792662        10.391250782839387        10.930112974991923        9.8129220989006125        10.319060567033771        10.865012574725748        11.255292595893595        11.616338710519395        10.384707618562787        10.868673966345936        11.267505869012114        11.563125437400876        11.785870341050936        9.0715522621933307        10.332020621484569        10.625330673937798        10.784090856520132        10.971898763032295        11.428364574178405        11.576331860802663        11.702226230300996        8.3791981166802589        9.0079467756947569     
   50844.502238399553      -0.55881099999999995        1.6368105883368855E-003   8.8175893999999992        6.7676999999999998E-003   10.610514473941555        10.426119359863806        10.963090138129695        9.8513703540500774        10.353894665783480        10.898796481204267        11.288080008016722        11.648877093712082        10.418313312660283        10.902179945619300        11.300203244944727        11.595753856784077        11.818797767280381        9.1101557900827235        10.368362912091650        10.657182867247473        10.817842144723942        11.004316351759764        11.460855080462773        11.609372262863717        11.735463823376692        8.4135128369205052        9.0451589451845198     
   50248.372510513836      -0.57976600000000000        1.7625618965289220E-003   8.8180542000000006        6.7641000000000003E-003   10.643787665228862        10.460056681850345        10.995186435249801        9.8887894412554491        10.387797987284346        10.931677994169176        11.319990937419915        11.680545852824116        10.451022515505377        10.934790865407384        11.332027089688010        11.627509700556020        11.850843287917717        9.1477262445193421        10.403732804625109        10.688187047168819        10.850691516403179        11.035867744126220        11.492474922292038        11.641525811049531        11.767810176079420        8.4469160040590250        9.0813797468426554     
   49666.207655971913      -0.60043000000000002        1.9055533283948876E-003   8.8184752000000000        6.7608000000000000E-003   10.675531013790009        10.493013433953285        11.024268951515451        9.9270153936267302        10.420691059882495        10.962158789416341        11.348995050715450        11.708597674218987        10.482949849800855        10.965158789416341        11.360898104173861        11.655664432687795        11.878600848535362        9.1858818766891179        10.438003392712139        10.718437241564798        10.880940228811907        11.064338884300627        11.518984911434471        11.667688174088005        11.793917778827145        8.4924021857436376        9.1245367179979961     
   49102.318612321644      -0.62073199999999995        2.0693006263768723E-003   8.8189390999999997        6.7571999999999997E-003   10.705913026413084        10.524978047098584        11.050984320209528        9.9654301807302463        10.452572262698608        10.990684169850100        11.375708563809530        11.733872587679128        10.514039752355862        10.993684169850100        11.387448507809586        11.681052123956666        11.903113829213941        9.2240711081751758        10.471179194273910        10.747894211947949        10.909096052739931        11.090405098021877        11.541689735973369        11.689430185597962        11.815431398210174        8.5459114998957606        9.1721251530882011     
   48555.899068928273      -0.64062399999999997        2.2575545174677246E-003   8.8193915000000001        6.7536999999999996E-003   10.735353604512731        10.555952219119732        11.076872607695268        10.002651971459731        10.483465999597325        11.018326428674701        11.401595041695270        11.758365413938289        10.544166692293825        11.021326428674701        11.413177734650457        11.705654234124506        11.926868707298599        9.2610743310873040        10.503326640504280        10.776439590828222        10.936379801452251        11.115664721241789        11.563692452319170        11.710499123501840        11.836277466660398        8.5977657969608892        9.2182368372068986     
   48024.184629402189      -0.66020699999999999        2.4774647425675768E-003   8.8198483999999997        6.7501000000000002E-003   10.764061195037138        10.586152265274814        11.102124051258924        10.038929193210807        10.513588114634560        11.045284841244838        11.426844657658924        11.782259156529234        10.573542579515722        11.048284841244838        11.438275143578418        11.729654319603357        11.950044633844266        9.2971388670625696        10.534668046656259        10.804277158271661        10.962988945988615        11.140304691648071        11.585163237458348        11.731060514397663        11.856620695188079        8.6482872901204662        9.2631653826483582     
   47516.123232617589      -0.67912899999999998        2.7308812974119975E-003   8.8202940000000005        6.7466999999999996E-003   10.791475616020154        10.614992822968826        11.126236687969008        10.073574207676412        10.542354552922138        11.071028621624631        11.450955511969010        11.805074761680604        10.601595949447802        11.074028621624631        11.462241323875634        11.752571537034079        11.972174663513059        9.3315806569694608        10.564598846550279        10.830861329759234        10.988398614257417        11.163833365154940        11.605663905857433        11.750691516416044        11.876041895835410        8.6965481899234049        9.3060773966147998     
   47016.576186210863      -0.69794900000000004        3.0348622677887818E-003   8.8207526000000005        6.7431000000000001E-003   10.818510450813152        10.643430058291765        11.150025548028912        10.107716466540802        10.570719231122391        11.096421535433036        11.474742537628911        11.827588482906441        10.629259427383085        11.099421535433036        11.485886904090160        11.775185167669198        11.994014536760519        9.3655230970152861        10.594107733088721        10.857080871128483        11.013462613151377        11.187048286645746        11.625901559756395        11.770073356067565        11.895216251331279        8.7440836168066678        9.3483488419175682     
   46558.073329582308      -0.71540499999999996        3.3735534806157261E-003   8.8211843999999999        6.7397999999999998E-003   10.843319775685533        10.669526645562701        11.171856127636580        10.139047216758314        10.596749531816517        11.119724505781914        11.496571390036582        11.848248914681395        10.654646096877936        11.122724505781914        11.507586637744215        11.795937300015478        12.014056751330713        9.3966704460901482        10.621187612649717        10.881142860042484        11.036463340591762        11.208352349619979        11.644473110785373        11.787858747336902        11.912810013251214        8.7877119636198060        9.3871413884069845     
   46145.568421608994      -0.73127100000000000        3.7391281429862032E-003   8.8215903999999998        6.7365999999999997E-003   10.865712371478182        10.693077503097680        11.191569181138352        10.167305422851260        10.620241007420773        11.140762446989203        11.516282819538354        11.866909326473316        10.677558441611030        11.143762446989204        11.527182551384549        11.814680212788989        12.032161151302343        9.4247636502199050        10.645622861931361        10.902863928153405        11.057229035803392        11.227591892283062        11.661254247051492        11.803932013648513        11.928709926377731        8.8270384520322871        9.4221134130599715     
   45768.955347951989      -0.74588500000000002        4.1342582115312890E-003   8.8219680999999994        6.7336999999999996E-003   10.886147502907201        10.714570172732936        11.209558318995084        10.193094277457215        10.641679691598226        11.159961279081637        11.534270446595082        11.883937585895458        10.698468356685362        11.162961279081637        11.545065229125663        11.831783794825869        12.048681978778289        9.4504018595963988        10.667922743171745        10.922686678320611        11.076179052094711        11.245148920808324        11.676566891091733        11.818597891657062        11.943216643943858        8.8629360963502410        9.4540322906160927     
   45421.973544075925      -0.75946400000000003        4.5597768101400503E-003   8.8223298999999997        6.7308999999999997E-003   10.905014430696401        10.734411543972985        11.226171982800508        10.216892495056666        10.661471521638408        11.177689626259465        11.550882663200507        11.899666057771707        10.717772965000112        11.180689626259465        11.561581257731344        11.847581663062893        12.063943084090017        9.4740612844742991        10.688507619219418        10.940990051545548        11.093677907829306        11.261364614410002        11.690714760231064        11.832149432388373        11.956620814870778        8.8960511795031429        9.4834787045992393     
   45096.828441713675      -0.77228600000000003        5.0188530612204265E-003   8.8226721999999995        6.7282000000000002E-003   10.922716875625609        10.753027133588811        11.241763306963508        10.239214652497528        10.680040869888446        11.194325522350026        11.566472618163511        11.914428053923261        10.735885740906847        11.197325522350022        11.577081468362783        11.862408688234916        12.078267295552950        9.4962533838742136        10.707819740405748        10.958164967454577        11.110098560003758        11.276583182904860        11.703995768966438        11.844871264450591        11.969203836493753        8.9271065671710961        9.5110938463530612     
   44789.993559905837      -0.78448099999999998        5.5127085167410430E-003   8.8230076999999998        6.7256000000000000E-003   10.937855992857243        10.768931804243726        11.255137896480734        10.258089361665094        10.695944069913468        11.208589741243253        11.579845865680733        11.927133822000544        10.751442032673376        11.211547739955234        11.590405395941248        11.875175823288563        12.090614314811914        9.5150053590890540        10.724322081505639        10.972841748971367        11.124141970960922        11.289677860528657        11.715484236467669        11.855717925829721        11.979631945037552        8.9560558377505526        9.5348605560276329     
   44493.851397458071      -0.79632899999999995        6.0451425463429300E-003   8.8233286000000000        6.7231000000000001E-003   10.951760471449054        10.783532164760421        11.267440640195330        10.275321432313836        10.710561856895156        11.221708107347714        11.592147325795329        11.938841714190245        10.765762393892613        11.224606877627204        11.602674570325865        11.886942943910752        12.102000405736662        9.5321189728728175        10.739472924379731        10.986315485670763        11.137039566200412        11.301742406913297        11.726097790570050        11.865661257109727        11.989043504025153        8.9838250177274812        9.5567676134155715     
   44207.199145956612      -0.80787299999999995        6.6177887907438449E-003   8.8236466999999994        6.7206999999999996E-003   10.965213209881687        10.797658395798068        11.279342911669856        10.291994770817807        10.724705105531394        11.234399804727849        11.604048324869856        11.950168136361766        10.779617717877349        11.237241244557039        11.614544079003201        11.898326696532576        12.113015608003570        9.5486776504761881        10.754132147068672        10.999351165752701        11.149517686977942        11.313414084186617        11.736365152183053        11.875279693770834        11.998147239033555        9.0106969652967610        9.5779656795491963     
   43925.326669882692      -0.81929700000000005        7.2351079072032294E-003   8.8239567000000001        6.7183000000000000E-003   10.978454690287714        10.811561976445534        11.291059800705080        10.308402696347672        10.738625559879994        11.246892782994950        11.615763973905077        11.961318800444845        10.793255059749876        11.249677848328924        11.626228460636158        11.909533735110868        12.123860532517620        9.5649728270156249        10.768559971874206        11.012182390991088        11.161800800965311        11.324904235240984        11.746474728259317        11.884751036698598        12.007112451504389        9.0371321903562265        9.5988222698917145     
   43646.758939350111      -0.83065999999999995        7.8990647338132193E-003   8.8242703999999996        6.7158000000000001E-003   10.991582599740571        10.825344136882233        11.302680934813061        10.324659578820288        10.752424541486128        11.259280849978982        11.627383853213061        11.972380289491763        10.806774218825481        11.262010201766852        11.637817207205266        11.920650937703890        12.134620127826775        9.5811182823960301        10.782860375395298        11.024904739251763        11.173981580134360        11.336301260364539        11.756507537869087        11.894152921331756        12.016014169022586        9.0632979993725122        9.6194752253751012     
   43366.962055849508      -0.84213700000000002        8.6147078715272298E-003   8.8245760000000004        6.7134999999999998E-003   11.004700262463320        10.839118733179099        11.314285249564907        10.340919521976097        10.766216161529275        11.271655239458347        11.638986945564906        11.983422565676602        10.820284819585130        11.274328631869519        11.649388696864545        11.931749173265434        12.145359472843982        9.5972663067984385        10.797155629828747        11.037614884991328        11.186147933453203        11.347680515209582        11.766516966189190        11.903528550361880        12.024887386062407        9.0895091091640872        9.6401499356817943     
   43087.073743354798      -0.85369700000000004        9.3840312803661740E-003   8.8248876999999997        6.7111000000000002E-003   11.017854534791573        10.852930055689415        11.325925631405690        10.357216735363016        10.780044659407517        11.284065873606190        11.650626080605688        11.994500677292395        10.833832182350877        11.286683288354860        11.660995974769479        11.942883262543726        12.156134822420631        9.6134515648603571        10.811487926669480        11.050361385114163        11.198350585518975        11.359095739600372        11.776562112553352        11.912939520270628        12.033795803808667        9.1157598604574108        9.6608628945969262     
   42803.866413566568      -0.86546500000000004        1.0212374322863411E-002   8.8251966999999993        6.7086999999999997E-003   11.031155684523696        10.866895865132367        11.337694989556955        10.373697627012735        10.794027978731133        11.296614410400199        11.662394202756953        12.005701148784087        10.847531058344703        11.299175183682916        11.672731549159419        11.954140375501375        12.167029228877901        9.6298191735781593        10.825981019186717        11.063249770703923        11.210688830329822        11.370637295887807        11.786717707953176        11.922453313664253        12.042801060008674        9.1423109689342006        9.6818112440006026     
   42516.352588124253      -0.87748499999999996        1.1101677451061874E-002   8.8255108999999994        6.7063000000000001E-003   11.044647451675528        10.881062258702945        11.349631668451400        10.390417061087662        10.808212292664029        11.309341978043568        11.674329624851401        12.017060286427649        10.861426601652154        11.311845248561189        11.684633644129233        11.965557015910020        12.178077933855560        9.6464236021229137        10.840682858005406        11.076322354937817        11.223203050475147        11.382342706921898        11.797016363384683        11.932100261517474        12.051931739776100        9.1692526194265280        9.7030655018333452     
   42224.547097036782      -0.88976500000000003        1.2057609761767309E-002   8.8258238000000002        6.7038000000000002E-003   11.058361500289919        10.895460821348372        11.361767464213919        10.407406480057723        10.822629177657028        11.322280261633555        11.686464169013917        12.028609968007991        10.875550429554067        11.324725171052961        11.696734046796600        11.977165058588582        12.189312841941753        9.6632962988965367        10.855624992882362        11.089610805117111        11.235924960419844        11.394243806691545        11.807490073994046        11.941912426098870        12.061219906073536        9.1966154764951256        9.7246567772704964     
   41927.213502774968      -0.90235600000000005        1.3081516567124538E-002   8.8261424000000002        6.7013999999999997E-003   11.072287792181994        10.910084443504465        11.374085605896978        10.424669740637752        10.837271618975334        11.335415941418338        11.698781036296976        12.040330893702530        10.889894262878107        11.337801384118896        11.709015824555243        11.988945451001973        12.200713331247597        9.6804406260388642        10.870802634670339        11.103103285215012        11.248840318091430        11.406322807099199        11.818114947154813        11.951863071790049        12.070636625695043        9.2244474859709040        9.7466084707098783     
   41623.442880257222      -0.91530299999999998        1.4178740199511338E-002   8.8264575000000001        6.6990000000000001E-003   11.086498794770085        10.925007661364679        11.386653726323475        10.442289444456796        10.852214191857469        11.348819045765966        11.711347896323472        12.052288952083989        10.904531804737724        11.351143734342019        11.721546495337902        12.000964263507937        12.212344314525870        9.6979388216088989        10.886291994673003        11.116870914309656        11.262018500562958        11.418646650627677        11.828953606014538        11.962012819858318        12.080240847042779        9.2528632168252454        9.7690173864015346     
   41314.737715033734      -0.92856000000000005        1.5350264704165454E-002   8.8267804000000005        6.6965000000000002E-003   11.100960615892278        10.940193123846322        11.399445956353462        10.460214876551264        10.867419488576198        11.362459690821490        11.724138834753459        12.064461188583527        10.919427104691229        11.364722638364496        11.734300348493706        12.013198241040522        12.224184481701320        9.7157407716372806        10.902052960689135        11.130882005563448        11.275430724123391        11.431190624925486        11.839988556560408        11.972347493203605        12.090021142690665        9.2817588601710472        9.7918092221912207     
   40999.069477186495      -0.94220300000000001        1.6601117204993729E-002   8.8271008000000002        6.6940000000000003E-003   11.115730430466741        10.955702690166248        11.412508599243548        10.478525908161085        10.882949470121492        11.376389634352183        11.737200196043549        12.076889931797918        10.934640136398677        11.378589448247620        11.747323442533062        12.025690117902482        12.236273971881030        9.7339255359519612        10.918151145062556        11.145190750979559        11.289127266689174        11.443999451625295        11.851254746121715        11.982897515816280        12.100004244075215        9.3112860057404312        9.8150956927051318     
   40677.850888043613      -0.95618999999999998        1.7930983252235820E-002   8.8274247999999993        6.6915000000000004E-003   11.130745835229138        10.971470678273384        11.425786831624574        10.497144293032090        10.898738391497833        11.390550233513604        11.750477132424574        12.089523135000665        10.950106543185878        11.392685803691212        11.760561104375672        12.038387564823054        12.248562283315216        9.7524154333873092        10.934518259899356        11.159736812447949        11.303050528248487        11.457019413135011        11.862705297224128        11.993619156753375        12.110148987551852        9.3413163456669146        9.8387763219255895     
   40350.786107919637      -0.97053800000000001        1.9344796422834890E-002   8.8277482000000003        6.6889999999999996E-003   11.146019865972939        10.987510790504707        11.439292125355703        10.516086359514993        10.914799964913929        11.404953728244308        11.763981132555703        12.102371711971543        10.965839758221847        11.407023885465890        11.774024769337263        12.051301554749958        12.261060011319486        9.7712266739581608        10.951168549919672        11.174532784914803        11.317212538739863        11.470261761442039        11.874350069600077        12.004521631828279        12.120464039622533        9.3718765779561330        9.8628720481514023     
   40019.255043073390      -0.98520200000000002        2.0841371387096332E-002   8.8280770999999998        6.6864999999999997E-003   11.161491567723230        11.003758866722192        11.452970928155827        10.535275668339208        10.931069972419854        11.419542833537557        11.777658619755824        12.115384821441969        10.981776919062922        11.421546684546170        11.787661025160501        12.064380970433357        12.273717830488982        9.7902833703564394        10.968035313342318        11.189519727485871        11.331557034869677        11.483674023790284        11.886143276800970        12.015562223798073        12.130909191275604        9.4028413420072763        9.8872847068593881     
   39681.309900176042       -1.0002599999999999        2.2424938300181198E-002   8.8284035999999997        6.6839999999999998E-003   11.177397866487272        11.020458233234613        11.466967869236022        10.555281546930633        10.947931192684525        11.434441796187802        11.791704227738244        12.128753233138593        10.998189516037009        11.436551168335495        11.801704227738242        12.077912578188506        12.286966901734154        9.8101721747829416        10.985568572884173        11.204979230583010        11.346391823285582        11.497444936883888        11.898274230486990        12.026900249339651        12.141576483540003        9.4345902122200265        9.9126442300255952     
   39339.877206442390       -1.0156040000000000        2.4093865655907137E-002   8.8287355999999999        6.6813999999999997E-003   11.193502337809816        11.037363636865264        11.481137827316799        10.575545972072389        10.965008640662040        11.449521969429140        11.805926835245250        12.142291647258132        11.014807464400151        11.451748080497472        11.815926835245248        12.091621708654911        12.300398689001236        9.8303198610040585        11.003328886249156        11.220634314359360        11.361418019100695        11.511388873191573        11.910562324752233        12.038386083296791        12.152380780109672        9.4667021387900068        9.9383189288408627     
   38993.211018096023       -1.0313049999999999        2.5851634538197658E-002   8.8290634000000008        6.6788999999999998E-003   11.209808822194582        11.054482847929361        11.495479775274127        10.596075283828416        10.982302496020310        11.464788455248872        11.820322721994110        12.155992890430305        11.031635259267439        11.467132649419838        11.830322721994111        12.105496284921255        12.313990743390335        9.8507310896574474        11.021316073984117        11.236483632572714        11.376629254928886        11.525500926863192        11.922993675073656        12.050003395738880        12.163306071375072        9.4992595119550884        9.9643409608188946     
   38643.726523123500       -1.0472820000000000        2.7695868885785926E-002   8.8293972000000007        6.6762999999999996E-003   11.226274524602333        11.071767428461529        11.509964474246514        10.616797205797296        10.999763153999966        11.480205704171704        11.834862254079512        12.169832118325759        11.048626523617648        11.482668472277146        11.844862254079514        12.119510255064197        12.327718969859765        9.8713344376918553        11.039475700953721        11.252487513859462        11.391990335538706        11.539753380075082        11.935552203723693        12.061741711064498        12.174346752910749        9.5321063954219820        9.9905998015943265     
   38290.849369848504       -1.0635470000000000        2.9630221179293700E-002   8.8297264999999996        6.6737999999999997E-003   11.242859965562962        11.089179218942911        11.524549295901698        10.637679290048998        11.017352700257986        11.495732513672509        11.849502919097132        12.183765711836825        11.065742597508189        11.498314559792155        11.859502919097130        12.133620287151905        12.341539559445968        9.8920972439293511        11.057771001518288        11.268605756541954        11.407459984477081        11.554103285391195        11.948192249435868        12.073554090055920        12.185454694795615        9.5652301277134395        10.017072076935994     
   37935.691073198002       -1.0800660000000000        3.1651261918372087E-002   8.8300576000000000        6.6712999999999998E-003   11.259610240970176        11.106803167750584        11.539295850672769        10.658827653845325        11.035123398150585        11.511427611026448        11.864263696209367        12.197836705582485        11.083059089223781        11.514097083789771        11.874263696209365        12.147836705582485        12.355440605465635        9.9131157297819250        11.076262312840864        11.284851459153248        11.423075226163046        11.568569223319241        11.960927448285229        12.085478600031625        12.196702367041421        9.5986661789466403        10.043856596674157     
   37577.856185810837       -1.0968570000000000        3.3762655532180448E-002   8.8303849999999997        6.6686999999999996E-003   11.276796779449931        11.125063210892499        11.554510368471888        10.680784772880479        11.053384750892498        11.527598216068370        11.879299296564795        12.212276672782505        11.100962607078309        11.530208808007362        11.889299296564793        12.162276672782504        12.369457653183233        9.9348952409733826        11.095296906581883        11.301377279882558        11.439065604161275        11.583301940811612        11.973869681740666        12.097703854112289        12.208392178391005        9.6328560783479880        10.071539073907502     
   37219.282782645489       -1.1138420000000000        3.5960718688450098E-002   8.8307143000000003        6.6661999999999997E-003   11.293984599351635        11.143326751003698        11.569722083056185        10.702752537298526        11.071649608203700        11.543768477786962        11.894331724447508        12.226711761334080        11.118868890986342        11.546319590499571        11.904331724447509        12.176711761334083        12.383469888482836        9.9566850358898478        11.114337072725800        11.317903480604322        11.455055261978288        11.598031322917546        11.986804879630775        12.109920587996065        12.220072369370033        9.6670809355224705        10.099244012776197     
   36859.038323261171       -1.1310620000000000        3.8248973072737072E-002   8.8310370000000002        6.6636999999999998E-003   11.311248725535982        11.161671610566199        11.585000992313923        10.724818491949165        11.089995758566200        11.560010760728563        11.909430511475549        12.241210000737645        11.136854796889459        11.562501692505769        11.919430511475550        12.191210000737648        12.397544250668130        9.9785721591107901        11.133462602142473        11.334503426405302        11.471116131890192        11.612826174021606        11.999797217637912        12.122191146284436        12.231803851769328        9.7014601253510619        10.127073878776983     
   36498.498624141481       -1.1484589999999999        4.0623563297346663E-002   8.8313611000000005        6.6611999999999999E-003   11.328526441510467        11.180030945638046        11.600291850743249        10.746901493677376        11.108356390038045        11.576266264990080        11.924541100055320        12.255719075984350        11.154854888662188        11.578696492982898        11.934541100055318        12.205719075984346        12.411630034734925        10.000476187389451        11.152603720396945        11.351116877565937        11.487190069902146        11.627633037486644        12.012800086207351        12.134471639055631        12.243544831391846        9.7358655247301318        10.154925515691113     
   36137.408080166962       -1.1660509999999999        4.3088488669334762E-002   8.8316786999999994        6.6588000000000003E-003   11.345796720687432        11.198384496446934        11.615572320728354        10.768984013831894        11.126711211246931        11.592513213101221        11.939641024768434        12.270216153915399        11.172848619327098        11.594882230127936        11.949641024768436        12.220216153915402        12.425704087582222        10.022379432671976        11.171740663259882        11.367722375421053        11.503255202341300        11.642429271421889        12.025789597022722        12.146737698383056        12.255270525303306        9.7702883283195661        10.182785484549221     
   35777.171270084167       -1.1837730000000000        4.5639831175030933E-002   8.8319983999999998        6.6563999999999998E-003   11.363292130835088        11.216885745858534        11.630859763290637        10.791391209055256        11.145325153823489        11.608951638245340        11.954859763290635        12.284683247464500        11.190954367529962        11.611220779879041        11.964859763290633        12.234794661829458        12.439863283500888        10.044682659456601        11.191098804883321        11.384481936576602        11.519400815915425        11.657383812127023        12.038791932544839        12.159129695849963        12.267012031990131        9.8053399569349153        10.211142754265172     
   35416.937086910882       -1.2016680000000000        4.8282216501101205E-002   8.8323111999999995        6.6540000000000002E-003   11.380950025515068        11.235503668013893        11.646172382179989        10.814029186682211        11.164124444270437        11.625530081575798        11.970172382179991        12.299152220513369        11.209153864684700        11.627676045735358        11.980172382179989        12.249443751969915        12.454093948640720        10.067262446266108        11.210619814896619        11.401358669672787        11.535617773862713        11.672455620707341        12.051819968861013        12.171616129691381        12.278779248665201        9.8408274811212113        10.239845270988623     
   35058.473312881062       -1.2196540000000000        5.1011521694755001E-002   8.8326253000000001        6.6515999999999997E-003   11.398524846364197        11.254034250931959        11.661413419297926        10.836559128533899        11.182835515475517        11.642030767502842        11.985413419297924        12.313554188030089        11.227267637594878        11.644054589609247        11.995413419297925        12.264024951373649        12.468258338036570        10.089734041883936        11.230049070049755        11.418155703939998        11.551758739615721        11.687456566904402        12.064788081281613        12.184045290050936        12.290492737876697        9.8761429135702592        10.268409494364960     
   34700.281664304421       -1.2377990000000001        5.3832887521131564E-002   8.8329319999999996        6.6492000000000001E-003   11.416086697058017        11.272551569379289        11.676643343875998        10.859071993275727        11.201533156547136        11.658519270050931        12.000643343875996        12.327946168518789        11.245368002561563        11.660421531365117        12.010643343875998        12.278596027686639        12.482412460868908        10.112188144793691        11.249464321218525        11.434939955904596        11.567887823715235        11.702446180226119        12.077747295176007        12.196465989672461        12.302198281001075        9.9114307003966999        10.296951628500516     
   34344.642493590065       -1.2560009999999999        5.6742106255147147E-002   8.8332399000000006        6.6468999999999999E-003   11.433496189007805        11.290910166360426        11.691737486416141        10.881396731710950        11.220070804713629        11.674863076088574        12.015737486416139        12.342208757036708        11.263312184867416        11.676645061721963        12.025737486416141        12.293036435789915        12.496438454296907        10.134454107724352        11.268714479326448        11.451576930808386        11.583874758982162        11.717301264476340        12.090587327011072        12.208771331151453        12.313793575738636        9.9464384347685133        10.325262225733319     
   33990.300179723381       -1.2743190000000000        5.9744998750317961E-002   8.8335402999999992        6.6445999999999996E-003   11.450845999182242        11.309209259843072        11.706775616840311        10.903646760472672        11.238549891605004        11.691146211011276        12.030775616840309        12.356415585437823        11.281202801326380        11.692808820552933        12.040775616840307        12.307420435347964        12.510405885617551        10.156641910562534        11.287906681703902        11.468156668535137        11.599803970642792        11.732092744709895        12.103378406808510        12.221024845967957        12.325352548651264        9.9813632136706261        10.353500137161511     
   33638.684220586467       -1.2926850000000001        6.2837130107249214E-002   8.8338423000000006        6.6422000000000000E-003   11.468145028765193        11.327564345303436        11.721609710709298        10.925921456582799        11.257140959485085        11.707215792737244        12.045609710709297        12.370310464968817        11.299324203707911        11.708760352739482        12.055609710709298        12.321491122858525        12.523949149189406        10.178740798693092        11.307319031041672        11.484692175100548        11.615579694849778        11.746396998640179        12.115925788943109        12.232867788184283        12.336963015788761        10.017584381947707        10.382572261375543     
   33288.635974773933       -1.3111489999999999        6.6025037885692431E-002   8.8341355999999998        6.6400000000000001E-003   11.485303445859286        11.345774080334964        11.736314270482703        10.948032650468738        11.275586006825739        11.723150214170994        12.060314270482705        12.384079615941479        11.317302120466058        11.724577691836542        12.070314270482703        12.335435297954090        12.537368251916250        10.200676968456127        11.326581257210639        11.501091355152544        11.631222009823928        11.760574139644865        12.128353861918731        12.244594591468280        12.348459173999379        10.053581570965205        10.411451428704359     
   32941.471859496560       -1.3296570000000001        6.9304342424239343E-002   8.8344293000000000        6.6378000000000001E-003   11.502324862995261        11.363838164616771        11.750902014411738        10.969965169072831        11.293883887466889        11.738957731703499        12.074902014411736        12.397739235280612        11.335137119636000        11.740269492013114        12.084902014411741        12.349268499350865        12.550680707140112        10.222435905002579        11.345689183438283        11.517360591403738        11.646740227942862        11.774638787800983        12.140683864298465        12.256229090817458        12.359865763036689        10.089287298471929        10.440096969702127     
   32596.952527823363       -1.3482040000000000        7.2681909018049398E-002   8.8347148000000004        6.6356000000000002E-003   11.519220588570063        11.381768590186590        11.765382678664826        10.991733904572639        11.312046690894670        11.754648781617442        12.089382678664824        12.411298483012393        11.352840978258397        11.755846116453347        12.099382678664822        12.363000006748480        12.563895435540216        10.244032380836549        11.364655451003122        11.533510687033603        11.662144592717260        11.788600389056560        12.152924010895676        12.267779056751321        12.371190304023129        10.124725908675495        10.468528382887980     
   32254.996566498437       -1.3668089999999999        7.6153565836677956E-002   8.8350001000000002        6.6334000000000002E-003   11.535994468130298        11.399569478830802        11.779759442895784        11.013343714450677        11.330078631880248        11.770226956513042        12.103759442895786        12.424760282979339        11.370417777262691        11.771311105328987        12.113759442895788        12.376632784696088        12.577015279545837        10.265471212733928        11.383484489931309        11.549545260611936        11.677438603612234        11.802461936945537        12.165076920178027        12.279246912911024        12.382435211742912        10.159905451288022        10.496752081152600     
   31915.525527095804       -1.3854679999999999        7.9726532402879177E-002   8.8352775000000001        6.6312999999999997E-003   11.552404462941899        11.417026826053336        11.793747574395118        11.034482815387653        11.347751283289787        11.785449912286735        12.117747574395116        12.437826338520130        11.387666808816887        11.786449912286733        12.127733166851391        12.389854168212858        12.589741864047225        10.286440578151202        11.401948061928325        11.565334396012721        11.692393267506558        11.815953050229487        12.176871787864966        12.290390544006611        12.393399466462887        10.195307240744141        10.524837890588357     
   31579.554570978326       -1.4041310000000000        8.3397017955186475E-002   8.8355563999999998        6.6292000000000000E-003   11.568013414604993        11.433755255611961        11.806833397087329        11.054558522632865        11.364649929526470        11.799884081203414        12.130833397087327        12.449959553194871        11.404229484097451        11.800884081203419        12.140761453492720        12.402097832314778        12.601539107765850        10.306348299918357        11.419629099504418        11.580664912770578        11.706601914894298        11.828590221338404        12.187830219793296        12.300790990524467        12.403745723729861        10.231861624062860        10.552925103004091     
   31245.753337299091       -1.4228609999999999        8.7173099594911096E-002   8.8358267000000001        6.6271000000000004E-003   11.583523392870411        11.450377093985772        11.819836622500155        11.074505129331861        11.381440830917121        11.814226836350958        12.143836622500153        12.462016737916144        11.420686584254423        11.815226836350959        12.153707153496065        12.414264392243403        12.613262491253444        10.326128006000509        11.437196978569787        11.595898615211802        11.720720244015517        11.841148107910193        12.198720181396688        12.311127319279471        12.414027770675379        10.268183680446974        10.580832170713514     
   30916.263489809273       -1.4415490000000000        9.1050796077156521E-002   8.8360976999999998        6.6249999999999998E-003   11.598839178625481        11.466790032769280        11.832677982399050        11.094198687200683        11.398020682624376        11.828390491639814        12.156677982399051        12.473924605710346        11.436936946114185        11.829390491639812        12.166491367957184        12.426279859523573        12.624840869200154        10.345656818945587        11.454543409457989        11.610942056557155        11.734662008942850        11.853550210475630        12.209475918724676        12.321337283788031        12.424183841746162        10.304044483011543        10.608384114873898     
   30589.050748784681       -1.4602980000000001        9.5038306474889686E-002   8.8363606000000008        6.6230000000000004E-003   11.614018669926358        11.483058733857801        11.845400223342244        11.113724501652134        11.414455093283410        11.842425789947105        12.169400223342242        12.485720191636409        11.453044144032196        11.843425789947103        12.179156522494432        12.438181965414207        12.636309242385190        10.365019027026529        11.471738765563641        11.625851421522951        11.748476614473686        11.865836615513230        12.220127311657153        12.331447372450340        12.434239998802530        10.339628783515144        10.635714653151316     
   30265.301174579137       -1.4790430000000001        9.9131594195738734E-002   8.8366240999999999        6.6210000000000001E-003   11.629041782612870        11.499159191452794        11.857992052222212        11.133046453972572        11.430719533665506        11.856316833123895        12.181992052222210        12.497395496394997        11.468984834840082        11.857316833123893        12.191691518773165        12.449962312358661        12.647660797569575        10.384179104559866        11.488755747280013        11.640607617236494        11.762148950262137        11.877997544633125        12.230670546906023        12.341455719753274        12.444194675504225        10.374842442021482        10.662759439668054     
   29943.392285802012       -1.4978730000000000       0.10333979817566905        8.8368792999999997        6.6191000000000002E-003   11.643742454597890        11.514912277740480        11.870286385592978        11.151983510728124        11.446700855414543        11.869939820809629        12.194286385592976        12.508805980810246        11.484607312140485        11.870939820809634        12.203901932833114        12.461441200204719        12.658732109690524        10.402926903013929        11.505409945928742        11.655053036238028        11.775498760335571        11.889862588524442        12.240966411462127        12.351237648793594        12.453952355347932        10.410131200409095        10.689497862897275     
   29625.589442519635       -1.5166640000000000       0.10765851462418413        8.8371350000000000        6.6170999999999999E-003   11.657341215544697        11.529464447217137        11.881561305196261        11.169592655736235        11.461779851276393        11.882697020927960        12.205561305196262        12.519333447025598        11.499161527217137        11.883697020927958        12.214968851694483        12.471871490579524        12.668845620022044        10.420218245178756        11.520805721833874        11.668445842042917        11.787730156868701        11.900707857583075        12.250445338907081        12.360288971293897        12.463116548349603        10.446420482791137        10.715372950230726     
   29310.687149111938       -1.5354800000000000       0.11209754968549732        8.8373834999999996        6.6151999999999999E-003   11.670785762583545        11.543853701136211        11.892704534332484        11.187010551367067        11.476690456559961        11.895308296308901        12.216704534332486        12.529735436352684        11.513552769136208        11.896308296308906        12.225906625759617        12.482178466057842        12.678838687206955        10.437321238516180        11.536030235410852        11.681686922010680        11.799821074885148        11.911424749203572        12.259809595505178        12.369228878376266        12.472168884654291        10.482350949257796        10.740981287490154     
   28999.132078705072       -1.5542920000000000       0.11665262431531453        8.8376316999999993        6.6132999999999999E-003   11.684088292811426        11.558090592345634        11.903731994792034        11.204241740915991        11.491441423375308        11.907786178955918        12.227731994792032        12.540028641657821        11.527791645945635        11.908786742647537        12.236731994792033        12.492379732149447        12.688729391028149        10.454241740915991        11.551092632417900        11.694789042181748        11.811786178955918        11.922030377500414        12.269077618293936        12.378077618293938        12.481128026542970        10.517906584600164        10.766316710423228     
   28689.963782252762       -1.5731500000000000       0.12133374877165511        8.8378721999999996        6.6115000000000002E-003   11.696492151811590        11.571313286206696        11.914079383745488        11.219927199148675        11.504773749264828        11.919063958798731        12.238079383745493        12.549555271750378        11.541016263806696        11.920265020758347        12.247079383745490        12.502107822509995        12.698149275092248        10.469927199148675        11.565042332900326        11.707086155153455        11.823063958798731        11.932175344185872        12.277679629497136        12.386679629497138        12.489315085421261        10.553703374102245        10.790335756871201     
   28384.026263445237       -1.5920179999999999       0.12613659918760284        8.8381132999999998        6.6096999999999996E-003   11.708769585320583        11.584400404615687        11.924322417879269        11.235451209308126        11.517969959730250        11.930227698688933        12.248322417879267        12.558986692184169        11.554105311015684        11.931626570510923        12.257322417879267        12.511738017206158        12.707474496669603        10.485451209308126        11.578849454003359        11.719257389806019        11.834227698688929        11.942218639657279        12.286196130574504        12.395196130574503        12.497420414523384        10.589128753384182        10.814104527787963     
   28080.639883958371       -1.6109169999999999       0.13107193016820493        8.8383468000000001        6.6078999999999999E-003   11.720947322372822        11.597380512623751        11.934483304457732        11.250848134352083        11.531058789920948        11.941301546405857        12.258483304457734        12.568343339806809        11.567087287023750        11.942896016424697        12.267483304457734        12.521291197025647        12.716725224109609        10.500848134352083        11.592544122953029        11.731329206675625        11.845301546405857        11.952182060038890        12.294645421058682        12.403645421058684        12.505461332445442        10.624260737094787        10.837675708909650     
   27780.624223702373       -1.6298130000000000       0.13613593343103161        8.8385824000000000        6.6061000000000002E-003   11.732221173584836        11.609447239982661        11.943982650258118        11.265368533707210        11.543375274958962        11.951845410832242        12.267982650258116        12.577189569105521        11.579155899182663        11.953349436787011        12.276982650258116        12.530189569105520        12.725324522929224        10.515226889261978        11.605240321135259        11.742356127408538        11.855626035055945        11.961331213550753        12.302594430576629        12.411375054800327        12.513161445331395        10.658786079216423        10.859542002790391     
   27482.864712325234       -1.6487639999999999       0.14134000880052242        8.8388112000000003        6.6043999999999999E-003   11.743098309236993        11.621110760678176        11.953179207132790        11.279489866223566        11.555338385565848        11.962129773061649        12.277179207132791        12.585789691757443        11.590821250278177        11.963441102595814        12.286179207132792        12.538789691757438        12.733627801269764        10.529156440557733        11.617500276053528        11.752936418749320        11.865612637773973        11.970123117423272        12.310304020294419        12.418786885006741        12.520681084228586        10.692937569763908        10.880683409928062     
   27188.421867092395       -1.6677059999999999       0.14667980500122008        8.8390430000000002        6.6026000000000001E-003   11.753890681683817        11.632680182675784        11.962310274293124        11.293488371058441        11.567204104808692        11.972336041418000        12.286310274293125        12.594330946027309        11.602392526675782        11.973457352691849        12.295310274293126        12.547330946027309        12.741875539894398        10.542965854332291        11.629659510941597        11.763435275550908        11.875524463285092        11.978853462753460        12.317964727628585        12.426153149495679        12.528154554902432        10.726740707195297        10.901621578754121     
   26896.328474561124       -1.6866989999999999       0.15216777232625395        8.8392707000000001        6.6008999999999998E-003   11.764266196247583        11.643692721491604        11.971038269213530        11.306739326451090        11.578473539298457        11.982026430071265        12.295038269213531        12.602473843362652        11.613369867773017        11.983026430071263        12.304038269213532        12.555540495569510        12.749660602430360        10.556059389932507        11.641286780230750        11.773519607522140        11.884922758545827        11.987257451406677        12.325374768030358        12.433234077186338        12.535305325586336        10.759243036269655        10.921473324424682     
   26607.801992828772       -1.7056700000000000       0.15779956799734840        8.8395065000000006        6.5991000000000001E-003   11.774011687735010        11.653828250825898        11.979156942775701        11.318778881792381        11.588796083749353        11.990909171713495        12.303156942775699        12.610014520761359        11.623403885742183        11.991909171713500        12.312156942775699        12.563266301684811        12.756728567830729        10.567996490708664        11.652082036679980        11.782977515727842        11.893516973706324        11.995189109852243        12.332444619830730        12.439912004739844        12.541986082739845        10.789590263435697        10.939524829455026     
   26321.885765765739       -1.7246729999999999       0.16358780124511110        8.8397401000000002        6.5973000000000004E-003   11.783672231523708        11.663875841114708        11.987205922675068        11.330712739397582        11.599028459992175        11.999714770021003        12.311205922675070        12.617490733806600        11.633350345757941        12.000714770021004        12.320205922675070        12.570925431884069        12.763736881894898        10.579828283640813        11.662782311903877        11.792353077689471        11.902036655786771        12.003053303797598        12.339454802694897        12.446533272303897        12.548610153503899        10.819660795923612        10.957413028244373     
   26039.041873986971       -1.7436739999999999       0.16952832483053487        8.8399769999999993        6.5954999999999998E-003   11.793232534501563        11.673819533144794        11.995172550262705        11.342521579509672        11.609154450753593        12.008429384123524        12.319172550262703        12.624890726010676        11.643193492627582        12.009429384123528        12.328172550262703        12.578505827619473        12.770674574275869        10.591535630992453        11.673370602488401        11.801631484375552        11.910468425997514        12.010837632653910        12.346394390275869        12.453087575632640        12.555167299632640        10.849406196780372        10.975108845304668     
   25758.822116967418       -1.7626990000000000       0.17563472190541604        8.8402054000000003        6.5938000000000004E-003   11.801826409860670        11.682860921837097        12.002583341528542        11.353256486735290        11.618308765626736        12.016426518894605        12.326429185835146        12.631827186352115        11.652308765626735        12.017426518894602        12.335496319338898        12.585312209058721        12.777548829552114        10.602256486735289        11.682982456003160        11.809946053577637        11.918426518894606        12.017827186352115        12.352788116986048        12.459186117503016        12.561181560113376        10.875909448034058        10.990748294746844     
   25481.617951404929       -1.7817229999999999       0.18190205203801890        8.8404334999999996        6.5919999999999998E-003   11.810229599640028        11.691717113325250        12.009879539445649        11.363763129616821        11.627266363737220        12.024278037542835        12.333548673809020        12.638668557760425        11.661266363737219        12.025278037542837        12.342692023033681        12.591975958123793        12.784392025760425        10.612763129616823        11.692392143422442        11.818072951591432        11.926278037542836        12.024668557760421        12.359078729663231        12.465198613614639        12.567096299202674        10.901690891139602        11.005958284442940     
   25206.816509859938       -1.8007800000000000       0.18834449385427685        8.8406529000000003        6.5903999999999997E-003   11.818499212183447        11.700435350029274        12.017051701422886        11.374117888570112        11.636085579163726        12.032000680003165        12.340546135467200        12.645390340377059        11.670085579163725        12.033000680003166        12.349764083888431        12.598522162821371        12.791115563577058        10.623117888570114        11.701659105409554        11.826068640293308        11.934000680003166        12.031390340377058        12.365254419796777        12.471098624706642        12.572898841972187        10.927184202322611        11.020975891902495     
   24934.806365679284       -1.8198490000000000       0.19495772349437271        8.8408733999999995        6.5887000000000003E-003   11.826859593986065        11.709286691523538        12.024302109179942        11.384612640398302        11.645055174889023        12.039819687517422        12.347707098945428        12.652171721911301        11.678989981254702        12.040819687517420        12.356938615579942        12.605213218076784        12.797875011642468        10.633571144232818        11.711012089026696        11.834223087586064        11.941795990048583        12.038278411711104        12.371536805208144        12.477108117973827        12.578835105173823        10.952713027567988        11.036157088588261     
   24665.277164135638       -1.8389400000000000       0.20175636638927738        8.8410867999999994        6.5871000000000002E-003   11.835551254635867        11.718613961235619        12.031819102364388        11.395643392778826        11.654555423143460        12.047974850564138        12.355396217072226        12.659149656692655        11.688220700307596        12.048974850564136        12.364454755164385        12.612362424200498        12.804756395764635        10.644430625270985        11.720706292199505        11.842915601835866        11.949852895236113        12.045697147036364        12.378150367328768        12.483451297292905        12.585179991692904        10.978808915303823        11.052056074972590     
   24398.717579772270       -1.8580319999999999       0.20873634213401068        8.8413021999999994        6.5853999999999999E-003   11.844188860533539        11.727880601405147        12.039294554821474        11.406594966357666        11.663992707794222        12.056081922093085        12.363041452410549        12.666091989981020        11.697391425373993        12.057081922093083        12.371929346021474        12.619473678770095        12.811602813949868        10.655213277568592        11.730336268656529        11.851554069333538        11.957862328461928        12.053074961190323        12.384731949129637        12.489765457909414        12.591495875509409        11.004663222078953        11.067823460394994     
   24207.503315109858       -1.8718520000000001       0.21387838531802203        8.8414520999999997        6.5843000000000004E-003   11.850348199281417        11.734491477795505        12.044619927397552        11.414415042249150        11.670725689336091        12.061860631111639        12.368488330538138        12.671034934027769        11.703933192651196        12.062860631111636        12.377254118997552        12.624537528768357        12.816476648883469        10.662912447508564        11.737208068024700        11.857714007681420        11.963570729167333        12.058330025453248        12.389415768998578        12.494257463913687        12.595989080713689        11.023175923302766        11.079099107725195     
   24100.663554166276       -1.8796219999999999       0.21680386294690504        8.8415391999999997        6.5836000000000002E-003   11.853818258387800        11.738213915834596        12.047623928049337        11.418813037464730        11.674516267725302        12.065118055896132        12.371560123140039        12.673825255157670        11.707616931279471        12.066118055896133        12.380257771249337        12.627395293448373        12.819228270602537        10.667242999174025        11.741076393635563        11.861184415187800        11.966788757741003        12.061294629894206        12.392061247756704        12.496795754510874        12.598528068110870        11.033549156734956        11.085428083509292     
   24015.409697246847       -1.8858450000000000       0.21916551797898326        8.8416048000000007        6.5830999999999997E-003   11.856568703165539        11.741165818162106        12.050002407563461        11.422304263969689        11.677522474073797        12.067698780160033        12.373992644275152        12.676033226957955        11.710537883771043        12.068698780160030        12.382635988363464        12.629657044469649        12.821405292566890        10.670680446457997        11.744144762055921        11.863935122365536        11.969338007368968        12.063641634772399        12.394153540664139        12.498802531161385        12.600535369561388        11.041808797944103        11.090460425489677     
   23929.245206505337       -1.8921570000000001       0.22158262954065475        8.8416756999999997        6.5826000000000001E-003   11.860388176438189        11.745233738018673        12.053304404496334        11.427084531928404        11.681626386799561        12.071320829270309        12.377233649702838        12.679111002947568        11.714555632006064        12.072294883289420        12.385892892883728        12.632725437315848        12.824406950954074        10.675425288747515        11.748375247605662        11.867710070425584        11.972838562864208        12.066796192109340        12.397069601760577        12.501561389373588        12.603268848992702        11.052708338894519        11.097371403257604     
   23841.633082746022       -1.8986000000000001       0.22406707509741880        8.8417425999999999        6.5820999999999996E-003   11.864500716316114        11.749608846667877        12.056859369241620        11.432221398747851        11.686033933038848        12.075226777710634        12.380701002324367        12.682426403465167        11.718875566121591        12.076168661739663        12.389392147895338        12.636017298089856        12.827635006947913        10.680530253176878        11.752925580502387        11.871767435769831        11.976601189447097        12.070175665007111        12.400210580830661        12.504526876596154        12.606202701425181        11.064355464011628        11.104802107787775     
   23753.247830500823       -1.9051240000000000       0.22661339207047149        8.8418151999999992        6.5816000000000000E-003   11.868648163315218        11.754021159023715        12.060444288699053        11.437402030778053        11.690479042222886        12.079165818977046        12.384197536529552        12.685769539561708        11.723232290053389        12.080075196577873        12.392920898128722        12.639336771390553        12.830890048192209        10.685678669178881        11.757514663362713        11.875859294344892        11.980395676237222        12.073583523560053        12.403377817622712        12.507517052483713        12.609160951684540        11.076104297205042        11.112296991641067     
   23663.010694197430       -1.9118010000000001       0.22923209456574289        8.8418840000000003        6.5810000000000000E-003   11.872913090295045        11.758556522212450        12.064134834758731        11.442722180061869        11.695047913913951        12.083217863981941        12.387797845452928        12.689213144744132        11.727710924608145        12.084094008280443        12.396554165154425        12.642756330841324        12.834243691438330        10.690965860360370        11.762230500824058        11.880067492690740        11.984300205071834        12.077093320147126        12.406641774132529        12.510600259520922        12.612211475819423        11.088130658087328        11.119980305610115     
   23572.682134406794       -1.9185209999999999       0.23190343040411943        8.8419580000000000        6.5805000000000004E-003   11.877149278724765        11.763063400321542        12.067796022346069        11.448014489616561        11.699588413506682        12.087240957808440        12.391368704480477        12.692627024244608        11.732161095641089        12.088083776623304        12.400158053665614        12.646146236749289        12.837567538379012        10.696225140431427        11.766918036052729        11.884246974044309        11.988175671262390        12.080573554614880        12.409875884513422        12.513653416782233        12.615231899597099        11.100136520739913        11.127638381501619     
   23479.832801430774       -1.9254490000000000       0.23467522708204780        8.8420287000000002        6.5798999999999996E-003   11.881533115002874        11.767725501798580        12.071588745367194        11.453484309475670        11.704285097842849        12.091405643761469        12.395068578168623        12.696165448481516        11.736764930644277        12.092214162517202        12.403891944612891        12.649660128971483        12.841013396082946        10.701660943031403        11.771765836195719        11.888572543848575        11.992188675808599        12.084180296170054        12.413229458484381        12.516821009287241        12.618365757642970        11.112507626572498        11.135540406106941     
   23386.541431866666       -1.9324380000000001       0.23750328937618939        8.8421047999999995        6.5794000000000000E-003   11.885904095216526        11.772376051720920        12.075365753092820        11.458946290495797        11.708970480835825        12.095556425765354        12.398752294524686        12.699686816126741        11.741357022267694        12.096330415850447        12.407609885239589        12.653156958188420        12.844441776758609        10.707088699780892        11.776602968857192        11.892885065763297        11.996187099343990        12.087770416756550        12.416565156590474        12.519969820254209        12.621480648739302        11.124904357267409        11.143446421220427     
   23292.065353887676       -1.9395460000000000       0.24040765161511712        8.8421772999999995        6.5788000000000001E-003   11.890362450822817        11.777117545561154        12.079222530129123        11.464509847164095        11.713747276778175        12.099791687113573        12.402514595483012        12.703284616802858        11.746039342132065        12.100530665096553        12.411406908300030        12.656730016990785        12.847945391356745        10.712617534347075        11.781533414853378        11.897284247393728        12.000268130638368        12.091437951636898        12.419974875110633        12.523190296618409        12.624666693001387        11.137491114391253        11.151485446372913     
   23196.421944803089       -1.9467710000000000       0.24338380786057148        8.8422544999999992        6.5782000000000002E-003   11.894873822192862        11.781915538358453        12.083124837094909        11.470139998333574        11.718581091125229        12.104077185315697        12.406321259039713        12.706924611450971        11.750777513070032        12.104780650548923        12.415248775806484        12.660345084929316        12.851490051395773        10.718212481566800        11.786522694468848        11.901735796904438        12.004397545972074        12.095148662984515        12.423424509340576        12.526448335230183        12.627889836463408        11.150231871153510        11.159621954258936     
   23100.001069531143       -1.9540810000000000       0.24643028796412125        8.8423283999999995        6.5776999999999997E-003   11.899388148934987        11.786718832126391        12.087025087107166        11.475782510460158        11.723420527571401        12.108363710029041        12.410125088176697        12.710560325556214        11.755520528640931        12.109031328184033        12.419088156421703        12.663955776715762        12.855029640225746        10.723819442215154        11.791518829987334        11.906189845449527        12.008526780413112        12.098855775646230        12.426868268495275        12.529698957034336        12.631105202389330        11.163043184728517        11.167791580661460     
   23002.391984364280       -1.9615130000000001       0.24955560803052640        8.8424069000000003        6.5770999999999998E-003   11.903989521148395        11.791612717595301        12.091004757198023        11.481525909833509        11.728351088651864        12.112734444460566        12.414007149182384        12.714272054253628        11.760353480636228        12.113365701004001        12.423006265038945        12.667642305551114        12.858644073837992        10.729526793976946        11.796607933626573        11.910730284189322        12.012738344285852        12.102639913566749        12.430385721022356        12.533020877391087        12.634391389134526        11.176044397652687        11.176093569748128     
   22904.193286370242       -1.9690200000000000       0.25274734368252316        8.8424820000000004        6.5764999999999999E-003   11.910111368320154        11.798124667174674        12.096249107897487        11.489084409482894        11.734960329888304        12.118503439051596        12.419309473025157        12.719221831756597        11.766864523174673        12.119133511051595        12.428309473025157        12.672652124884268        12.863495953042966        10.737024044355222        11.803447528901524        11.916947031033784        12.018372190752006        12.107783373183858        12.435104560743378        12.537638826029751        12.638852582188450        11.192466658837239        11.187007351332264     
   22805.048489413908       -1.9766379999999999       0.25601801699253079        8.8425615999999998        6.5759000000000000E-003   11.916328153337897        11.804737712980241        12.101573589742621        11.496758877876040        11.741673157290826        12.124361020190520        12.424696361158240        12.724248242410866        11.773478205780243        12.124990773790522        12.433696361158241        12.677741260226483        12.868423537300277        10.744636106460426        11.810394747606971        11.923263597648486        12.024093888584964        12.113008391832036        12.439896898494723        12.542331700584135        12.643384224057932        11.209129749244404        11.198089162930934     
   22705.548622599901       -1.9843070000000000       0.25934977183881075        8.8426375000000004        6.5753000000000001E-003   11.922567133561628        11.811374389071226        12.106917071165025        11.504461070761018        11.748409940448624        12.130239537009921        12.430102413584528        12.729292617032826        11.780115489071228        12.130868987009919        12.439102413584529        12.682848509452327        12.873368715655424        10.752275728341516        11.817366852161321        11.929602684939027        12.029835976674626        12.118252069787623        12.444706255320128        12.547041253942730        12.647932010145823        11.225852537146533        11.209210976550516     
   22604.869283713804       -1.9921089999999999       0.26277634173767472        8.8427188000000001        6.5747000000000002E-003   11.928877948422281        11.818087596087425        12.112321771975706        11.512252364417146        11.755224477203713        12.136185720140565        12.435570358508562        12.734394629426847        11.786829346487425        12.136814844940565        12.444570358508562        12.688014091159703        12.878370373910561        10.760003777884288        11.824419532419713        11.936014829538566        12.035644045240852        12.123555766059420        12.449570449410844        12.551804443494563        12.652531601445416        11.242771467415759        11.220462477754305     
   22503.289120518715       -2.0000119999999999       0.26627970114848698        8.8427956000000005        6.5741000000000003E-003   11.935244147843253        11.824859808961175        12.117773749927924        11.520112652028697        11.762098884640661        12.142184039461679        12.441086090471050        12.739541252489477        11.793602173761176        12.142812857061681        12.450086090471050        12.693224775432608        12.883415724009996        10.767800311485566        11.831534311935975        11.942483223522736        12.041502958245847        12.128905856648441        12.454477007594164        12.556609114314682        12.657171245292073        11.259840795725143        11.231814009867410     
   22401.340120006356       -2.0079799999999999       0.26985584270530438        8.8428775999999996        6.5735000000000003E-003   11.941632986010577        11.831656115130551        12.123245047090636        11.528000916273450        11.768997795810543        12.148203775662084        12.446621298599149        12.744706046650654        11.800399135930553        12.148832265262081        12.455621298599150        12.698453808559167        12.888478897170659        10.775624664764935        11.838674503142014        11.948974666690569        12.047382707410607        12.134274876810638        12.459400849719186        12.561430679439193        12.661827278450685        11.276971660981390        11.243206250164713     
   22298.620688328996       -2.0160429999999998       0.27350887392937778        8.8429549999999999        6.5728999999999996E-003   11.948069278275437        11.838502975522122        12.128756864470400        11.535948322350162        11.775947994833789        12.154268187884416        12.452197456926402        12.749909086535386        11.807246615522121        12.154896367884415        12.461197456926403        12.703721498991388        12.893579527223711        10.783507729894158        11.845867900312800        11.955514297587104        12.053306021717081        12.139683665158724        12.464361001056378        12.566287801744704        12.666517649977028        11.294231252856559        11.254684185802642     
   22196.218941253548       -2.0241180000000001       0.27721938614726821        8.8430373000000007        6.5722999999999997E-003   11.954486543848997        11.845329518883982        12.134252514320277        11.543871941227422        11.782877598342726        12.160314844491996        12.457757168901036        12.755096872744037        11.814073817283980        12.160942695291997        12.466757168901037        12.708973676524796        12.898665240885290        10.791367286646665        11.853039988538210        11.962034623307741        12.059211936955261        12.145076584061531        12.469306631748555        12.571130701489810        12.671194415050305        11.311438383095361        11.266127474502788     
   22092.812156688738       -2.0323129999999998       0.28101866018662308        8.8431156000000009        6.5716999999999998E-003   11.960965481366113        11.852221770339359        12.139800790776317        11.551872349095216        11.789873882982672        12.166419548154241        12.463370085258255        12.760334302446378        11.820966695139358        12.167047085754241        12.472370085258252        12.714276059328323        12.903799577003067        10.799303054613272        11.860281227230665        11.968617594009427        12.065174466949561        12.150521140533005        12.474299420598388        12.576019770355078        12.675915750429827        11.328813173475169        11.277682166729168     
   21989.735218944177       -2.0405190000000002       0.28487378000409513        8.8431978999999998        6.5710999999999999E-003   11.967566011886504        11.859238106034880        12.145469802232849        11.559998505759243        11.797000392172841        12.172639500938125        12.469090572475945        12.765686986532778        11.827990127391782        12.173270535962281        12.478090572475942        12.719693424689680        12.909049513351722        10.807361032578186        11.867634038729740        11.975328298024461        12.071250006400170        12.156086745851791        12.479429958200029        12.581032810413763        12.680768128832710        11.346386546421726        11.289412923625626     
   21885.879311540113       -2.0488179999999998       0.28881301447003399        8.8432764000000006        6.5705000000000000E-003   11.975502726230529        11.867628682452304        12.152433060966450        11.569555022177946        11.805560555961288        12.180122981208749        12.475988413745929        12.772272946080546        11.836446435272824        12.180792454676689        12.484988413745929        12.726344487701068        12.915531930992087        10.816814007089485        11.876258991981805        11.983434599739505        12.078564213299769        12.162945834677990        12.485990194727970        12.587346268683111        12.686978359194649        11.366396583044454        11.303162428784281     
   21782.714533264389       -2.0571109999999999       0.29279740105021318        8.8433586999999996        6.5699000000000000E-003   11.983388206255130        11.875965055276884        12.159351495099694        11.579049283768088        11.814065353855542        12.187558226833373        12.482841916787772        12.778816625587565        11.844848068388805        12.188265933988186        12.491841916787772        12.732952769099485        12.921972774920830        10.826205433101348        11.884828062567466        11.991488504833784        12.085831363054714        12.169760774832961        12.492508493630455        12.593619345942171        12.693148930075436        11.386274887153570        11.316821844392321     
   21678.189082922614       -2.0655429999999999       0.29689704996677135        8.8434377000000008        6.5693000000000001E-003   11.991375569536197        11.884409339492214        12.166358994194796        11.588666759121731        11.822680185838662        12.195089301180184        12.489783709565424        12.785444526014190        11.853358374921585        12.195835827467890        12.498783709565425        12.739646059843563        12.928496465897114        10.835718699004653        11.893507968868031        11.999646415882646        12.093192205633736        12.176663432477719        12.499110770872528        12.599973121150667        12.699398811833591        11.406413141858840        11.330659472892529     
   21573.618770264147       -2.0740289999999999       0.30107255912884667        8.8435208999999997        6.5686000000000000E-003   11.999399627778725        11.892890571323058        12.173402694485709        11.598321389229106        11.831331998757140        12.202656851434391        12.496761731881364        12.792108504592157        11.861905617527405        12.203442270059782        12.505761731881364        12.746375383596501        12.935056206962422        10.845269091599370        11.902224794161484        12.007841055212804        12.100589507600311        12.183602229655975        12.505749295013207        12.606362946728343        12.705684732698607        11.426593143607036        11.344536140643932     
   21468.613625935628       -2.0825819999999999       0.30532912367494947        8.8436000999999997        6.5680000000000001E-003   12.007423513029719        11.901373609396982        12.180442084392135        11.607982739743745        11.839986231674102        12.210222217462457        12.503735248889077        12.798766689366881        11.870454845300040        12.211046768333459        12.512735248889074        12.753099124469943        12.941609703392819        10.854825753769680        11.910944266377163        12.016036135306843        12.107983995585334        12.190536297618072        12.512382006334823        12.612745881915691        12.711963296341628        11.446823415853244        11.358437145977321     
   21363.726034510473       -2.0911729999999999       0.30966294318509990        8.8436836999999997        6.5674000000000001E-003   12.015438947135761        11.909847742194925        12.187474047449156        11.617633548586396        11.848631325728702        12.217779621676604        12.510701472680870        12.805417915984398        11.878995051763210        12.218643320873808        12.519701472680870        12.759815755952685        12.948156376818913        10.864372009420903        11.919654430896989        12.024222530669539        12.115370772942827        12.197463038683663        12.519007979613315        12.619122262885133        12.718235458519645        11.467031398303630        11.372322941203178     
   21258.127133116388       -2.0998610000000002       0.31409526761661610        8.8437633000000009        6.5668000000000002E-003   12.023507859366998        11.918378539427248        12.194552761772325        11.627349051444416        11.857334149768295        12.225387285706741        12.517714077498159        12.812113405697506        11.887592276901412        12.226290474299461        12.526714077498159        12.766577036771675        12.954746586030627        10.873982231777529        11.928422727642463        12.032463469708045        12.122806728565696        12.204435835705443        12.525678122816061        12.625541082089573        12.724549315622692        11.487375448006940        11.386302207912475     
   21152.563135850931       -2.1085959999999999       0.31860796994103380        8.8438473999999996        6.5662000000000003E-003   12.031574504191745        11.926906981033802        12.201629453428950        11.637061479032674        11.866034514976640        12.232992806549692        12.524724745950259        12.818807045757808        11.896187078112490        12.233935535935149        12.533724745950259        12.773336363636503        12.961334998493662        10.883589431768527        11.937188443255330        12.040702038134587        12.130240662206852        12.211406626964799        12.532346626064577        12.631958243750820        12.730861586086668        11.507712989726272        11.400277072584096     
   21046.554098265278       -2.1173999999999999       0.32321018793652745        8.8439270000000008        6.5656000000000004E-003   12.039674770627846        11.935471063487634        12.208735540259385        11.646814607802751        11.874771154038251        12.240629893768057        12.531764603610499        12.825528557905296        11.904817708136518        12.241612403020904        12.540764603610500        12.780123786554180        12.967950820003560        10.893236869901019        11.945990674687140        12.048974861178467        12.137705511217435        12.218406386357648        12.539042962509258        12.638402145452938        12.737200115551206        11.528135798625110        11.414310661124988     
   20940.545941847973       -2.1262569999999998       0.32790504334981319        8.8440112000000006        6.5649000000000002E-003   12.048600236251382        11.944815695094583        12.216629650869862        11.657355554323658        11.884288290621477        12.248995601502468        12.539652008259267        12.833157055342966        11.914251193952733        12.250032698171211        12.548629650869859        12.787781010542965        12.975436549416067        10.903709241734255        11.955640369858443        12.058035735109534        12.145973244113062        12.226216509401112        12.546557065705997        12.645671328710357        12.744222698746491        11.550015149126619        11.429444128409244     
   20832.960959510103       -2.1352890000000002       0.33275350679419075        8.8440942000000007        6.5643000000000003E-003   12.058251601566655        11.954856888109079        12.225204834361753        11.668617042374001        11.894504473370523        12.258002120923715        12.548267703981290        12.841557249100310        11.924400303949566        12.259106290344667        12.557204834361753        12.796180872300310        12.983662417438863        10.914930549554468        11.966044498050083        12.067795017407141        12.154939251304180        12.234724288140802        12.554769978020749        12.653641846538351        12.751830613397347        11.573314859490756        11.445614345417004     
   20724.353903813524       -2.1444519999999998       0.33773238714236170        8.8441778000000006        6.5636999999999996E-003   12.067993158871129        11.964991904284204        12.233859986709266        11.679984027113925        11.904816068704907        12.267092704694011        12.556963825680935        12.850035822288561        11.934644261580392        12.268264511818526        12.565859986709263        12.804659111088561        12.991965080267857        10.926256899342256        11.976545970344436        12.077645516167316        12.163988865722342        12.243311468384746        12.563059343049034        12.661686660303815        12.759509305443586        11.596834208667989        11.461936619766835     
   20615.078837631761       -2.1537190000000002       0.34283327689792642        8.8442615999999994        6.5630000000000003E-003   12.077826891147565        11.975221442658482        12.242600633123880        11.691453198183089        11.915223198244663        12.276271456973356        12.565745766262436        12.858598877537700        11.944983410220852        12.277511244997166        12.574600633123881        12.813221831137698        13.000351214751520        10.937685111444532        11.987144292884141        12.087588858709930        12.173126323834802        12.251983798700069        12.571431875698222        12.669813285688226        12.767267481862570        11.620530261315034        11.478391484913471     
   20505.057902843859       -2.1631019999999999       0.34807131486110182        8.8443459999999998        6.5624000000000004E-003   12.087693476200805        11.985486461361035        12.251366671229242        11.702966383658143        11.925666946326956        12.285478591617867        12.574553454457636        12.867186186263325        11.955358787458191        12.286786750486630        12.583366671229243        12.821808802263327        13.008760469297407        10.949156984429756        11.997780686880898        12.097565802297961        12.182291808389476        12.260681128360481        12.579827213709383        12.677961185874700        12.775044344354839        11.644353562951611        11.494924320898939     
   20393.698762314103       -2.1726459999999999       0.35347065778864278        8.8444310999999995        6.5617999999999996E-003   12.097678058140104        11.995874248319623        12.260237321363249        11.714617608305396        11.936235560423775        12.294795699513990        12.583466336134471        12.875876009259102        11.965858273957309        12.296172985980451        12.592237321363246        12.830498284859100        13.017270145954953        10.960766317934173        12.008544442403910        12.107662083777790        12.191566684742767        12.269482310496784        12.588322576078966        12.686206253108356        12.782913783424075        11.668464399050229        11.511656174867721     
   20281.263146770681       -2.1823440000000001       0.35904361818079478        8.8445236999999999        6.5611000000000003E-003   12.107790790872997        12.006393987619138        12.269225327540703        11.726412800871433        11.946937805458823        12.304234559353620        12.592497078207476        12.884681509701018        11.976490819272367        12.305681545540072        12.601225327540703        12.839303414901021        13.025893881461332        10.972519145004661        12.019443854045601        12.117887622526222        12.200962808686846        12.278400246554249        12.596931650714239        12.694562751888103        12.790890980261640        11.692839571686026        11.528581040253211     
   20168.425721953619       -2.1921300000000001       0.36480084495163734        8.8446175999999994        6.5604000000000001E-003   12.117939296095354        12.016950866957895        12.278245082914889        11.738249735866049        11.957677759664346        12.313706791227073        12.601559809164531        12.893518190208436        11.987160911635943        12.315223639255475        12.610245082914890        12.848139719808440        13.034548238301987        10.984313480016407        12.030381845641674        12.128149340773398        12.210392064977430        12.287349764486482        12.605571045031109        12.702948833896254        12.798896325612471        11.717301213736363        11.545565896806540     
   20054.091862578774       -2.2021069999999998       0.37085578194726515        8.8447195999999995        6.5595999999999996E-003   12.128252964768683        12.027678213156713        12.287415004994470        11.750273924429999        11.968590523669901        12.323335272744155        12.610773389156121        12.902502694481283        11.998002999694135        12.324922796719923        12.619415004994471        12.857123816081282        13.043348140768090        10.996294418668347        12.041495443330630        12.138577751306100        12.219976888582503        12.296448602618701        12.614355531620552        12.711476818731596        12.807038466957676        11.742117418673642        11.562806192989724     
   19939.992930433629       -2.2121170000000001       0.37714659533442413        8.8448162000000004        6.5589000000000003E-003   12.139018931625326        12.038879695103592        12.297010616267482        11.762567103660125        11.979970729380543        12.333446398670112        12.620538875068799        12.911919581990531        12.009258959903594        12.335009174145746        12.629010616267482        12.866631351467483        13.052529117589216        11.008567103660123        12.053028689104909        12.149489230702276        12.229918139868797        12.306010616267482        12.623529117589218        12.720529117589216        12.815577319834002        11.767664276008087        11.580687471277574     
   19826.086653085073       -2.2221649999999999       0.38369525999447335        8.8449147000000004        6.5580999999999999E-003   12.150255551851007        12.050571546438665        12.307053043818403        11.775166265213983        11.991835657369041        12.344055105132970        12.630864245075689        12.921788932888024        12.020951205238664        12.345508014806061        12.639053043818400        12.876673385018403        13.062116708030739        11.021166265213985        12.065003088895949        12.160899321581379        12.240243903875687        12.316053043818400        12.633116708030741        12.730116708030739        12.824536602512705        11.793934160843776        11.599209759253561     
   19706.250540330184       -2.2327970000000001       0.39088321969064854        8.8450126000000004        6.5573999999999997E-003   12.162086942324347        12.062881889763023        12.317845436487076        11.788714869119151        12.004370430003114        12.355291994885665        12.641736946646986        12.932356896246986        12.033370430003114        12.356780535125754        12.649845436487077        12.887356896246988        13.072364031449808        11.034606379279062        12.077610329203115        12.172955532964433        12.251291994885666        12.326845436487076        12.643497047446989        12.740147051769629        12.834080543771041        11.821865056279531        11.618814843183305     
   19585.154414990946       -2.2436039999999999       0.39848590144010715        8.8451123000000003        6.5566000000000001E-003   12.174173255603252        12.075452188743290        12.329263011779455        11.803034364619672        12.017241158799562        12.366894322463216        12.652854490923181        12.943474041723180        12.046241158799566        12.368683292519490        12.661263011779452        12.898474041723178        13.083113666355656        11.048625843763395        12.090480260399564        12.185342674859525        12.262894322463216        12.338263011779452        12.654615389323181        12.750296624643104        12.844045763159349        11.850718080820760        11.638946952700108     
   19461.441270753287       -2.2547120000000000       0.40662026374032512        8.8452146999999997        6.5557999999999996E-003   12.186689389687967        12.088462765804955        12.340963309587810        11.817640530564329        12.030426014338772        12.378879262104800        12.664439661579397        12.954809074670823        12.059426014338772        12.380879262104795        12.673022051313211        12.909809074670822        13.094189933470826        11.063021389364330        12.103664296738774        12.198187731938770        12.274820520379397        12.349963309587810        12.665892909345423        12.760892909345422        12.854321064162253        11.880326106990925        11.659645584485158     
   19319.371776177519       -2.2670530000000002       0.41529630640167664        8.8448259999999994        6.5588000000000000E-003   12.200195698814889        12.102538907710178        12.353196960191488        11.833085641531992        12.044364498877359        12.391678081086779        12.677024725055544        12.966474447296198        12.073364498877359        12.393678081086781        12.685471012222726        12.921474447296200        13.105853751296200        11.078464945531996        12.117605890877362        12.212123106877362        12.287404029055542        12.362196960191488        12.677338307264966        12.772338307264965        12.865062081536854        11.913380061285983        11.682478309170763     
   19212.107144417292       -2.2768160000000002       0.42328462010508527        8.8449170000000006        6.5580999999999999E-003   12.211509342263849        12.114281245686183        12.363585867419189        11.845939279953175        12.056077059470965        12.402590799445079        12.687585867419191        12.976528320600419        12.085134606289738        12.404439228022749        12.696059560022746        12.931528320600417        13.115756417178087        11.091167376530844        12.129375270289739        12.223836395470965        12.298059560022747        12.372585867419190        12.687136085178086        12.781984513755756        12.874212610333426        11.939724383252546        11.700909708443476     
   19087.585701014861       -2.2882270000000000       0.43287028991428766        8.8450327000000009        6.5572000000000000E-003   12.224941830938100        12.128211357334042        12.376022647346222        11.861359020921864        12.070127366710746        12.415835268628481        12.700022647346220        12.988775692636601        12.099374321420363        12.417185611432540        12.708805480632542        12.943775692636603        13.127506166240661        11.106089494525921        12.143614059820361        12.237887628310745        12.310805480632542        12.385022647346219        12.698886297040662        12.793236639844718        12.884967113448777        11.971204452968664        11.722804564469090     
   18955.402033335831       -2.3004099999999998       0.44373586340173748        8.8451451999999993        6.5564000000000004E-003   12.239374841540119        12.143062153259446        12.389288139259477        11.877723628340092        12.085062153259443        12.429847111926133        12.713398638606808        13.001729166592821        12.114553233406777        12.431025503792789        12.722288139259476        12.956839665940151        13.140109747392820        11.122104209140090        12.158792071806779        12.252891207378774        12.324466531126134        12.398398638606807        12.711490328192820        12.805133544459508        12.896378340220856        12.004752302339760        11.746221114473286     
   18813.777345697203       -2.3135620000000001       0.45562637541220075        8.8452667999999992        6.5554999999999997E-003   12.255326335352963        12.159229121534773        12.403756584083139        11.895369268004599        12.101229121534773        12.444882541900350        12.728217621318544        13.015630626265926        12.131071225970176        12.446627432517561        12.736756584083141        12.971091663501332        13.154011693465927        11.139750335204598        12.175309091570176        12.269275109316579        12.339501474700350        12.413217621318539        12.725392760665928        12.817902979431503        12.908716339867889        12.041093859972568        11.771797736645555     
   18674.801746512021       -2.3265669999999998       0.46806590401037951        8.8453900999999995        6.5545000000000004E-003   12.271152579618525        12.175639394943710        12.418199343687904        11.913158587274333        12.117639394943710        12.459881697101851        12.742932553990622        13.029516990273949        12.147453372632478        12.461881697101854        12.751500136701852        12.985250200576671        13.167712528362722        11.157425376971615        12.191876274143711        12.285483283129759        12.354500136701853        12.427817783287901        12.738979318059998        12.830979318059997        12.920810149320866        12.077415460245982        11.797254918766940     
   18525.246692627377       -2.3406780000000000       0.48159118382131255        8.8455359999999992        6.5534000000000000E-003   12.288315173349940        12.193769647297355        12.433937882379393        11.932707642267903        12.135769647297355        12.476219039608882        12.758899290890962        13.044656725149903        12.165214186579433        12.478219039608884        12.767836895608884        13.000618133661472        13.182483408431981        11.176746233756333        12.210005359297352        12.303017066067863        12.370836895608882        12.443555738379391        12.753521999920412        12.845521999920411        12.933786368743508        12.117076971559012        11.824950274969201     
   18377.862589461325       -2.3547020000000001       0.49560946606952749        8.8456822000000006        6.5522999999999996E-003   12.305585519056750        12.211691339898907        12.449991148572446        11.952329700825372        12.153691339898907        12.492862427014598        12.774991148572441        13.060119870130288        12.183375636322781        12.494862427014597        12.783991148572442        13.016119870130291        13.197885327730289        11.196329700825371        12.227925882298907        12.321328075941063        12.387178130590728        12.459306852148570        12.768396778088134        12.859419678803826        12.946744147143386        12.157007413882505        11.852786667015538     
   18221.410826756168       -2.3697110000000001       0.51070601928268622        8.8458380999999999        6.5510999999999998E-003   12.324130143075489        12.230861147368465        12.467284782089539        11.973370693447393        12.172931665148731        12.510782491182514        12.792284782089538        13.076716555216297        12.202904986281172        12.512782491182513        12.801214264309273        13.032716555216297        13.214439421103592        11.217300175667123        12.247138281481174        12.341011204568467        12.404782491182516        12.476240943176830        12.784325064410613        12.874166868804931        12.960642480844395        12.199756530101524        11.882702691442020     
   18067.663771417112       -2.3845740000000002       0.52634780609544352        8.8459824000000005        6.5500999999999997E-003   12.342838087214821        12.250183502529156        12.484763326986156        11.994532241272148        12.192632830342264        12.528876601500487        12.809763326986159        13.093200724658717        12.222463519630375        12.530876601500490        12.818313999173048        13.049200724658716        13.230688566757495        11.238082913459037        12.266695660430374        12.360335291329152        12.422876601500489        12.493483309884938        12.799959221843162        12.888949859827614        12.974667274601389        12.242443242873753        11.913088485387123     
   17900.864285725693       -2.4008330000000000       0.54324344180260642        8.8461315999999997        6.5488999999999999E-003   12.363610292505616        12.271622308962709        12.503805190334322        12.017722611874188        12.213993720902899        12.548738740788703        12.828805190334322        13.111408647477223        12.244006835362711        12.550982802448516        12.837433778394132        13.067408647477226        13.248396631020128        11.260954657076905        12.288237782562710        12.381775888162711        12.442586259591419        12.512176602274511        12.817396631020127        12.905066537708645        12.990146101714078        12.289626742789505        11.946286228330646     
   17739.566385021739       -2.4167260000000002       0.56038813023653511        8.8463007999999999        6.5477000000000000E-003   12.384004119707450        12.292660650967365        12.522264119527714        12.040335101794613        12.234702385427278        12.568117994847542        12.847280195775221        13.129222385067800        12.265087588627280        12.570732791647538        12.856264119527710        13.085222385067800        13.265565853807887        11.283335101794615        12.309317182227277        12.402816260567365        12.461691057187624        12.530264119527716        12.834549777560378        12.920686320275658        13.005217648155829        12.335904935023800        11.978601573705712     
   17567.420627512729       -2.4338519999999999       0.57883463357566189        8.8464832999999992        6.5462999999999997E-003   12.405863643875609        12.315208028165554        12.542058624605758        12.065207435601312        12.257938345655504        12.589291125985657        12.867340478371670        13.148328307115811        12.288324278855505        12.591905192785656        12.876058624605758        13.104328307115811        13.283983922825861        11.308207435601314        12.332552412455502        12.425365827765557        12.482174875295708        12.550058624605757        12.852702069059948        12.937302957721926        13.020456389542030        12.386677646453467        12.014224728474588     
   17397.666440180506       -2.4508830000000001       0.59790752066539588        8.8466494999999998        6.5449999999999996E-003   12.427818777621315        12.337999761658832        12.561726286462441        12.090386066817711        12.280999761658833        12.610410989583805        12.887205723105250        13.167158704424931        12.311228111860597        12.612931552940999        12.896135620701724        13.123568038664207        13.302545302424928        11.333134980376666        12.355454915860594        12.448001307860597        12.502773305142764        12.569568038664205        12.870340035946374        12.953772453908858        13.035976521669578        12.437554169910271        12.049911132205114     
   17217.060279534082       -2.4691709999999998       0.61825543072989675        8.8468061999999996        6.5437999999999998E-003   12.451421405054951        12.362633902512002        12.582800578009362        12.117646196570949        12.305684922818678        12.633064095773086        12.908464373516040        13.187230574020820        12.335684922818679        12.635451320573090        12.917749557702685        13.144149835445635        13.322486039938958        11.359982401064272        12.379961493525357        12.472378633843494        12.524983357197904        12.590413353209364        12.888967056257094        12.971235575118179        13.052665571129637        12.492478306738818        12.088447852455953     
   17039.466773525666       -2.4873490000000000       0.63905430325814927        8.8469721999999997        6.5426000000000000E-003   12.474666275374032        12.387023887263519        12.603915654256342        12.144712594625828        12.330350541185824        12.655599920068136        12.929854419378648        13.207358978628131        12.360350541185825        12.657987808868137        12.938589000334028        13.163843499644544        13.341904734522236        11.386773829503520        12.404901417508137        12.496610839802239        12.547084441084545        12.611527765456339        12.907674712816339        12.988087079220955        13.068530403592748        12.547683368139412        12.127314311303772     
   16854.116827886697       -2.5065759999999999       0.66103536080540770        8.8472009000000007        6.5408999999999997E-003   12.499631049314008        12.413052658012447        12.626431178838658        12.173665163566262        12.356571235080928        12.679468470747089        12.952431178838658        13.228356732793277        12.386798114690912        12.681987047815568        12.960912601770183        13.185102189471742        13.362162003704825        11.415665163566260        12.431409311090913        12.522154113192471        12.570403515127111        12.633685722160195        12.926962787806382        13.005795722429475        13.084851049852567        12.606812396592844        12.168807612069969     
   16679.268502456955       -2.5248719999999998       0.68327451415090834        8.8473822000000002        6.5395000000000002E-003   12.523250739636314        12.437706383795216        12.647508564475626        12.201394312146078        12.381537270638098        12.702026192224700        12.973508564475626        13.248115430664011        12.411816591616656        12.704746871246140        12.981960603622912        13.205225638485452        13.381394751642571        11.443221593977345        12.456599780985389        12.546485441395216        12.592463945255968        12.654398356654184        12.944987331714934        13.022311271913150        13.100359496144417        12.663608353954750        12.208535204200444     
   16481.168517448226       -2.5458180000000001       0.70749774748923910        8.8475719000000002        6.5380999999999998E-003   12.549982790243817        12.465772553280750        12.671071774122989        12.233371242578094        12.410179369257918        12.727642112359923        12.997071774122990        13.270560233439092        12.440133442104234        12.730642112359920        13.005635559369303        13.227921122262575        13.403484907508883        11.474732131401581        12.485428192834441        12.574477802550543        12.617612713583405        12.677635559369300        12.965304856871953        13.040793316188058        13.118177050797435        12.729265897130688        12.254382748875514     
   16317.326364887189       -2.5633210000000002       0.72979235580309187        8.8477160999999995        6.5370000000000003E-003   12.572379304802617        12.489735431966654        12.690847391040812        12.260207761811596        12.434285785940830        12.748985247004853        13.016847391040812        13.289280740043047        12.463840693883519        12.751985247004850        13.025011434583497        13.246386001959909        13.421550045502592        11.501313023728461        12.509789659623969        12.597786466226204        12.638699644521715        12.697011434583494        12.981803053938556        13.056236402940790        13.131653454919437        12.784681854708317        12.293414491197034     
   16115.507996947330       -2.5851229999999998       0.75536509206189639        8.8478984999999994        6.5355999999999999E-003   12.600142712363382        12.519545951354242        12.715171769268768        12.293886227415296        12.464365022400013        12.775568861305398        13.041171769268768        13.312095833244346        12.493545951354239        12.778568861305398        13.049382434314541        13.269633801256557        13.443557865232133        11.534558924448856        12.539973428400014        12.626463868375591        12.664639299293189        12.720633801256557        13.002301000253485        13.075014399183292        13.149084837171081        12.854522265010548        12.341997128680863     
   15959.269183696619       -2.6022129999999999       0.77789582499756915        8.8480638000000003        6.5344000000000001E-003   12.621914345265743        12.542748920828938        12.734064620670424        12.320436836718201        12.487847936596168        12.796273993368082        13.060163636437657        13.329674866642016        12.516812828326920        12.799373009135316        13.068491984139676        13.287773882409248        13.460610959144034        11.560765184420219        12.563682512159367        12.648861778930957        12.684881738168084        12.739000713172445        13.018186096846378        13.089467995115946        13.162848909152753        12.909638067485254        12.380140123557258     
   15762.060857899623       -2.6239849999999998       0.80437884512392954        8.8482395999999994        6.5331000000000000E-003   12.649953491477602        12.571886290384311        12.757990953543809        12.354613080133030        12.517464046214405        12.822258139310703        13.084568709373903        13.351713439668698        12.546260291122620        12.825835895140797        13.092587667035593        13.310291195498790        13.482339438930390        11.594632037794723        12.594396845121116        12.677691164846001        12.710865180910707        12.762616952805500        13.037858169963494        13.107561698426691        13.179842982719981        12.980578679709593        12.429303496532659     
   15603.570948301942       -2.6417060000000001       0.82797935556857305        8.8484034999999999        6.5317999999999999E-003   12.672382334887196        12.595908937408552        12.777365605861988        12.382455164649308        12.541745869507572        12.843516368482362        13.103971991861989        13.369800559448404        12.570657721516326        12.846767584374593        13.111971991861985        13.328282321439652        13.499696605232860        11.622099994541536        12.619101039615344        12.700524732994971        12.731537038275572        12.781616821754216        13.054043410828029        13.122123194306674        13.193750250099878        13.039368030782128        12.470361590991942     
   15416.649543934453       -2.6628140000000000       0.85459812298069415        8.8485726000000007        6.5306000000000001E-003   12.698917503849607        12.624190017098130        12.800119037589646        12.415683835006618        12.570523418922392        12.868644990601084        13.126654259642685        13.390855998855510        12.599190017098131        12.871644990601084        13.134654259642680        13.349452233941122        13.520118832116861        11.654946668267968        12.648462530346656        12.727513738935219        12.755917298376822        12.803785635765387        13.072855793382722        13.139057532595551        13.209733605285674        13.109898747243989        12.518957581091861     
   15257.486698141336       -2.6809910000000001       0.87942359987921825        8.8487241000000001        6.5294000000000003E-003   12.721795805728727        12.648341015743595        12.819562469172128        12.444539976715062        12.595311068951029        12.890250595713857        13.145963660603540        13.408640483669251        12.623341015743597        12.893250595713857        13.153963660603543        13.367622362757258        13.537652309549825        11.683551802595636        12.673886225758464        12.750777684816738        12.776885646106420        12.822592415964694        13.088730324046944        13.153407147112651        13.223060318417209        13.171222897494230        12.560546144463755     
   15073.218684404712       -2.7022439999999999       0.90668100503566162        8.8488682999999995        6.5282999999999999E-003   12.748256955882608        12.676982858469747        12.841898380198634        12.478630491596730        12.624689983732130        12.914958529467532        13.168721329570699        13.429484129673872        12.652262507560065        12.918238178557841        13.176441680480385        13.388484129673872        13.557497355321177        11.717350842506418        12.704001635794510        12.777964081144988        12.801135580095460        12.844618731108318        13.106375979534034        13.169845904899587        13.238036181174826        13.244037535012621        12.610512125078804     
   14917.292310792984       -2.7204600000000001       0.93205402945225824        8.8490190000000002        6.5272000000000004E-003   12.771111053979009        12.701507673615506        12.860795238681213        12.507966091670131        12.649707470249492        12.936249595831367        13.187795238681215        13.447133577167559        12.676972512126653        12.939514637708523        13.195530196804054        13.406133577167555        13.574206873776742        11.746239184913303        12.729642225006319        12.801242088101851        12.821787730951694        12.863199366047226        13.121745008897072        13.183752516626587        13.250825813235775        13.307104589418515        12.653583250443191     
   14738.252747426301       -2.7415810000000000       0.95985586966260028        8.8491640999999994        6.5261000000000000E-003   12.797684275818835        12.729853593368350        12.882402341757064        12.542086525261006        12.678475575460013        12.960968315706580        13.209402341757066        13.467289725244811        12.705475575460014        12.963986954198244        13.217402341757065        13.426336714255108        13.593242736234515        11.779661518342373        12.759144546561970        12.828127921229129        12.845543308787953        12.884355352746773        13.139723751295296        13.199582784264415        13.265535795254117        13.380943235529173        12.703770616097785     
   14583.575018165913       -2.7600380000000002       0.98606961883475952        8.8492967999999994        6.5250999999999998E-003   12.820367501764316        12.754765893983482        12.901373302200298        12.572565631729507        12.703633114273657        12.982168881619465        13.228373302200296        13.484777494855443        12.730633114273658        12.985433289109643        13.236373302200299        13.444443194782782        13.610111794928109        11.809767152092348        12.785166034491176        12.851430388891650        12.866370401982305        12.902707602272962        13.154981915436277        13.212984815654270        13.278319115726930        13.446314860750523        12.748479542858242     
   14410.631075187592       -2.7809219999999999        1.0144271096782005        8.8494545000000002        6.5239000000000000E-003   12.846340259247246        12.782799602913467        12.922837929352497        12.606965640474439        12.732514554311965        13.006052566717972        13.249837929352498        13.504509894522474        12.759157078612720        13.009665650149497        13.257837929352494        13.464509894522472        13.628937153391696        11.843823430206715        12.814872030011220        12.877738077247248        12.889695091018719        12.923480453653244        13.172079991725472        13.228365040326974        13.292507878660750        13.521231629860942        12.799362504687956     
   14254.040879955963       -2.8000379999999998        1.0416155964996539        8.8495904000000003        6.5228999999999999E-003   12.870321521700809        12.808282755735544        12.942434666339576        12.638334121931511        12.759250428695896        13.027778098454487        13.269434666339574        13.522476717973429        12.785266592215720        13.031768373860281        13.277434666339577        13.482476717973430        13.645900967687460        11.874942199257131        12.842234265176071        12.901719883300810        12.910794261974310        12.942450829859400        13.187541372052724        13.242573699092372        13.305214103457640        13.590557862947872        12.846139749661535     
   14090.486883327478       -2.8202180000000001        1.0701228682597765        8.8497236000000008        6.5218999999999997E-003   12.895225747079078        12.836032472501707        12.963013895368114        12.672360692812738        12.787416009412528        13.050964999634878        13.290013895368116        13.541483274878864        12.812394420035016        13.054964999634876        13.298013895368115        13.501737790434735        13.663989601256308        11.908578261501916        12.871437598790038        12.927262693945767        12.933326947168183        12.962375842901423        13.203931065012107        13.257016907612037        13.318596423834524        13.664993135592574        12.896385194325038     
   13934.391234109071       -2.8396880000000002        1.0986157499733784        8.8498395999999993        6.5209999999999999E-003   12.919289727715096        12.862634020722265        12.982747235023062        12.705165101804990        12.814497097385829        13.073353963093790        13.309747235023064        13.559665377079458        12.838791650138738        13.077353963093792        13.317747235023059        13.520222364895933        13.681402942015897        11.941165101804987        12.899464979696479        12.951846715531570        12.955091528030227        12.981484799959500        13.219510831178116        13.270828331634515        13.331461090923863        13.737381010353104        12.945146042874118     
   13772.380094676086       -2.8601450000000002        1.1279918730981149        8.8499820000000007        6.5199999999999998E-003   12.944742052040004        12.890419772231203        13.003404496396952        12.739688910738144        12.842930323852498        13.096992696209442        13.330404496396950        13.578637255827049        12.866966125558511        13.100992696209444        13.338404496396949        13.539583537154359        13.699726776205752        11.975688910738144        12.928805001767779        12.977688333367317        12.978082216588147        13.001494016775654        13.235631211047879        13.285263898477977        13.344989292562699        13.814416439449671        12.996907734219141     
   13621.188404046974       -2.8794590000000002        1.1570047740501348        8.8501214000000008        6.5189000000000002E-003   12.969096245763101        12.916848333671705        13.022974274692604        12.773230319077452        12.870169443212685        13.119241608985021        13.350180623449774        13.596428535541168        12.893654196828876        13.123241608985023        13.357665377065960        13.557634884298338        13.717119637914525        12.008406175066998        12.957508833606955        13.002302594520270        12.999726362601212        13.020665377065963        13.250864515536446        13.298821810854484        13.357597181244028        13.888866587576675        13.046432588213737     
   13462.663787857387       -2.8999359999999998        1.1871157867568036        8.8502612000000003        6.5179000000000001E-003   12.994792893640664        12.944820874733665        13.043598134852097        12.808721472442862        12.899030113557160        13.142686009920027        13.370939285677174        13.615150100306387        12.921880768708590        13.146686009920025        13.378088630525745        13.576491251131461        13.735341906282891        12.043062623267936        12.987838307580652        13.028283389314304        13.022447214197811        13.040789940828603        13.266893871737182        13.313044792391466        13.370805996669255        13.967983805866290        13.099052473051408     
   13314.473572982126       -2.9192870000000002        1.2168402036521218        8.8503831000000002        6.5170000000000002E-003   13.019148066617497        12.971664168585821        13.063211220952923        12.842322246060625        12.926704253779910        13.165025302407265        13.390314773866905        13.632984903828707        12.948962148071836        13.169025302407263        13.398056879574980        13.594088456742693        13.752346351034621        12.076425798974608        13.016342806573995        13.052993725239553        13.043839070477137        13.059572668158836        13.282120033910406        13.326492184386190        13.383305952456062        14.043908198419714        13.149843311594697     
   13166.519903920200       -2.9388329999999998        1.2470378813412644        8.8505176999999993        6.5158999999999998E-003   13.043798298697695        12.998866169071032        13.082992675987082        12.876805063267181        12.954801821003610        13.187796537544738        13.410126935623143        13.650791254085863        12.976467900619294        13.191596876796478        13.418126935623143        13.612125174470183        13.769457333701546        12.110471142882862        13.045469661772248        13.077932558333753        13.065730428324361        13.078459094854505        13.297455572548589        13.339852079847372        13.395586309878734        14.121849092091121        13.202022335545017     
   13020.270292440831       -2.9583529999999998        1.2773907928617088        8.8506351999999993        6.5151000000000002E-003   13.068271957922397        13.025914994764404        13.102550704959446        12.911458398757480        12.982785470903819        13.210515201431688        13.429920607280506        13.668244931959554        13.003866552073580        13.213966184922510        13.437920607280505        13.630163850789797        13.786326013129321        12.144539479927245        13.074623308564290        13.102641860243457        13.087628921080393        13.097082769620028        13.312569256638609        13.352860942838722        13.407425645978249        14.200377311025230        13.254574980173755     
   12882.732823454100       -2.9769230000000002        1.3070259300465010        8.8507581999999996        6.5141000000000001E-003   13.092159086680233        13.052035361504970        13.121534435524584        12.944730221885358        13.009784448843291        13.232282811855502        13.449217486956719        13.685530262206029        13.030035361504972        13.235776813213594        13.456937468324583        13.647530262206033        13.802592124793662        12.177261153179174        13.102722586255659        13.126842138112373        13.108813743149316        13.115468399618400        13.327184918675115        13.365777712556564        13.419802645208470        14.277066668305999        13.305337387683231     
   12742.862589762017       -2.9959950000000002        1.3373362810107614        8.8508633000000003        6.5133999999999999E-003   13.116505976359392        13.078648724564154        13.140857094834828        12.978627935140530        13.037285339449106        13.254403296239587        13.468857094834828        13.703146349471020        13.056660243008153        13.257999843039588        13.476249029590825        13.665174899111971        13.819117799830067        12.210627935140529        13.131370988371962        13.151517494803393        13.130363228154636        13.134231998393876        13.342003601266260        13.378917952343404        13.432457399861498        14.355594102139541        13.357195169732897     
   12612.465753175373       -3.0139730000000000        1.3669463404353119        8.8509730999999991        6.5125000000000001E-003   13.139660033261663        13.104410718198160        13.159527104124109        13.011380802781169        13.063779158933585        13.275681681460600        13.487527104124108        13.719730448574914        13.082632914346284        13.279277789060600        13.494708800375978        13.682280585562211        13.835180311587614        12.243380802781168        13.159429569895480        13.174882229409796        13.150909348325172        13.152380859536809        13.355979763638423        13.391329352676525        13.443825186301929        14.431638280326943        13.407681567949318     
   12480.701605602202       -3.0323240000000000        1.3971474588789592        8.8510798000000008        6.5116999999999996E-003   13.163158663891606        13.130544631779562        13.178386728115692        13.044671324597894        13.090699018934744        13.297222997935704        13.506463921693284        13.736528255737385        13.108994933711616        13.300849889581238        13.513463921693285        13.699605449314975        13.851373868582202        12.276548148288247        13.187822195244388        13.198608965823661        13.171772696003652        13.170759836470156        13.370142287849427        13.403879496271118        13.455306018029416        14.509045268339401        13.459031202304660     
   12358.478318632751       -3.0495280000000000        1.4266035416521334        8.8511901999999996        6.5109000000000000E-003   13.185725365584940        13.155555799212287        13.196064498330252        13.076817970378450        13.116687972663225        13.317636649767195        13.524630585055721        13.752541869237977        13.134297517021885        13.321461018683063        13.531630585055719        13.716107955963441        13.866409695787038        12.307914926643381        13.214591016398291        13.221467083394540        13.191894931957595        13.188240129414382        13.383711435610632        13.415784045718350        13.466139284173686        14.584121014125994        13.508684504401607     
   12234.042926332770       -3.0672220000000001        1.4566187810543518        8.8513023999999998        6.5100999999999996E-003   13.208781222048975        13.181100363522317        13.214206767396950        13.109678442180103        13.143228020111655        13.338525908870297        13.543142939102284        13.768951454218277        13.160100363522316        13.342525908870298        13.550142939102285        13.732951454218275        13.881823797628938        12.340057787942351        13.241976330938746        13.244807085886725        13.212398252280961        13.206041146350698        13.397530519993344        13.427933825509340        13.477185514682249        14.660955854889645        13.559445298682851     
   12121.629344249770       -3.0833610000000000        1.4857493652545131        8.8514041999999993        6.5093000000000000E-003   13.230158938727786        13.204726351842790        13.231537595120777        13.140231251566203        13.167753317088792        13.358105008235782        13.560024112497775        13.784483664628773        13.183726351842790        13.362105008235783        13.567024112497776        13.748483664628775        13.896456699382771        12.370428591187803        13.267582942713190        13.266367215906183        13.231078042989783        13.222205424430172        13.410097563446165        13.439151498777161        13.487321873152762        14.732877269682287        13.606635725417235     
   12001.153759801262       -3.1008200000000001        1.5160239620325120        8.8515142999999998        6.5085000000000004E-003   13.253050602133410        13.230027526937384        13.250092137486252        13.172956427379408        13.194018296858975        13.379069062290231        13.578096752525461        13.801110597643074        13.209027526937383        13.383069062290229        13.585096752525462        13.765110597643076        13.912119827721487        12.402958301349308        13.295007192810665        13.289454785363514        13.251078292368639        13.239510165833973        13.423547086147611        13.451154874065228        13.498165978113537        14.809937900972546        13.657191728128826     
   11898.083158889729       -3.1159010000000000        1.5445832835637814        8.8516101000000003        6.5078000000000002E-003   13.271649827317034        13.242642057236843        13.280469169109082        13.174863000476648        13.204284753019557        13.401077722205784        13.608576272703900        13.838506244540035        13.220871336990854        13.404921309686511        13.615875609509082        13.801757499385204        13.952094055475772        12.405477308203366        13.303424404379754        13.306003427489443        13.275035721731264        13.272760741799821        13.471965872274893        13.505670167650187        13.553369801167644        14.935780122152934        13.647742281472468     
   11785.119755413161       -3.1325699999999999        1.5749300097646726        8.8517085000000009        6.5069999999999998E-003   13.296721473538184        13.268625150469862        13.303905496921828        13.204627690953146        13.230473283311440        13.425319506662454        13.632194164812198        13.861121352378291        13.246785096462098        13.428898627439331        13.639312330921832        13.824559994133519        13.974885852507299        12.435046865737792        13.330425328592597        13.330895958941845        13.298850081645906        13.296103839136165        13.493831012876200        13.526752800809977        13.573084089642855        15.027256354023258        13.689999945889681     
   11683.205077142782       -3.1477490000000001        1.6045471329382153        8.8517983000000005        6.5062999999999996E-003   13.320192058474586        13.292922877613581        13.326183223208663        13.232324759801646        13.254921283062622        13.448062336053578        13.654477776437489        13.882898912298902        13.271092111530230        13.451631473141763        13.661590416408661        13.846313746478135        13.996610150789440        12.462352133339042        13.355376071489218        13.354362694687584        13.321351403957113        13.318297457730790        13.514720351051114        13.547045819463527        13.592024459113102        15.115640578769661        13.728287771641433     
   11577.265685884162       -3.1636739999999999        1.6354174884414356        8.8518985000000008        6.5056000000000003E-003   13.346318823604998        13.319700507479370        13.351140031943467        13.261017144773342        13.281955296611956        13.473345795604802        13.679246467298976        13.907659569560392        13.298181894189431        13.477191100140162        13.686639501006377        13.870984413856926        14.021259271543533        12.490587730874376        13.382435197236804        13.380863423254143        13.346655250885691        13.343147327926610        13.538204995885268        13.569152829533463        13.612242819226561        15.221331078604146        13.765493195651379     
   11482.408676181916       -3.1780539999999999        1.6645493336053443        8.8519883000000004        6.5049000000000001E-003   13.370299378140434        13.344159060166287        13.374103571012423        13.286730182907590        13.306631165626445        13.496711442743749        13.702136234058724        13.930452604539827        13.322895670259388        13.500711442743754        13.709692390527355        13.893773633030346        14.043980499079669        12.516015739846328        13.407149179546444        13.405131682355748        13.369959297433518        13.366056102762844        13.559927650301326        13.589399013694951        13.630654682225686        15.321629793031907        13.798538868906459     
   11385.208805122722       -3.1929129999999999        1.6948565252301768        8.8520795999999997        6.5041999999999999E-003   13.395937924889779        13.370336640510416        13.398759468888365        13.313729792852190        13.333001445985108        13.521899354196940        13.726985650970612        13.954906223560407        13.349217305328398        13.525899354196937        13.734439732071777        13.918359856055417        14.068241418085712        12.543088091622124        13.433649450750686        13.430859446425124        13.395024670269606        13.390666545934327        13.583364379126021        13.610894256208759        13.650084616089337        15.435234245209855        13.833290235977099     
   11301.497674421327       -3.2058179999999998        1.7231778556204740        8.8521636000000008        6.5036000000000000E-003   13.418248659563099        13.393111686808291        13.420377101904267        13.336981500646454        13.355999131022484        13.543879017620311        13.748787502092776        13.976367202944269        13.372077370879298        13.547879017620312        13.756136037358205        13.939917401760328        14.089479758730080        12.566441572624887        13.456663259578368        13.453265000839822        13.416955480484939        13.412262363298806        13.603870642453808        13.629636687850754        13.667066207612658        15.537116583330798        13.862815957393037     
   11210.139060447345       -3.2200009999999999        1.7535954871269681        8.8522479000000001        6.5030000000000001E-003   13.443313678939177        13.418566002262413        13.444706448140625        13.362996399898453        13.381753396964463        13.568602351908346        13.773280559938261        14.000505385731856        13.397652608142842        13.572602351908348        13.780575897431174        13.964163924595319        14.113319445012756        12.592483815970709        13.482430969339507        13.478436564535482        13.441594411131391        13.436526055467059        13.626681045288400        13.650482329867014        13.686041232481347        15.657610673406008        13.895267605664330     
   11123.385789357750       -3.2335769999999999        1.7836528178970701        8.8523262000000003        6.5024000000000002E-003   13.468003818015314        13.443412036215074        13.468541754218295        13.388544762209738        13.406786585357091        13.592935016774854        13.797265103965978        14.024145494854688        13.422699692487358        13.596935016774855        13.804505242539088        13.987927939976595        14.136664546192760        12.617887765627630        13.507649926881301        13.503144016229266        13.465739675331308        13.460246472415589        13.648706480808167        13.670668697143379        13.704454950432561        15.782881944257761        13.926560565855498     
   11025.314838124466       -3.2490299999999999        1.8146216383356488        8.8523964999999993        6.5018999999999997E-003   13.496286156483118        13.471799555872385        13.495810976502122        13.417512690010716        13.435237518373667        13.620812976439518        13.824740495908825        14.051107860695909        13.451342579516409        13.624812976439516        13.831810976502121        14.015046820689081        14.163270270292672        12.646673216790981        13.536388934644764        13.531386898324039        13.493389706130722        13.487357444945699        13.673428695116717        13.693321273792003        13.724998719134598        15.934095119548667        13.961218609857285     
   10943.166322310208       -3.2620840000000002        1.8423072940627698        8.8524568000000006        6.5014000000000001E-003   13.520892693916945        13.497029781038655        13.519564387634329        13.442857980956816        13.460706744332004        13.645152249470978        13.848440362545663        14.073930268573715        13.476800441484318        13.649230462478993        13.855579342574291        14.038042899433588        14.185682962148832        12.672029891117145        13.561690815044383        13.556497737595883        13.517589990028512        13.510841612260332        13.693283581260996        13.711438347213402        13.741024648053408        16.089597794856370        13.990090945316378     
   10863.780944952845       -3.2747910000000000        1.8705205224101693        8.8525168000000001        6.5009999999999998E-003   13.544839152388985        13.521689150426088        13.542559665116851        13.467653720942952        13.485684112543094        13.668830802922848        13.871429322498269        14.095982042590041        13.501712015089311        13.672990249128969        13.878623654776685        14.060211425839487        14.207290623889829        12.696841069695289        13.586480067894648        13.581024196476914        13.541151333776586        13.533593806587383        13.712519644443621        13.728788815763355        13.756391110271348        16.249576441211243        14.018305129643959     
   10783.804352965200       -3.2876859999999999        1.8993980283820022        8.8525759999999991        6.5005000000000002E-003   13.568996076499296        13.546483459457008        13.565596648770750        13.492699490176982        13.510846614116943        13.692670215198621        13.894540776900371        14.118116257562860        13.526808232058340        13.696878425684137        13.901743262040281        14.082415501271100        14.228929598638153        12.721869318603890        13.611534043265912        13.605684754977624        13.564872599418578        13.556385832725944        13.731902284969614        13.746091494519323        13.771823577010743        16.416380487756307        14.046681239387137     
   10701.754895104930       -3.3010169999999999        1.9297792524670430        8.8526368000000009        6.5001000000000000E-003   13.594249911369490        13.572244366153475        13.589365520612523        13.519111660007313        13.537175163676528        13.717374484355991        13.918365520612523        14.140919643641469        13.552980644455447        13.721718779151777        13.925686555118110        14.105277926069297        14.251133700719327        12.748287768466502        13.637913297557636        13.631317509300542        13.589507548643676        13.579805350769744        13.751719116039750        13.763717587036920        13.787541424460150        16.604099950893620        14.076705130971432     
   10620.354171499957       -3.3143389999999999        1.9608733005018564        8.8526974000000003        6.4996000000000003E-003   13.619625248201741        13.598128662994744        13.613049333089476        13.545829968422323        13.563663367831635        13.742045717203110        13.942049333089477        14.163554431688850        13.579319613175743        13.746629093562602        13.949600774488134        14.128065840176747        14.273040621093026        12.775034050357659        13.664617583124601        13.657013959350612        13.614106565744484        13.603062464843815        13.771143298363077        13.781150749158849        13.803050859811174        16.804559905149219        14.107160785555012     
   10541.465700447689       -3.3273530000000000        1.9919572993207819        8.8527562000000000        6.4992000000000001E-003   13.644108973710853        13.623185689191018        13.635813389359846        13.571662399295846        13.589225463630907        13.765814052340435        13.964813389359847        14.185254506305338        13.604817278813268        13.770661997961373        13.972602383046915        14.150008921375917        14.293922317107459        12.800879335256862        13.690502216983635        13.681808737058038        13.637757580880557        13.625398735698614        13.789623684661443        13.797857127445337        13.817926019452241        17.005374223613490        14.136568214474824     
   10465.066683213077       -3.3400460000000001        2.0229836941851445        8.8528131000000005        6.4986999999999996E-003   13.668028002023286        13.647936907657419        13.657914039505082        13.597310131428101        13.614420604602310        13.789206433975304        13.986966826909098        14.206133963872544        13.629908285764630        13.794066700708152        13.994785861463393        14.171097409931457        14.314093065846409        12.826542331771579        13.715944119388569        13.706207986324211        13.660845558144205        13.647012345602095        13.807636335682192        13.813986296594274        13.832475415712372        17.215517662791264        14.165989120196235     
   10390.967823616358       -3.3524449999999999        2.0539534891590412        8.8528684999999996        6.4983000000000003E-003   13.691136006362006        13.672227560261069        13.678959737758325        13.622943278001776        13.639270901642268        13.811964582976570        14.008120744421978        14.225803202215117        13.654452358976839        13.816526557709500        14.015676244063590        14.190785569321966        14.333384546154294        12.852223352099289        13.740823138484030        13.730080427478041        13.683092325565502        13.667472133735073        13.825100744677686        13.829282216959799        13.846592025643714        17.442589637012304        14.195847613049226     
   10318.724087431539       -3.3646170000000000        2.0847532166721634        8.8529225000000000        6.4979000000000000E-003   13.713007131002502        13.695514773784925        13.698441436681332        13.648155139802295        13.663246451725300        13.833342169942565        14.027670627622825        14.243942189175574        13.678028180480755        13.837644985218091        14.034928476690599        14.208860884637716        14.351220840862620        12.877443304171198        13.764880477722595        13.752758601339345        13.703891962642018        13.686316545118540        13.841132732269614        13.843450402179897        13.859966293592681        17.683561612295730        14.225697900224869     
   10246.699498842207       -3.3768400000000001        2.1159441141155129        8.8529754999999994        6.4974999999999998E-003   13.734711016905798        13.718700405475701        13.717591732987593        13.673506228349709        13.687149971893266        13.854436011657032        14.046900257339942        14.261785620184348        13.701553239387160        13.858547654825841        14.053900257339940        14.226645130205760        14.368634101049324        12.902757860048467        13.788988612729103        13.775246122244688        13.724409607647772        13.704873853330682        13.856694820579825        13.857459669113609        13.873280898677088        17.930276017152025        14.255947439290509     
   10175.177641144573       -3.3890600000000002        2.1475911706664235        8.8530280000000001        6.4970999999999996E-003   13.756813968608416        13.742408645049981        13.736209755253121        13.700583467327565        13.711708487452935        13.875339034842451        14.065575388583863        14.278931691711168        13.725876697592135        13.879524947823732        14.072575388583864        14.244075169724908        14.384861853129422        12.929662416650689        13.814182868251368        13.797693786893323        13.744740455971606        13.722976809713021        13.871276582129486        13.870809966410100        13.886045815674176        18.191178658048738        14.289167573757251     
   10106.668010818064       -3.4008479999999999        2.1792072035401575        8.8530802000000008        6.4967000000000002E-003   13.777955856321469        13.765124082802888        13.753891793745836        13.726733677884916        13.735299127252553        13.895270684594834        14.083276260083252        14.295117793674216        13.749170705442015        13.899477639100077        14.090276260083250        14.260569041382389        14.400254359154072        12.955647217554276        13.838382582486254        13.819165986615427        13.764124028681380        13.740129604169795        13.885107070030521        13.883542641812596        13.898182217235465        18.443055710447322        14.321481282341804     
   10041.578784281544       -3.4121210000000000        2.2093528397363258        8.8531283999999992        6.4964000000000003E-003   13.797983103140396        13.786678804066213        13.770521622303598        13.751739963990733        13.757740400923488        13.914092963117799        14.099891496113415        14.310248406194965        13.771265438824948        13.918274422875097        14.106891496113413        14.276024436265352        14.414709024803919        12.980496352229352        13.861402628951680        13.839507155687429        13.782425593392052        13.756224126387668        13.898091066398536        13.895557626964823        13.909598498531345        18.684101380364918        14.352596471391479     
   9975.0021967150296       -3.4237250000000001        2.2401993656701813        8.8531762999999994        6.4960000000000000E-003   13.817570010913430        13.808198846672139        13.786354152905519        13.778201813976311        13.780176813518603        13.932315704646337        14.115799421343590        14.324425273813327        13.793192846662903        13.936458202352506        14.122763225881984        14.290525265026469        14.428235620935832        13.006718185147657        13.884627700004566        13.859461222598574        13.800015731006917        13.771463252242564        13.910644167026648        13.906988102062749        13.920587603303618        18.880262850835990        14.389024931194493     
   9907.5437778364721       -3.4355600000000002        2.2715566196237065        8.8532235999999997        6.4957000000000001E-003   13.835922699226366        13.829050886615839        13.800679213749458        13.806101366385938        13.801858150515386        13.949196026663149        14.130358202347484        14.336957895718669        13.814147393303799        13.953323678627431        14.137247598160034        14.303327720607324        14.440094364109338        13.034240941815067        13.907439424228006        13.878207519057892        13.816086551997188        13.785138123494075        13.922236563088770        13.917229346106087        13.930707091518098        18.989820558485146        14.432680252136532     
   9840.2243467286571       -3.4474469999999999        2.3028318398838681        8.8532696000000008        6.4952999999999999E-003   13.854362614376733        13.849927458203922        13.815238615630541        13.833895801319215        13.823504764855926        13.966247879330979        14.145093297183127        14.349704869427196        13.835011126781996        13.970336930334383        14.151942258671372        14.316343972040283        14.452202466362742        13.061659357336211        13.930214096804932        13.896958857631802        13.832330571491724        13.799024950832116        13.933852103153079        13.927655893512110        13.941001948045024        19.096635470103315        14.475818944998174     
   9773.4298475595897       -3.4593240000000001        2.3340492551870011        8.8533142999999992        6.4949999999999999E-003   13.872716560982070        13.870642245424662        13.829879394765566        13.861360841420012        13.844926774641788        13.983304858366811        14.159851583604510        14.362523937334689        13.855599504700155        13.987332095417063        14.166693786102829        14.329430217944449        14.464420811723283        13.088751310084696        13.952755368647725        13.915541429688393        13.848586016537528        13.812974944273545        13.945358006074979        13.938139319718214        13.951344722198041        19.200067601345051        14.518134387133191     
   9708.1169617985615       -3.4710160000000001        2.3651504683894271        8.8533580999999995        6.4947000000000000E-003   13.891744540868437        13.891923974322609        13.844887059573288        13.889659719347783        13.867012846660504        14.000787935663034        14.174966344013008        14.375825984340075        13.876950842180008        14.004787935663035        14.181792725561507        14.342980135589244        14.476897160798430        13.116671995456322        13.976084423283709        13.934739043329131        13.865433886864352        13.827425295859186        13.956680086486301        13.948502276944154        13.961393059462992        19.312300364641047        14.560956867363895     
   9644.0843457945684       -3.4825539999999999        2.3959452390281983        8.8534004999999993        6.4944000000000000E-003   13.910917744532474        13.913254218929337        13.859984734755967        13.918113877163362        13.889171020012514        14.018351852488875        14.190210398358905        14.389283592554639        13.898453264196968        14.022351852488876        14.196953757379907        14.356691193966219        14.489395188262892        13.144765812392501        13.999567922017951        13.954077957286620        13.882481755946989        13.842067599632776        13.967936943689624        13.958774051200839        13.971255379018997        19.429499549427256        14.603596515868970     
   9581.0917708217858       -3.4939809999999998        2.4264854033442518        8.8534416999999994        6.4939999999999998E-003   13.929720868772922        13.934143479543962        13.874881845799919        13.946042229685720        13.910848678148394        14.035638174967048        14.205276966189654        14.402550792319179        13.919482531815213        14.039638174967049        14.211880282352567        14.370226425235892        14.501715151812480        13.172358374795454        14.022577439183262        13.973048572175912        13.899289576071201        13.856530579966492        13.979099787032865        13.968959839910866        13.981040348271900        19.544787419169548        14.645390706284790     
   9518.8832458356264       -3.5053369999999999        2.4567766249765874        8.8534814999999991        6.4936999999999998E-003   13.947788189971739        13.954400986701295        13.888663336377817        13.973825174442961        13.932106926208071        14.051908006544394        14.219188136240071        14.414774764417768        13.940049003018615        14.055908006544392        14.225658605916603        14.382699231434426        14.513048972264411        13.199793847617627        14.045130104161956        13.991319885557949        13.915067143951227        13.869814402344502        13.989236675590504        13.978158216614943        13.989941658660200        19.653311919924853        14.688196537280685     
   9457.3399433872382       -3.5166420000000000        2.4868344488049163        8.8535202000000002        6.4935000000000001E-003   13.966340093708125        13.975420495529461        13.902839440466424        14.002294095553230        13.954238810484599        14.068661156299287        14.233446441676628        14.427215552562211        13.961423549089902        14.072581615395302        14.239839440466428        14.395386192788658        14.524738518059971        13.227919012459809        14.068549145687443        14.010124258705469        13.931240334942400        13.883341965483199        13.999386359953144        13.987194815862582        13.998641615766504        19.770127747108056        14.732013570155120     
   9396.4541724917854       -3.5278990000000001        2.5166520236323704        8.8535578000000008        6.4932000000000002E-003   13.985008526590022        13.996627664099481        13.917193856199663        14.030851184853852        13.976573918372271        14.085552187060031        14.247847923684105        14.439762402860392        13.983025631682573        14.089382594672156        14.254193856199663        14.408176586170427        14.536644515207669        13.256136018200564        14.092185240646916        14.029053871825109        13.947554228052091        13.897002945274316        14.009596590952412        13.996224243679894        14.007287412668962        19.888419295624033        14.775915324278383     
   9336.2398435760406       -3.5391040000000000        2.5462559927461563        8.8535944000000004        6.4929000000000002E-003   14.003453070418679        14.017536698167859        13.931483574381932        14.058955751203577        13.998552204426254        14.102277240090167        14.262165126805371        14.452264589742732        14.004325295219321        14.106045717931181        14.268483574381932        14.420919630368424        14.548559164735728        13.283904251396724        14.115469357038258        14.047737595723227        13.963735636679793        13.910626065070602        14.019814982307878        14.005266885436768        14.015904403277595        20.002110309395192        14.819102819602229     
   9276.7104209306563       -3.5502549999999999        2.5756154586693261        8.8536300000000008        6.4926000000000003E-003   14.021670245812093        14.038145121143565        13.945702315155884        14.086606192533377        14.020172506830253        14.118831972857009        14.276392383579218        14.464716227351548        14.025319971697986        14.122565724409220        14.282702315155884        14.433609385667829        14.560475158297415        13.311222185185400        14.138399415201931        14.066172519323345        13.979779407776668        13.924204568218521        14.030035230850821        14.014317008735190        14.024488504271339        20.111286539129047        14.861574190008533     
   9217.7091385345466       -3.5613720000000000        2.6047556919728119        8.8536648000000007        6.4923999999999997E-003   14.040299135511590        14.059143871585702        13.960110099987910        14.114763141949831        14.042258967491053        14.135800028277943        14.290812209427139        14.477363303323324        14.046755415029510        14.139556882825859        14.297110099987906        14.446492466769188        14.572484731142085        13.339049577040887        14.161708432083740        14.085137174392353        13.996147133524731        13.937977820705049        14.040376959721273        14.023441470235914        14.033030781597864        20.228068516565237        14.904773020940505     
   9158.8933090773971       -3.5725259999999999        2.6336678883368987        8.8536985000000001        6.4920999999999998E-003   14.059393941726498        14.080613432763183        13.974787956613152        14.143523859563139        14.064875376122558        14.153280093869135        14.305535906950627        14.490298152681394        14.068636699372409        14.157057765819822        14.311787956613152        14.459662579445087        14.584635574848132        13.367481772959160        14.185475971706769        14.104656691047612        14.012915759934241        13.952017850059335        14.050886845023683        14.032734810672892        14.041685258627595        20.353335301644954        14.948770214734335     
   9099.8241529946827       -3.5837970000000001        2.6624815131390078        8.8537312000000004        6.4919000000000001E-003   14.078511370129700        14.102097474938770        13.989557766374059        14.172286236493019        14.087467040902226        14.170871690276904        14.320377571743027        14.503343264531043        14.090445904561516        14.174626017399493        14.326557766374055        14.472943967919068        14.596849139786681        13.395914213212816        14.209231233773810        14.124174776810936        14.029766909465625        13.966154532507822        14.061452357407067        14.042130211086548        14.050457347844866        20.478880206736992        14.992702177202627     
   9041.1151382091939       -3.5950739999999999        2.6912540881007536        8.8537633000000007        6.4916000000000001E-003   14.097520543597824        14.123440575738737        14.004333563707874        14.200819381131694        14.109867155779845        14.188459493537003        14.335250406988600        14.516430500315348        14.112024473443650        14.192146678347399        14.341333563707877        14.486266039762512        14.609066043140096        13.424119432780479        14.232795275104777        14.143556482368268        14.046593037919408        13.980308426316391        14.072031231793215        14.051597386576219        14.059323208252284        20.603469226712029        15.036180837852719     
   8982.8469453994239       -3.6063380000000000        2.7197592028003208        8.8537944000000000        6.4913999999999996E-003   14.116625314266905        14.144931433388216        14.019216224238612        14.229494179254708        14.132365091339196        14.206209446200301        14.350283102973258        14.529556743857821        14.133766608447431        14.209801067850606        14.356254616717095        14.499625356076223        14.621349676566396        13.452468768087691        14.256520603322130        14.163038369623777        14.063573828119051        13.994529819078615        14.082716367393800        14.061058766721224        14.068173786645897        20.734272802928842        15.079846543128824     
   8924.4816313107603       -3.6176910000000002        2.7480802431123528        8.8538245999999994        6.4911999999999999E-003   14.136150500191055        14.167162978612263        14.034046783962649        14.259581475294860        14.155707783766674        14.224161782704938        14.365333952229362        14.542343027897877        14.156602102701223        14.227683288112386        14.371214691707666        14.512645101372632        14.633457299537850        13.482201207907016        14.281310208289808        14.183034142280073        14.080777067688116        14.008528506468936        14.093328493291738        14.070066124568731        14.076597780879714        20.880338432829923        15.126228211998791     
   8866.1484782466141       -3.6291140000000000        2.7763500111473389        8.8538540999999995        6.4910000000000002E-003   14.155396449890851        14.189201263076857        14.048456758421771        14.289789771008799        14.178944189670055        14.241724155777966        14.379916224632712        14.554714043514718        14.179280693382708        14.245175472090867        14.385725354833440        14.525249449601731        14.645166746268394        13.512029613868094        14.306004669586073        14.202799576518490        14.097569253829825        14.022083612329574        14.103558796488883        14.078732602565317        14.084744892337675        21.019934546820295        15.173254249390418     
   8808.2574536644734       -3.6405210000000001        2.8044431803468433        8.8538829999999997        6.4907000000000003E-003   14.174530411254191        14.211071031647970        14.062901747740989        14.319682259973357        14.201960324873736        14.259247721130238        14.394489532184553        14.567178201814686        14.201675563991541        14.262618965581121        14.400245288939148        14.537945172000031        14.656974371185720        13.541545113633413        14.330442807090362        14.222449138342776        14.114318055025096        14.035705215873032        14.113880816997943        14.087520397047358        14.093017201958768        21.155170635179125        15.219744384734307     
   8750.9257711975006       -3.6518929999999998        2.8322798298329381        8.8539112000000006        6.4904999999999997E-003   14.193446941891034        14.232662185475030        14.077282937099314        14.349134805450257        14.224644871824870        14.276628750169239        14.408955902633691        14.579639596243256        14.223678418650286        14.279910425959299        14.414676188008746        14.550635893158466        14.668785596015772        13.570624332743948        14.354511085650108        14.241876338804863        14.130921535213671        14.049295508007772        14.124203425301046        14.096341040450353        14.101327288336526        21.285792615040791        15.265543298136821     
   8693.9872710384934       -3.6632600000000002        2.8598613596103521        8.8539387000000005        6.4903000000000001E-003   14.213351299367678        14.255287258983889        14.092494835677725        14.380141090205209        14.248499984731174        14.294934800017947        14.424172960483650        14.592893192273669        14.246676327112445        14.298178093557704        14.429929666943890        14.564117243189513        14.681223749411705        13.601144629638226        14.379601731921133        14.262511284483443        14.148374829538808        14.063691571658824        14.134867490484764        14.105491988933911        14.109709329114059        21.439687352869598        15.313360053981041     
   8635.9476294572396       -3.6749220000000000        2.8872404560559688        8.8539651999999993        6.4901000000000004E-003   14.233682669437957        14.278326781209739        14.108098320295962        14.411685215902047        14.272736653776523        14.313677167703094        14.439822704154619        14.606499277448719        14.270078724204073        14.316882252578775        14.445617619278938        14.577955486930890        14.694020283820020        13.632198517918031        14.405137737383395        14.283531665845683        14.166288641001042        14.078504708718231        14.145850786757368        14.114932414301204        14.118361614007458        21.598937068582021        15.361973326682193     
   8576.6166736564082       -3.6869280000000000        2.9148529069759679        8.8539913000000006        6.4898999999999998E-003   14.254490708228783        14.301833222851247        14.124135798862365        14.443833884505736        14.297404310114715        14.332904986953775        14.455951637615254        14.620494916767811        14.293937713643849        14.336070991321719        14.461785633247306        14.592188450073184        14.707214144623006        13.663853473222058        14.431177857572891        14.304981474425428        14.184713614506929        14.093778422047574        14.157191063036091        14.124695510386598        14.127319082541252        21.763776767178410        15.411489987188180     
   8517.5756597627442       -3.6989540000000001        2.9424697091747523        8.8540171000000001        6.4897000000000002E-003   14.275223266898198        14.325180758453531        14.140183867478999        14.475729656505539        14.321844579359070        14.352109344632236        14.472135039970322        14.634511124313921        14.317617593600627        14.355236439763456        14.478007944839106        14.606440821674870        14.720458356028317        13.695265376782995        14.457028258643998        14.326289859592407        14.203163355894443        14.109110783609989        14.168590747430155        14.134525741061726        14.136347671200813        21.929869428976357        15.460587637096562     
   8459.8176111841603       -3.7107990000000002        2.9697789814662370        8.8540424000000009        6.4895999999999999E-003   14.296494825687439        14.349177181601764        14.156952641474348        14.508379406188936        14.347090166101925        14.371894290394835        14.489046480274890        14.649218421702638        14.342035748949449        14.375035886919662        14.494863628724552        14.621379151257901        14.734249572911892        13.727380916367718        14.483688738815143        14.348171125992863        14.222252850959634        14.125130215259183        14.180451167451835        14.144798246814922        14.145614145616541        22.120621367517906        15.510515669846413     
   8403.7475954721212       -3.7223730000000002        2.9966370201023018        8.8540671999999994        6.4894000000000002E-003   14.317683017286244        14.373066003011845        14.173909355507940        14.540840302188089        14.372196650588071        14.391699400354158        14.506134097634332        14.664122634204441        14.366291584017000        14.394891663181648        14.511857329758088        14.636507643822549        14.748140754327943        13.759275378370875        14.510240287595531        14.369899332485817        14.241423297166437        14.141292454835471        14.192380102463547        14.155149088066269        14.154888413846153        22.326583120189241        15.559800315922425     
   8348.0492008524543       -3.7339500000000001        3.0229506062347742        8.8540908999999992        6.4891999999999997E-003   14.338820166933129        14.396846357967796        14.190984541959317        14.573175422518794        14.397084654479350        14.411541577926371        14.523339278028882        14.679135918022222        14.390334576427577        14.414800632444148        14.528969275667741        14.651743721218814        14.762091800742695        13.791024754856970        14.536642703347091        14.391470886901040        14.260674483287577        14.157538948975560        14.204342420641407        14.165527306843913        14.164190581727343        22.541892726069534        15.608660182138021     
   8291.6125460272833       -3.7457560000000001        3.0492405557201629        8.8541138999999998        6.4890000000000000E-003   14.360268341929796        14.421070493766699        14.208184847672829        14.606203935458137        14.422539531679799        14.431608201127968        14.540663904371083        14.694244175709997        14.414947916220516        14.434942132283357        14.546150363298775        14.667074064077330        14.776138790704294        13.823480354188799        14.563589760841463        14.413427180112688        14.280078197787866        14.173860192294025        14.216378208712367        14.175983053423582        14.173553009246664        22.759817944956200        15.658720216325520     
   8234.0215633818298       -3.7578879999999999        3.0755135386676256        8.8541363999999998        6.4888999999999997E-003   14.382392746300825        14.446082265659998        14.225709661925800        14.640197137450263        14.448987593668717        14.452224185621491        14.558302594245172        14.709698957599910        14.440591942195374        14.455557906171153        14.563630939837592        14.682791031950275        14.790666426770267        13.856985249911427        14.591413961766088        14.436237460442635        14.299867105048500        14.190542206947489        14.228897492285592        14.186842840922774        14.183283990130692        22.981952590914197        15.710628819478364     
   8175.3433251983215       -3.7703340000000001        3.1019159457996754        8.8541582999999999        6.4887000000000000E-003   14.405800747231371        14.472469976133020        14.244158863083232        14.675650747494739        14.477037286592854        14.474009148520558        14.576880229935650        14.726154541649809        14.467872586930934        14.477232057249577        14.582061820378883        14.699589395434284        14.806361426987781        13.892085435136096        14.620676201377858        14.460571452886608        14.320655535686843        14.208199399043171        14.242586422692117        14.198675053111007        14.193904738013195        23.232625216802457        15.764942268976778     
   8116.1487867210017       -3.7829769999999998        3.1283471082684797        8.8541798000000007        6.4885000000000003E-003   14.429369775854774        14.499000696764980        14.262876688795959        14.711363994026396        14.505148682017090        14.495959328321064        14.595760845857381        14.742879658325283        14.495197121318437        14.499088843669515        14.600786981669476        14.716667697709305        14.822282419796689        13.927423695165913        14.650080885873056        14.484967677215810        14.341696327971302        14.226125652771405        14.256457930970779        14.210699379731583        14.204718000329041        23.498772956313584        15.819810550586745     
   8057.4570648680183       -3.7956070000000000        3.1546737127006104        8.8542009999999998        6.4884000000000001E-003   14.452661729426497        14.525185318298666        14.281508619439522        14.746689711385583        14.532805448484117        14.517664508714644        14.614587095872620        14.759554114581560        14.522062723599964        14.520719676374567        14.619451775616357        14.733699645205666        14.838123021376822        13.962359302838264        14.679089429053667        14.508973741877577        14.362594932378093        14.243980056733674        14.270240922053615        14.222676525308158        14.215505371012283        23.775790859302553        15.874256846340812     
   7999.8344552033959       -3.8080980000000002        3.1807008566556139        8.8542217999999995        6.4882000000000004E-003   14.475524145482950        14.550846256534317        14.299940007632138        14.781359903729879        14.559820419356868        14.538986089972681        14.633240901858542        14.776081707232798        14.548290340324545        14.541986089972681        14.637940393757297        14.750585126936599        14.853796795146518        13.996628688853718        14.707498166056098        14.532435925804617        14.383216694739865        14.261655481671013        14.283870322179588        14.234558554635989        14.226230097977130        24.060511027584973        15.927828698551750     
   7942.6970861321834       -3.8205680000000002        3.2063286997850464        8.8542418000000005        6.4881000000000001E-003   14.499225261942236        14.577621262728428        14.318999478161871        14.816886300004484        14.588141569043074        14.560962736098645        14.652443126847885        14.793365805570588        14.575826652347608        14.563962736098645        14.657133116075155        14.768165275480357        14.870314853058936        14.031717327791519        14.737010949722958        14.557129764748858        14.404532839096824        14.280082163563502        14.298524845803179        14.247767278276172        14.238393081143556        24.349504273372681        15.984098511238635     
   7885.4775565914370       -3.8331469999999999        3.2318236080687970        8.8542614999999998        6.4878999999999996E-003   14.522917613690641        14.604315778564700        14.338216455171914        14.852479731777294        14.616325656775075        14.583018010346361        14.671761548816956        14.810822235587466        14.603176402496956        14.586018010346361        14.676483500437811        14.785893945412521        14.887004162244324        14.066848187730947        14.766405679960734        14.581740177891781        14.425919769173770        14.298665427094669        14.313368892139636        14.261198153483953        14.250894450859082        24.668267233413310        16.040860406272774     
   7827.7870060258665       -3.8459230000000000        3.2571683225534551        8.8542804999999998        6.4878000000000002E-003   14.546693705440541        14.631041587662695        14.357655519466826        14.888314451501495        14.644493723588299        14.605234581001527        14.691260836189874        14.828503867842924        14.630454276271417        14.608234581001527        14.696057036128837        14.803825517321753        14.903912377801896        14.102192035868244        14.795811889394491        14.606364781410976        14.447455529446151        14.317465546087805        14.328437925370389        14.274877555090045        14.263755985291288        25.019326033667213        16.098438349869191     
   7769.9102087191868       -3.8588320000000000        3.2825362042521657        8.8542992999999992        6.4875999999999996E-003   14.570501930956780        14.657731181597839        14.377289458067551        14.924280355368449        14.672570111657890        14.627570080859215        14.710912757032947        14.846392478850944        14.657588189476591        14.630570080859215        14.715825845965988        14.821940123050254        14.921025095419672        14.137640779979066        14.825148115841827        14.630946440758088        14.469101014035726        14.336458462534715        14.343727046194697        14.288808067940924        14.276986372051724        25.401527994311458        16.156621959212842     
   7713.0651546854833       -3.8716080000000002        3.3076768903225902        8.8543178000000005        6.4875000000000002E-003   14.593026765213402        14.682933528591079        14.395809330397576        14.959583610646181        14.699501655834737        14.648084359130017        14.729342861131123        14.863900765834956        14.683653145398800        14.651146006518925        14.734332251063869        14.839440543640961        14.938193295939403        14.172316117037326        14.853255754329201        14.654164693626608        14.488985436101121        14.354504435594031        14.360331245952707        14.305628872940506        14.294062590553665        25.711826603907483        16.221797384443107     
   7657.6938583535684       -3.8841410000000001        3.3323425925216390        8.8543357999999994        6.4873999999999999E-003   14.612350054179334        14.705777329118110        14.409743668831396        14.995849197275007        14.724958848946741        14.664410817376563        14.743156323533860        14.876985970819359        14.708128985288855        14.667555979234894        14.748125991169079        14.852420026382799        14.951198523141347        14.207747134066306        14.880260974044369        14.674496251750700        14.504502219819404        14.367943363449921        14.374076801439461        14.322329695068877        14.313339815124642        25.958399772482633        16.297439441689871     
   7603.9805968248411       -3.8963860000000001        3.3564310454232071        8.8543532999999996        6.4872000000000003E-003   14.629039957205483        14.727291899026843        14.419160817022457        15.033722912064254        14.749998636457063        14.677456090252344        14.752486007203048        14.884966893263025        14.731958946349449        14.680664996769677        14.757367513345804        14.860375682112823        14.958964540840816        14.244621351899537        14.907206710213378        14.692869474347104        14.516410491320860        14.376593426286460        14.383240798007977        14.337007680833088        14.332992871649429        26.204645762259162        16.378976311476563     
   7547.4978850896277       -3.9093559999999998        3.3798279763002532        8.8543689000000008        6.4871000000000000E-003   14.645126519390553        14.749592656410316        14.425983848205645        15.075687886220956        14.776781387394630        14.689212214543330        14.759250038409773        14.889692779037928        14.757252049661174        14.692471687698452        14.763982873248770        14.865147448790490        14.963296279370629        14.285383789696072        14.936283538764945        14.711326546210946        14.526680741137193        14.382329641162206        14.389613083256725        14.351482890331729        14.354782651659912        26.486296082061294        16.470612182621707     
   7484.4346376486556       -3.9239480000000002        3.4049008096304436        8.8543847000000007        6.4869999999999997E-003   14.660965520752201        14.773971364361985        14.429372112617985        15.125722914284959        14.807253324952127        14.699404266540606        14.762524240132871        14.890327287775053        14.785783588761626        14.702689750157935        14.767037099615637        14.865912419416064        14.963564999414304        14.333851212335164        14.969739065906859        14.730624262017384        14.534881201369368        14.384211539951499        14.394186873420393        14.369378612856734        14.383049347953476        26.788804376147091        16.583057281366884     
   7425.8983490376522       -3.9376050000000000        3.4299742778159472        8.8544014999999998        6.4869000000000003E-003   14.673533734496328        14.795689927685977        14.429187557790414        15.175157195644374        14.835406968804701        14.705913387547149        14.761939333573842        14.888180198375025        14.811919966939247        14.709181364806913        14.766289641625747        14.863851110060033        14.961932964156532        14.381650086392170        15.001219719135733        14.746847890381940        14.539448067235639        14.382564554370628        14.401435869087145        14.396053036991752        14.420901495778285        26.988692752355071        16.699526727003075     
   7370.4499261471801       -3.9506389999999998        3.4539517624937632        8.8544175999999997        6.4868000000000000E-003   14.684865107921388        14.815822985582907        14.428369541015373        15.222656196817860        14.861646654585671        14.711500522646270        14.760655314096395        14.885517034512473        14.836132485597718        14.714745273060759        14.764891748734955        14.861205790446130        14.959964668839321        14.427607015879063        15.030941041581025        14.761550226885033        14.543169366724728        14.380258076369261        14.409113321000637        14.424795430781126        14.462452861908529        27.208364263672607        16.811428631951394     
   7315.6682008196567       -3.9636149999999999        3.4772690095661800        8.8544327000000003        6.4866000000000004E-003   14.695545483891802        14.835326572035054        14.426981341242609        15.270257661428808        14.887193416717988        14.716501605104749        14.758723830069776        14.882319273369436        14.859565465223536        14.719717075288077        14.762886076172091        14.857965084074532        14.957651149685841        14.473691791713993        15.060242815130323        14.775473171685537        14.546302336376048        14.377300840639421        14.417507046799329        14.456544489238425        14.508977968748855        27.454408754171236        16.923518357158642     
   7260.0732081086544       -3.9768829999999999        3.5006702781983092        8.8544476000000003        6.4865000000000001E-003   14.705793353145509        14.854657519453308        14.424915911010181        15.319180518591008        14.912666982051658        14.720981987951525        14.756022834886664        14.878431180575099        14.882781191078170        14.724161323488495        14.760148726411654        14.853971857152743        14.954861352625315        14.521082456359871        15.089847336489822        14.788922210686067        14.548861893095641        14.373543104806728        14.426779489921408        14.492102537682463        14.561686347780210        27.733526962884980        17.038757827746071     
   7203.8556185887446       -3.9904020000000000        3.5240388721978655        8.8544622000000004        6.4863999999999998E-003   14.721960912065825        14.880395558505484        14.427754209968743        15.370389703987922        14.945794932405565        14.731794081494090        14.758602176078863        14.878240032267247        14.913816856071609        14.734863920430175        14.762517287296035        14.853676426198934        14.955045895612439        14.570842860494562        15.125661081667065        14.809511010145535        14.557275354393862        14.374533878049771        14.436699735709453        14.522191689742296        14.600677749510044        27.912467399743409        17.148579513137751     
   7147.5795895164983       -4.0040399999999998        3.5474195596029485        8.8544765999999999        6.4863000000000004E-003   14.740750678443868        14.908710122354700        14.433171682569901        15.422434338666550        14.981479431600205        14.745848262995532        14.763946519354549        14.880032964090779        14.947384355964383        14.748750855289048        14.767601463053188        14.855422120850600        14.956766340969539        14.621531465277977        15.163766490291854        14.832904924341529        14.568765446275977        14.378033925002201        14.446871700698610        14.550501852252141        14.635749488697131        28.066076529451315        17.252348271812011     
   7092.0207891971686       -4.0176109999999996        3.5704633311923963        8.8544906000000001        6.4862000000000001E-003   14.760663475690015        14.937893586899294        14.440049003967117        15.474341299252623        15.017632750587902        14.761647210285028        14.770849890552180        14.882975460033608        14.981362457438889        14.764338845757068        14.774241503601994        14.858370366800640        14.959355404277227        14.672178595457849        15.202417988411868        14.857263615697347        14.581961332220894        14.382962987553720        14.457158868977372        14.578360645939052        14.670259492672345        28.218731383459705        17.349942951197519     
   7037.1531061211554       -4.0311149999999998        3.5931933768375846        8.8545043000000003        6.4860999999999999E-003   14.783636802128182        14.968489296710313        14.452178757549479        15.523309341645483        15.053910191260062        14.781560342972845        14.783102116353145        14.891454645162742        15.015836001526321        14.784062247669883        14.786244503249396        14.866897042224405        14.967353444111364        14.720138161236566        15.240726352965606        14.884019951586062        14.599600426039583        14.393422232632009        14.471075260978790        14.604806634149174        14.700925848653000        28.403141270218935        17.434635145330660     
   6982.7742223507139       -4.0446049999999998        3.6155813970425812        8.8545175000000000        6.4859999999999996E-003   14.809724897361242        14.999906431216623        14.470759148542417        15.568156341078975        15.089396955412326        14.805452705650453        14.801778110870785        14.907377047918736        15.050280360742800        14.807847106294453        14.804749304547336        14.882889650267064        14.983064439282515        14.764249792999543        15.277643158259060        14.913019344804212        14.621905750360170        14.410784483341715        14.492103996594263        14.633165075594725        14.729551122674465        28.630562865271727        17.507848646828403     
   6927.8583607434239       -4.0583320000000001        3.6377712557580493        8.8545301999999992        6.4859000000000002E-003   14.837915431621610        15.032350648054841        14.493444062879011        15.612187874889923        15.125146758332729        14.831821951817307        14.824527632149319        14.928108450234966        15.085485299820146        14.834155549474357        14.827406976469643        14.903710344304233        15.003795985195520        14.807687566355309        15.314635155341005        14.943698030466432        14.647198604673729        14.432471979067468        14.519388343236763        14.667415365927457        14.760996612193640        28.865609509995839        17.578026881837925     
   6872.2507918820393       -4.0723469999999997        3.6601072341516354        8.8545428000000008        6.4857999999999999E-003   14.866213999659230        15.064998392560966        14.516180988248500        15.657123832145068        15.161082957160499        14.858292619164921        14.847336413449888        14.948922479810673        15.120756315285171        14.860587299020239        14.850122729291257        14.924575822764787        15.024587420291908        14.851999600254388        15.351962442129782        14.974389274103899        14.672595572700562        14.454198937126847        14.547068392404803        14.702798743581933        14.794495366511036        29.104482819168368        17.650292315858252     
   6817.1994454988608       -4.0863300000000002        3.6822624924772667        8.8545552999999995        6.4856999999999996E-003   14.893985407655814        15.097116978077997        14.538459641809789        15.701957732507553        15.196398815642242        14.884270600700125        14.869692571616374        14.969352210455872        15.155301214159890        14.886549199149064        14.872386767347320        14.945017863733687        15.044972246700281        14.896193340277735        15.388787559359868        15.004403702037278        14.697526710066329        14.475477738979441        14.574524029335882        14.738524554831185        14.829302564770670        29.341827280851895        17.723028118095606     
   6762.5423832406123       -4.1003270000000001        3.7039712237869207        8.8545672000000000        6.4856000000000002E-003   14.921317573209915        15.128805999379757        14.560351488237135        15.746812335829752        15.231204804802726        14.909838123697583        14.891667619606025        14.989462273270988        15.189231129265433        14.912122845880340        14.894270335156371        14.965102127665254        15.065015557544310        14.940390246610434        15.425222009056991        15.033839061057343        14.722070754410382        14.496376908978149        14.601834703248819        14.774679868015035        14.865478131104059        29.578319593643300        17.796417300151312     
   6706.9026091248679       -4.1146909999999997        3.7256658387497197        8.8545786999999994        6.4854999999999999E-003   14.950465577836594        15.162926466139941        14.583561022698914        15.795818922194035        15.268832313222804        14.937335804077643        14.914992708038374        15.010380971070537        15.225675460673491        14.939608058153992        14.917530826748669        14.986096708098769        15.085650263780567        14.988491503339636        15.464612679566967        15.065425731285680        14.748430289770431        14.518469705404234        14.628455112079932        14.811145863735559        14.900119274634667        29.803226291469038        17.875793684667642     
   6651.7512514977016       -4.1290449999999996        3.7472170340593927        8.8545900999999994        6.4854999999999999E-003   14.979592630524904        15.196972469116071        14.606852643804453        15.845403383986989        15.306341215218533        14.964946294356791        14.938401024563381        15.031343281514784        15.261829955987237        14.967176835750545        14.940903342788806        15.007150554500134        15.106341444618534        15.037080171477415        15.504019378959702        15.096817560589121        14.774901998012174        14.540672496666351        14.654962215776370        14.848102136748336        14.935192567709406        30.022139697066677        17.956065206137673     
   6597.2508841294821       -4.1433460000000002        3.7685101289660277        8.8546011999999994        6.4853999999999997E-003   15.008235768927918        15.230302782351156        14.629915324777780        15.894587616610263        15.342961187739053        14.992178994739337        14.961572830113713        15.052201992712821        15.296981951932114        14.994346278506274        14.964061820417438        15.028077682560163        15.127008002931209        15.085242461278899        15.542672544166845        15.127411326879770        14.801031407525649        14.562712967827590        14.681745118874456        14.885829670819216        14.971749731639584        30.239313441377352        18.035962755687585     
   6543.1518606749842       -4.1576649999999997        3.7894652850167088        8.8546121000000007        6.4853000000000003E-003   15.036497571547061        15.263046469416688        14.652820690361809        15.943558910392477        15.378840210611783        15.019127459004645        14.984580438159407        15.073015806610707        15.331276434727103        15.021210290623062        14.987077871071660        15.048937748193575        15.147705575285366        15.133162075046799        15.580724909003544        15.157326836728695        14.826906377530397        14.584656515591343        14.708876821613567        14.924433741319726        15.009870879881712        30.455685409170613        18.115803119214213     
   6489.0780822443803       -4.1720879999999996        3.8102342878720048        8.8546227000000002        6.4852000000000000E-003   15.065089531876293        15.295988002930319        14.676204664926303        15.993213941609270        15.414779876201099        15.046485522176809        15.008070308633155        15.094283954082556        15.365543647940051        15.048487785265991        15.010552104231749        15.070271987467862        15.168804537416129        15.181768613073878        15.619072551385656        15.187283939657330        14.853228044744288        14.607079199548377        14.736284986493764        14.963604351634959        15.048700162995729        30.671893037433868        18.196858011422510     
   6435.1844575960731       -4.1865880000000004        3.8307423423867655        8.8546329999999998        6.4850999999999997E-003   15.095454813020325        15.330698107211930        14.701438728701262        16.045017951329228        15.452256210589177        15.075679465668628        15.033427332592261        15.116970770817577        15.401408661525551        15.077680012523349        15.035705886100232        15.093179233998029        15.190873591591107        15.232669579309771        15.659457320071525        15.218700848593308        14.881488220971328        14.631146985822252        14.763073244306007        15.001544817612839        15.084677872673897        30.884324179103544        18.281058516844151     
   6381.5767973022566       -4.2011300000000000        3.8509910079836778        8.8546429000000000        6.4850999999999997E-003   15.126003387383804        15.366012700863539        14.726462752780165        16.096856091378175        15.490510166016289        15.105042765005447        15.058487664193684        15.139483466668718        15.438343018445448        15.106961392197551        15.060499632230574        15.115888792656463        15.212868897773781        15.283674704788794        15.700402341156057        15.250974568831154        14.909727755898601        14.654913616905244        14.789227130112124        15.036121150842629        15.117605934183302        31.098659809542440        18.365183485716901     
   6328.3865668949093       -4.2156789999999997        3.8709797905169236        8.8546527000000008        6.4850000000000003E-003   15.156117436732361        15.400769241539203        14.751230886212953        16.148722422302285        15.527984612368423        15.134136974437437        15.083282976816870        15.161781296996319        15.474381299873359        15.135971263201997        15.085054481090102        15.138360483217868        15.234692028919030        15.334702631159596        15.740786503969696        15.282613028939624        14.937682390488840        14.678445444841687        14.815327368885724        15.070825821600797        15.152907972022208        31.335811608770172        18.449549312429724     
   6275.6974763329881       -4.2302130000000000        3.8907060858315683        8.8546621000000005        6.4849000000000000E-003   15.185697078536972        15.434838140179497        14.775674712696901        16.200487197880463        15.564532580170049        15.162866107777884        15.107747962973139        15.183798650701426        15.509365077023972        15.164616852722222        15.109307616763882        15.160529508038902        15.256274501190468        15.385622081805185        15.780471100006427        15.313478016655871        14.965267888914109        14.701679425961952        14.841329166646634        15.105733579673871        15.190642961976547        31.595133772523010        18.533981947404328     
   6223.6046985242010       -4.2447020000000002        3.9101718879103324        8.8546714000000009        6.4849000000000000E-003   15.215893638383807        15.469548587188054        14.800755134838550        16.253379429890874        15.601673723076065        15.192568114582112        15.132987688132069        15.206257159965336        15.544870934433323        15.194116010326230        15.134410439212598        15.183205312779517        15.277979874625970        15.437743568548900        15.820906502853859        15.345142183371536        14.993689606221889        14.725613425517810        14.866239842227262        15.139532342958113        15.229261682128300        31.826689877139213        18.619987017853060     
   6173.2803467502599       -4.2588150000000002        3.9293703064717280        8.8546808000000006        6.4847999999999998E-003   15.246050656540078        15.504128852756807        14.825921544206949        16.306171759694923        15.638566321766014        15.222546897629677        15.158446112672291        15.228670846720760        15.580134469450535        15.223775475795136        15.159782718761910        15.205910379386925        15.299376398407212        15.489834203356480        15.861180077274547        15.376885304202624        15.022301053845922        14.749712887754477        14.889554992819207        15.171647612861911        15.268171949684188        31.993573937244967        18.705521768985616     
   6128.7372109822290       -4.2714030000000003        3.9469955797605358        8.8546896000000004        6.4847000000000004E-003   15.272586290789492        15.534487929993945        14.848147137598149        16.353216183111840        15.670793055626207        15.249016471296875        15.180934558170380        15.248464284445239        15.610850083796029        15.249951185508705        15.182190549552802        15.225966077670490        15.318311857870016        15.536226394330450        15.896609555116397        15.404637124086532        15.047560372265538        14.770998459965954        14.910235188984609        15.200553815031407        15.305033752645743        32.122983912803768        18.781890954697502     
   6089.7715368783129       -4.2824929999999997        3.9623441965662218        8.8546972999999998        6.4847000000000004E-003   15.295646130503942        15.560821881259935        14.867519194163920        16.394581669460067        15.698622946540334        15.272089124367037        15.200539922242095        15.265712073118012        15.637304786448842        15.272758121557748        15.201722034996957        15.243446631724490        15.334841708238175        15.576997335687539        15.927402995199637        15.428616335210160        15.069574312014110        14.789551549877467        14.928327168411338        15.226178091188382        15.339112222840788        32.222059097409627        18.849174132319433     
   6048.4208246871822       -4.2943369999999996        3.9772364639606379        8.8547040999999993        6.4846000000000001E-003   15.320024495362434        15.588602766831743        14.888068279462916        16.438758533383940        15.727850725362194        15.296553084853885        15.221340013602232        15.284010320312577        15.665018836409059        15.296931273732797        15.222440302715386        15.261995285728142        15.352411404637190        15.620518783197022        15.959940830304712        15.453822905157198        15.092914751232657        14.809234956518958        14.947591412434969        15.253778773161672        15.377209532927468        32.312840779503148        18.921125819977192     
   5996.2537075069376       -4.3093919999999999        3.9951076582374729        8.8547118000000005        6.4846000000000001E-003   15.350677863048295        15.623421116795059        14.914069588712112        16.495174104833254        15.764156253377104        15.327514541266746        15.247676813715826        15.307112832868617        15.699310693338150        15.327524254662725        15.248667857918315        15.285436349243460        15.374595925417706        15.676055563154387        16.000773793287983        15.485225014155896        15.122458283305948        14.834140263110287        14.971732576681292        15.288805107519780        15.428851657127792        32.435440182107520        19.012942406000619     
   5944.6870950126131       -4.3244009999999999        4.0130253457079554        8.8547195999999992        6.4844999999999998E-003   15.382319048451256        15.658612328426608        14.942130778750732        16.556079682127063        15.798602135763309        15.360923630044484        15.276256128325771        15.331466617317949        15.731328341179262        15.360704803788172        15.277134406569450        15.310360388509674        15.397428065774013        15.735862324914235        16.041569265254928        15.516114506985678        15.154495403387036        14.861001103263453        14.993473194062032        15.320199379754248        15.495302885363925        32.958067059992189        19.108747586231459     
   5893.3603923571973       -4.3394760000000003        4.0306994168526673        8.8547271999999992        6.4844000000000004E-003   15.413426267359169        15.692818592142492        14.970139406769986        16.617203487294496        15.831273221614760        15.394168852235191        15.304794497151404        15.355740732571322        15.761418212909566        15.393717119736477        15.305579988154820        15.335216140278591        15.420134646084106        15.795878401821208        16.081222944424908        15.545796989538180        15.186442017348851        14.887804105573425        15.015001366396037        15.352026855224709        15.567598503520779        33.549426967475156        19.204920817412130     
   5842.5441112082945       -4.3545249999999998        4.0481308250347112        8.8547346000000005        6.4844000000000004E-003   15.443810747310048        15.725844322897876        14.997912835722298        16.678179080270418        15.861999414505119        15.427041861787872        15.333106188332978        15.379773203210400        15.789427417252130        15.426354208287863        15.333818932280439        15.359838260350999        15.442563111146912        15.855743495363010        16.119513404477225        15.574106029000612        15.218095161069803        14.914373235918434        15.036172762894049        15.384073788667257        15.645189392058443        34.204823100497222        19.300904098088807     
   5792.1393263305536       -4.3695830000000004        4.0653159613009295        8.8547419000000005        6.4843000000000001E-003   15.474110552377500        15.758814314259151        15.025497704578644        16.738893603682197        15.892696859579434        15.459828523095045        15.361239647751550        15.403539118296468        15.817447589769259        15.458919326558568        15.361890171350883        15.384201153708570        15.464654610782983        15.915367101288521        16.157757574741193        15.602434924734379        15.249667290403295        14.940715702750982        15.057014324571949        15.415538341014770        15.721667094698592        34.840963382570379        19.396197180863435     
   5741.9710694324040       -4.3847040000000002        4.0822536058586918        8.8547489000000006        6.4843000000000001E-003   15.506821803140781        15.796297025225236        15.052937742793027        16.798710177062620        15.931377803541533        15.493460574331152        15.389252946332622        15.426861183742584        15.854261414228084        15.492400602116533        15.389813508796102        15.408134339332015        15.486114344133657        15.974186832224014        16.201337661100979        15.636544882629323        15.281776651164595        14.966761835096111        15.077443269150073        15.443495629862564        15.770075242028273        35.079297768384549        19.489105810881089     
   5692.1062746921307       -4.3998619999999997        4.0989449751108697        8.8547557000000001        6.4841999999999999E-003   15.542794513326914        15.838440366547275        15.082095429984133        16.860153536376462        15.976992434832585        15.529271258127952        15.419063383734557        15.451656262803791        15.898571364628889        15.528046616091377        15.419486330929256        15.433619814699011        15.508762104803932        16.034619437386642        16.250100528978756        15.676199550638302        15.315845956724576        14.994504935978718        15.098020991507749        15.470923322962978        15.800558593127885        34.942305794026183        19.584388602840722     
   5642.6615262885934       -4.4150239999999998        4.1153937666238170        8.8547624000000003        6.4841999999999999E-003   15.578355681744615        15.880070939613748        15.110948234777439        16.921321250056437        16.022114284513719        15.564609497104264        15.448550380628344        15.476245505279238        15.942337247515912        15.563208526226997        15.448818791871229        15.458880593094531        15.531284422843516        16.094766815940151        16.298388244730436        15.715300144186120        15.349488621224115        15.021968108092157        15.118703541565917        15.498515575594741        15.830848529274487        34.868096717019995        19.680047792469740     
   5593.5818831515153       -4.4302070000000002        4.1316014505929815        8.8547688999999998        6.4840999999999996E-003   15.613613577046108        15.921304928367126        15.139595801555190        16.982341744173645        16.066862246144765        15.599584788033537        15.477814592494680        15.500722342776209        15.985677926578900        15.597995940383596        15.477911806777376        15.484011157812651        15.553770959056225        16.154756691205435        16.346322176612404        15.753961511627670        15.382811519005974        15.049249144832684        15.139573516456560        15.526359896791037        15.861043403827820        34.855192232068752        19.776227958622975     
   5544.8397597997055       -4.4454170000000000        4.1475624541182654        8.8547752000000006        6.4840999999999996E-003   15.648522603040194        15.962101135830514        15.167987778245918        17.043176529122185        16.111196058554839        15.634152687334490        15.506806287086844        15.525032766134702        16.028553661609031        15.632364581954482        15.506715929947076        15.508958139537258        15.576165272304392        16.214550377859183        16.393862927555304        15.792142321579837        15.415768621953275        15.076296653945823        15.160569091452855        15.554395927527940        15.891091161368115        34.902219042322038        19.872890645540330     
   5496.4464355297623       -4.4606519999999996        4.1632855682327916        8.8547814000000002        6.4840000000000002E-003   15.683337966117097        16.002744886004763        15.196351785738059        17.104236608796633        16.155468994449432        15.668554174467541        15.535762308907596        15.549405524175278        16.071292956093558        15.666563817021640        15.535470469271715        15.533950405572526        15.598672397565618        16.274559493385521        16.441370558878585        15.830125938005381        15.448602010999000        15.103343421251132        15.181763278337264        15.582336131035973        15.920401874088753        35.011303398434315        19.970563744870354     
   5448.4503793154945       -4.4758950000000004        4.1787653857213662        8.8547873999999993        6.4840000000000002E-003   15.720195649871243        16.045752003322182        15.226515106157869        17.169598242273494        16.203005721955350        15.704763436932474        15.566602664112068        15.575698949599868        16.116938042110878        15.702674405381526        15.566137828364759        15.560845952471759        15.622868140505155        16.338861749656449        16.492265117967989        15.870401182158929        15.483286770052445        15.132288301256285        15.203225461749639        15.605969208940763        15.941333821903029        35.205368191188548        20.074899185373589     
   5400.8112546513639       -4.4911550000000000        4.1940037343743084        8.8547931999999996        6.4838999999999999E-003   15.756733475710568        16.088410347272283        15.256470790592083        17.234808430037987        16.250225222246016        15.740628790064996        15.597196781414915        15.601892734012452        16.162255732477220        15.738453919663485        15.596577017746689        15.587625264556138        15.647001301890921        16.403003658770281        16.542863173826007        15.910314388056285        15.517638941725600        15.161068154479736        15.224787065901420        15.629484368872312        15.962073729478984        35.429704494802429        20.179610852789253     
   5353.4530715983319       -4.5064599999999997        4.2090049663116851        8.8547989000000005        6.4838999999999999E-003   15.792944290709656        16.130722188519918        15.286199932623056        17.299898124324756        16.297135740847558        15.776142587302864        15.627527449401690        15.627960376828209        16.207251721258597        15.773894336265744        15.626770241131140        15.614263017071224        15.671041655377302        16.467014807448859        16.593177442415985        15.949864125542891        15.551648465987249        15.189661523659929        15.246410896354046        15.652851582426628        15.982589044747598        35.683968741255519        20.284776272091641     
   5306.4124103997920       -4.5217999999999998        4.2237687177906516        8.8548045000000002        6.4838999999999999E-003   15.828835099129904        16.172689502705111        15.315713374796587        17.364844921020786        16.343734489797939        15.811312909658817        15.657605675963694        15.653914065749522        16.251925147969761        15.809003569107343        15.656728297644019        15.640771181612955        15.695002548604837        16.530873939520049        16.643201652022157        15.989055134191453        15.585324586297254        15.218079499294458        15.268109515505259        15.676085838213446        16.002898712394312        35.967407110017149        20.390326802680235     
   5259.9183181580511       -4.5370920000000003        4.2382995636143761        8.8548098999999993        6.4837999999999996E-003   15.864266751273782        16.214143100549649        15.344901349793169        17.429358031856751        16.389827991193798        15.846004884755605        15.687319843277461        15.679659248354355        16.296092553636953        15.843646721986293        15.686339704470253        15.667052827108296        15.718798557044490        16.594296011830835        16.692724424010510        16.027732642597876        15.618539707189449        15.246216749249385        15.289804742354306        15.699106862078331        16.022939193505607        36.277827149831722        20.495752121615638     
   5213.9636609505160       -4.5523420000000003        4.2525900000705148        8.8548152000000009        6.4837999999999996E-003   15.901383931038573        16.258392274416778        15.374884648890230        17.498847307187560        16.439386875738059        15.882697322853325        15.717915132714971        15.705551142107790        16.343693670773533        15.880214420980280        15.716780682552717        15.693660106158809        15.742707362441752        16.662574463457421        16.746075378682711        16.069156653849383        15.653312634931797        15.274987571754011        15.310309518344599        15.720153510150496        16.042467328280249        36.585976268401666        20.607842104914354     
   5168.2795925727514       -4.5676370000000004        4.2666471974575746        8.8548203000000001        6.4837000000000002E-003   15.938978351273041        16.303465752416265        15.405044972427762        17.569787445014313        16.489985128383211        15.919955883992143        15.748749568409716        15.731400220379731        16.392335777007951        15.917341599669518        15.747419953691905        15.720293659973775        15.766547033491422        16.732256602493472        16.800545436873293        16.111420019403099        15.688532774800938        15.303888144069179        15.330335314624895        15.740533310648500        16.061782736996676        36.880124306553320        20.721660709884169     
   5122.7834760257028       -4.5830000000000002        4.2804686565230297        8.8548252999999999        6.4837000000000002E-003   15.976975009780586        16.349274643881692        15.435161317362356        17.640769068498948        16.541496281973757        15.957847985063916        15.779700471973969        15.756721907338319        16.441893142072068        15.955055870476921        15.778153058786033        15.746533713323954        15.789588886532583        16.801997983873441        16.855784539975353        16.154588637776300        15.724212127571390        15.332649568476471        15.349161580618974        15.759850492352518        16.080490641986614        36.807501594121064        20.832396838621065     
   5077.7112432738541       -4.5983580000000002        4.2940593092631891        8.8548302000000003        6.4837000000000002E-003   16.014643550772526        16.394708521643821        15.465022973365434        17.711303168905893        16.592637747293153        15.995427965405019        15.810388920291855        15.781852797895533        16.491062279504185        15.992459684628836        15.808629915358678        15.772559383535400        15.812405219758906        16.871277499320811        16.910634272080301        16.197417674767330        15.759595805774067        15.361162271840461        15.367868375414998        15.779035392888131        16.099035127086893        36.737566337866618        20.942543841015564     
   5033.1398754942693       -4.6136780000000002        4.3074192683825832        8.8548349999999996        6.4836000000000000E-003   16.051952337399733        16.439721693525641        15.494611636861210        17.781296227684294        16.643352298892417        16.032663878354754        15.840795197337082        15.806782075128568        16.539790455805253        16.029521396009436        15.838831037932509        15.798358787083624        15.834990885468086        16.940004566071572        16.965030611668467        16.239865557365420        15.794655744359369        15.389410453499670        15.386455523409255        15.798087277419706        16.117417679112975        36.670408625750284        21.051933537866695     
   4988.9137985152665       -4.6290129999999996        4.3205511904630045        8.8548396999999994        6.4836000000000000E-003   16.089617636340940        16.485230123625392        15.524542563445697        17.852525765101937        16.694706478097672        16.070346796105902        15.871525967496991        15.832149441189374        16.589088871323867        16.067012872088057        15.869365570226643        15.824563941204177        15.857962979478172        17.009945852069336        17.020184522504863        16.282801080983134        15.830128249930508        15.417983898837678        15.405432899886149        15.817236485044178        16.135913364252239        36.609399172936691        21.164142640762059     
   4944.9055410566752       -4.6444130000000001        4.3334528511413621        8.8548442000000005        6.4836000000000000E-003   16.129038719858578        16.533072378923201        15.555984084612200        17.928677386536776        16.748858474517192        16.110030657300761        15.903729344991058        15.859151178102403        16.641015738686875        16.106450920761539        15.901391472869244        15.852360831032472        15.882531583186031        17.084769664966558        17.078559175755963        16.327952366307478        15.867442166461862        15.447994481387321        15.425885087697436        15.837034088414756        16.155186886913377        36.564544403248810        21.286624883194115     
   4901.1613493653749       -4.6598530000000000        4.3461270476448490        8.8548486000000004        6.4834999999999997E-003   16.168236315935083        16.580785108964676        15.587150285465908        18.005068366230702        16.802967174623120        16.149513783017838        15.935652819620215        15.885859493112720        16.692882036923919        16.145689708922980        15.933148748230794        15.879859525435274        15.906849654395431        17.159816462728010        17.136934302150316        16.372955719710092        15.904524810951310        15.477713981102644        15.446280315416159        15.856801459561735        16.174437171266284        36.526393431606245        21.409875078600194     
   4857.9048031794528       -4.6752549999999999        4.3585791673919658        8.8548528999999991        6.4834999999999997E-003   16.206943793632050        16.628054463684471        15.617818135101802        18.081224475385127        16.856682860720760        16.188527459505067        15.967069490801533        15.912075283970937        16.744350291251763        16.184461771647285        15.964411084452488        15.906856882849704        15.930729578102040        17.234619511290582        17.194936607487556        16.417512024191872        15.941120884127409        15.506927385957725        15.466446687996855        15.876369340008770        16.193497505545729        36.494908750822937        21.533158813833431     
   4815.1076392675732       -4.6906340000000002        4.3708096985094471        8.8548571000000003        6.4834999999999997E-003   16.245220587920556        16.674940853565516        15.648045002394534        18.157207767193341        16.910066187369068        16.227130542927760        15.998037217129786        15.937854440916867        16.795480664897482        16.222825807232674        15.995235913462706        15.933409304204973        15.954224810116040        17.309240759064998        17.252627336640352        16.461681022818233        15.977289093327860        15.535691894261175        15.486429836944632        15.895782246349180        16.212411949307665        36.469897153791152        21.656543128559065     
   4772.6545413155563       -4.7060209999999998        4.3828191880746479        8.8548612999999996        6.4834000000000003E-003   16.283203881610493        16.721600781638568        15.677949055459646        18.233238663889413        16.963287830934693        16.265460442179624        16.028676164393193        15.963304345884250        16.846438584369910        16.260918580462043        16.025742742406404        15.959626256231456        15.977435811726348        17.383897613878869        17.310186914728124        16.505612825389324        16.013161488045558        15.564122388552601        15.506316198592284        15.915124492438061        16.231263382460245        36.451150710400171        21.780354439070695     
   4730.7173425966994       -4.7213560000000001        4.3946082414218752        8.8548653000000002        6.4834000000000003E-003   16.322185287759567        16.769304598483203        15.709019187213574        18.311034755630391        17.017689576160013        16.304881568914450        16.060504602558748        15.989980661438228        16.898526144660753        16.300082848612444        16.057437211066915        15.987015517060083        16.001998242256626        17.460223309119119        17.368984610471660        16.550690607260631        16.050127179781406        15.593746773699504        15.526994846908433        15.934383234118041        16.250183124410650        36.464726594753671        21.907369416892944     
   4689.0946595091546       -4.7367119999999998        4.4061775214338752        8.8548691999999996        6.4834000000000003E-003   16.362603981730093        16.818567955981727        15.741678980615415        18.391541326849843        17.073871374213251        16.345852826163114        16.093954735702351        16.018301115509889        16.952320199868236        16.340766057155509        16.090735132632695        16.015991358502013        16.028311258253776        17.539152136012657        17.429693481097640        16.597431269541904        16.088627235970510        15.624987331998476        15.548743629190813        15.953731460965113        16.269329616249710        36.500674112504569        22.039079805814712     
   4647.6027499241718       -4.7521540000000000        4.4175302805168366        8.8548729999999995        6.4834000000000003E-003   16.402857605715266        16.867816950056689        15.774101418732297        18.472705706185497        17.130182864027599        16.386688334967474        16.127165026437407        16.046366797345694        17.006216884315126        16.381305243015554        16.123784515793467        16.044710371372865        16.054375809597811        17.618734557853028        17.490643378097392        16.644130936666269        16.126946387362405        15.655973125054867        15.570434651870453        15.973106394763136        16.288459680749686        36.523336841291069        22.172196925521622     
   4606.3400990973014       -4.7676520000000000        4.4286698516196985        8.8548767000000002        6.4833000000000000E-003   16.442884604073541        16.916966354129123        15.806244788159972        18.554356903953757        17.186519902031183        16.427324755951062        16.160091891540681        16.074146736899820        17.060118235866632        16.421637888518418        16.156542277386123        16.073140034825272        16.080165675908958        17.698803457911055        17.551717515527308        16.690710882509311        16.165027953626002        15.686666133341788        15.592049777229299        15.992494403429227        16.307560836903733        36.532866109209330        22.306414644738375     
   4565.3596912288976       -4.7831789999999996        4.4395996463124368        8.8548802999999996        6.4833000000000000E-003   16.482567337399221        16.965883537458943        15.838003345716391        18.636306412062769        17.242737584739466        16.467643097790635        16.192628581957500        16.101541362982299        17.113883113742936        16.461645560094851        16.188902052947501        16.101179943255083        16.105583841347087        17.779172527151974        17.612762600745114        16.737042410494091        16.202757194414350        15.716962877305420        15.613494106985804        16.011802042192336        16.326540812307748        36.529425056650624        22.441460249506818     
   4524.6500999785949       -4.7987419999999998        4.4503206021759061        8.8548837999999996        6.4833000000000000E-003   16.522337876619453        17.014748101453073        15.869983403848380        18.717115082477658        17.298716503317408        16.508170801282919        16.225440247972358        16.129037136205547        17.167501620514159        16.501875241987950        16.221527651674066        16.129370835024339        16.130931828907173        17.858464984803344        17.673418675894176        16.783465094736357        16.240743541191645        15.747493805817438        15.634300345513452        16.030710225920011        16.345237414405322        36.552849546511148        22.573582978632381     
   4484.2931931617495       -4.8143089999999997        4.4608362649834712        8.8548872000000003        6.4831999999999997E-003   16.564197237121427        17.065397577031121        15.904242047756499        18.796532436178325        17.356120438746821        16.551222127656153        16.260706860934746        16.158404404292469        17.222736492366700        16.544648849192086        16.256636323164216        16.159609343624972        16.157628615400228        17.936485072060243        17.734995539009446        16.832114522115383        16.281324174348001        15.780340491990467        15.653931355055045        16.048768297778622        16.363681390071164        36.623609482150250        22.698152050763639     
   4444.3883447315802       -4.8298399999999999        4.4711502541030779        8.8548904999999998        6.4831999999999997E-003   16.608296499259914        17.118301727885246        15.940781030644446        18.876751256241370        17.415790338755926        16.596956928665691        16.298378600321570        16.189816533036513        17.280299367338145        16.590082731361427        16.294181581947001        16.192022336043060        16.186087853166079        18.015338151158211        17.798560022602572        16.883302517537473        16.324530937651204        15.815513609851644        15.673112808867996        16.066312010375725        16.382129474632940        36.682418212689129        22.819460786322175     
   4404.8588868241559       -4.8453629999999999        4.4812611252404588        8.8548937999999993        6.4831999999999997E-003   16.651924394489370        17.170742894345125        15.976936480370911        18.956626486629069        17.474988183890012        16.642253162808380        16.335670922863464        16.220918426431560        17.337390101208861        16.635072526570596        16.331325490882726        16.224104115667863        16.214309608375210        18.093837380251443        17.861667197911977        16.934003848844618        16.367294649710402        15.850324397538175        15.692286607591745        16.083795378569334        16.400423926894646        36.739670990808989        22.940832584321868     
   4365.7915906867529       -4.8608450000000003        4.4911751797842081        8.8548969999999994        6.4831999999999997E-003   16.694986931333482        17.222604855381583        16.012630281802629        19.035969808386824        17.533581195835893        16.687011652316414        16.372502747568049        16.251642275534543        17.393881169205756        16.679519993092853        16.367988027330838        16.255785087475104        16.242230978945202        18.171798190985960        17.924174083416212        16.984107371219977        16.409522584772894        15.884697428320125        15.711405236118440        16.101176725845200        16.418523952987840        36.795275087835442        23.061963053911839     
   4327.1405324468724       -4.8762960000000000        4.5008884958875059        8.8549001000000001        6.4831999999999997E-003   16.737536581701825        17.273947434566153        16.047905697985463        19.114861005250418        17.591635318991131        16.731285282879682        16.408918188378777        16.282024680993743        17.449836697581823        16.723477924096791        16.404213866134995        16.287103357185565        16.269883798391831        18.249299500895290        17.986149538500591        17.033672147164602        16.451265580139506        15.918674139385532        15.730485505721761        16.118473053492146        16.436450176510263        36.849328820941103        23.182955092783217     
   4288.8810355530677       -4.8917240000000000        4.5104049068148546        8.8549032000000008        6.4831000000000003E-003   16.779635699949001        17.324835877465002        16.082819941449682        19.193371653393346        17.649218451431647        16.775136074401036        16.444974744205698        16.312118982038097        17.505323839767634        16.767008386302944        16.440061076168003        16.318113208586706        16.297318319010476        18.326412691690575        18.047662427590780        17.082763477330296        16.492584882616786        15.952310665467301        15.749567904614029        16.135725767401428        16.454246949047015        36.901928847343640        23.303883394231153     
   4250.9793960229144       -4.9071490000000004        4.5197283126597201        8.8549060999999991        6.4831000000000003E-003   16.821255881414874        17.375247023981288        16.117337821563076        19.271492669050286        17.706311839273940        16.818535841530899        16.480637821257382        16.341885063191800        17.560322537901367        16.810083140431228        16.475495514501755        16.348775647370697        16.324490860573835        18.403128077604780        18.108696057552155        17.131357705419791        16.533450850760534        15.985570462117838        15.768597565818684        16.152880202370547        16.471862371819807        36.953084622145951        23.424754719056853     
   4213.4321038589896       -4.9225649999999996        4.5288548970367168        8.8549089999999993        6.4831000000000003E-003   16.866601499845142        17.430786686751983        16.154924401276826        19.358619696807718        17.769887291383597        16.866117830550817        16.519567344200805        16.373943529359494        17.621472154112396        16.857452376005394        16.514110608685296        16.381817117688694        16.353638476891796        18.488974587640829        18.176662238847058        17.185175519565131        16.578242752196662        16.021667436516974        15.787627985152607        16.170573596716142        16.490630603801932        37.025229774461707        23.559908800998276     
   4176.2741496775088       -4.9379540000000004        4.5377912426772733        8.8549118000000000        6.4831000000000003E-003   16.911608544067516        17.485949496219984        16.192221684756586        19.445632827258255        17.833148185690753        16.913337134700694        16.558178815994964        16.405763627809495        17.682291352834575        16.904464130687646        16.552426242908613        16.414612688732031        16.382578393083197        18.574709142081772        18.244322674863945        17.238636888257187        16.622686527738889        16.057486800989086        15.806450209565703        16.188142791943740        16.509270853305715        37.096191898302607        23.695542912541104     
   4139.3295133357042       -4.9533920000000000        4.5465362041053856        8.8549146000000007        6.4830000000000000E-003   16.956412574155920        17.540880153640170        16.229348415294325        19.532716107445463        17.896239126701090        16.960327861012313        16.596592033210467        16.437460270019553        17.742922673910265        16.951248499039760        16.590562685739602        16.447279205046375        16.411421468320118        18.660506608365530        18.311829927876246        17.291875867611747        16.666910363773660        16.093146885445883        15.825184376098196        16.205686605942510        16.527869527597801        37.165763476602436        23.831918580061707     
   4102.6455735150748       -4.9688610000000004        4.5550964835941228        8.8549173000000003        6.4830000000000000E-003   17.000888757778757        17.595440282730575        16.266189831155959        19.619680650835338        17.959009192379909        17.006962619223504        16.634690970938660        16.468925357971170        17.803218959941116        16.997678355437923        16.628403934248109        16.479707323384812        16.440063074092347        18.746180025053345        18.379026609458073        17.344756249109714        16.710790558265472        16.128534754521805        15.843739801991610        16.223114800750640        16.546335211062051        37.233809098019194        23.968765567384661     
   4066.3054634042828       -4.9843209999999996        4.5634710234406359        8.8549199000000005        6.4830000000000000E-003   17.044969268421102        17.649538497811939        16.302695692842846        19.706349855454018        18.021345753305162        17.053169004936517        16.672423030583708        16.500120453327749        17.863073962505304        17.043681759833124        16.665897552084342        16.511856422994587        16.468470924903546        18.831556069479365        18.445789037779711        17.397190454176226        16.754261126189053        16.163603394092871        15.862108252463617        16.240420356405902        16.564658777063794        37.300232679206744        24.105771137046229     
   4030.2686839134876       -4.9997840000000000        4.5716666395717711        8.8549223999999995        6.4830000000000000E-003   17.088702668372054        17.703233774527618        16.338906424191816        19.792806489460350        18.083314165181154        17.098998282390429        16.709830523178155        16.531079655826108        17.922551094509778        17.089309750252728        16.703085136822768        16.543761666670378        16.496675753853413        18.916716443730298        18.512186417392549        17.449235604298945        16.797370470867012        16.198391553587520        15.880310543110038        16.257621478354995        16.582859823374012        37.365134499278497        24.243049648179333     
