  #       Teff 			 log(L/Lsun) 		 tcool(gyr) 			logg(CGS)		  R/R_sun		       G3      			Bp3    			Rp3     		    u      			g      			 r      		 i       		z     				g		       r       			i      			 z       			y  
   79225.684476553972       -2.1640000000000000E-002   2.8735362786727592E-004   9.0985393999999999        5.1735000000000001E-003   10.618594809084270        10.423143829788957        10.995782973487708        9.8032887825158443        10.349190741106467        10.917362514427230        11.323782973487708        11.691675021700528        10.426796583506464        10.924362514427235        11.335782973487708        11.638264473017854        11.860280864100529        9.0612418711983356        10.344709241576316        10.692486857297089        10.838362514427237        11.045752453252872        11.513156521230675        11.663214651160819        11.790319692408476        8.3185771195525948        8.9757229810706871     
   78083.990510151387       -4.7375000000000000E-002   3.0135831260989223E-004   9.0990602000000003        5.1704000000000003E-003   10.632111769906137        10.436891212604104        11.008681604247906        9.8175657788357231        10.363006893439783        10.930536967059181        11.336681604247905        11.704414083185613        10.440610652639785        10.937536967059183        11.348681604247906        11.650978081663242        11.873017842385616        9.0754500980000490        10.358710416024445        10.705844248843848        10.851536967059184        11.058605684134600        11.525710560600951        11.675592001216289        11.802589122667301        8.3370700507481654        8.9917991516971103     
   76962.470476450821       -7.2989999999999999E-002   3.1633365815451951E-004   9.0995437999999993        5.1675000000000002E-003   10.645331290315248        10.450336971419958        11.021293403460920        9.8315311396891794        10.376519777479757        10.943420031458182        11.349293403460916        11.716868703616012        10.454121602279756        10.950420031458183        11.361293403460916        11.663408669248764        11.885470528416008        9.0893483336293777        10.372404511691911        10.718906590470336        10.864420031458184        11.071172456568366        11.537983969403854        11.687691935991698        11.814582708639346        8.3551772981263106        9.0075329773596096     
   75875.226408184593       -9.8212999999999995E-002   3.3238763575326401E-004   9.1000498000000007        5.1644999999999998E-003   10.658224014235662        10.463449168154023        11.033596355130593        9.8451468802407707        10.389696572404043        10.955986582158117        11.361596355130592        11.729018804662248        10.467296373204045        10.962986582158118        11.373596355130593        11.675536274321390        11.897618605462247        9.1028994759907516        10.385756653213244        10.731646463767317        10.876986582158120        11.083431282021431        11.549958723853047        11.699499439843846        11.826287560084664        8.3728077457304853        9.0228637884468181     
   74809.714960425306      -0.12325200000000000        3.4962826857113782E-004   9.1005181999999998        5.1617000000000000E-003   10.670802495982930        10.476242625790846        11.045596593419280        9.8584332266667651        10.402552967050937        10.968245410471059        11.373596593419276        11.740868877671453        10.480150894250936        10.975245410471057        11.385596593419276        11.687365150855229        11.909466804871453        9.1161228854066749        10.398784409614986        10.744074780235106        10.889245410471059        11.095387906175411        11.561637435107404        11.711014283743356        11.837701473639395        8.3900289901131941        9.0378318831138600     
   73777.511079383810      -0.14787700000000001        3.6816363791226079E-004   9.1010106000000004        5.1587999999999998E-003   10.683064478165594        10.488713018349717        11.057297776369541        9.8713809326742776        10.415083852306029        10.980197731489408        11.385297776369537        11.752424112541728        10.492679809906033        10.987197731489406        11.397297776369538        11.698900651121161        11.921020070141733        9.1290100987179628        10.411480977554408        10.756190814337785        10.901197731489408        11.107046361433792        11.573026987293353        11.722246031644975        11.848835909952914        8.4067879720805578        9.0524094111266926     
   72765.245678525549      -0.17233299999999999        3.8820966987969998E-004   9.1014655999999992        5.1561000000000003E-003   10.695031353333547        10.500884166597839        11.068714482297576        9.8840196370833446        10.427314010554756        10.991860927037106        11.396714482297579        11.763697375390198        10.504908148154758        10.998860927037104        11.408714482297579        11.710155300508514        11.932291512990197        9.1415897931264318        10.423873192343819        10.768014246426166        10.912860927037105        11.118420850822343        11.584138193601138        11.733202461412073        11.859696573179924        8.4231647784728025        9.0666473067160247     
   71784.552935551284      -0.19638300000000000        4.0976682688801704E-004   9.1019427999999998        5.1533000000000004E-003   10.706700481566136        10.512751342179028        11.079849984563110        9.8963396058404509        10.439237884614668        11.003235847446801        11.407849984563112        11.774693437585865        10.516830113414668        11.010235847446802        11.419849984563113        11.721134126221022        11.943285666385863        9.1538530634048048        10.435953742956761        10.779543934588892        10.924235847446800        11.129514982292312        11.594977579243777        11.743892805701689        11.870294574595240        8.4391056751789097        9.0805172385787234     
   70824.415653270626      -0.22021399999999999        4.3337462881797251E-004   9.1023837000000007        5.1506000000000000E-003   10.718109866745500        10.524354518414846        11.090736767662104        9.9083856080781771        10.450896304739487        11.014357191441480        11.418736767662104        11.785443437117397        10.528486769939487        11.021357191441481        11.430736767662104        11.731867888102791        11.954033902317398        9.1658438217535370        10.447765184298799        10.790816536200797        10.935357191441479        11.140360995552072        11.605574557558086        11.754343817198770        11.880654863164100        8.4546971309610761        9.0940814592183372     
   69894.338668453172      -0.24364400000000000        4.5914163352392732E-004   9.1028468000000000        5.1479000000000004E-003   10.729505737285297        10.535948822884759        11.101596561230767        9.9204385197887746        10.462541782456693        11.025472166296542        11.429592214458836        11.796138562726217        10.540109262990381        11.032457253391453        11.441592214458836        11.742560516059370        11.964710390031840        9.1778561263499974        10.459573480856154        10.802041519419522        10.946457253391454        11.151153475631304        11.616075165927288        11.764692761506399        11.890916356973246        8.4701118275727048        9.1075653133866297     
   68983.146535033375      -0.26686500000000002        4.8739219287168109E-004   9.1032720000000005        5.1453999999999996E-003   10.742982754076634        10.549700898116123        11.114325419950992        9.9348677885380123        10.476329815112534        11.038660022683475        11.442283414954579        11.808463585568591        10.553713356419541        11.045516332340563        11.454283414954579        11.754978358915087        11.976889131872012        9.1923405568880963        10.473634871152028        10.815061239344152        10.959516332340561        11.163607275911501        11.627853473489610        11.776236120157458        11.902373698810960        8.4872836722865816        9.1230880126959715     
   68102.491393687989      -0.28963499999999998        5.1834308006959873E-004   9.1037210999999996        5.1427000000000000E-003   10.756127068327466        10.563111205309362        11.126746991125710        9.9489330704057402        10.489775045581322        11.051525514228864        11.454668266453748        11.820494378611222        10.566980659460057        11.058257038696272        11.466668266453748        11.767099013871857        11.988778717161921        9.2064589809944088        10.487344298163215        10.827763429624312        10.972257038696270        11.175762854143819        11.639355873447435        11.787510761498957        11.913565663838323        8.5039983601413809        9.1382100807333160     
   67239.736058499504      -0.31219700000000000        5.5275066018054984E-004   9.1041372999999997        5.1403000000000004E-003   10.768904017972215        10.576148646354667        11.138816639172191        9.9626123588873767        10.502847075728326        11.064029869542942        11.466701660598527        11.832181005821926        10.579878473740028        11.070638864575127        11.478701660598528        11.778873581416075        12.000327382407288        9.2201899559078662        10.500675154910777        10.840107336801466        10.984638864575125        11.187572010789737        11.650524847457028        11.798455103568227        11.924428724774078        8.5202730231587047        9.1529246756171787     
   66407.174160387716      -0.33428700000000000        5.9104831203822528E-004   9.1045811000000008        5.1376000000000000E-003   10.781394966068094        10.588891138219980        11.150625367355177        9.9759747373790706        10.515623110491342        11.076258429074985        11.478475070683809        11.843619615947963        10.592486220923421        11.082748849819653        11.490475070683809        11.790397222931924        12.011633023051404        9.2336020476916669        10.513700958243229        10.852180228748290        10.996748849819655        11.199129195203293        11.661463920444197        11.809176748774769        11.935072439390810        8.5361386065391383        9.1672861283866087     
   65591.717058188107      -0.35615900000000000        6.3410162474150406E-004   9.1049910999999994        5.1352000000000004E-003   10.793529152753628        10.601271602036171        11.162092033686136        9.9889624966855095        10.528036769826240        11.088136103957041        11.489906901496067        11.854723623919341        10.604735148837879        11.094510143472789        11.501906901496067        11.801584416613522        12.022607135121049        9.2466381571896221        10.526359254708787        10.863905046882721        11.008510143472790        11.210349584403595        11.672078654154255        11.819577154699800        11.945396219605620        8.5515780518249898        9.1812524362156864     
   64805.967699402529      -0.37753599999999998        6.8266930945125640E-004   9.1054315999999993        5.1326000000000002E-003   10.805341569155720        10.613321505245898        11.173261579393904        10.001598100310678        10.540118824900260        11.099702048344204        11.501042533339541        11.865543194019301        10.616658292040141        11.105963599059782        11.513042533339542        11.812484323649363        12.033301707213544        9.2593201838863752        10.538677034590441        10.875322826605418        11.019963599059780        11.221281643303724        11.682426774638946        11.829718092791436        11.955463868761379        8.5665746027338070        9.1948309390713927     
   64038.477777349202      -0.39864200000000000        7.3815907934115903E-004   9.1058404999999993        5.1301999999999997E-003   10.816823290391660        10.625035109058452        11.184115972785520        10.013883924811431        10.551864135255578        11.110943457896845        11.511863584588397        11.876055613699336        10.628248468811044        11.117094917477456        11.523863584588398        11.823075127921598        12.043692335451926        9.2716510508365744        10.550652591922372        10.886419167280334        11.031094917477454        11.231904154118723        11.692478700365744        11.839566443354990        11.965240377132723        8.5811664193074044        9.2080377514786136     
   63300.333774177743      -0.41921999999999998        8.0187286703039715E-004   9.1062803999999993        5.1276000000000004E-003   10.827988209094649        10.636423230562396        11.194677900856487        10.025822935803010        10.563282926244934        11.121877977169397        11.522393083573945        11.886288095483621        10.639517871399768        11.127923193264277        11.534393083573946        11.833383183706204        12.053807857920994        9.2836332067430547        10.562292826112682        10.897213254381739        11.041923193264275        11.242242879388741        11.702268295748127        11.849159546395388        11.974764944572804        8.5953217801379829        9.2208625352739979     
   62587.701123484272      -0.43929699999999999        8.7533131046021138E-004   9.1066873000000008        5.1251999999999999E-003   10.838723125887004        10.647373564749959        11.204831197021281        10.037305242425091        10.574263134811527        11.132390844859540        11.532514877759713        11.896123209009104        10.650353925836225        11.138333295710314        11.544514877759713        11.843291188096753        12.063530319295371        9.2951569022511684        10.573486824474482        10.907590227248743        11.052333295710316        11.252180758158328        11.711675829683195        11.858376319549258        11.983915337261603        8.6089437336191459        9.2332000010769093     
   61898.339687228865      -0.45897900000000003        9.6254478898572416E-004   9.1071317000000001        5.1225999999999997E-003   10.849223959845590        10.658082984739421        11.214769767677799        10.048529851615212        10.585001635796273        11.142677651434189        11.542422589820950        11.905753398895838        10.660952776933717        11.148520307546056        11.554422589820950        11.852992091727115        12.073051717890136        9.3064213665896371        10.584432133890102        10.917744602889206        11.062520307546057        11.261910742783966        11.720892402708179        11.867407632449490        11.992883046818216        8.6222365356711013        9.2452518439905393     
   61248.435532016061      -0.47772399999999998        1.0633152609297839E-003   9.1075371999999994        5.1202000000000001E-003   10.859104202255903        10.668159820396298        11.224120391625522        10.059092511819291        10.595106119091700        11.152356471459516        11.551743944130120        11.914813169542924        10.670925657398104        11.158104867517313        11.563743944130120        11.862118474789721        12.082009155344732        9.3170213695706856        10.594731588432094        10.927298271221911        11.072104867517314        11.271064773485126        11.729562230862133        11.875901879633727        12.001317169586930        8.6347488714792355        9.2565943891808686     
   60629.222647452785      -0.49581799999999998        1.1842646181988812E-003   9.1079810999999999        5.1175999999999999E-003   10.868648904326072        10.677892061931836        11.233160849385882        10.069288277217172        10.604864884270388        11.161710086862158        11.560756102647332        11.923575867306312        10.680558804399880        11.167368262388351        11.572756102647332        11.870944869441566        12.090674534174354        9.3272525326138727        10.604676117476153        10.936531591249796        11.081368262388349        11.279917691780120        11.737953400894781        11.884125033805315        12.009483729270059        8.6468004959329612        9.2675332100402272     
   60057.188859338770      -0.51268700000000000        1.3244553116736029E-003   9.1083818000000001        5.1152000000000003E-003   10.877467350470438        10.686883721012636        11.241513861858630        10.078708263918495        10.613881241720032        11.170352321828963        11.569082813951235        11.931672162294971        10.689459152291898        11.175926992807499        11.581082813951236        11.879099970609039        12.098681120774232        9.3367050243251644        10.613864085062227        10.945062417700109        11.089926992807500        11.288097491316430        11.745706475610577        11.891722111666935        12.017028412152870        8.6579347738397576        9.2776396372872885     
   59544.547602613347      -0.52799700000000005        1.4841450438017887E-003   9.1087986999999995        5.1127000000000004E-003   10.889683471295411        10.699261204951368        11.253279467274504        10.092315770784575        10.626352295430847        11.182423128312939        11.580753181995027        11.943175448339067        10.701552738712936        11.187987933512934        11.592753181995027        11.890571001036070        12.110266538818548        9.3502643224080959        10.626847389931230        10.956531358933075        11.101987933512936        11.299662091515549        11.757044715756594        11.903175448339068        12.028714662074504        8.6717796629080137        9.2912482928520586     
   59096.532592588228      -0.54147199999999995        1.6575231699564768E-003   9.1091551000000006        5.1105999999999999E-003   10.900786173378501        10.710505286281302        11.263984504992406        10.104727542340575        10.637685979762784        11.193399826236854        11.591367191110924        11.953648078208124        10.712526585436853        11.198963205836856        11.603367191110925        11.901005804147962        12.120828771689608        9.3626257433192546        10.638668341630359        10.966926909687798        11.112963205836854        11.310186497629443        11.767388490266478        11.913648078208125        12.039421125392407        8.6842554280842084        9.3035926579814063     
   58709.989134164949      -0.55323500000000003        1.8434311479301187E-003   9.1095165999999992        5.1085000000000002E-003   10.910489942872974        10.720330991536116        11.273344912097112        10.115561152587286        10.647588993709284        11.202995051416618        11.600648843523945        11.962807794860804        10.722118918616616        11.208556985016617        11.612648843523946        11.910132839177614        12.130065797033971        9.3734161724973113        10.648992026658309        10.976019817094421        11.122556985016615        11.319390841350781        11.776436770604445        11.922807794860805        12.048782978497115        8.6951416502908323        9.3143670664276890     
   58362.649578492521      -0.56385399999999997        2.0445125698739445E-003   9.1098274999999997        5.1066999999999996E-003   10.919176613985721        10.729127003271588        11.281722872765778        10.125262734367508        10.656454473355891        11.211583903018687        11.608956092681476        11.971005703395607        10.730705283018681        11.217144593018682        11.620956092681476        11.918301152512877        12.138333173479909        9.3830791251659402        10.658235684660129        10.984157291630142        11.131144593018684        11.327628622597176        11.784534372428572        11.931005703395607        12.057162182765781        8.7048899802067385        9.3240147609208730     
   58054.381161508158      -0.57337700000000003        2.2595076560601511E-003   9.1101530000000004        5.1047999999999996E-003   10.927016273515029        10.737063680448895        11.289288325842701        10.134003513428972        10.664452804216591        11.219336921145800        11.616458590075005        11.978411183141141        10.738455697145799        11.224896309145798        11.628458590075006        11.925680342539611        12.145800306908839        9.3917858422628093        10.666569875656617        10.991508889938078        11.138896309145796        11.335069466307306        11.791850606771909        11.938411183141142        12.064728937842705        8.7136699497244017        9.3327068267905382     
   57767.556795046577      -0.58226400000000000        2.4918382232708325E-003   9.1104356000000006        5.1031000000000002E-003   10.934284961989265        10.744422448707402        11.296301774461460        10.142110285840280        10.671868937348394        11.226524725184431        11.623413543420467        11.985276056702331        10.745641240384428        11.232082982784432        11.635413543420468        11.932520566138484        12.152722545343321        9.3998610301631356        10.674298613517193        10.998323333174641        11.146082982784430        11.341967054779479        11.798632335097496        11.945276056702332        12.071743516861458        8.7218131325440336        9.3407678426258958     
   57504.389885662284      -0.59049799999999997        2.7398195251976459E-003   9.1107382000000001        5.1012999999999996E-003   10.941057784231962        10.751277893580127        11.302840208642920        10.149652385477403        10.678777015602993        11.233223480311523        11.629898133820053        11.991678024471888        10.752337574711522        11.238780527511523        11.641898133820053        11.938899889774316        12.159177146494756        9.4073743509521073        10.681493713214902        11.004678802276747        11.152780527511521        11.348399011797184        11.804957814951450        11.951678024471889        12.078283161442922        8.7293865972581521        9.3482671575099872     
   57250.330743281724      -0.59845800000000005        3.0075505553784866E-003   9.1110042999999994        5.0997999999999998E-003   10.947497754063976        10.757797458877805        11.309053838569744        10.156834633345271        10.685347392729151        11.239591674523775        11.636059887518401        11.997760182704569        10.758703640123771        11.245147657323775        11.648059887518402        11.944960019815712        12.165310116555917        9.4145288795827877        10.688341242074726        11.010715839726855        11.159147657323773        11.354509953667057        11.810966068764367        11.957760182704570        12.084497855769742        8.7365994312550104        9.3554078468411834     
   57009.207000630515      -0.60607999999999995        3.2934696611783350E-003   9.1112947999999996        5.0981000000000004E-003   10.953729034645820        10.764104243278604        11.315070112479360        10.163770663476962        10.691702401878475        11.245754946678980        11.642026774679485        12.003651566046701        10.764864588278977        11.251309767478981        11.654026774679485        11.950830457479737        12.171249724646573        9.4214387926440555        10.694959482644810        11.016564169712774        11.165309767478982        11.360428616079611        11.816787119679860        11.963651566046702        12.090515291679361        8.7435626252417595        9.3623036710089753     
   56768.706663791949      -0.61368000000000000        3.6022549990290145E-003   9.1115525999999996        5.0965999999999997E-003   10.959863318190790        10.770313678586861        11.320989916183413        10.170607462061001        10.697959937254103        11.251821112985139        11.647897447116170        12.009447086720099        10.770928692185135        11.257374902585136        11.659897447116171        11.956604929781685        12.177093345387339        9.4282495707321754        10.701479597928722        11.022316562443271        11.171374902585134        11.366251188448926        11.822512460714444        11.969447086720100        12.096436126583411        8.7504271389706592        9.3691002513745882     
   56534.037155932318      -0.62116400000000005        3.9322559529140905E-003   9.1118380999999999        5.0949000000000003E-003   10.965951306207161        10.776474942385471        11.326868434572591        10.177381150580048        10.704168134954285        11.257842717079031        11.653727889603774        12.015204253425468        10.776948012279030        11.263395364679029        11.665727889603774        11.962341504466147        12.182897445994280        9.4349980593705549        10.707944199157671        11.028031403106825        11.177395364679031        11.372034697034964        11.828200959497332        11.975204253425469        12.102315786972591        8.7572261070898829        9.3758339377115778     
   56293.985899601510      -0.62880800000000003        4.2887423778497861E-003   9.1120932999999997        5.0933999999999997E-003   10.972079269195762        10.782677712555630        11.332782122435150        10.184210095616665        10.710418915375714        11.263902477295391        11.659592546415071        12.020994103055203        10.783005730895391        11.269454104095393        11.671592546415072        11.968110140774913        12.188735305875282        9.4418012282768746        10.714457264956396        11.033777805294628        11.183454104095391        11.377851343594992        11.833920564754836        11.980994103055204        12.108230495635157        8.7640817874754671        9.3826219565155942     
   56054.953933747114      -0.63648700000000002        4.6700918768656837E-003   9.1123794999999994        5.0917000000000002E-003   10.978271171386048        10.788944033969031        11.338760460689528        10.191100189741288        10.716733043182280        11.270026524329278        11.665521933476274        12.026849070893299        10.789127488329278        11.275577006329279        11.677521933476275        11.973943915049773        12.194638080106547        9.4486658543715585        10.721032763092055        11.039589241206251        11.189577006329280        11.383732924263022        11.839705387836524        11.986849070893300        12.114209978689527        8.7709967401634295        9.3894705035804478     
   55806.399018948752      -0.64446400000000004        5.0824031953514747E-003   9.1126357000000002        5.0901999999999996E-003   10.984597609976220        10.795347713823020        11.344864849845763        10.198152161973756        10.723186434019233        11.276282096034393        11.671575586849549        12.032825483002746        10.795381010434390        11.281831553234390        11.683575586849550        11.979898146457131        12.200664203198958        9.4556913211231617        10.727757914345901        11.045520267111513        11.195831553234392        11.389736866653340        11.845608883460919        11.992825483002747        12.120315392645765        8.7780756690343011        9.3964793647874991     
   55555.364326615614      -0.65258799999999995        5.5236521511064325E-003   9.1129262000000004        5.0885000000000001E-003   10.991068407933692        10.801896434349462        11.351111166741404        10.205355896700262        10.729785361484140        11.282681357745432        11.677770534806726        12.038942508390953        10.801777948145432        11.288229652945432        11.689770534806726        11.985992680537372        12.206831435525629        9.4628685022191696        10.734631529811107        11.051591147883787        11.202229652945434        11.395881607672045        11.851652048602695        11.998942508390954        12.126562871541402        8.7853047860363738        9.4036386932206035     
   55292.089203218013      -0.66110000000000002        6.0012313186988703E-003   9.1131887000000003        5.0870000000000004E-003   10.997735887473933        10.808645500750405        11.357543252994265        10.212791578422038        10.736587082909761        11.289273509072334        11.684148916034911        12.045239302758439        10.808367999472335        11.294820754272333        11.696148916034911        11.992265751716197        12.213180884917794        9.4702763021049243        10.741721299548786        11.057839445873956        11.208820754272335        11.402207333875552        11.857871414756840        12.005239302758440        12.132996007794265        8.7927682668888920        9.4110279372124204     
   55024.233316629608      -0.66983400000000004        6.5123934511812816E-003   9.1134848999999996        5.0851999999999998E-003   11.004638986486555        10.815631493252315        11.364206633632271        10.220476365829079        10.743626646588989        11.296099972842292        11.690757540695596        12.051765033929840        10.815192093642295        11.301646033242292        11.702757540695597        11.998767234022246        12.219760187266509        9.4779329519999926        10.749054152779948        11.064315494514659        11.215646033242294        11.408762387358923        11.864318141085576        12.011765033929841        12.139660573232270        8.8004794907011572        9.4186645611354010     
   54742.168864266940      -0.67903100000000005        7.0655230202260099E-003   9.1137545000000006        5.0837000000000000E-003   11.020716793728042        10.832124684441155        11.379572590317650        10.238778693956021        10.760096581775553        11.311942083257911        11.705986337197757        12.066812814058828        10.831102437942540        11.317355830138016        11.717962873636210        12.013812814058831        12.234840916724430        9.4963133808487719        10.766221960728458        11.079442372096885        11.231435499030766        11.423808174954772        11.879081140465615        12.026643930023965        12.154685201143863        8.8175549990032387        9.4369119628741842     
   54454.152090404554      -0.68849899999999997        7.6576035355682562E-003   9.1140589999999992        5.0819000000000003E-003   11.038112069020555        10.849975870280742        11.396196376757393        10.258580997275656        10.777916507792197        11.329081819599500        11.722462439105014        12.083094678661046        10.848318768879627        11.334347881947123        11.734412632011638        12.030094678661046        12.251154041149588        9.5162057653461201        10.784791948357144        11.095818560244220        11.248516414017582        11.440085123265879        11.895052343053242        12.042736473612250        12.170926647264627        8.8359846131253530        9.4566584692064506     
   54150.940013064595      -0.69847800000000004        8.2978241673296801E-003   9.1143359999999998        5.0803000000000003E-003   11.056299808171449        10.868643817149422        11.413571732708405        10.279303139058342        10.796551667650171        11.347000241683769        11.739682615214374        12.100110003725202        10.866318541178163        11.352111124189737        11.751604952716246        12.047110003725205        12.268202153224454        9.5370224445549816        10.804216567616201        11.112934335715490        11.266373085686379        11.457095516724081        11.911740424241255        12.059551879237151        12.187898340731181        8.8552652701105927        9.4773236655546036     
   53840.985429171058      -0.70875900000000003        8.9825778323487093E-003   9.1146481999999995        5.0784000000000003E-003   11.075007418855531        10.887842645549604        11.431448281643178        10.300602736992730        10.815717145782891        11.365432496851412        11.757400583248135        12.117618067977435        10.884834220693779        11.370384798456371        11.769294280100681        12.064618067977435        12.285743567744149        9.5584186324736073        10.824189176467048        11.130546294528749        11.284742101137248        11.474598871358182        11.928913354078407        12.076854749325996        12.205361040521034        8.8750923728321354        9.4985660795490006     
   53515.427614221211      -0.71958100000000003        9.7220080446079465E-003   9.1149328000000001        5.0768000000000002E-003   11.094488310017939        10.907839713055788        11.450056102545426        10.322806442120294        10.835679299427513        11.384623882460433        11.775842128762841        12.135838797261888        10.904113922607076        11.389409908677850        11.787705627913960        12.082838797261887        12.303999210890163        9.5807235014257248        10.844998918830536        11.148877243898619        11.303867236783278        11.492814884482494        11.946781905606626        12.094859378540336        12.223533083522918        8.8957529764899430        9.5207114525744370     
   53182.898138576507      -0.73072800000000004        1.0511702620158360E-002   9.1152519999999999        5.0749000000000002E-003   11.114502727014042        10.928381749018008        11.469178055449671        10.345603375727062        10.856185868344710        11.404342513825920        11.794794326031802        12.154564866190274        10.923923116922875        11.408958784408050        11.806626786332814        12.101564866190273        12.322760746863569        9.6036236847726464        10.866371341184411        11.167717335037590        11.323518085453632        11.511536525215963        11.965147557604173        12.113363747323060        12.242208484740924        8.9169752323443312        9.5434500991565159     
   52834.791752753532      -0.74242900000000001        1.1362803031766020E-002   9.1155436999999999        5.0731999999999999E-003   11.135331699300840        10.949763272722437        11.489072601894270        10.369345518855718        10.877530372010716        11.424861566565317        11.814511443083648        12.174044936971574        10.944537639778494        11.429300407754694        11.826311302145923        12.121044936971570        12.342277837683296        9.6274736360168927        10.888622088253554        11.187317806374482        11.343966350115869        11.531012177197573        11.984250172760598        12.132611190633495        12.261634524244114        8.9390723197004025        9.5671328798480051     
   52480.504342766864      -0.75444299999999997        1.2269641826849835E-002   9.1158690999999994        5.0712999999999999E-003   11.156606203162958        10.971600587793898        11.509395301119380        10.393586494221815        10.899330234017857        11.445820537681765        11.834653672680449        12.193945238351336        10.965594220947985        11.450078909242830        11.846420127325043        12.140945238351339        12.362215592127377        9.6518242235292995        10.911344399126666        11.207342326531691        11.364853162150322        11.550908429930704        12.003765529359331        12.152273612442858        12.281478717281793        8.9616409148540974        9.5913150011632347     
   52110.471173854850      -0.76703200000000005        1.3244402355205721E-002   9.1161659999999998        5.0695999999999996E-003   11.178704973696037        10.994287378061630        11.530499844499802        10.418783818566935        10.921978004300891        11.467589482630624        11.855569995208613        12.214608587664673        10.987465750644107        11.471659633339430        11.867301463204116        12.161608587664668        12.382917961425404        9.6771357620928971        10.934955443248869        11.228136368170167        11.386546912865393        11.571567745908430        12.024026704590272        12.172688021876967        12.302082535168163        8.9850947896729831        9.6164524217812382     
   51735.422485005474      -0.77990899999999996        1.4280152444067027E-002   9.1164974999999995        5.0676000000000002E-003   11.201225311771063        11.017404224482542        11.552011579449351        10.444446508959475        10.945055561074783        11.489775387663824        11.876891095035594        12.235672507743869        11.009756163949552        11.493654903250070        11.888586842940351        12.182672507743868        12.404021171151625        9.7029140778702310        10.959009452613772        11.249334703499811        11.408656482160824        11.592628096431357        12.044682099446144        12.193498331764660        12.323084806178413        9.0089926832028997        9.6420562403016614     
   51345.572431720670      -0.79335299999999997        1.5390164930968410E-002   9.1168002999999995        5.0658999999999999E-003   11.224472542800907        11.041271682574585        11.574210303669911        10.470960303767743        10.968882267649970        11.512674731357240        11.898891916517986        12.257405733723548        11.032764740724371        11.516356344205317        11.910550445928944        12.204405733723544        12.425795148648159        9.7295478054060105        10.983850980527500        11.271208526208575        11.431476644643585        11.614357789387977        12.065990578701797        12.214967495264677        12.344753083616602        9.0336751134046658        9.6685103067008491     
   50951.503043689918      -0.80707200000000001        1.6565877260688210E-002   9.1171375000000001        5.0638999999999997E-003   11.248095836332800        11.065522501371190        11.596772739688332        10.497887520490677        10.993092186629701        11.535946204117975        11.921254476164320        12.279496923432466        11.056147258067304        11.539427940593965        11.932875091514545        12.226496923432469        12.447927238173952        9.7565960846234230        11.009086828716105        11.293444051848153        11.454667954726714        11.636445993340759        12.087651421918094        12.236790300792327        12.366777114316337        9.0587538738496765        9.6953792853823462     
   50544.161938511032      -0.82132400000000005        1.7821227241866352E-002   9.1174450000000000        5.0620999999999999E-003   11.272400489150636        11.090475967878534        11.619980739640349        10.525607502355685        11.018003452987140        11.559886945980542        11.944256109524362        12.302217816137050        11.080203344143259        11.563162315864554        11.955837456803456        12.249217816137049        12.470690331028441        9.7844409648593729        11.035058411947015        11.316314922679696        11.478525998368243        11.659163953966564        12.109927407525143        12.259233384920224        12.389427795036214        9.0845660320794241        9.7230404187823414     
   50133.612512568725      -0.83583300000000005        1.9145856719545093E-002   9.1177852000000001        5.0600999999999997E-003   11.296980316406595        11.115710360366576        11.643454193420398        10.553631724841287        11.043195633607878        11.584099796477860        11.967521770866727        12.325199563655390        11.104533167094226        11.587167373924190        11.979063220127939        12.272199563655393        12.493714290414088        9.8125908698974715        11.061319381875196        11.339450273770721        11.502655378180377        11.682143387635479        12.132459660649085        12.281933532463968        12.412337095817636        9.1106705614597256        9.7510077308029413     
   49710.942812447087      -0.85083600000000004        2.0554864687438709E-002   9.1180774000000007        5.0584000000000002E-003   11.319664846196822        11.139364215728119        11.664010758130921        10.581040438697116        11.066836525328121        11.605824979531086        11.988038063027844        12.344927396977717        11.127541835859397        11.608797674634161        11.999538448530920        12.292012513312155        12.513135523649581        9.8399248158220907        11.085859644406298        11.361290672674834        11.524121424181047        11.702249391343365        12.150848221643265        12.299770492771231        12.429899135389828        9.1459733487771189        9.7831152196760520     
   49286.956383078992      -0.86605600000000005        2.2035917506171673E-002   9.1184194999999999        5.0564000000000000E-003   11.341404621592206        11.162213398489834        11.683156589782167        10.608065816416561        11.089687076489833        11.626333041356313        12.007224140397044        12.363091801716434        11.149876560655892        11.629265490741441        12.018682911782170        12.310301961054693        12.530830021991003        9.8667805989697914        11.109519291108798        11.382481418637022        11.544288928462779        11.720969868165250        12.167262349646608        12.315295033797890        12.444920566951220        9.1854953608880106        9.8170605711191872     
   48852.523239114074      -0.88174600000000003        2.3604947888786056E-002   9.1187307999999998        5.0546000000000002E-003   11.363569124809528        11.185513920805926        11.702664068759075        10.635643262316895        11.112988844005924        11.647235687193911        12.026773061426118        12.381594347599991        11.172650515474770        11.650126694526870        12.038189145559079        12.328932835619211        12.548851444953970        9.8941842716125397        11.133649728060659        11.404083160029421        11.564842782585201        11.740041668798190        12.183972735053215        12.331093865664405        12.460203326769436        9.2258783112996934        9.8517275045283821     
   48418.017158352392      -0.89760799999999996        2.5247677231206835E-002   9.1190727999999996        5.0526000000000000E-003   11.385822751139722        11.208903491693926        11.722259989622716        10.663309679039829        11.136379782893927        11.668227499515988        12.046410686523922        12.400185054103966        11.195513818318028        11.671076802614779        12.057783698422712        12.347652147573500        12.566961080395194        9.9216768859031692        11.157869342876014        11.425773674828543        11.585485622042670        11.759201715581066        12.200771255504330        12.346980301719833        12.475573216275771        9.2663545367877180        9.8864849567416417     
   47974.559968853369      -0.91390199999999999        2.6981129225233731E-002   9.1193820999999993        5.0508000000000003E-003   11.408427482450145        11.232666889282408        11.742153081684508        10.691435989841489        11.160144417682412        11.689544603384180        12.066346522711983        12.419052881437233        11.218740626893750        11.692351162356703        12.077675553284509        12.366651410470938        12.585338266027330        9.9496258138290319        11.182479385117228        11.447803513385297        11.606446722959260        11.778650113253365        12.217811154782607        12.363089305292840        12.491154511606746        9.3075553351308304        9.9218474073248206     
   47532.099765828723      -0.93033600000000005        2.8789103529164323E-002   9.1197204999999997        5.0489000000000003E-003   11.431025459023001        11.256420610478703        11.762045316171129        10.719541865314159        11.183899492478705        11.710858124920474        12.086281682771116        12.437922076209102        11.241959401350844        11.713621758320489        12.097566434171128        12.385652022855925        12.603718080528086        9.9775547052204878        11.207077808347059        11.469827612142009        11.627404922733138        11.798098533936958        12.234856886978715        12.379205837910387        12.506744086476235        9.3487086042582064        9.9571734725545795     
   47082.010516573973      -0.94717200000000001        3.0689735848292144E-002   9.1200259999999993        5.0470999999999997E-003   11.453952589171385        11.280522792355798        11.782220826058735        10.748069380875888        11.208002896355799        11.732478808405697        12.106501013743324        12.457057526983101        11.265517878448181        11.735198620721109        12.117740722058736        12.404921312564378        12.622356023287582        10.005902185082517        11.232038791638059        11.492170814106681        11.648664312818957        11.817822732575310        12.252138520309797        12.395542249658357        12.522543988805749        9.3905091037906860        9.9930447407194851     
   46634.679887554172      -0.96409100000000003        3.2665294274061327E-002   9.1203620000000001        5.0451000000000003E-003   11.476829225049409        11.304566926709258        11.802362493679743        10.776510671913700        11.232048374709256        11.754057310039569        12.126686539007240        12.476165426737372        11.289022121206832        11.756733264712070        12.137881045679743        12.424162536087360        12.640969639929937        10.034164543868718        11.256936417606648        11.514466795586971        11.669883605949613        11.837515725567295        12.269404362225105        12.411868228672718        12.538336265905274        9.4321445524446315        10.028785116430308     
   46180.858269219178      -0.98138099999999995        3.4735308755151240E-002   9.1206651999999995        5.0434000000000000E-003   11.499893106459854        11.328814684904803        11.822652454529631        10.805217703701214        11.256297345704802        11.775804351268128        12.147021124530248        12.495407201976377        11.312722565682947        11.778435681267510        12.158169793729630        12.443539700323150        12.659710241100058        10.062690047008900        11.282049619965747        11.536941466382299        11.691266377083505        11.857350651998850        12.286778345162794        12.428288730900615        12.554214909968596        9.4742376579520311        10.064896262085401     
   45730.715881292221      -0.99873100000000004        3.6880681673317865E-002   9.1209968999999997        5.0413999999999997E-003   11.522904069963857        11.352999528466508        11.842911814142738        10.833824472211873        11.280483516066511        11.797509473722602        12.167325070257604        12.514626825572705        11.336365055330049        11.800096217607731        12.178427826542737        12.462893938511314        12.678432953145119        10.091116758564389        11.307092815789055        11.559367672906543        11.712610058827636        11.877158542424027        12.304145793394987        12.444709981442706        12.570098172694266        9.5161246104347192        10.100847413643812     
   45276.307413808565       -1.0163759999999999        3.9122002028738223E-002   9.1212949999999999        5.0397000000000003E-003   11.545992950790797        11.377272913564543        11.863223704990201        10.862560187058172        11.304758093564544        11.819280241266014        12.187682073223996        12.533889671017135        11.360091300411462        11.821821873032221        12.198738524990198        12.482292777768166        12.697194428147498        10.119670710023698        11.332232290503132        11.581866151453571        11.734016107197061        11.897014832404011        12.321539808339274        12.461148874933095        12.585993625879318        9.5582666511770427        10.136996277237916     
   44825.898147628039       -1.0340700000000000        4.1438713481412745E-002   9.1216218999999992        5.0378000000000003E-003   11.568060039160450        11.400443063235670        11.882677366036106        10.889906459809140        11.327964371206143        11.840059041573809        12.207146913957644        12.552356187131359        11.382790269353773        11.842554673281796        12.218138177373618        12.500860555423372        12.715216905649463        10.146836819068191        11.356277754540415        11.603294988596659        11.754485032540849        11.916034657275745        12.338277753233296        12.476903873266068        12.601104002331795        9.5996588014599595        10.171447939329806     
   44372.101729360933       -1.0520389999999999        4.3853018401289232E-002   9.1219140000000003        5.0361000000000000E-003   11.588744328884991        11.422125705080395        11.900951949895353        10.915403150864263        11.349738940734523        11.859473869727202        12.225378366223536        12.569720841354075        11.404111042463887        11.861921873744885        12.236274374258910        12.518272837336388        12.732218522737563        10.172151991556008        11.378869157621674        11.623252035651964        11.773670714436632        11.933900735607027        12.354098331233898        12.491677303056180        12.615059430169032        9.6405119733433704        10.203714109562538     
   43923.910707471885       -1.0699939999999999        4.6343214230718188E-002   9.1222350999999993        5.0343000000000002E-003   11.609225807028238        11.443593203471799        11.919053332354412        10.940637113975896        11.371297361730306        11.878701697409163        12.243437044048587        12.586923272969358        11.425221272437781        11.881102767856479        12.254239184943227        12.535522202522039        12.749062401535333        10.197206678258883        11.401234322456858        11.643015123760193        11.792672332139468        11.951598291814566        12.369775628974761        12.506320362578521        12.628894461451967        9.6809126174039122        10.235633746704845     
   43472.338224998581       -1.0882339999999999        4.8932792293342971E-002   9.1225214999999995        5.0325999999999999E-003   11.629812112128381        11.465172968033382        11.937242217673106        10.966011385038929        11.392968586388385        11.898024745158377        12.261582566543371        12.604206722123106        11.446440924613380        11.900378863933110        12.272290804092837        12.552852603348370        12.765984592703102        10.222400320328930        11.423718377583388        11.662877767288379        11.811767799223109        11.969380265123373        12.385522586088097        12.521025762957830        12.642785885762823        9.7215653873205845        10.267742976629755     
   43026.993408005139       -1.1064339999999999        5.1598693437899357E-002   9.1228353999999996        5.0308000000000002E-003   11.650168241858903        11.486508856361294        11.955233865505278        10.991088944966162        11.414394799279695        11.917135165001319        12.279531323062134        12.621305169121289        11.467421792687698        11.919443106126064        12.290147205311623        12.569997227996542        12.782726763847691        10.247299742329364        11.445946211145284        11.682520089711712        11.830653903489267        11.986970234588536        12.401105605108505        12.535581590130864        12.656538836665270        9.7617104834719193        10.299462359435051     
   42579.935575062307       -1.1248570000000000        5.4366298747146886E-002   9.1231138000000005        5.0292000000000002E-003   11.670512691419290        11.507836833154151        11.973205332586705        11.016172677884459        11.435813301239140        11.936228966229464        12.297459433124626        12.638380293336830        11.488393236814204        11.938490852806552        12.307983206278809        12.587118406759735        12.799444241796877        10.272204652114482        11.468169417204027        11.702148133139389        11.849522827036580        12.004538471184674        12.416659619092037        12.550104908734269        12.670256337569381        9.8019173181298385        10.331212413957275     
   42138.978153204116       -1.1432460000000000        5.7211121567801344E-002   9.1234190999999996        5.0273999999999996E-003   11.690675728992447        11.528969977055398        11.991027665612881        11.041009797351586        11.457035857824758        11.955158544221421        12.315238858219752        12.655318269119286        11.509174835977960        11.957375147245189        12.325672064267289        12.604101666095518        12.816029451641851        10.296865388612867        11.490185697148990        11.721604417637574        11.868230738506471        12.021962687942315        12.432097118440185        12.564525797001002        12.683882281276768        9.8416708101225883        10.362624583643496     
   41696.442214782073       -1.1618590000000000        6.0160110037851440E-002   9.1236893999999999        5.0258000000000004E-003   11.710821173074875        11.550089000202354        12.008824580298951        11.065845813026717        11.478244469359394        11.974065968876262        12.332992445834696        12.672227949528517        11.529940911574178        11.976237391783473        12.343335291649117        12.621056526621301        12.832585103300341        10.321524389912630        11.512190873372786        11.741040723018523        11.886915968669383        12.039360084406523        12.447501095458774        12.578909933638505        12.697468772025113        9.8814744244526818        10.394058245569264     
   41261.593863450449       -1.1803680000000001        6.3187973873098935E-002   9.1239887000000000        5.0241000000000001E-003   11.730672301103283        11.570896794603691        12.026367859659469        11.090305455190908        11.499140430631002        11.992700718720947        12.350492998365915        12.688899137786372        11.550402024494453        11.994827898787186        12.360747358498404        12.637771957720126        12.848908412877130        10.345810092736293        11.533869561676788        11.760194896484801        11.905332536332569        12.056510363856674        12.462692602122104        12.593099333887935        12.710874248042145        9.9206412777268902        10.425000599385800     
   40825.451836676853       -1.1990950000000000        6.6323758714379441E-002   9.1242535999999994        5.0226000000000003E-003   11.750493286235145        11.591677292194454        12.043874645063333        11.114748482178769        11.520009216227120        12.011301565777842        12.367956697353200        12.705531519936685        11.570834668063796        12.013384603855307        12.378122773508135        12.654448481859220        12.865191881406027        10.370078662913439        11.555523402921100        11.779316994773826        11.923714784589979        12.073623030022542        12.477841041781389        12.607243059499545        12.724231858405563        9.9598333103362862        10.455944785530882     
   40396.524281115468       -1.2177340000000001        6.9540627130396507E-002   9.1245466000000004        5.0209000000000000E-003   11.770083970630383        11.612211617211932        12.061189320347582        11.138884152795983        11.540630498755705        12.029692425017510        12.385228828948408        12.721985996109817        11.591027023036821        12.031732221272906        12.395308421459207        12.670946199854415        12.881303215534706        10.394042762508432        11.576916755049696        11.798220223080166        11.941890830985352        12.090549675573302        12.492835992265606        12.621249955539460        12.737465512845469        9.9984735147305575        10.486473695925506     
   39967.041366050311       -1.2365610000000000        7.2869252782399321E-002   9.1248039999999992        5.0194000000000003E-003   11.789637997881531        11.632720368626838        12.078450040816538        11.163026816910655        11.561227837205109        12.048046564718387        12.402458293394808        12.738393944126909        11.611186651832458        12.050046564718386        12.412458293394810        12.687410423443882        12.897369212231663        10.418018590171954        11.598301981211709        11.817081091352335        11.960030085401410        12.107418650182588        12.507779347068517        12.635205987061912        12.750649080532718        10.037111367510136        10.517020438259472     
   39545.402479552024       -1.2552690000000000        7.6281753072607442E-002   9.1250897999999996        5.0176999999999999E-003   11.809240150464479        11.653376807557027        12.095625577967621        11.187581034575455        11.581990734491423        12.066490448128963        12.419739145702014        12.754829232261120        11.631422405945148        12.068490448128962        12.429739145702015        12.704056531021344        12.913488365766497        10.442467303549630        11.620013660558147        11.835944327249411        11.978263149368740        12.124170262047169        12.522737945030979        12.649214659764258        12.763918836549191        10.075583862967381        10.547900193290747     
   39123.166689139296       -1.2741659999999999        7.9810530712212197E-002   9.1253396999999996        5.0162999999999996E-003   11.828738536548641        11.673931811266893        12.112694623131741        11.212039206071804        11.602651782674059        12.084829199464327        12.436913235738906        12.771156851517187        11.651555145314934        12.086829199464322        12.446913235738908        12.720595268172612        12.929499822254591        10.466819402023539        11.641625253344049        11.854703315175186        11.996390782808895        12.140815072220885        12.537587767570276        12.663112938100287        12.777077716726833        10.113977757648005        10.578691873093614     
   38708.647757400759       -1.2929489999999999        8.3425997221039438E-002   9.1256178999999999        5.0147000000000004E-003   11.847978356184736        11.694209928497440        12.129549733442893        11.236148397688378        11.623033642304986        12.102931204970691        12.453870975650442        12.787283327965241        11.671417856148633        12.104931204970690        12.463870975650440        12.736929004086544        12.945316409636394        10.490823963774627        11.662940780703938        11.873217614013289        12.014285528849388        12.157253438000293        12.552264315222349        12.676854705223398        12.790093963051948        10.151766524681747        10.609017961221166     
   38294.023547207755       -1.3119019999999999        8.7162836485043776E-002   9.1258601000000006        5.0133000000000000E-003   11.867135701276771        11.714406511650145        12.146322390493912        11.260176978417777        11.643333511542648        12.120950641052287        12.470745949986414        12.803327116280832        11.691198106355960        12.122950641052290        12.480745949986416        12.753180104507228        12.961050568561932        10.514747549683884        11.684174893182123        11.891649736705082        12.032097652825895        12.173609533241118        12.566858627537448        12.690513805497970        12.803027840926278        10.189476224477145        10.639264196368272     
   37887.417177322757       -1.3307160000000000        9.0989824654488252E-002   9.1261303999999992        5.0117000000000000E-003   11.886107134632574        11.734425526067689        12.162955007274931        11.284009389261549        11.663453926300601        12.138806320542962        12.487394194263594        12.819188385651152        11.710836821877926        12.140750029131624        12.497394194263592        12.769188385651155        12.976608215606902        10.538476976483121        11.705211504724382        11.909909860165641        12.049721628898709        12.189833381252257        12.581270467138872        12.704064658526427        12.815895784292412        10.226724113355406        10.669277792591465     
   37480.640166845180       -1.3496999999999999        9.4943590224682170E-002   9.1263643999999999        5.0103999999999999E-003   11.905180885662288        11.754618623174350        12.179687691792536        11.308164591518496        11.683749880361750        12.156762144091998        12.503922554275958        12.835004176597051        11.730725062928597        12.158502464175422        12.513922554275956        12.785004176597051        12.992118697093067        10.562530711189323        11.726422480357238        11.928270588725153        12.067371206988019        12.206157416759380        12.595560617593604        12.717642239914698        12.828863200164966        10.264300631554383        10.699837634061572     
   37081.389542841025       -1.3685670000000001        9.8991502531379977E-002   9.1266260999999993        5.0089000000000002E-003   11.923999278881542        11.774535478933803        12.196207776847952        11.331969430186174        11.703768119053020        12.174483121419431        12.520241967219373        12.850624377624275        11.750343004195862        12.176023816190849        12.530241967219371        12.800624377624271        13.007438936676476        10.586236260676813        11.747338509476702        11.946388723076588        12.084791176071629        12.222276157590795        12.609683105304999        12.731065515709897        12.841687600024159        10.301277600262562        10.729928052981499     
   36682.337303594737       -1.3875860000000000       0.10317176299357721        9.1268518000000007        5.0076000000000001E-003   11.942721794729767        11.794355301449322        12.212632946929876        11.355675411043709        11.723689597218982        12.192108156619092        12.536466708381674        12.866150864358527        11.769864527322579        12.193449325270890        12.546466708381676        12.816150864358530        13.022665144440662        10.609843468265172        11.768156865390335        11.964411004915501        12.102115029501224        12.238300469833472        12.623712156351448        12.744396312328298        12.854419818283692        10.338148519833961        10.759916311216532     
   36291.924606919973       -1.4064300000000001       0.10745107721321540        9.1271068000000000        5.0061000000000003E-003   11.961138366902052        11.813845231486546        12.228801309045366        11.378966487822598        11.743279447481289        12.209450816824603        12.552438844148824        12.881440054957412        11.789062944888212        12.210596779128064        12.562438844148826        12.831440054957412        13.037660228466127        10.633038238920808        11.788623847169244        11.982142037817685        12.119162563133319        12.254076379252286        12.637536002286883        12.757537213095471        12.866975100005849        10.374318581501289        10.789353050917132     
   35901.616211734385       -1.4254350000000000       0.11186967380369259        9.1273257999999995        5.0048000000000002E-003   11.979511570797486        11.833290971773183        12.244828416184662        11.402261735160875        11.762874520456412        12.226700669043590        12.568344166573757        12.896613042208132        11.808193503268980        12.227700669043591        12.578344166573759        12.846662234102263        13.052514658419865        10.656212543266745        11.809071288032944        11.999756308126821        12.136118035644420        12.269711425996393        12.651244560644164        12.770587681761763        12.879441021363425        10.410711614939268        10.818891514856356     
   35518.286005243397       -1.4443299999999999       0.11639188570977803        9.1275732000000005        5.0033999999999999E-003   11.997750408631376        11.852582935824056        12.260475774473868        11.425476853977408        11.782456993213025        12.243692651855518        12.584088389265460        12.911491760884356        11.827106180015107        12.244692651855516        12.594088389265458        12.861732617881735        13.067010046889600        10.679235996980033        11.829420421202538        12.017035830844485        12.152823552652350        12.284973474879109        12.664687812496922        12.783454948704787        12.891737335898455        10.447439165785482        10.848527456882486     
   35136.216949094473       -1.4633309999999999       0.12106040420137026        9.1277851999999999        5.0022000000000000E-003   12.015843647464049        11.871725380036935        12.275986018653331        11.448529781491608        11.801889169742221        12.260542681731504        12.599695635233164        12.926236170951523        11.845871220220243        12.261542681731502        12.609695635233162        12.876668062476973        13.081372387900618        10.702097889966158        11.849616735844034        12.034173049036788        12.169388515260430        12.300099954002427        12.678001796127731        12.796194980751373        12.903908929409230        10.483960664053139        10.877980677611387     
   34761.379257607659       -1.4822010000000001       0.12583791824367377        9.1280259000000008        5.0007999999999997E-003   12.033690760826294        11.890601575582865        12.291298367730137        11.471241527907376        11.821050140624665        12.277169851128514        12.615103415200744        12.940796919045356        11.864377946610491        12.278169851128512        12.625103415200742        12.891416229416551        13.095558298302963        10.724622217536181        11.869527382109455        12.051082105370314        12.185736277856728        12.315035539787745        12.691159587146389        12.808789552432801        12.915946613089231        10.519886197761716        10.906971714027458     
   34386.422897865159       -1.5012449999999999       0.13076921054134830        9.1282303000000002        4.9995999999999999E-003   12.051455827047498        11.909395660602144        12.306527914531863        11.493872716422800        11.840129189304971        12.293714197989335        12.630428812283622        12.955274917927593        11.882802932852460        12.294714197989332        12.640428812283620        12.906081706478663        13.109661340825458        10.747065927871734        11.889356343509238        12.067908963092162        12.202001518638962        12.329888495029728        12.704234428470816        12.821301141617610        12.927901625316860        10.555735891549279        10.935884715159784     
   34019.975773156410       -1.5200920000000000       0.13581523056308795        9.1284642999999992        4.9982999999999998E-003   12.068872567161794        11.927817772189755        12.321465970434740        11.516043872919045        11.858830366355743        12.309937626828695        12.645460838087313        12.969478207581055        11.900865185554625        12.310937626828693        12.655460838087311        12.920468219694474        13.123498183354211        10.769053860805624        11.908790414809431        12.084408649394685        12.217952470254421        12.344458231807899        12.717066835526250        12.833582941985984        12.939640343237432        10.590825731311138        10.964195283114531     
   33653.249088195531       -1.5391189999999999       0.14102297436896957        9.1286625000000008        4.9971000000000000E-003   12.085465300438813        11.945505553174229        12.335494094056184        11.537305504713036        11.876792376407654        12.325340899925880        12.659404866377802        12.982424541320771        11.918445625495846        12.326340899925878        12.669404866377803        12.933597916776673        13.136077790408965        10.790132129257135        11.927485878231263        12.100519751749488        12.233078296791597        12.357944667688475        12.728814790807835        12.844695866662608        12.950725166662604        10.627632235845677        10.992993555984267     
   33294.231889003997       -1.5579780000000001       0.14635117444964083        9.1288891000000003        4.9957999999999999E-003   12.101716820566073        11.962834124899066        12.349229774589103        11.558121113164711        11.894389074176791        12.340428563810862        12.673047842955837        12.995081357456117        11.935683306065796        12.341428563810860        12.683047842955835        12.946434241511616        13.148375589345120        10.810768229109213        11.945800610398782        12.116324543632851        12.247893748122094        12.371140009622613        12.740308657100902        12.855563496112177        12.961594608912177        10.663815570748438        11.021266713884442     
   32935.556048477607       -1.5769860000000000       0.15184972471438993        9.1290803000000000        4.9947000000000004E-003   12.117864841479895        11.980058173334461        12.362864770219238        11.578828836357873        11.911880462196793        12.355414085138756        12.686589972730046        13.007638795964668        11.952816018245271        12.356414085138754        12.696589972730047        12.959171017940429        13.160574352013144        10.831296614382113        11.964009350099838        12.132026651841800        12.262607065673803        12.384235461891953        12.751704360823533        12.866333949209677        12.972366591609680        10.699878299594632        11.049425786655894     
   32584.045235725545       -1.5958460000000001       0.15747521088778904        9.1293001000000000        4.9934999999999997E-003   12.133740947496117        11.996988811788940        12.376277662946196        11.599171836258124        11.929073001167980        12.370151272006391        12.699911496760963        13.019995397853373        11.969657046403709        12.371151272006388        12.709911496760965        12.971703375235508        13.172579443089100        10.851463858875990        11.981904910696530        12.147465981134937        12.277077128439020        12.397119329999784        12.762922922763645        12.876939979020330        12.982974379820329        10.735271944490007        11.077072229699313     
   32232.574861183410       -1.6148690000000001       0.16327963134548587        9.1294842999999997        4.9924000000000001E-003   12.149570605371659        12.013872880788108        12.389644817799942        11.619468035904267        11.946218472713118        12.384842324999605        12.713187110186135        13.032306667983493        11.986451047574301        12.385842324999603        12.723187110186133        12.984190380552898        13.184539242844673        10.871584323334860        11.999753322990751        12.162859238077234        12.291500904816390        12.409957805691713        12.774096324811437        12.887501244947606        12.993537119347609        10.770618482692379        11.104671724322012     
   31887.979341458962       -1.6337550000000001       0.16921827049440419        9.1296981000000006        4.9912000000000003E-003   12.164620452494319        12.029927456736793        12.402311093554701        11.638756245730516        11.962531317199211        12.398805288055719        12.725792301154701        13.043993457108350        12.002419296540669        12.399805288055717        12.735736290825429        12.995993457108348        13.195910494182954        10.890700235401244        12.016697243050000        12.177593499898194        12.305174474997177        12.422161488096158        12.784668027336604        12.897556006678062        13.003537581148791        10.805955593972971        11.131538336664772     
   31543.871871366278       -1.6527810000000001       0.17534598383418534        9.1298762999999994        4.9902000000000002E-003   12.178482388948023        12.044732292866577        12.413858353785308        11.656562923956933        11.977598342598242        12.411642406632495        12.737338848585306        13.054679023063724        12.017142214469608        12.412642406632493        12.747110784520991        13.006679023063722        13.206341375402435        10.908334859892619        12.032273637920817        12.191372805351051        12.317666773303863        12.433363215256669        12.794240065480849        12.906783937352216        13.012594883687900        10.842464942052001        11.157777073508463     
   31206.136224986014       -1.6716869999999999       0.18161590557263615        9.1300842000000006        4.9890000000000004E-003   12.192178870536178        12.059353923593058        12.425283496628062        11.674129464900020        11.992477730548728        12.424333760659955        12.748763159828062        13.065258163590528        12.031683866773712        12.425333760659953        12.758366227940556        13.017258163590526        13.216670838083679        10.925732533012514        12.047652381562429        12.204988476916832        12.330019560084942        12.444448959253048        12.803726852246143        12.915932988471127        13.021576730183622        10.878391246414218        11.183619800987863     
   30869.031220685971       -1.6907280000000000       0.18808593371454116        9.1302570999999997        4.9880000000000002E-003   12.205762620950917        12.073860893862093        12.436601170186368        11.691576752249151        12.007242040078516        12.436914525476855        12.760080141786364        13.075731691438079        12.046111071299201        12.437914525476852        12.769514657396709        13.027731691438081        13.226895356085532        10.943011267859493        12.062914710783605        12.218491769988027        12.342262528297539        12.455428144607051        12.813109990937249        12.924979022157935        13.030455594568277        10.914165000014389        11.209327544142344     
   30538.169409268688       -1.7096519999999999       0.19470607984810062        9.1304592000000007        4.9867999999999996E-003   12.219185763498096        12.088189836771488        12.447800779164027        11.708790199189266        12.021824007365659        12.449354030228147        12.771278942364027        13.086102529087199        12.060362176774923        12.450354030228148        12.780548027068662        13.038102529087197        13.237022116995270        10.960059283893898        12.077984831549511        12.231836266701535        12.354370362837415        12.466295274973298        12.822411214118446        12.933949383527711        13.039262141832346        10.949369177196537        11.234648722262182     
   30370.364200783730       -1.7193190000000000       0.19812177447612425        9.1305528000000002        4.9862999999999999E-003   12.225945879068112        12.095409279432625        12.453433498073400        11.717472804992438        12.029171815565368        12.455615379037125        12.776911286873398        13.091314986175357        12.067542179766152        12.456615379037130        12.786096468973790        13.043314986175359        13.242110857409278        10.968657987092831        12.085580073097530        12.238556568201643        12.360463532037910        12.471759439874182        12.827081190311239        12.938451554512019        13.043681159012413        10.967176697049906        11.247443304473235     
   30204.802475276450       -1.7289070000000000       0.20156013367061978        9.1306446000000001        4.9858000000000003E-003   12.232617933768163        12.102534460617255        12.458993414307967        11.726041545414693        12.036423703504694        12.461795452281782        12.782470835907967        13.096460263696157        12.074628505979971        12.462795452281787        12.791573237145604        13.048460263696159        13.247134131896511        10.977143946652328        12.093075967103987        12.245189400730878        12.366477676357059        12.477153059983243        12.831691294884704        12.942896097359979        13.048043655397619        10.984748878626009        11.260069041570420     
   30040.281637186879       -1.7384839999999999       0.20504676469684602        9.1307361000000000        4.9852000000000004E-003   12.239292335692106        12.109659078908841        12.464562850386123        11.734600577102455        12.043674294361953        12.467981089565672        12.788039905986121        13.101617665679090        12.081714575999140        12.468981089565670        12.797060046804717        13.053617665679091        13.252170359187982        10.985620717921048        12.100568907344169        12.251824888382405        12.372498426802860        12.482557243223308        12.836316952080953        12.947357233718140        13.052423263336731        11.002255305214081        11.272659565791376     
   29876.725712011932       -1.7480610000000001       0.20858174388401871        9.1308270999999994        4.9846999999999999E-003   12.245375638922768        12.116157642916326        12.469635993194840        11.742492825437809        12.050327534004312        12.473634505076381        12.793112684794840        13.106284064001285        12.088204259716322        12.474634505076386        12.802177195265250        13.058342827818864        13.256742861930876        10.993434061620230        12.107468701962707        12.257834436852361        12.378052432858803        12.487407338289271        12.840607440625307        12.951360892049331        13.056466272666912        11.019920946822660        11.284551042314275     
   29713.855019099374       -1.7576440000000000       0.21216558529039226        9.1309169000000008        4.9842000000000003E-003   12.251268232761046        12.122453155248348        12.474551362875641        11.750165606821053        12.056786635429248        12.479117100743846        12.798027695275643        13.110795437588340        12.094500490448347        12.480117100743843        12.807177540131043        13.062931737713843        13.261169260332938        11.001029306695553        12.114175290065550        12.263642055505645        12.383457133018343        12.492081582569238        12.844794150426541        12.955221860464739        13.060405495790238        11.037611764781492        11.296203176958269     
   29551.872203354604       -1.7672289999999999       0.21579926008638006        9.1310059999999993        4.9836999999999998E-003   12.257129470574121        12.128715000243552        12.479440703794253        11.757797104692848        12.063211176040198        12.484570457260325        12.802916679794251        13.115283102124828        12.100763048243550        12.485570457260323        12.812151509514763        13.067496400200959        13.265572296404315        11.008583806616713        12.120846085557350        12.269418664853614        12.388833135184186        12.496731229921469        12.848958918531533        12.959062662938244        13.064324009014378        11.055206558364354        11.307791986244105     
   29390.704749906487       -1.7768170000000001       0.21948330451623177        9.1310944000000003        4.9832000000000001E-003   12.262961890715836        12.134945898085185        12.484306119215280        11.765390656155091        12.069603948535278        12.489996932234718        12.807781741615280        13.119748979045934        12.106994653285184        12.490996932234715        12.817101242396213        13.072038773515089        13.269953855864998        11.016100861685931        12.127483989366304        12.275166767534905        12.394182760165556        12.501358274296024        12.853103521345744        12.962884930845561        13.068223480514717        11.072713124879954        11.319322585514715     
   29230.618174884003       -1.7863970000000000       0.22321826014034940        9.1311827999999995        4.9826999999999996E-003   12.268756184373505        12.141135880000501        12.489139893422806        11.772934016978194        12.075954724225614        12.495387895674920        12.812615162222809        13.124186004195810        12.113185342400499        12.496387895674921        12.822018880871159        13.076551667372573        13.274307016747461        11.023568353801426        12.134078362299082        12.280877196925150        12.399497501298153        12.505955386020926        12.857221434145579        12.966682670495349        13.072097796072111        11.090102939487032        11.330776250886156     
   29072.541558155099       -1.7959000000000001       0.22696497159939458        9.1312686999999997        4.9822000000000000E-003   12.274480163704625        12.147250479174302        12.493915413053555        11.780384946895046        12.082228087216142        12.500713486165074        12.817390338253558        13.128569873183883        12.119300628774299        12.501713486165075        12.826877323309416        13.081010346569867        13.278607962928019        11.030944473509058        12.140592381113850        12.286518253448767        12.404747937979090        12.510497331625727        12.861290180700193        12.970435263816503        13.075925886802485        11.107276507233566        11.342088060815433     
   28918.249473607251       -1.8052580000000000       0.23075360641343087        9.1313799000000007        4.9814999999999998E-003   12.279997121108819        12.153109582961607        12.498549579454393        11.787422468164889        12.088199411184066        12.505845870233573        12.822024059854394        13.132860558801609        12.125117660657674        12.506802908729641        12.831506617950462        13.085335039201604        13.282778808275213        11.037947987764889        12.146794431132927        12.291915370582425        12.409802908729640        12.514981098350463        12.865191866022430        12.974148904518499        13.079596846073573        11.123921680764697        11.352768865708990     
   28758.948295059112       -1.8149510000000000       0.23479059963962801        9.1314799000000004        4.9810000000000002E-003   12.285450632160483        12.158880896370366        12.503131095747079        11.794296566377408        12.094047013459061        12.510906090061901        12.826605176147083        13.137123072737197        12.130805961754120        12.511779316245661        12.836004321930837        13.089597153137198        13.286882021032255        11.044822485977406        12.152876423452703        12.297209580455544        12.414779316245660        12.519478402330840        12.868977676422375        12.977850902606136        13.083148266428736        11.140820706333599        11.363289844135963     
   28600.919788183521       -1.8246380000000000       0.23898109425408307        9.1315927000000006        4.9803000000000000E-003   12.290947782044647        12.164693200868278        12.507763364944108        11.801202006222095        12.099934958509738        12.516013347179555        12.831236994144106        13.141438833720475        12.136535878297924        12.516803283009200        12.840553300773745        13.093912462920475        13.291039753508656        11.051728377022094        12.158996683963014        12.302548701832830        12.419803283009198        12.524026929973747        12.872820705485022        12.981610641314663        13.086758980031750        11.157671154508733        11.373812384036075     
   28443.563155583688       -1.8343460000000000       0.24336016753810918        9.1317193999999997        4.9795999999999998E-003   12.296420972035788        12.170480090524622        12.512375525078427        11.808076461061676        12.105797108459898        12.521098590811677        12.835848647478430        13.145735773789598        12.142240671615484        12.521805416702540        12.845082350969291        13.098208896189595        13.295179336945177        11.058603338661678        12.165089930439594        12.307864535191372        12.424805416702538        12.528555473369289        12.876647096056347        12.985353921947210        13.090354274076651        11.174448445912185        11.384287808135534     
   28288.570375872343       -1.8440099999999999       0.24793755445122581        9.1318900999999997        4.9785999999999997E-003   12.301942343427841        12.176310081876094        12.517049087780153        11.814975270674962        12.111701310203150        12.526238497452537        12.840521527380153        13.150098668131895        12.147989880579020        12.526863175355457        12.849673765683077        13.102571107731896        13.299387238507768        11.065502831074964        12.171221286954326        12.313230913803713        12.429863175355456        12.533146205283076        12.880547060459515        12.989171738362439        13.094027083708335        11.191102753454954        11.394732162489850     
   28132.090120763976       -1.8537830000000000       0.25274241193381858        9.1320270000000008        4.9778000000000001E-003   12.307428005911973        12.182107609670446        12.521678896787058        11.821853108403324        12.117573385399176        12.531338842424766        12.845150788787059        13.154414969028586        12.153705475519939        12.531880492274265        12.854220546636554        13.106886861028585        13.303547059149352        11.072381216403326        12.177322747007146        12.318560096032737        12.434880492274264        12.537692438636554        12.884395563390882        12.992937213240374        13.097646201782908        11.207827361951651        11.405189346782208     
   27976.990797874292       -1.8635299999999999       0.25772354049287644        9.1321711000000008        4.9769999999999997E-003   12.312796740553228        12.187785390157483        12.526222543548823        11.828577912559922        12.123324919153387        12.536324610742760        12.849693859148825        13.158647840744571        12.159314074557482        12.536808090948981        12.858693859148826        13.111131320950793        13.307636996148666        11.079106596959921        12.183290559555513        12.323773731351107        12.439785081746852        12.542131320950791        12.888177030944416        12.996625337342291        13.101222235138192        11.224227864039985        11.415381189985897     
   27825.117054662987       -1.8732050000000000       0.26290730428709769        9.1323893999999992        4.9757999999999998E-003   12.317832834272078        12.193123484962754        12.530580587738211        11.834807753194486        12.128735314915279        12.540979130588592        12.854051030138212        13.162701264247534        12.164653042562755        12.541542183581409        12.863051030138209        13.115264317240349        13.311618991895013        11.085337310794486        12.188851082660616        12.328657951326743        12.444367300636070        12.546264317240350        12.891857898804336        13.000153458259003        13.104824403411524        11.239462342360735        11.424554675268123     
   27680.631895229479       -1.8824810000000001       0.26816660607732984        9.1326193000000000        4.9744000000000003E-003   12.322733491314784        12.198311273124324        12.534836545488920        11.840842288461742        12.133991700931107        12.545516769207255        12.858306068288920        13.166667332079376        12.169841750324325        12.546155709505241        12.867306068288917        13.119306272377367        13.315517381472594        11.091372765661744        12.194250114635876        12.333414123210014        12.448836341400471        12.550306272377368        12.895470076863054        13.003620231558285        13.108361613765068        11.254061861685164        11.433388380167960     
   27526.246835710001       -1.8924500000000000       0.27396963550353665        9.1328718999999996        4.9730000000000000E-003   12.327926320745433        12.203810851874014        12.539340836456265        11.847245684959478        12.139564298706023        12.550321483284574        12.862809348856263        13.170861842527682        12.175342339474010        12.551041789616853        12.871809348856264        13.123582148859963        13.319639883295675        11.097777172559478        12.199975076670309        12.338452567581143        12.453568036452562        12.554582148859968        12.899286839767097        13.007281599002805        13.112098021034814        11.269614618083512        11.442781681612725     
   27404.002596734354       -1.9004300000000001       0.27893269815088623        9.1331214999999997        4.9715999999999996E-003   12.332159127125308        12.208286149931837        12.543028986382254        11.852433579208146        12.144097273061828        12.554247230045501        12.866496500382254        13.174304505575723        12.179818635931838        12.555032104318776        12.875496500382255        13.127089379848996        13.323025868445733        11.102966065208147        12.204628298465096        12.342563129722041        12.457436106915509        12.558089379849001        12.902431331639200        13.010302848235938        13.115178943365926        11.282046030557673        11.450335013856900     
   27254.486253568746       -1.9102110000000001       0.28488855641380750        9.1333994999999994        4.9699999999999996E-003   12.337289182887746        12.213713014380611        12.547493016799661        11.858732825317491        12.149594321482974        12.559001144750818        12.870959418799659        13.178468391306795        12.185246612380611        12.559865351394885        12.879959418799659        13.131332597950868        13.327120682204432        11.109266423317495        12.210272639229403        12.347543669141318        12.462119837648453        12.562332597950865        12.906230448711570        13.013951336965141        13.118899840067504        11.297201443292478        11.459527210060346     
   27167.144954138890       -1.9161870000000001       0.28923046339811798        9.1337995999999997        4.9677000000000002E-003   12.340854951335420        12.217450264627139        12.550671617194091        11.862966383772218        12.153372575385028        12.562349093755721        12.874136418794091        13.181470708702371        12.188985463027144        12.563259638043696        12.883136418794091        13.134381252990345        13.330083596344487        11.113501582172219        12.214135033630889        12.351022096289558        12.465426782997838        12.565381252990349        12.909023481452763        13.016655428006899        13.121648135564786        11.306609406515534        11.465443119671370     
   27046.620042926930       -1.9243420000000000       0.29444084623710720        9.1342291000000007        4.9652000000000003E-003   12.345493978227633        12.222326905341777        12.554775880176653        11.868533797572521        12.158305316364469        12.566686082179103        12.878238963776649        13.185332203862504        12.193863821741779        12.567661051113486        12.887238963776650        13.138307172796889        13.333890709239817        11.119070713972523        12.219184863521544        12.355540598270562        12.469707671156414        12.569307172796890        12.912594698525670        13.020104402168595        13.125156645991286        11.319312310815743        11.473334538667906     
   26993.425464235883       -1.9280569999999999       0.29749127518031954        9.1345259999999993        4.9635000000000000E-003   12.347773621745100        12.224710562816627        12.556820494850273        11.871216554031209        12.160714100600616        12.568837181705790        12.880282390850271        13.187272779562734        12.196245630064853        12.569833643921799        12.889282390850271        13.140272779562737        13.335804309026971        11.121748083495449        12.221644467136384        12.357770584993327        12.471830607170029        12.571278853066277        12.914415083242980        13.021867367955442        13.126940038171449        11.325094028729838        11.477016413571215     
   26929.730052327952       -1.9322079999999999       0.30054677863696633        9.1345708999999999        4.9633000000000004E-003   12.349601634074908        12.226665606770254        12.558364676696957        11.873551256056288        12.162703431930659        12.570543041752707        12.881826393096954        13.188723678362017        12.198171445582986        12.571505216592300        12.890826393096955        13.141723678362016        13.337191692014343        11.124019269708615        12.223697134678332        12.359569189287640        12.473472771805035        12.572788567936552        12.915768717653940        13.023127719319000        13.128166461358596        11.330716675069546        11.480363926045904     
   26898.310342294990       -1.9345950000000001       0.30279420639063009        9.1349307000000000        4.9611999999999998E-003   12.351339134486443        12.228463068201853        12.559965016024707        11.875517086948085        12.164517952428637        12.572223279566904        12.883425293224702        13.190276798136084        12.199955985570936        12.573168395340117        12.892425293224703        13.143276798136084        13.338714831278379        11.125955120090380        12.225540196486348        12.361292329055525        12.475121589909199        12.574370408997920        12.917279115451590        13.024590897562968        13.129615458936181        11.334304277969393        11.482818260275492     
   26853.629954248452       -1.9378580000000001       0.30549095380634417        9.1353062000000005        4.9591000000000001E-003   12.353438215409877        12.230648505901378        12.561868033879858        11.877949578975887        12.166727725000115        12.574239993070098        12.885326809079857        13.192113288087093        12.202122579754366        12.575160773971362        12.894326809079857        13.145113288087089        13.340508142841340        11.128344433730138        12.227791645445869        12.363371064462861        12.477093623024345        12.576247589981119        12.919052598142599        13.026297852349835        13.131301082851099        11.339041705396347        11.485949633156189     
   26814.271352622010       -1.9409040000000000       0.30832490411581187        9.1358020999999994        4.9562000000000000E-003   12.355727581741377        12.233012622236132        12.563986244665863        11.880522076520400        12.169113511597509        12.576458591321995        12.887443036265864        13.194172468332482        12.204470991350131        12.577357701960622        12.896443036265865        13.147172468332485        13.342529948085108        11.130879556273023        12.230212823444887        12.365642742455375        12.479272862674620        12.578342146904490        12.921058683923732        13.028244907590349        13.133230435028974        11.343642924207181        11.489132017603076     
   26756.666157950192       -1.9451520000000000       0.31172583601769460        9.1363164999999995        4.9532999999999999E-003   12.358514714610067        12.235910850294164        12.566521259070537        11.883737129346464        12.172043531964885        12.579140608425352        12.889975993070536        13.196622007057154        12.207345464122834        12.580007926754636        12.898975993070536        13.149622007057154        13.344923939215107        11.134039061504414        12.233196333806934        12.368404062438735        12.481897274583307        12.580843311399818        12.923427055544387        13.030527803531005        13.135485653860286        11.349825607636109        11.493246313319872     
   26707.792904386017       -1.9488490000000001       0.31484228469354042        9.1368372999999998        4.9503000000000004E-003   12.361105874573083        12.238595590364310        12.568899476815032        11.886685944137993        12.174755529684331        12.581643830326277        12.892352127615032        13.198927652743825        12.210010671788714        12.582483891006261        12.901352127615032        13.151927652743820        13.347182794848207        11.136941086242379        12.235953038379945        12.370973606797486        12.484351623230664        12.583192188295014        12.925664903128188        13.032693079056981        13.137627838136963        11.355289704587806        11.496954792523395     
   26637.348949086641       -1.9539750000000000       0.31858225989977501        9.1373759999999997        4.9473000000000000E-003   12.364285515284362        12.241911809386188        12.571770546232877        11.890394659691669        12.178111087589269        12.584695126537785        12.895221042232873        13.201695018334132        12.213297940538357        12.585495848334702        12.904221042232873        13.154695018334127        13.349881871283216        11.140581512640754        12.239374730640183        12.374122142436526        12.487332475486870        12.586021764029795        12.928331105080137        13.035255577181388        13.140155306978308        11.362622491562920        11.501765139151029     
   26584.592031735599       -1.9579780000000000       0.32211266016805867        9.1379342000000001        4.9440999999999999E-003   12.367066434528493        12.244793776865020        12.574322064150277        11.893561909474609        12.181022972728126        12.587382075949908        12.897770327350276        13.204168707276853        12.216159301559863        12.588152880086806        12.906770327350277        13.157168707276849        13.352305036108586        11.143698238306346        12.242334907096389        12.376880222423331        12.489966667981644        12.588541131487172        12.930731050645480        13.037577693772057        13.142451971508955        11.368499941834632        11.505751558808893     
   26508.673739087502       -1.9635270000000000       0.32634895905202932        9.1385167999999997        4.9408000000000004E-003   12.370522192636098        12.248396710757923        12.577445923497208        11.897587727523401        12.184668938523593        12.590700803784703        12.900891856297207        13.207181431541052        12.219731679462683        12.591428576019034        12.909891856297207        13.160181431541051        13.355244172480141        11.147650468462487        12.246052130384506        12.380303094140857        12.493209477523791        12.591619628531539        12.933634146314468        13.040369654358315        13.145205560992643        11.376425113938708        11.510963280827568     
   26454.039641333638       -1.9675170000000000       0.32978601512457767        9.1389204999999993        4.9385000000000002E-003   12.372978065246869        12.250958621964202        12.579663007797560        11.900454836116197        12.187262002308223        12.593058308858915        12.903107325797560        13.209318785424252        12.222271723949557        12.593754928514890        12.912107325797560        13.162318785424254        13.357328507065588        11.150464557757530        12.248696598666893        12.382735485232224        12.495512348500249        12.593803945453537        12.935692172721563        13.042347950348251        13.147155934004228        11.382096455119935        11.514683945525476     
   26376.004000172466       -1.9730749999999999       0.33391021617873223        9.1393470000000008        4.9360999999999997E-003   12.376115054120650        12.254248270120303        12.582457658003861        11.904188814119269        12.190596078002653        12.596053457885869        12.905900270003862        13.212000085886562        12.225529470002826        12.596705650003518        12.914900270003862        13.165000085886557        13.359933477886731        11.154122206119442        12.252105298002483        12.385838866003173        12.498429461886044        12.596552462121512        12.938257834004379        13.044800261887076        13.149567230004724        11.389835895285916        11.519642026351633     
   26335.162348560618       -1.9765560000000000       0.33735809133828870        9.1401345999999997        4.9316000000000004E-003   12.379113904654602        12.257322503157479        12.585283460230801        11.907463991466120        12.193695170190875        12.598985802567078        12.908722921830805        13.214765913561322        12.228590870939438        12.599613135533684        12.917722921830805        13.167765913561322        13.362661614309882        11.157359692214680        12.255238931042317        12.388821734036558        12.501320964915639        12.599350254797404        12.940970562476483        13.047453015807005        13.152201425573605        11.395193605664186        11.523536590273789     
   26269.995597250283       -1.9816640000000001       0.34149507524732448        9.1409403999999999        4.9270000000000000E-003   12.382820378872525        12.261152864478026        12.588709428508880        11.911640228494525        12.197564412928125        12.602580985764481        12.912145666908879        13.218097206553482        12.232398170125377        12.603169437314380        12.921145666908879        13.171097206553481        13.365930963750733        11.161473985691776        12.259166894130880        12.392501922919879        12.504850981361729        12.602734118458779        12.944210700100632        13.050598478145234        13.155314452895128        11.402698756550246        11.528717113641067     
   26201.611323582882       -1.9866670000000000       0.34551075113818153        9.1414138000000005        4.9243000000000004E-003   12.385819558375129        12.264285025327961        12.591410538099478        11.915156184586468        12.200736638034400        12.605458928158750        12.914844882899480        13.220699718253083        12.235503904557984        12.606007315452313        12.923844882899481        13.173699718253083        13.368466984776667        11.164923451110052        12.262403716310818        12.395472782405147        12.507660539482334        12.605393270193044        12.946712337670231        13.053001517823830        13.157681215517396        11.409713867277876        11.533300325072684     
   26112.172134298991       -1.9931030000000001       0.35032930146940094        9.1419118000000008        4.9214999999999997E-003   12.389434771673727        12.268075133005127        12.594634899747270        11.919455039399335        12.204579106007174        12.608914528480717        12.918067252547267        13.223795569817916        12.239258925341474        12.609410555478672        12.927067252547268        13.176795569817912        13.371475389152213        11.169134858733635        12.266331639472877        12.399050916810072        12.511026700615016        12.608563279545223        12.949674357750169        13.055835027820812        13.160466349218765        11.418589144923821        11.538998989512159     
   26031.128738137533       -1.9993030000000001       0.35544040144355693        9.1427095000000005        4.9170000000000004E-003   12.393532256279492        12.272328322803215        12.598382644503555        11.924149818374392        12.208881391336593        12.612873455560663        12.921811806503559        13.227427132513213        12.243483358074730        12.613320387027283        12.930811806503559        13.180427132513213        13.375029099251350        11.173751785112529        12.270708586598456        12.403116453551007        12.514904584298801        12.612258737970180        12.953188544717971        13.059233032727622        13.163821640194246        11.427415632966760        11.544947788759291     
   25926.088548752021       -2.0071720000000002       0.36157389358292008        9.1435537999999994        4.9122000000000002E-003   12.398559307912727        12.277527230042736        12.602986307707731        11.929974127028984        12.214175356693978        12.617708345810229        12.926412092507732        13.231869955177725        12.248707130815220        12.618176571688991        12.935380622135245        13.184869955177724        13.379444170377724        11.179548342228983        12.276100837745233        12.408102052740237        12.519708345810230        12.616763965856485        12.957487218953990        13.063370866423980        13.167913611251493        11.438713968185183        11.552573351857717     
   25822.958661239594       -2.0148830000000002       0.36830567205921405        9.1443437999999997        4.9077000000000001E-003   12.403470869909302        12.282595380126441        12.607494830154263        11.935676594637375        12.219349796665195        12.622426288031782        12.930917454954262        13.236215569537126        12.253824952586822        12.622951132110156        12.939842632893875        13.189215569537126        13.383792944737127        11.185253969837376        12.281372087603959        12.412973423048914        12.524426288031780        12.621163038415499        12.961695831737980        13.067416571120845        13.171919124260459        11.449843381167273        11.560116983953051     
   25681.004089236478       -2.0254140000000000       0.37638384846805234        9.1452975999999992        4.9024000000000003E-003   12.409859251512060        12.289201263983799        12.613326839069007        11.943163971209355        12.226101450294561        12.628546021290532        12.936745648669007        13.241822445797268        12.260497243333585        12.629150228251508        12.945612050119216        13.194822445797268        13.389403636197269        11.192745161609356        12.288258065405326        12.419306843362271        12.530546021290533        12.626845462358244        12.967113422536716        13.072609029264978        13.177056621115188        11.464810039952408        11.570145792414284     
   25606.899677233207       -2.0313170000000000       0.38231746558289859        9.1461804999999998        4.8973999999999997E-003   12.414139485146304        12.293592995876001        12.617321249855237        11.947995344219532        12.230570818198768        12.632692172500771        12.940736527855240        13.245698295125539        12.264925685791837        12.633337304907702        12.949573281939397        13.198698295125542        13.393283017125544        11.197580066219530        12.292794474521532        12.423560961230468        12.534692172500773        12.630758705532468        12.970896114886937        13.076273160157239        13.180694636241402        11.473537134392512        11.576290538520421     
   25476.572521922146       -2.0411000000000001       0.38943756248343364        9.1471000999999994        4.8922000000000002E-003   12.420158712243339        12.299813323858888        12.622830203531027        11.955024268064829        12.236925151736965        12.638465458887183        12.946241803131027        13.250998791115478        12.271205567199491        12.639185043424657        12.955026360590420        13.203998791115477        13.398587191515478        11.204612668464829        12.299271778415044        12.429531670102733        12.540465458887184        12.636129975252953        12.976025122296793        13.081193709881244        13.185566667740641        11.487439963056080        11.585654501067093     
   25438.353609426274       -2.0445660000000001       0.39411555136230020        9.1479576999999992        4.8874000000000001E-003   12.423308902234009        12.303019286657232        12.625837809071715        11.958435933433325        12.240172763847806        12.641552932652861        12.949245978271716        13.253943763048490        12.274432195015155        12.642293501485511        12.958016731513791        13.206943763048489        13.401535593848489        11.208027764233325        12.302550748638378        12.432671486276085        12.543552932652862        12.639092501081141        12.978928362299992        13.084034316276767        13.188396900318846        11.492853773925265        11.589730413338376     
   25359.167951597654       -2.0508639999999998       0.39972919567732429        9.1488411999999997        4.8824000000000003E-003   12.427751744661505        12.307583375954236        12.629974510867894        11.963474789888982        12.244819572802639        12.645851539764697        12.953379146067894        13.257952149975159        12.279033408758307        12.646637703809029        12.962119842863819        13.210952149975162        13.405547514775160        11.213070154688983        12.307269675251041        12.437087806257429        12.547851539764698        12.643142949219493        12.982838109122687        13.087815748229955        13.192151809825882        11.502065753330752        11.596178344400480     
   25305.737574064915       -2.0553669999999999       0.40406831878926591        9.1496797000000001        4.8776999999999996E-003   12.431313775293285        12.311226268085756        12.633332881989540        11.967425447407910        12.248519249311693        12.649320125641411        12.956734163189543        13.261222951597064        12.282702300145152        12.650137074807953        12.965455568730148        13.214222951597067        13.408821670397069        11.217024166207908        12.311016074137628        12.440633899633889        12.551320125641412        12.646441181963608        12.986046251111739        13.090936320719260        13.195256445059867        11.508828439337369        11.601072056581886     
   25227.138991730790       -2.0613830000000002       0.40927507808666685        9.1502900999999994        4.8742999999999998E-003   12.435066885396356        12.315102039037498        12.636778922563281        11.971787572919993        12.252476060445773        12.652925804979819        12.960177762163280        13.264541448122134        12.286612607412891        12.653789258012694        12.968869514587887        13.217541448122134        13.412142608522135        11.221388733319991        12.315046600654039        12.444359798220962        12.554925804979817        12.649803740755011        12.989263820738472        13.094026346297326        13.198319259121931        11.517343246897831        11.606843832926316     
   25125.400895887637       -2.0691899999999999       0.41552317878627665        9.1510789999999993        4.8697999999999996E-003   12.439973063409559        12.320167564745871        12.641287614993113        11.977483269602748        12.257646479849987        12.657641129201336        12.964683298993114        13.268884481656796        12.291722261617783        12.658565347433536        12.973337234121198        13.221884481656799        13.416488797656799        11.227087585602751        12.320312446954096        12.449231314537650        12.559641129201337        12.654204383889001        12.993476765680773        13.098073632344461        13.202331883472551        11.528417051969372        11.614365362837061     
   25020.097629701311       -2.0771299999999999       0.42219707932108025        9.1517204999999997        4.8662000000000002E-003   12.444603699781045        12.324964523261634        12.645504736299849        11.982942274593718        12.262551307631931        12.662071423040445        12.968897854299851        13.272930148819260        12.296563504521639        12.663059226150740        12.977512637039840        13.225930148819259        13.420537030819258        11.232549156593720        12.325317446002231        12.453825364521037        12.564071423040446        12.658311069929553        12.997385675188951        13.101811087708363        13.206032752448355        11.539448880660110        11.621721165109378     
   24873.047543722751       -2.0880160000000001       0.43020614058813539        9.1523658000000001        4.8625999999999999E-003   12.452100799712817        12.332872193881649        12.652062308480680        11.991915212325839        12.270481657081650        12.669207374750012        12.975452845280678        13.279198940368126        12.304354704625371        12.670130001899764        12.984062308480677        13.232198940368121        13.426604078261597        11.241447302675589        12.333516635594201        12.461242353262566        12.571003049443483        12.664793802474655        13.003305515405316        13.107491726898790        13.211710653298791        11.558072560711508        11.634042792952890     
   24781.637503983060       -2.0951540000000000       0.43639950096596392        9.1531117999999996        4.8583999999999997E-003   12.457768294659306        12.338810934947354        12.657112617281413        11.998511394318747        12.276423382147357        12.674647622968003        12.980500170081413        13.284063445089377        12.310205019651342        12.675513887468732        12.989112617281407        13.237063445089376        13.431323794294087        11.247990106019476        12.339635212739392        12.466859453560033        12.576295524972714        12.669803095884664        13.007942773398071        13.111978228202780        13.216203122602785        11.570852808267759        11.642781479634706     
   24661.926551664099       -2.1043690000000002       0.44383173419101574        9.1539143000000003        4.8539999999999998E-003   12.464727477323338        12.346126040468343        12.663259669623871        12.006697148359295        12.283741697668349        12.681305821874071        12.986644012423868        13.289967865527197        12.317403624220008        12.682097684521475        12.995259669623868        13.242967865527197        13.437037311926263        11.256104668206698        12.347186530165020        12.473750654370741        12.582759611073138        12.675898419128133        13.013546210077928        13.117384342076997        13.221615656476994        11.587146510786349        11.653782183841594     
   24579.440904689585       -2.1109230000000001       0.45089734561019573        9.1546476999999999        4.8498999999999999E-003   12.469990447079711        12.351633533565645        12.667962962041512        12.012795920820031        12.289252124365644        12.686363538101878        12.991344371241516        13.294503253050889        12.322831565270333        12.687103384114662        12.999962962041513        13.247503253050892        13.441441130768366        11.262154357632815        12.352856060956261        12.478967474692498        12.587682825019348        12.680565375333421        13.017876344073057        13.121577040190529        13.225814221790531        11.598837356293336        11.661819300249531     
   24423.955499171767       -2.1227179999999999       0.45937575611291681        9.1554170999999993        4.8456000000000003E-003   12.478446759070664        12.360553224173149        12.675357215777048        12.022861955142105        12.298174892573151        12.694423235005850        12.998735547377049        13.301583458375390        12.331598848072321        12.695065126342691        13.007357215777049        13.254583458375393        13.448270973611404        11.272125514878947        12.362083644774806        12.487331987207504        12.595489081841862        12.687895943139381        13.024559934310577        13.128004112746588        13.232247449546591        11.619453191387375        11.675558149937622     
   24369.353059930352       -2.1273919999999999       0.46459052972900716        9.1562031000000008        4.8412000000000004E-003   12.482672520619863        12.364939649040069        12.679211615034978        12.027625652448735        12.302564461440069        12.698516440311545        13.002586802634978        13.305325508754839        12.335933814500001        12.699122404283367        13.011211615034979        13.258325508754842        13.451925638186593        11.276856428820556        12.366576130520210        12.491528109391686        12.599491757343296        12.691725379323087        13.028169428446523        13.131519933078275        13.235769557878276        11.627930262502938        11.681604308219191     
   24282.254131080379       -2.1341350000000001       0.47084866594232455        9.1567281000000005        4.8383000000000002E-003   12.487633737302589        12.370160062509347        12.683575853802170        12.033484386177060        12.307786974909350        12.703255931379475        13.006948941402166        13.309513449664328        12.341069229040430        12.703805967594201        13.015575853802170        13.262513449664327        13.455972652410134        11.282661334791785        12.371968641847188        12.496437598317316        12.604088221725279        12.696054246918523        13.032135643741215        13.135341021687021        13.239594846487018        11.639708836219180        11.689523787067097     
   24160.504576335337       -2.1435149999999998       0.47821487194402262        9.1573749000000007        4.8346999999999999E-003   12.494379917240002        12.377268903910997        12.689485552821482        12.041490339110050        12.314898403510997        12.709690462759275        13.012856053221485        13.315177062374152        12.348058908087333        12.710162000725875        13.021485552821483        13.268177062374152        13.461438604517090        11.290591376676646        12.379318395158327        12.503110454406604        12.610322505302209        12.701915520231216        13.037487607893427        13.140490150836362        13.244749150036364        11.655994643920979        11.700415022983735     
   24066.226513308320       -2.1508280000000002       0.48490477666499970        9.1578970000000002        4.8317999999999998E-003   12.499658926400809        12.382828658860880        12.694115542580608        12.047744189396635        12.320460246860883        12.714727971298512        13.017483954580609        13.319616407607228        12.353526473374192        12.715138211169599        13.026115542580609        13.272616407607227        13.465724461991623        11.296786017267724        12.385064617834267        12.508332342271895        12.615204437682909        12.706508353222834        13.041685452504932        13.144530330889328        13.248793506889324        11.668665381502866        11.708905515903947     
   23945.615242957349       -2.1602009999999998       0.49293245671134123        9.1585411000000008        4.8282000000000004E-003   12.507124583010960        12.390688061758905        12.700743889711660        12.056690914282971        12.328376610915949        12.721829433063011        13.024089829431436        13.325857697406672        12.361322226158908        12.722209861659611        13.032743889711661        13.278912082163714        13.471837801526451        11.305671018402748        12.393197155749814        12.515758747410960        12.622175372782788        12.712966466920758        13.047651421092585        13.150308811655318        13.254522755698279        11.686515334523204        11.721088617071072     
   23827.418897888147       -2.1695210000000000       0.50049980648417158        9.1592623999999994        4.8241999999999998E-003   12.515551533732340        12.399542170160744        12.708343466017558        12.066843271426000        12.337351800862860        12.729834996503937        13.031643778037514        13.332906149287043        12.370179219760745        12.730245251245963        13.040343466017559        13.286078730389155        13.478843510907000        11.315780633045955        12.402360225487035        12.524188583332345        12.630135308523895        12.720251311491266        13.054472135882820        13.156962817200663        13.261064335298554        11.706219049517015        11.734856548011420     
   23717.341121697049       -2.1779530000000000       0.50798177740119455        9.1596527999999999        4.8219999999999999E-003   12.522734502222823        12.407124376783200        12.714755890074704        12.075648649417152        12.345045646861502        12.736621850062454        13.038015129121865        13.338806134236028        12.377762987983198        12.737061598235078        13.046755890074705        13.292088793114329        13.484703984483188        11.324546499664313        12.410231592465268        12.531373113422825        12.636881089109613        12.726371451992632        13.060156650079426        13.162494619048280        13.266489182569979        11.723912147206855        11.747031702491709     
   23611.468577043681       -2.1862180000000002       0.51552108402618269        9.1601464999999997        4.8193000000000003E-003   12.529902458195583        12.414676354254556        12.721182738234884        12.084372412064329        12.352705471677513        12.743409734136609        13.044402508602037        13.344739138752953        12.385316940254555        12.743878392293862        13.053182738234884        13.298127670175912        13.490599495120104        11.333232768431479        12.418061718890574        12.538543044195581        12.643629504503753        12.732516201598866        13.065883833907041        13.168074486851236        13.271967127428280        11.741187915690940        11.758996070543123     
   23518.520623299060       -2.1937859999999998       0.52204769661899675        9.1608613999999999        4.8152999999999998E-003   12.536918485214164        12.422029283530696        12.727548129577256        12.092742341670563        12.360154208507394        12.750094578097629        13.050733010386983        13.350668960684024        12.392672729130693        12.750589264693785        13.059548129577257        13.304150440060722        13.496497287093751        11.341570668080289        12.425658602470525        12.545561930814165        12.650279458907358        12.738631919437422        13.071636338730618        13.173696294563646        13.277501706386948        11.757074616793068        11.770209637558017     
   23462.376520561535       -2.1985990000000002       0.52741403797666864        9.1615219000000003        4.8116000000000001E-003   12.541726770651390        12.427040905353241        12.731963406295321        12.098358792674695        12.365224616432680        12.754704811149544        13.055127047079417        13.354819472914034        12.397686992953240        12.755215803797171        13.063963406295322        13.308357096393472        13.500629201298132        11.347168521058791        12.430817416575650        12.550372858251393        12.654868451933638        12.742894719872911        13.075682488755156        13.177662418459811        13.281416970180377        11.767238636093303        11.777542673721385     
   23361.568605940862       -2.2067510000000001       0.53376847953445172        9.1621953999999999        4.8079000000000004E-003   12.549063140352276        12.434743855475778        12.738594120593861        12.107171195299030        12.373031068469841        12.761679988428773        13.061721110141127        13.360977410876297        12.405392637075783        12.762221180517367        13.070594120593862        13.314615842270355        13.506753182023564        11.355946966446295        12.438786139205225        12.557711921952274        12.661806977976040        12.749254273664414        13.081646892888179        13.183486669441388        13.287145801247332        11.784201380565085        11.789440776462131     
   23336.246307840040       -2.2092239999999999       0.53745803720097318        9.1627819000000006        4.8047000000000003E-003   12.551913194182781        12.437685516007829        12.741266918337661        12.110373898426563        12.376000397299990        12.764443127557733        13.064384225394068        13.363528587620454        12.408336643607829        12.764992622962708        13.073266918337662        13.317192341312612        13.509297022276861        11.359142333082971        12.441794084140717        12.560564321782785        12.664560434614142        12.751856095004776        13.084154463036135        13.185956888800384        13.289595390308222        11.789464275347928        11.793416442339929     
   23281.287823649960       -2.2139240000000000       0.54188567406602439        9.1633870999999996        4.8012999999999997E-003   12.556531294816882        12.442503596138845        12.745500309582429        12.115787563488173        12.380875856715196        12.768866090294917        13.068597762198994        13.367502199284115        12.413157144538847        12.769433256104396        13.077500309582430        13.321220911460468        13.513253200300682        11.364538564504738        12.446757185284458        12.565184843216880        12.668963542911481        12.755939623636817        13.088025420131419        13.189750612171629        13.293338996795281        11.799329089589090        11.800511545171592     
   23216.139250415217       -2.2192090000000002       0.54666896339321214        9.1638046000000006        4.7990000000000003E-003   12.561239388379461        12.447449352214383        12.749752363132368        12.121452538882563        12.385888431363965        12.773339861344544        13.072826883968949        13.371448101747864        12.418104570614380        12.773927982167288        13.081752363132368        13.325231962497446        13.517177840984443        11.370182278119144        12.451875455299719        12.569894606779462        12.673414382181120        12.760015823247032        13.091846035448695        13.193481477135689        13.297008053186106        11.810261527635509        11.808171524556270     
   23160.610342568612       -2.2238099999999998       0.55089427594277274        9.1642440000000001        4.7965999999999998E-003   12.565449401026077        12.451862052857953        12.753573673424055        12.126475155151427        12.390358418515385        12.777350701194203        13.076628766626206        13.375007679934752        12.422519028857954        12.777957253255932        13.085573673424056        13.328847069592184        13.520719749136900        11.375187224353576        12.456435315032396        12.574106377026078        12.677405794396352        12.763686459249614        13.095299828619892        13.196858556164605        13.300333118507178        11.819776618605522        11.814894351733953     
   23110.375393445447       -2.2280810000000000       0.55530816706231445        9.1647429000000002        4.7938000000000000E-003   12.569540399991194        12.456136539561239        12.757313027745308        12.131297601127542        12.394685135767791        12.781262203621147        13.080350668889135        13.378509320368710        12.426795511161234        12.781886082115353        13.089313027745309        13.332398944975264        13.524205933112537        11.379994213871367        12.460843054524727        12.578199371591193        12.681299844764972        12.767288569581819        13.098706985955602        13.200196030892872        13.303624349486320        11.828666608202287        11.821254633474560     
   23029.154848618844       -2.2347100000000002       0.56046867951634860        9.1652562000000000        4.7910000000000001E-003   12.575387607155253        12.462280870531419        12.762591691095583        12.138340529889277        12.400912740482802        12.786816393379084        13.085601573866228        13.383405532968037        12.432941895331417        12.787468028871750        13.094591691095584        13.337376378119419        13.529076440538681        11.387011437459915        12.467203288756203        12.584048631955255        12.686826276149727        12.772347223270799        13.103446917065277        13.204824929884534        13.308176134333156        11.842277068321792        11.830785587552732     
   22993.124982714762       -2.2378790000000000       0.56410503659292521        9.1657069000000000        4.7885000000000002E-003   12.578629320990686        12.465656821059824        12.765562888883910        12.142111045267249        12.404326523677113        12.789934351138829        13.088562888883910        13.386221165583262        12.436319648659826        12.790597178738828        13.097562888883910        13.340221165583262        13.531872561214769        11.390769315916039        12.470679764177760        12.587299023607969        12.689920601104259        12.775234915617830        13.106193580282614        13.207523877665327        13.310838100896838        11.849027860671711        11.835693400223441     
   22930.208304404434       -2.2430870000000001       0.56846900288936608        9.1661561999999996        4.7860000000000003E-003   12.584087058696984        12.471366225479365        12.770412548144893        12.148557477826511        12.410100641974960        12.795206933210196        13.093412548144894        13.390920308749834        12.442030850279366        12.795871558010194        13.102412548144894        13.344920308749835        13.536468756562513        11.397175717334783        12.476599006970019        12.592821475192576        12.695067349819002        12.780059892141026        13.110751193354776        13.212016776859176        13.315229849471859        11.861109343538384        11.844381947664083     
   22884.951691519742       -2.2471459999999999       0.57248248972959803        9.1667816999999996        4.7825999999999997E-003   12.588730717762592        12.476190910996513        12.774618531176385        12.153900222698274        12.414973086104991        12.799719826437149        13.097618531176385        13.395015884460831        12.446858037796515        12.800386953237149        13.106618531176386        13.349015884460831        13.540491211142465        11.402490597688390        12.481574352420550        12.597512892871071        12.699489729820192        12.784245981077786        13.114748871745268        13.215966696636789        13.319109150118427        11.870514833051617        11.851336538504965     
   22828.532795436106       -2.2518829999999999       0.57729814295342685        9.1672314999999998        4.7800999999999998E-003   12.593744192545838        12.481430061364094        12.779086288833483        12.159798407818862        12.420270454568659        12.804567642932149        13.102086288833483        13.399348734091070        12.452098987364096        12.805236568932145        13.111086288833484        13.353348734091071        13.544731494015227        11.408352634947580        12.487001231311069        12.602584585750403        12.704224708523018        12.788691668500199        13.118955809348659        13.220115416144097        13.323167102068254        11.881467165358330        11.859245532849876     
   22758.257134673484       -2.2574860000000001       0.58227896719022265        9.1674763000000006        4.7787999999999997E-003   12.599177066336944        12.487144037798251        12.783839435746456        12.166345900182167        12.426055685863576        12.809791648140964        13.106839435746457        13.403936341553026        12.457813942998248        12.810461553340962        13.115839435746457        13.357936341553026        13.549202559085151        11.414853860579621        12.492949064457010        12.608088714402269        12.709308162410311        12.793419827283676        13.123382773359589        13.224471125294263        13.327407248026395        11.894300054859007        11.868298940071140     
   22706.176008760955       -2.2616619999999998       0.58628766194243276        9.1676722000000002        4.7777000000000002E-003   12.603265625048387        12.491440921013343        12.787424144667142        12.171259920908213        12.430405433804584        12.813725530674670        13.110424144667142        13.407398359553518        12.462111609813345        12.814396219474670        13.119424144667143        13.361398359553519        13.552578159902183        11.419733545248114        12.497419152518205        12.612230137839628        12.713137882692191        12.796986007535995        13.126726018439896        13.227761505648658        13.330611994797323        11.903872526059629        11.875070136261677     
   22644.461638853038       -2.2667560000000000       0.59064036960802646        9.1680381000000004        4.7756999999999999E-003   12.608424037009177        12.496846190453768        12.791985215796119        12.177391126787532        12.435873881214915        12.818701726725740        13.114985215796116        13.411813271875415        12.467518342853770        12.819373879125740        13.123985215796116        13.365813271875416        13.556890909951532        11.425824303224791        12.503029367935616        12.617451727770328        12.717990650003442        12.801524348597708        13.131002089954711        13.231974399193566        13.334724189669684        11.915527822528022        11.883401792990410     
   22601.226102874454       -2.2704439999999999       0.59469777746363917        9.1684079999999994        4.7736000000000002E-003   12.612353481080161        12.500948576668668        12.795495889148162        12.181997543434170        12.440020982565789        12.822504423388787        13.118495889148162        13.415220930314659        12.471622208668668        12.823178055388786        13.127495889148163        13.369220930314656        13.560227161559665        11.430402548576302        12.507275045399302        12.621425886977290        12.721706875594533        12.805018478108908        13.134314131481146        13.235241725584023        13.337921588829031        11.924007623317605        11.889549624691435     
   22526.514548304851       -2.2765810000000002       0.59956705146323108        9.1687934000000002        4.7714999999999997E-003   12.618457149646774        12.507351091453556        12.800876095704551        12.189281180873897        12.446499750505252        12.828387040491689        13.123876095704547        13.420424977026434        12.478026265053556        12.829062214091687        13.132876095704548        13.374424977026434        13.565306980297771        11.437636669596928        12.513925348383369        12.627605808698471        12.727440069588299        12.810371947929825        13.139349726348316        13.240201067296619        13.342758244167959        11.937976575449492        11.899497682960197     
   22486.973080869750       -2.2800340000000001       0.60329834646956215        9.1691927999999994        4.7692999999999998E-003   12.622178942983631        12.511231050660150        12.804214498867765        12.193619661689716        12.450420848779281        12.831993404626239        13.127214498867765        13.423669077554067        12.481907821860155        12.832670175826237        13.136214498867766        13.377669077554067        13.568485619991243        11.441949231046021        12.517935956492980        12.631368741102762        12.730967350787978        12.813695131392326        13.142507512240368        13.243317714121240        13.345811027758415        11.945859052167744        11.905246034502966     
   22420.949474567602       -2.2855550000000000       0.60777659521828875        9.1696059000000005        4.7670999999999998E-003   12.627730761408184        12.517046963509912        12.809126465137243        12.200211333815101        12.456304437635342        12.837350457031885        13.132126465137244        13.428425307902994        12.487725387109915        12.838028880631885        13.141126465137244        13.382425307902995        13.573131839435515        11.448496915873054        12.523970324069598        12.636988235533618        12.736192355981022        12.818583408953860        13.147116268668743        13.247858794543308        13.350243749675830        11.958360428361971        11.914192520147278     
   22376.852542704815       -2.2895129999999999       0.61168959309819637        9.1701438000000000        4.7641000000000003E-003   12.632131454396120        12.521624044225302        12.813099028575085        12.205296061712840        12.460927766882595        12.841623162424231        13.136099028575085        13.432292534508576        12.492304619425301        12.842303737624231        13.145099028575085        13.386292534508577        13.576925863545902        11.453552538207465        12.528692535349105        12.641435177053413        12.740376867509642        12.822538829423166        13.150888916442067        13.251585193784774        13.353899098022101        11.967399835764031        11.920849746223549     
   22325.078775512331       -2.2939880000000001       0.61638519402325120        9.1705959000000004        4.7616000000000004E-003   12.636838376332163        12.526538061230115        12.817303530136892        12.210813279923967        12.465895366054601        12.846178379858697        13.140303530136888        13.436374554438311        12.497220444830115        12.846860763458698        13.149303530136889        13.390374554438308        13.580921461638942        11.459035108349083        12.533777190953179        12.646195681156653        12.744828537409722        12.826724396887284        13.154857496739728        13.255500191915244        13.357729482715873        11.977554703752974        11.928213694355916     
   22260.196822226913       -2.2995079999999999       0.62171609607306644        9.1710604000000000        4.7590999999999996E-003   12.642452619986980        12.532411832698074        12.822288187276975        12.217447054831350        12.471835877475844        12.851601693653659        13.145288187276975        13.441206498653703        12.503096074298071        12.852285935253661        13.154288187276975        13.395206498653703        13.585644732965882        11.465625092321304        12.539864841299121        12.651876664764753        12.750122087298113        12.831686105009247        13.159546018030426        13.260121973252652        13.362244449164837        11.989997069520882        11.937162128563450     
   22202.659569544056       -2.3043830000000001       0.62648895425752193        9.1714397999999999        4.7569999999999999E-003   12.647380223574430        12.537569585296254        12.826657376164608        12.223280078461727        12.477052684926708        12.856359720683059        13.149657376164608        13.445440620008959        12.508255344496256        12.857045479883062        13.158657376164609        13.399440620008960        13.589782255242785        11.471419054126009        12.545212163482361        12.656863323204888        12.754765039822146        12.836035300869867        13.163652659853305        13.264169560222854        13.366196954656679        12.000980007267046        11.945048017863400     
   22128.908854367248       -2.3105519999999999       0.63127332421826809        9.1718258000000006        4.7549000000000003E-003   12.653429923188433        12.543914287770967        12.831991399145853        12.230494349518558        12.483472682116599        12.862191256151533        13.154991399145853        13.450602223040839        12.514601590970965        12.862878559351536        13.163991399145853        13.404602223040840        13.594819731363323        11.478582948986674        12.551799948621611        12.662988317534065        12.760449073860272        12.841344405332109        13.168649562935826        13.269091168590194        13.370995980112678        12.014792274493622        11.954893940147588     
   22090.624830038232       -2.3139580000000000       0.63500597980401952        9.1722242999999999        4.7527000000000003E-003   12.657074985191617        12.547712485871465        12.835264142653624        12.234736015911004        12.487310758241424        12.865724654081731        13.158264142653625        13.453784688752076        12.518401383071467        12.866413551281731        13.167264142653625        13.407784688752077        13.597937744773777        11.482798447102670        12.555723520542976        12.666673257561580        12.763905903741808        12.844603439092001        13.171749720850524        13.272151448480564        13.373993401702268        12.022464492799230        11.960501715668002     
   22038.447634391254       -2.3183690000000001       0.63948529960467837        9.1725267000000006        4.7511000000000003E-003   12.661408990939526        12.552255200401964        12.839091445822985        12.239892760789269        12.491906859567573        12.869904547442703        13.162091445822986        13.457490148952223        12.522945307201963        12.870594654242703        13.171091445822986        13.411490148952224        13.601555129560550        11.487919293763204        12.560437836038338        12.671060650105138        12.767981442711486        12.848413253683441        13.175339386081459        13.275687726915853        13.377442814324182        12.032289754267994        11.967520560611637     
   21974.499894998087       -2.3238080000000001       0.64447444768973650        9.1729189000000009        4.7489000000000003E-003   12.667144568223287        12.558254430947871        12.844197891573268        12.246610313798316        12.497971606652873        12.875400418898282        13.167197891573268        13.462447353458694        12.528963744348301        12.876082319002430        13.176197891573269        13.416447353458695        13.606421853353689        11.494584813693317        12.566605893253302        12.676879381728719        12.773357280992849        12.853480715868267        13.180221918163264        13.280471380048690        13.382137555543688        12.044966777897658        11.976638180302968     
   21923.758021504771       -2.3283290000000001       0.64903727909213926        9.1734264000000003        4.7460999999999996E-003   12.672551817712597        12.563880138117634        12.849095692327642        12.252758391390023        12.503650085696128        12.880558019020116        13.172095692327643        13.467226150279595        12.534626733205075        12.881222187623740        13.181095692327643        13.421226150279596        13.611149908301099        11.500682149411530        12.572315563983567        12.682374654778529        12.778428887554186        12.858325744749147        13.185024325170653        13.285154783122602        13.386772246744110        12.056132749464675        11.984831423020887     
   21842.985627034563       -2.3352349999999999       0.65445640253491089        9.1739204999999995        4.7434000000000000E-003   12.680361611392408        12.572037451184221        12.856095785662754        12.261760006986888        12.511890147557184        12.887967903527580        13.179095785662751        13.474038292616870        12.542842365257235        12.888602135754519        13.188095785662751        13.428038292616870        13.617881278243901        11.509602992613923        12.580608015630199        12.690323539838387        12.785701657081598        12.865243089289786        13.191868802916821        13.291811309870939        13.393349977497971        12.073112754137407        11.997088364205455     
   21802.434980223396       -2.3389150000000001       0.65841232191537369        9.1743714999999995        4.7410000000000004E-003   12.684759722715492        12.576609748978994        12.860086586517726        12.266748338012141        12.516504799998769        12.892166869616608        13.183086586517726        13.477934204293780        12.547445033814375        12.892786322965618        13.192086586517723        13.431934204293780        13.621736639274003        11.514550772992363        12.585247626834152        12.694792572570654        12.789831505761446        12.869191535497952        13.195783914478172        13.295631532254225        13.397131453234449        12.082111644319033        12.003710704987595     
   21753.292524331391       -2.3432569999999999       0.66315929317778066        9.1747916000000007        4.7387000000000002E-003   12.689813637473016        12.581874685273743        12.864647396316329        12.272522585608044        12.521820559149411        12.896978432894670        13.187647396316329        13.482380597066943        12.552746341251357        12.897579327615109        13.196647396316330        13.436380597066940        13.626133889591273        11.520275878132377        12.590594715927026        12.699932000926303        12.794559235841387        12.873701522440662        13.200251480564994        13.299984681315603        13.401437140239935        12.092742518819676        12.011465102532839     
   21668.108420719054       -2.3505039999999999       0.66885554425646843        9.1752252999999993        4.7362999999999997E-003   12.697851661518799        12.590278496209018        12.871831844525994        12.281821023208016        12.530311288988299        12.904594006022394        13.194831844525995        13.489367891794339        12.561212020615207        12.905161552389304        13.203831844525991        13.443367891794340        13.633036000215055        11.529489131628738        12.599142109794487        12.708117077504271        12.802029491236928        12.880799051746711        13.207270764967427        13.306806812235775        13.408175821856494        12.110451243123736        12.024195954752345     
   21633.112062916181       -2.3535409999999999       0.67280690486919981        9.1754546000000001        4.7350999999999999E-003   12.701252364773882        12.593829315754320        12.874881667003045        12.285737499830141        12.533898022091400        12.907821561888461        13.197881667003045        13.492336673496776        12.564788622859304        12.908375290815581        13.206881667003046        13.446336673496777        13.635969785559695        11.533370611893055        12.602751873996386        12.711578559815951        12.805197185246396        12.883812960665963        13.210253346328876        13.309708352822611        13.411043283285526        12.117824044928554        12.029522416545593     
   21564.579797456987       -2.3593000000000002       0.67754801621957472        9.1757016000000000        4.7337000000000004E-003   12.707478330225193        12.600349415132872        12.880421321799762        12.292981569263340        12.540487641735414        12.913706842012477        13.203421321799762        13.497718270897170        12.571358237637909        12.914233036404948        13.212421321799763        13.451718270897171        13.641282850694626        11.540546149060798        12.609388045040451        12.717922572932775        12.810965405704899        12.889283095197218        13.215658900594679        13.314955849692087        13.416223235889543        12.131831202107566        12.039527781462564     
   21526.776410153336       -2.3626730000000000       0.68159979235482093        9.1760265000000008        4.7320000000000001E-003   12.711338001772296        12.604370920152574        12.883901659873827        12.297395295619994        12.544548249742421        12.917380095823061        13.206901659873827        13.501111082673239        12.575408225721530        12.917891026275006        13.215901659873827        13.455111082673239        13.644637859083394        11.544922072030149        12.613473237311373        12.721848530931096        12.814573672664261        12.892724330283981        13.219067530694135        13.318276953493546        13.419507835903699        12.139979997466758        12.045464263234754     
   21455.616601249418       -2.3687170000000002       0.68646251896560917        9.1763162999999999        4.7304000000000001E-003   12.717871587623677        12.611209569950834        12.889722488436167        12.304984686604936        12.551459218549581        12.923560201029925        13.212722488436167        13.506768007706516        12.582298769817431        12.924041980295481        13.221722488436168        13.460768007706516        13.650223624307763        11.552440303206186        12.620432622816178        12.728505170889026        12.820631882964573        12.898472839837421        13.224749517238667        13.323795036509015        13.424955918310264        12.154592013546800        12.055920471287113     
   21405.234992519079       -2.3731580000000001       0.69054299281997211        9.1766722999999999        4.7283999999999998E-003   12.722896065945147        12.616449576975224        12.894241726670334        12.310750649057358        12.556751031182703        12.928335619307742        13.217241726670334        13.511171056455215        12.587576580182549        12.928796445500570        13.226241726670334        13.465171056455215        13.654576291447736        11.558155884049878        12.625757966790029        12.733617834159951        12.825320540292932        12.902940272462853        13.229172264255372        13.328101594040252        13.429213518232775        12.165333346190803        12.063715700356749     
   21348.629489255844       -2.3781340000000002       0.69544010662338607        9.1770496000000001        4.7264000000000004E-003   12.728429061258486        12.622224614258693        12.899207157751045        12.317117634919653        12.562584183169436        12.933588605504765        13.222207157751045        13.516006147372329        12.593394112212208        12.934025575308480        13.231207157751046        13.470006147372329        13.659354776861585        11.564466264408905        12.631629085922951        12.739249929722751        12.830475935440505        12.907847588840303        13.234029011929556        13.332828001550842        13.433884829440098        12.177289475687031        12.072362526306646     
   21285.360009201646       -2.3836279999999999       0.70078803007536361        9.1773890999999992        4.7245000000000004E-003   12.734460647480095        12.628526770054918        12.904604691172111        12.324084683342072        12.568950966445719        12.939306560326102        13.227604691172111        13.521258292178885        12.599743403834086        12.939716601958569        13.236604691172111        13.475258292178886        13.664543652188087        11.571370043351273        12.638038931024884        12.745391921250061        12.836084842956140        12.913180494781315        13.239304080390514        13.337957681397285        13.438952597806487        12.190501422463569        12.081877845585637     
   21219.590571218090       -2.3892460000000000       0.70600016880350724        9.1776300000000006        4.7232000000000003E-003   12.740421201300961        12.634768751937536        12.909906587013143        12.331022142732692        12.575259681366315        12.944940194157056        13.232906587013144        13.526409335234135        12.606033768444874        12.945322130571160        13.241906587013144        13.480409335234135        13.669628925805355        11.578241733303912        12.644393137873656        12.751466627237086        12.841605288220933        12.918415657584362        13.244477328155583        13.342980076376570        13.443910186947789        12.203927732596206        12.091464432805413     
   21157.726557068625       -2.3946369999999999       0.71086617449935419        9.1779496999999992        4.7215000000000000E-003   12.746248341376651        12.640860179365360        12.915113808147337        12.337764455020624        12.581414251608289        12.950460571761996        13.238113808147338        13.531474718244494        12.612171507391308        12.950815585553025        13.247113808147338        13.485474718244495        13.674632444801562        11.584922181577690        12.650590183234238        12.757401942845535        12.847018769093109        12.923559735904410        13.249564657661475        13.347925567758628        13.448795093115701        12.216775332461856        12.100698136954859     
   21099.832126599966       -2.3997570000000001       0.71579697207135928        9.1783093000000004        4.7194999999999997E-003   12.751891056711075        12.646749862864519        12.920176140777075        12.344261202812072        12.587363267937919        12.955816691744078        13.243176140777075        13.536404433170427        12.618105133278073        12.956146030390366        13.252176140777076        13.490404433170427        13.679504265297028        11.591361034938673        12.656578826751472        12.763146494998027        12.852274490657118        12.928562735703673        13.254515516630272        13.352743809023623        13.453556878350229        12.228986584124970        12.109526052407924     
   21035.314036991182       -2.4053909999999998       0.72122674731563896        9.1786226000000006        4.7178000000000003E-003   12.757936854967907        12.653071025923369        12.925575504937816        12.351262240413041        12.593750202286374        12.961542405952864        13.248575504937817        13.541656215508374        12.624474775182952        12.961843064596705        13.257575504937817        13.495656215508374        13.684691529545367        11.598297554450033        12.663010480345958        12.769305290190500        12.857888461130271        12.933896328574813        13.259789604211802        13.357870314782359        13.458620119219352        12.242353751794750        12.119125106036817     
   20968.096178151322       -2.4112450000000001       0.72656781270951021        9.1789152000000005        4.7162000000000003E-003   12.764527751920188        12.659907802585735        12.931561549845703        12.358826868933249        12.600678199522250        12.967790482903766        13.254570621352883        13.547506813709184        12.631371028007578        12.968097654418429        13.263538717531034        13.501506813709184        13.690474909887335        11.605817797426067        12.670035417873127        12.775990977342037        12.864042918281910        12.939845889045706        13.265512420014304        13.363549013136456        13.464091394019732        12.256891761021937        12.129592544745776     
   20909.420663300003       -2.4164990000000000       0.73163032619286306        9.1793010000000006        4.7140999999999997E-003   12.770964184020524        12.666518718030623        12.937536078241319        12.366085870208423        12.607391465229924        12.973920079862921        13.260561693715420        13.553380535042020        12.638043705367323        12.974267839725520        13.269471114378721        13.507380535042021        13.696289955705318        11.613060254734322        12.676881035377424        12.782489171357227        12.870112296526223        12.945818874241318        13.271130481306724        13.369234793557819        13.469459752485825        12.270570653382826        12.139574664085124     
   20828.020669837399       -2.4236650000000002       0.73727785592226380        9.1796915000000006        4.7120000000000000E-003   12.779518869356991        12.675316041347479        12.945451148741036        12.375787286414202        12.616330399572863        12.982048138271239        13.268499515175975        13.561155556515647        12.646925552677640        12.982452985166461        13.277327535845810        13.515155556515648        13.703983577185486        11.622738919979263        12.686003958668127        12.791128380687155        12.878157392941073        12.953732382741038        13.278548690734713        13.376747550090222        13.476531172979122        12.289175229836868        12.153054816061967     
   20791.077630380412       -2.4269419999999999       0.74179766667420377        9.1798867000000008        4.7109999999999999E-003   12.783423561919092        12.679330782227952        12.949065779690420        12.380211600040878        12.620409580820079        12.985759450723885        13.272124372637533        13.564706527898293        12.650978798197572        12.986190233346397        13.280915450267917        13.518706527898294        13.707497605528674        11.627153007093765        12.690166471706432        12.795071577888711        12.881830981554264        12.957346232890421        13.281937742344420        13.380179808242323        13.479763006718832        12.297640465276528        12.159194218718779     
   20713.762862359970       -2.4336280000000001       0.74722124505175769        9.1800996999999995        4.7098000000000001E-003   12.791182546978643        12.687320859591562        12.956218391473655        12.389065911152770        12.628533700419673        12.993112126643275        13.279298423720824        13.571725949445543        12.659047894329202        12.993597932733746        13.288012186583185        13.525725949445544        13.714439712307904        11.635985878905601        12.698465808142124        12.802909581716285        12.889105490705631        12.964497992673657        13.288616024651681        13.386948402185453        13.486111442653954        12.314947785402701        12.171638593327515     
   20665.979773757845       -2.4379330000000001       0.75179857932417626        9.1803910000000002        4.7082000000000001E-003   12.796375685498040        12.692656182176764        12.961036970147200        12.394929331921139        12.633952783373536        12.998055709111112        13.284129973402914        13.576461932950428        12.664433330403005        12.998575162081641        13.292795953176674        13.530461932950429        13.719127912724188        11.641836328665425        12.703992263081735        12.808152833724284        12.894000124884871        12.969315406147201        13.293142530330647        13.391531561015990        13.490435010169966        12.326038359837250        12.179720712043098     
   20587.708003438755       -2.4448240000000001       0.75729151246120907        9.1806923000000005        4.7066000000000000E-003   12.804410517835425        12.700924624625110        12.968458804539377        12.404069213827324        12.642357677778190        13.005680296212581        13.291573104579417        13.583748520586294        12.672782455021672        13.006255518969102        13.300160812582856        13.537748520586295        13.726336228589734        11.650954913787285        12.712573792611355        12.816268348231990        12.901545235016020        12.976736035339378        13.300083968283570        13.398565652156570        13.497043269457283        12.343737187492540        12.192495568385620     
   20540.404884966571       -2.4490690000000002       0.76203393809711795        9.1809393999999998        4.7052999999999999E-003   12.809421206013941        12.706076233759042        12.973099403635896        12.409744921282016        12.647592221931504        13.010443785981170        13.296226363293499        13.588307173063431        12.677983344074075        13.011052663838601        13.304766768178464        13.542307173063431        13.730847577948399        11.656617961624409        12.717914614219179        12.821328316328977        12.906260433266137        12.981375646035897        13.304434389603475        13.402972700860726        13.501192807085737        12.354586536478266        12.200368214773377     
   20467.509469859502       -2.4553940000000001       0.76772478998135396        9.1810899999999993        4.7044000000000001E-003   12.816631327043963        12.713504438634383        12.979739206263796        12.417989370155658        12.655147004004936        13.017270818703532        13.302885981953525        13.594821000893242        12.685485649164525        13.017932173543945        13.311353491423384        13.548821000893243        13.737288510363102        11.664842594465933        12.725634400754947        12.828612537574104        12.913013968173390        12.988014846263797        13.310625179621995        13.409249833613094        13.507072801811704        12.370799413630701        12.211998513692807     
   20400.837661991140       -2.4612219999999998       0.77302593022655375        9.1812500000000004        4.7035999999999996E-003   12.823215780851298        12.720288267865326        12.985802335556377        12.425518823226374        12.662046822898388        13.023505199518302        13.308967105199331        13.600768780523312        12.692337430203333        13.024214592213360        13.317367942861322        13.554768780523313        13.743169618185304        11.672354053583421        12.732684917217361        12.835264943189307        12.919181037180293        12.994077335556382        13.316277508119176        13.414981523866336        13.512441089124186        12.385617287712291        12.222624913826889     
   20335.506784524001       -2.4669870000000000       0.77851349605769971        9.1814433999999991        4.7025000000000001E-003   12.829814602594864        12.727082308641291        12.991890711739620        12.433041993193831        12.668954847089941        13.029761462135182        13.315072933321924        13.606743946890971        12.699198349056770        13.030517960168352        13.323408440106450        13.560743946890971        13.749079453675497        11.679859771611527        12.739740281503197        12.841930643010341        12.925371195319704        13.000164938139621        13.321963244778201        13.420745566462239        13.517848823933994        12.400282843263023        12.233182957556599     
   20262.592012789999       -2.4733719999999999       0.78438458262160859        9.1815867000000004        4.7017999999999999E-003   12.836935089691620        12.734420966853248        12.998441504814933        12.441197127567966        12.676420335572262        13.036498949300166        13.321643298870336        13.613168482895917        12.706611068440461        13.037308216431969        13.329905890883127        13.567168482895918        13.755431074908708        11.687995333512562        12.747370598802091        12.849125191278832        12.932035194512954        13.006715158014936        13.328064071470680        13.426933505278884        13.523638992266436        12.416408126229262        12.244725368056026     
   20192.449248345176       -2.4795259999999999       0.79001820459471783        9.1817162000000003        4.7010999999999997E-003   12.843797310571588        12.741493098026552        13.004755878901815        12.449054943630820        12.683614493793801        13.042992715877254        13.327976449437877        13.619361347934571        12.713754378378209        13.043852831292845        13.336168898686225        13.573361347934572        13.761553797182913        11.695834373094755        12.754723301033174        12.856058590923244        12.938458300325596        13.013029014101818        13.333945329648422        13.432898719543541        13.529221420905738        12.431932870097263        12.255841823086470     
   20121.761635662904       -2.4858050000000000       0.79570325477053416        9.1819030000000001        4.7000000000000002E-003   12.850896353273923        12.748803456366934        13.011303407948807        12.457154791966230        12.691048323504026        13.049721163860655        13.334542629540392        13.625786152811719        12.721136918731274        13.050632568633409        13.342664391176056        13.579786152811719        13.767907914447383        11.703915570374646        12.762316409824285        12.863229815638261        12.945115313496315        13.019575795948809        13.340056240173206        13.439095052127124        13.535031677124271        12.447760055270559        12.267225939906906     
   20047.120460394181       -2.4924520000000001       0.80151143161198846        9.1820965999999995        4.6990000000000001E-003   12.858318204113939        12.756448456332755        13.018143215810341        12.465633468710539        12.698823786769850        13.056751764173793        13.341402030852461        13.632496271773249        12.728858108672362        13.057717442271279        13.349449151312857        13.586496271773250        13.774543392233642        11.712374653668419        12.770259974491182        12.870727856453545        12.952070498234185        13.026414829410342        13.346434663359460        13.445563977312311        13.541092716558914        12.464398085569691        12.279172790587776     
   19987.063856858251       -2.4978080000000000       0.80709589247386926        9.1822399000000008        4.6981999999999996E-003   12.864405779820043        12.762728564792607        13.023760209874908        12.472580177640662        12.705162789159335        13.062489169474912        13.347031250274910        13.637979505702344        12.735148764289690        13.063503194344555        13.355068969977832        13.592031250274911        13.779979505702340        11.719271417537744        12.776690845089689        12.876877723889688        12.957797929577829        13.032031250274908        13.351783904708185        13.450857624399422        13.546062895357206        12.477972913811836        12.288906377278195     
   19896.651815130834       -2.5058099999999999       0.81369829181261066        9.1823656000000007        4.6975000000000003E-003   12.873982918190203        12.772666848529683        13.032615057511252        12.483500564468516        12.714936057149396        13.071344519911252        13.355885595111252        13.646472202371774        12.744824218869800        13.072456358190850        13.364187149571132        13.600885595111253        13.788472202371773        11.729928472408632        12.786365294069801        12.886553681269801        12.966916611971131        13.040885595111250        13.360804773691536        13.459088497511894        13.553833804092820        12.499217087333056        12.304001023561950     
   19836.132472666777       -2.5112019999999999       0.81911468486435346        9.1824632000000008        4.6969999999999998E-003   12.880408773653594        12.779334390962928        13.038557539034931        12.490825199876207        12.721492773283034        13.077287391834931        13.361827686234930        13.652172216125598        12.751315699868316        13.078464465249651        13.370306082929543        13.606827686234931        13.794172216125594        11.737076655981594        12.792855994268313        12.893045552668317        12.973035935729540        13.046827686234929        13.366858862314823        13.464613230630986        13.559050834306928        12.513451920966970        12.314119370708310     
   19754.134207799387       -2.5184709999999999       0.82561447773411600        9.1825367000000000        4.6966000000000004E-003   12.888986000607510        12.788239316976309        13.046479367869903        12.500622847799534        12.730246928773873        13.085209514669906        13.369749221069902        13.659765757901098        12.759981538090692        13.086474905353086        13.378467293555524        13.614749221069907        13.801765757901101        11.746634922113916        12.801521244490694        12.901711684890692        12.981197440355523        13.054749221069905        13.374932049672339        13.471968272615484        13.565989271963495        12.532611185092371        12.327701870822729     
   19684.663720680699       -2.5246979999999999       0.83163000237167739        9.1826475999999992        4.6959999999999997E-003   12.896434906112962        12.795965660830237        13.053373396678406        12.508983446348299        12.737965660830238        13.092365332195683        13.376833742512176        13.666642806278407        12.767696251230237        13.093634741795686        13.385373396678407        13.621642806278405        13.808311052277620        11.755174382582069        12.809235070430237        12.909356432746730        12.988174395961913        13.061642806278403        13.381643641244636        13.478311887243851        13.572050542126572        12.549284980666616        12.339579933589395     
   19598.868545598161       -2.5323899999999999       0.83837288608305360        9.1827495999999993        4.6955000000000000E-003   12.905526804033842        12.805400331451446        13.061779749198626        12.519193015898841        12.747400331451447        13.101115273416235        13.385490658204057        13.675048750798625        12.777131329851448        13.102384275016236        13.393779749198627        13.630048750798624        13.816281606568838        11.765634923304271        12.818669333051448        12.918699709839268        12.996673366010805        13.070048750798625        13.389799838593197        13.486032694363411        13.579428168545805        12.569790787227062        12.354158234715557     
   19529.539370033603       -2.5386129999999998       0.84452008623130859        9.1828149000000003        4.6950999999999998E-003   12.912871591076794        12.813022173996657        13.068570425237059        12.527441509347913        12.755022173996657        13.108183527356925        13.392484021445398        13.681839165637058        12.784753433596656        13.109452267756925        13.400570425237060        13.636839165637056        13.822720336405666        11.774086365156251        12.826290914396655        12.926247706485132        13.003538671548583        13.076839165637061        13.396388088628719        13.492269259397329        13.585387416877463        12.586359304143880        12.365937215794638     
   19442.450413798641       -2.5464750000000000       0.85155512777093922        9.1829135999999991        4.6946000000000002E-003   12.922262696266911        12.822761240211717        13.077327381090255        12.538135291246133        12.764823012924671        13.117289233835061        13.401327381090253        13.690365528345451        12.794554667324674        13.118557579435061        13.409557579435061        13.645365528345449        13.831097182745451        11.784698520014283        12.836091358524671        12.936017976124672        13.012495806722105        13.085764152322104        13.404767064432496        13.500330293200646        13.592993441936946        12.607566323103251        12.380959444096751     
   19366.984278137370       -2.5533190000000001       0.85805258971999088        9.1830035999999993        4.6940999999999997E-003   12.930505386818115        12.831305435305563        13.085047875035343        12.547581479967914        12.773448020497693        13.125311952322793        13.409047875035345        13.697783797747892        12.803180034897697        13.126579937922795        13.417579937922795        13.652783797747890        13.838515812147893        11.793924016672598        12.844716006097695        12.944644063697694        13.020437352730664        13.093705338330661        13.412105241355764        13.507447778060442        13.599668822669802        12.626149980583563        12.394108819809453     
   19282.618101755375       -2.5609980000000001       0.86503059567593255        9.1830964000000002        4.6936000000000000E-003   12.939693107925157        12.840830249918136        13.093651522044278        12.558114976697071        12.783062948023217        13.134253435237257        13.417651522044279        13.706049608851300        12.812795333623216        13.135521049637257        13.426521049637257        13.661049608851298        13.846781994451300        11.804210532809174        12.854330562423216        12.954260104823215        13.029288351532175        13.102555965932178        13.420281681946223        13.515377238058322        13.607103579082521        12.646898273791502        12.408782005917894     
   19201.714141330624       -2.5684149999999999       0.87183788845133636        9.1832110999999994        4.6930000000000001E-003   12.948815969525903        12.850134724476078        13.102162527056546        12.568385710780110        12.792350280725898        13.143088514891225        13.426162527056547        13.714236539221869        12.822276268560579        13.144304071141047        13.435162527056548        13.669236539221870        13.854917784271692        11.814334111429936        12.863810579760582        12.963690358010403        13.037895371456546        13.111020982972043        13.428241928987191        13.523048785552511        13.614531497402339        12.667106001655114        12.423163731030918     
   19122.338424101516       -2.5756790000000001       0.87886880687806546        9.1832767000000004        4.6925999999999999E-003   12.957846830548139        12.859250011774176        13.110558644740951        12.578450882684955        12.801380616948141        13.151802397844545        13.434558644740950        13.722314891637357        12.831624370051731        13.152933003018514        13.443558644740950        13.677314891637355        13.862911710411321        11.824314594658919        12.873158156451733        12.972954295625698        13.046291751540952        13.119184286463391        13.436003565733767        13.530492919430170        13.621890417804135        12.687014024896367        12.437356177831678     
   19034.391602965352       -2.5837840000000001       0.88633392878427553        9.1833761000000003        4.6921000000000003E-003   12.967880247371873        12.869376577728406        13.119888884595596        12.589628834492821        12.811413238571873        13.161484822583738        13.443888884595598        13.731292946607461        12.842009176560012        13.162521483427206        13.452888884595595        13.686292946607459        13.871796616250926        11.835398999736292        12.883542167760012        12.983246350603480        13.055622388995594        13.128256285763989        13.444631026219319        13.538768592631179        13.630071749074652        12.709097780125116        12.453106966738623     
   18954.616413945783       -2.5911700000000000       0.89359486955883793        9.1834647999999994        4.6915999999999998E-003   12.977017499790630        12.878731315734850        13.128521510950815        12.600022233720519        12.820864536383468        13.170303683846416        13.452521510950817        13.739606117406598        12.851598395583469        13.171485218190632        13.461521510950817        13.694606117406600        13.879940615157981        11.845622872271900        12.892997456534847        12.992715066230442        13.064436904495032        13.136787651750819        13.452674474357980        13.546311405669545        13.637214477781111        12.729480284982440        12.467696634690938     
   18864.313273597174       -2.5995889999999999       0.90145140724086736        9.1835869999999993        4.6908999999999996E-003   12.987435995445884        12.889510046351495        13.138483414739303        12.612049190372003        12.831908611456141        13.180361944540271        13.462483414739305        13.749206319833695        12.862642959456137        13.181904691445885        13.471483414739302        13.704206319833693        13.889276450729051        11.857384973267360        12.903775698351497        13.003591620152468        13.074760509644916        13.146749066739302        13.462010798729052        13.554925304917829        13.645105463106608        12.752897056047891        12.484514733945920     
   18776.818139976062       -2.6077530000000002       0.90904547285623971        9.1836753000000009        4.6905000000000002E-003   12.997400707989964        12.899824033030058        13.148005842231282        12.623574251753272        12.842479920951568        13.189977382949866        13.472005842231283        13.758378413591185        12.873214622151568        13.191870110389960        13.481005842231280        13.713378413591187        13.898191928069675        11.868653065031761        12.914089331830059        13.013999677348639        13.084633270871375        13.156271141031279        13.470926629269673        13.563141174389482        13.652621018309294        12.775457182633406        12.500681846793100     
   18697.993307524004       -2.6151599999999999       0.91658031734120116        9.1837736999999997        4.6899000000000003E-003   13.006711509156789        12.909449346326690        13.156557618447076        12.634192668236404        12.852184441126690        13.198918564613797        13.480765645216978        13.766767416273987        12.882919535926691        13.200918564613795        13.489765645216979        13.721822523647079        13.906349591677172        11.879137560863315        12.923714251526691        13.023752442750423        13.093500740016980        13.164822523647077        13.479029579104084        13.570723740310450        13.659572591970642        12.796322456843237        12.515579746041970     
   18599.574113088282       -2.6244100000000001       0.92508990914656264        9.1838587999999994        4.6895000000000001E-003   13.018316564544200        12.921447397691846        13.166982324301259        12.647369026734786        12.864182832891846        13.210026541817811        13.491584027848905        13.777087699522514        12.894918268091846        13.212026541817806        13.500584027848902        13.732246889101258        13.916380620753610        11.892209837156045        12.935711962491844        13.035937027682007        13.104319463048903        13.175246889101256        13.488956866374870        13.580071838437060        13.668132996141765        12.822489808607131        12.534162816423098     
   18516.888011385407       -2.6322420000000002       0.93292749739272951        9.1839514999999992        4.6889999999999996E-003   13.028143193685048        12.931604029639503        13.175817461821675        12.658514925502880        12.874339835639505        13.219436010575707        13.500749909776127        13.785835308666792        12.905075641639504        13.221436010575706        13.509749909776128        13.741081655821672        13.924885013867213        11.903268578347999        12.945868223639506        13.046251201284202        13.113485715776127        13.184081655821673        13.497374472712332        13.588002271113178        13.675401569204256        12.844549902000006        12.549851237710415     
   18418.701092254974       -2.6415479999999998       0.94161146147977293        9.1840189999999993        4.6886000000000002E-003   13.039968626800338        12.943821670431319        13.186790387538380        12.671669280624990        12.886557746431322        13.230851659169360        13.511551018839107        13.796225823208129        12.917293822431319        13.232851659169359        13.520551018839107        13.751729115907398        13.935225823208128        11.916405356624992        12.958085594431321        13.058348508663762        13.124612290470090        13.195054311538378        13.507133410877881        13.597250236315190        13.684103137752498        12.870989856078314        12.568485943458711     
   18334.285927861354       -2.6496350000000000       0.94974191046831169        9.1841273000000001        4.6880000000000003E-003   13.050300494666088        12.954490332554640        13.196447800488977        12.683098628065506        12.897226841754643        13.240847165977533        13.520959600734178        13.805296744445625        12.927963350954640        13.242847165977532        13.529959600734179        13.761048435000424        13.944296744445621        11.927835137265506        12.968753823354644        13.068859335333597        13.134358966222733        13.204711291288978        13.515618706802270        13.605308175579962        13.691734153557652        12.893899232676359        12.584642106905269     
   18235.303671839098       -2.6591239999999998       0.95880179371712693        9.1842105000000007        4.6876000000000001E-003   13.062289466623620        12.966917883423600        13.207602264510991        12.696462661361531        12.909611409936259        13.252441207310975        13.531908737998330        13.815849952685683        12.940363721761566        13.254441207310974        13.540865422510992        13.771849952685686        13.954791167373040        11.941156187874190        12.981196511248905        13.081128409423600        13.145704365310975        13.215849952685685        13.525469224060396        13.614614811435112        13.700571495947772        12.920739989816719        12.603564283563843     
   18143.538892035387       -2.6679900000000001       0.96746187760881597        9.1843140000000005        4.6870000000000002E-003   13.073597948165114        12.978863236959425        13.217906814938940        12.709505466255001        12.921286536596972        13.263383871733256        13.542483515301397        13.826057670869536        12.952135680666375        13.265383871733254        13.551169558938943        13.782057670869539        13.964631826437680        11.953928765892547        12.993237869028830        13.093075004959426        13.156646615733257        13.226057670869535        13.534943238005821        13.623354293142105        13.709040336779649        12.946358809007590        12.621841920370423     
   18048.245923729337       -2.6772190000000000       0.97651062012882128        9.1843927000000001        4.6866000000000000E-003   13.085236673682434        12.991163780049273        13.228502551010518        12.722946691764520        12.933306119187517        13.274642369777354        13.553360211872270        13.836553195567188        12.964255474630850        13.276642369777353        13.561764980210516        13.792553195567187        13.974746179262105        11.967089030902766        13.005637993892602        13.105376492449270        13.167904798977354        13.236553195567186        13.544676733757019        13.632325130346857        13.717729898685104        12.972859459980658        12.640719133879006     
   17956.636862864736       -2.6861440000000001       0.98566152686964237        9.1844798999999995        4.6861000000000003E-003   13.096650594392424        13.002958133305727        13.238868156346802        12.735965208586590        12.945086127340966        13.285562906608645        13.563868156346798        13.846694703798262        12.976086127340965        13.287562906608644        13.572258230782039        13.802694703798258        13.984393257214483        11.979919750073284        13.017610288140963        13.117171892105729        13.178779528495342        13.246868156346798        13.554131176814478        13.641000893604099        13.725916068907013        12.998861655169305        12.659219151649941     
   17853.361549614237       -2.6962320000000002       0.99537949179467800        9.1845493000000005        4.6857000000000001E-003   13.109655737296288        13.016071101523883        13.250634273091658        12.750619980502458        12.958504093897831        13.297850782720795        13.575634273091660        13.858047719290115        12.989504093897830        13.299850782720794        13.584329068265605        13.814047719290118        13.995028173114621        11.994466419074863        13.031027699497828        13.130285693123882        13.190959024093202        13.258634273091660        13.564766370314624        13.650701504083942        13.734790199280853        13.028692515331956        12.680374885499555     
   17761.023954061857       -2.7053490000000000        1.0045722154247845        9.1846549000000000        4.6851999999999996E-003   13.121351262008812        13.027862497026724        13.261222169057554        12.763788682743822        12.970568546592567        13.308905167059216        13.586222169057553        13.868266264873803        13.001568546592566        13.310905167059218        13.595189599023399        13.824266264873799        14.004604311124208        12.007538828125909        13.043091307392565        13.142078355826722        13.201916692841309        13.269222169057553        13.574342930724207        13.659442648138793        13.742792220171285        13.055430043724755        12.699356055865955     
   17662.248874014822       -2.7150989999999999        1.0144244464363299        9.1847174000000003        4.6848000000000002E-003   13.133788447370769        13.040921059232137        13.272474303458946        12.778414120447895        12.983751586778649        13.320915182066830        13.597565961405461        13.878863952397580        13.014751586778647        13.322915182066826        13.606474303458945        13.835123298955008        14.015292771408490        12.021893643490472        13.056273847578648        13.155137668032133        13.213564177562890        13.280474303458945        13.584421289947123        13.668810938885759        13.751370060277875        13.084403070936279        12.719940318407009     
   17563.376045094443       -2.7249539999999999        1.0242945610458110        9.1848214000000006        4.6842999999999997E-003   13.146284649341123        13.054104447570648        13.283784447482255        12.793176146049138        12.997038355380365        13.333016724721499        13.608979069691969        13.889486078052723        13.028038355380364        13.335016724721498        13.617784447482254        13.846037951662634        14.026104043852914        12.036363558039231        13.069559784180367        13.168322304370651        13.225270228901877        13.291784447482254        13.594544960023388        13.678246590593858        13.760014313354613        13.113505332165253        12.740634297743473     
   17462.282104457623       -2.7350610000000000        1.0343079718954189        9.1849007000000000        4.6839000000000004E-003   13.159046257390907        13.067608397755249        13.295333245444398        12.808255775146369        13.010608397755247        13.345335304871183        13.620665941151456        13.900403484524672        13.041569111217688        13.347486176453350        13.629372531981955        13.857182373862228        14.037031502280060        12.051255775146368        13.083089905617689        13.181676334573075        13.237335304871182        13.303293958906840        13.604841344160333        13.687688413151383        13.768686353724599        13.143509689668809        12.761818532616468     
   17368.127554858031       -2.7445369999999998        1.0442564836562866        9.1849837000000001        4.6833999999999999E-003   13.171049589299662        13.080364634060798        13.306207054757961        12.822417933047786        13.023364634060796        13.356864787383811        13.631720246267966        13.910802448442110        13.054227452325518        13.359392277164380        13.640344236493240        13.867679564977392        14.047152075196825        12.065417933047788        13.095747582725517        13.194056948680233        13.248864787383814        13.314069873022680        13.614487403680974        13.696302181274552        13.776644448648698        13.171982675109367        12.781727526691588     
   17267.561044331487       -2.7547039999999998        1.0544845015717714        9.1850643999999999        4.6829999999999997E-003   13.183807665510850        13.093926919556198        13.317758655642828        12.837482385038102        13.036926919556199        13.369116927879380        13.643465159847912        13.921847145211361        13.067685422547401        13.372046683702054        13.652000152651626        13.878828899820155        14.057899143997483        12.080482385038097        13.109204907347403        13.207217936533526        13.261116927879380        13.325517158634037        13.624727891166012        13.705439863106784        13.785081590870233        13.202332591099713        12.802929961787006     
   17169.909260166893       -2.7646440000000001        1.0645740286657894        9.1851514000000005        4.6825000000000000E-003   13.196489225702264        13.107068983061597        13.329268742424267        12.852486558658258        13.050152083419215        13.381153416941219        13.654855185780173        13.932628016505602        13.081129951620929        13.384153416941219        13.663445036466650        13.889628016505602        14.068070390944557        12.095166195698924        13.122731840778547        13.220373900219217        13.273153416941218        13.336772085422554        13.634490633585225        13.714605959068274        13.793721284551319        13.232499502872225        12.824368417409291     
   17072.731094902432       -2.7745730000000002        1.0747240397780764        9.1852201000000004        4.6820999999999998E-003   13.209116050041789        13.120084245262181        13.340729703580621        12.867443460564136        13.063267980653311        13.393104275392137        13.666128979142481        13.943311552339839        13.094534201282574        13.396104275392137        13.674805087789498        13.900311552339840        14.078077136490183        12.109734384943746        13.136236175873695        13.233490621853310        13.285104275392136        13.347945243751358        13.644108941269796        13.723734369458278        13.802359797646762        13.262615648959354        12.845832249919642     
   16979.934084676781       -2.7841749999999998        1.0849121849269752        9.1853542000000008        4.6813999999999996E-003   13.221343363980772        13.132762474503359        13.351763726135601        12.881953120375442        13.076059811695892        13.404745933919482        13.677081818162513        13.953683462474309        13.107503891303359        13.407725179085102        13.685784480969982        13.910683462474310        14.087861782013015        12.123953120375443        13.149279640903359        13.246144289607688        13.296644915423808        13.358763726135603        13.653442671490428        13.732540727367844        13.810698292072171        13.291761096888450        12.866576185817422     
   16881.265488681740       -2.7943950000000002        1.0953464701169746        9.1854499999999994        4.6809000000000000E-003   13.234305168931076        13.146513245021623        13.363147216749987        12.897572706244702        13.090001125060319        13.417313830885803        13.688757725791966        13.964672278704711        13.121255045021623        13.420191201882513        13.697269845753276        13.921672278704712        14.098455540659437        12.139572706244699        13.163029645021624        13.259399277973060        13.308716263837240        13.370147216749984        13.663247464568890        13.741555788478347        13.819216421429783        13.323561566100892        12.888904853014338     
   16790.359694911956       -2.8038289999999999        1.1056313681378167        9.1855039000000005        4.6806000000000000E-003   13.246171279293865        13.159106386134567        13.373559050012457        12.911888747323037        13.102770260328331        13.428816749273512        13.699439259919512        13.974720488792105        13.133848401734568        13.431600413560215        13.707775385725750        13.931720488792106        14.108139911971751        12.153888747323034        13.175622354934571        13.271535520400921        13.319761852339862        13.380559050012454        13.672204805131049        13.749785667090343        13.826988754556695        13.352785726157474        12.909402272469020     
   16693.561444802097       -2.8139900000000000        1.1162121084899876        9.1856214999999999        4.6800000000000001E-003   13.259109009115500        13.172592277336294        13.384780858883959        12.927266132440254        13.116451033081121        13.441142472673919        13.710780858883959        13.985329350442376        13.147392898208709        13.443943093546332        13.718980238011545        13.942555104663166        14.118528729569961        12.169266132440251        13.189500678905466        13.284819735336294        13.331717339325541        13.391555104663164        13.681877842000789        13.758458093338417        13.835122854641659        13.384488591934295        12.931587222414501     
   16597.550549184791       -2.8240970000000001        1.1266951461198182        9.1857092999999992        4.6794999999999996E-003   13.272017334486309        13.185884295089570        13.395867999980526        12.942476260905872        13.129940766910609        13.453283413279786        13.721867999980526        13.995648404374004        13.160783949600090        13.456183067790308        13.729968345470008        13.953258202177265        14.128748749863485        12.184476260905877        13.203461398985569        13.298112806689568        13.343573269987049        13.402258202177267        13.691428808767482        13.766856578157698        13.842950617172219        13.416211892046091        12.953709784164568     
   16506.804207094829       -2.8336950000000001        1.1371609364555022        9.1857825000000002        4.6791000000000003E-003   13.284183876298961        13.198413529470585        13.406312969254152        12.956818665328683        13.142656417097172        13.464724569955720        13.732312969254153        14.005367402910913        13.173406538283878        13.467717578769015        13.740319960440857        13.963340186082533        14.138374394097617        12.198818665328687        13.216622957000531        13.310642919470581        13.354744795597398        13.412340186082531        13.700421836567671        13.774760357052806        13.850314548336158        13.446162081708376        12.974585632417860     
   16411.791842710525       -2.8438520000000000        1.1478349447066962        9.1859102999999998        4.6784000000000001E-003   13.296792199013726        13.212107055701200        13.417643249376841        12.972671752526733        13.156272962751789        13.476926648784566        13.743643249376841        14.016028035867937        13.187016603951786        13.479926648784566        13.751643249376841        13.973937584118524        14.148675203238778        12.214318919897575        13.230363414501198        13.323722765792294        13.366573816155412        13.423380868497095        13.709879086231052        13.783520231522147        13.858761593873911        13.478356273180527        12.997016717771832     
   16319.242651056204       -2.8537490000000001        1.1584516529625419        9.1859857999999992        4.6779999999999999E-003   13.308921324132525        13.225346469119854        13.428567099351811        12.988035849701111        13.169417389326464        13.488686181136748        13.754567099351808        14.026306177153648        13.200161332526461        13.491686181136748        13.762567099351811        13.984121040560259        14.158583147757872        12.229312820305337        13.243602525919853        13.336317376521690        13.377963151740976        13.434029206549424        13.718951952372935        13.791947086974771        13.866903790794607        13.509638227319448        13.018768542822682     
   16226.542813902761       -2.8637109999999999        1.1691350039900850        9.1860517000000002        4.6775999999999996E-003   13.321233062123088        13.238606684822255        13.439438297211534        13.003424622533810        13.182700513566648        13.500463990244700        13.765438297211535        14.036506432922756        13.213350891622255        13.503463990244700        13.773462297966315        13.994274640477535        14.168412604178368        12.244424622533810        13.257026134756256        13.349001269677867        13.389370161500313        13.444670089656757        13.727993154244370        13.800293082400810        13.874943460456421        13.541182503186093        13.040788783066812     
   16137.118939349179       -2.8734150000000001        1.1798648596905348        9.1861531999999997        4.6771000000000000E-003   13.333629758617212        13.251451983571863        13.449780539473645        13.018322751515436        13.195903507814469        13.511879725001451        13.775780539473642        14.046132878188439        13.226196596371866        13.514879725001451        13.783895852985696        14.003992804500486        14.177681353945831        12.259322751515436        13.270495105745022        13.361489684929262        13.400428200758848        13.454920613161592        13.736638231772679        13.808130644175423        13.882423732732816        13.572267430344633        13.062748697255453     
   16045.490583917590       -2.8834689999999998        1.1907879143527409        9.1863159000000003        4.6762000000000001E-003   13.346513790695827        13.264794948729833        13.460559212279524        13.033768472746132        13.209612986394163        13.523758588872511        13.786559212279524        14.056177873350869        13.239540212329835        13.526758588872511        13.794767596249201        14.014131520920543        14.187359835686536        12.274768472746132        13.284477376488816        13.374467438265505        13.411940551208183        13.465605564709850        13.745677407927552        13.816342421429219        13.890269647364889        13.604298024410646        13.085430314863054     
   15951.480598875172       -2.8937400000000002        1.2017585582494055        9.1863799999999998        4.6759000000000002E-003   13.359298089982554        13.278339893927255        13.471521779564556        13.049571668423047        13.223339893927255        13.535655454773552        13.797521779564557        14.066338715486767        13.253134802796049        13.538655454773552        13.805726870695766        14.024338715486765        14.197144637882266        12.290522279554255        13.298583360400551        13.387636856322759        13.423655454773554        13.476327701960058        13.754756482673267        13.824622807464268        13.897835483519563        13.637552055701429        13.108513622908534     
   15861.819372020511       -2.9036000000000000        1.2125762662513682        9.1864489999999996        4.6755000000000000E-003   13.371416796917776        13.291442868180111        13.482205906870105        13.064916523525040        13.236442868180111        13.547057147893943        13.808205906870105        14.076214161572851        13.266329168453533        13.550057147893943        13.816319606596688        14.034214161572850        14.206661439060932        12.305776019251619        13.312136094965448        13.400381737668193        13.435057147893941        13.486653184358188        13.763555994037096        13.832704753013262        13.904932885750926        13.669928807550262        13.130672455251480     
   15774.623407774721       -2.9132959999999999        1.2234987390066143        9.1865693999999998        4.6749000000000001E-003   13.383301450933036        13.304284682480208        13.492695425457431        13.079937342653150        13.249284682480209        13.558244715795237        13.818695425457431        14.085917402760099        13.279259692439741        13.561244715795237        13.826720415497903        14.043917402760098        14.216015896391198        12.320708610293618        13.325414921208644        13.412875731311310        13.446244715795235        13.496793919088535        13.772212883653392        13.840663593315593        13.911934084168426        13.701513350841335        13.152319686062270     
   15682.308753505982       -2.9235370000000001        1.2346386303966155        9.1866138999999993        4.6746000000000001E-003   13.395993088746053        13.317788163118003        13.503368498830195        13.096084703113995        13.263058928103980        13.570129363428187        13.829570612870260        14.096029082898308        13.292990277158069        13.573129363428187        13.837772726910327        14.054097733844220        14.225826968858243        12.336629044673927        13.339514586544045        13.425739544346051        13.457858598442215        13.507368498830196        13.781014673900316        13.848726688328362        13.919253809302319        13.735403617786751        13.175822198179425     
   15591.288221109726       -2.9336970000000000        1.2456704562955621        9.1866610000000009        4.6744000000000004E-003   13.408558138343832        13.331081188574956        13.513749055650468        13.112105060847824        13.276716035690516        13.581874245786903        13.840223060440216        14.105953366209096        13.306555193364705        13.584874245786903        13.848697065229967        14.064114208534907        14.235479361419348        12.352377700058074        13.353443396480269        13.438304782343835        13.469239398671341        13.517749055650466        13.789574820072662        13.856558481841542        13.926449629936226        13.768991920720570        13.199216201484855     
   15505.008190896653       -2.9434439999999999        1.2566669334863942        9.1867681000000001        4.6737999999999997E-003   13.420660620856905        13.343873482929736        13.523780817438427        13.127482137298669        13.289853450166147        13.593199898022897        13.850512923913653        14.115552989440827        13.319605589404963        13.596199898022897        13.859245030388882        14.073800850202014        14.244820882965600        12.367497103223444        13.366838484241375        13.450407693256908        13.480219930786481        13.527780817438424        13.797880981256361        13.864173974383531        13.933461900671892        13.801021353007700        13.221582270388124     
   15415.904100861373       -2.9535979999999999        1.2678565754877580        9.1869089000000006        4.6730000000000001E-003   13.433243351745801        13.357419975690952        13.534476542518515        13.143616645311344        13.303756359287505        13.605065855752692        13.861309069363028        14.125299918573361        13.333167611290950        13.608065855752692        13.869805212610988        14.083803775325407        14.254215899376810        12.383280261714791        13.380841250532018        13.463242479697840        13.491729472156138        13.538140158921959        13.806543132183702        13.872037838146078        13.940953818949524        13.835528429887667        13.245100538394475     
   15331.653658622436       -2.9632470000000000        1.2790384810334310        9.1870376999999994        4.6722999999999999E-003   13.445114069267502        13.370216482998439        13.544577550874353        13.158855319722603        13.316889868363946        13.616263600136483        13.871495293239947        14.134475137143420        13.345964633798436        13.619263600136483        13.879739650240035        14.093230780143335        14.263053600977907        12.398181934357092        13.394059459929545        13.475366013867417        13.502590214770970        13.547904165508845        13.814706830246893        13.879442317150273        13.948020780984764        13.868205465563543        13.267330519232724     
   15242.703435199182       -2.9734250000000002        1.2904159578601595        9.1871085000000008        4.6719999999999999E-003   13.457462982536875        13.383550541314484        13.555043641252141        13.174790295388110        13.330557883584966        13.627872291759267        13.882043641252139        14.143985268733733        13.359284473596247        13.630879634029750        13.890036298981656        14.102985268733732        14.272200306204049        12.413761109128906        13.407838635844172        13.487967192807361        13.513850447770544        13.558014454992936        13.823112747426435        13.887061717178511        13.955276754648825        13.902581390855399        13.290676616820100     
   15156.223467267300       -2.9834550000000002        1.3017225065120288        9.1872558000000009        4.6712000000000004E-003   13.469940142499603        13.397065460892396        13.565532671850420        13.191070217139838        13.344159603828796        13.639312870506810        13.892532671850418        14.153782459588555        13.372627663834265        13.642407013443211        13.900438528914020        14.112782459588558        14.281564187321223        12.429695111008911        13.421785686759726        13.500532331836006        13.525031907312282        13.568157565719488        13.831438868928434        13.894782799602972        13.962564527335640        13.937107675942769        13.314479385883917     
   15072.628670685515       -2.9931909999999999        1.3130926951770965        9.1873825999999994        4.6705000000000002E-003   13.481966769960753        13.410095225912528        13.575637092960825        13.206772986850591        13.357272930416148        13.650337374808981        13.902637092960823        14.163218122326310        13.385490680002508        13.653515079312601        13.910459388457209        14.122218122326309        14.290581402105431        12.445063501533333        13.435232885333402        13.512643535264374        13.535805593995342        13.577927607643566        13.839452946153660        13.902211680022763        13.969574959801886        13.970448473761639        13.337454428926645     
   14976.626530490019       -3.0043229999999999        1.3246134803740361        9.1874135999999993        4.6702999999999996E-003   13.495521516915655        13.424801998549775        13.586937147866422        13.224621420071138        13.372122432246819        13.662763749862531        13.913937147866420        14.173680072013298        13.400028938368781        13.665990689681536        13.921710208047415        14.132750160110341        14.300586578135256        12.462598014290144        13.450536359821903        13.526364665193697        13.547897195803493        13.588867059769377        13.848399590379177        13.910439542442099        13.977275960467015        14.008786989144330        13.363701691169013     
   14891.930475400713       -3.0142009999999999        1.3352190882708117        9.1874409000000004        4.6702000000000002E-003   13.507514923348477        13.437811757643669        13.596813083042953        13.240595034414099        13.385386100426924        13.673825787968429        13.923813083042951        14.182624420462904        13.412953822328529        13.676967852653288        13.931671018358095        14.141948526846161        14.309192142364505        12.478486862698961        13.464392721308574        13.538696965046874        13.558535574554888        13.598488976659699        13.856327586167712        13.917605094655773        13.983848710174122        14.043478501541085        13.387213324293981     
   14806.929207083318       -3.0241739999999999        1.3460899751557025        9.1874681999999996        4.6699999999999997E-003   13.519597801416477        13.450914650931480        13.606770933359144        13.256672539249141        13.398743892275810        13.684973866528814        13.933770933359142        14.191647252871476        13.425971609104142        13.688030824701478        13.941713975186481        14.151226367015809        14.317874969699812        12.494479370221807        13.478345416791804        13.551119957388146        13.569258541529813        13.608191819214809        13.864330403356476        13.924842795185807        13.990491397869810        14.078341282718149        13.410855938053146     
   14722.853816839481       -3.0340900000000000        1.3569945633691318        9.1874953999999995        4.6699000000000003E-003   13.531502151869409        13.463909342618861        13.616600625073565        13.272636660412642        13.412017927351505        13.696007815823011        13.943600625073563        14.200606325827158        13.438936490799980        13.699034964004129        13.951600625073562        14.160383455608274        14.326497741094515        12.510305205461117        13.492153660265265        13.563360718202054        13.579926379271489        13.617823495292443        13.872199135077709        13.931873380879781        13.997014814547141        14.113157445124761        13.434465564214930     
   14639.424357640057       -3.0439919999999998        1.3679642445157618        9.1875225000000000        4.6696999999999997E-003   13.543359005931320        13.477017680373953        13.626455280514682        13.288748133498911        13.425459982943392        13.707113954957313        13.953455280514680        14.209710049540673        13.452128216209081        13.710224490792443        13.961455280514683        14.169570675375804        14.335267746971235        12.526166456764598        13.506012821347960        13.575551398500762        13.590782188223004        13.627594654679553        13.880051375098047        13.938724467389724        14.003532074820283        14.148541056691288        13.458502769330336     
   14556.534700282071       -3.0538820000000002        1.3790044968469100        9.1875488999999995        4.6696000000000003E-003   13.555093170522460        13.489995301385479        13.636200198929229        13.304709465375327        13.438769162584352        13.718102329792250        13.963200198929227        14.218708966999023        13.465188615317947        13.721295643724718        13.971200198929230        14.178652476531488        14.343935105800147        12.541879113708921        13.519736337715690        13.587617227321333        13.601521782525849        13.637256689396763        13.887806836135999        13.945485252539383        14.009961195740514        14.183649905377420        13.482338624615780     
   14474.147699084368       -3.0637680000000000        1.3901174626614834        9.1875754999999995        4.6693999999999998E-003   13.566983894959961        13.502966836438620        13.645932744401996        13.320827610607573        13.452096066713622        13.729096683216646        13.973010332534322        14.227725925994672        13.478397531774611        13.732423969348972        13.981010332534325        14.187803514126998        14.352622516791008        12.557724201403914        13.533526762049611        13.599734196959961        13.612320560145314        13.646906923330661        13.895639575312352        13.952432756905026        14.016449815426363        14.218954574694997        13.506309431495474     
   14392.359549337531       -3.0736379999999999        1.4013018278604235        9.1876014999999995        4.6693000000000004E-003   13.579135269533861        13.515854264781733        13.655548646755232        13.337231760968312        13.465392292226955        13.740021299965832        13.982871742915311        14.236687523149936        13.491857516744464        13.743593990125913        13.990871742915314        14.197010619310010        14.361256961347284        12.573801199165661        13.547395544189683        13.611885675533859        13.623163428323263        13.656441181112665        13.903537966099414        13.959676842494115        14.022957847246243        14.254742372967225        13.530565244231909     
   14311.132412167815       -3.0834980000000001        1.4125588803751425        9.1876273000000008        4.6692000000000001E-003   13.591203613522328        13.528653546327316        13.665098842814029        13.353523709689600        13.478597499580971        13.750871233419343        13.992665830263025        14.245587902111371        13.505225494927643        13.754687711668343        14.000665830263028        14.206154889560370        14.369832431760042        12.589768239338273        13.561169448181300        13.623954122722328        13.633932241317012        13.665910359911699        13.911382498955053        13.966871558252397        14.029421625447409        14.290284943320327        13.554654998121489     
   14230.396468770416       -3.0933510000000002        1.4238899349211027        9.1876532999999991        4.6690000000000004E-003   13.603244793575566        13.541578005522929        13.674774308826056        13.369841364924426        13.491886251000157        13.761779719848498        14.002466063348827        14.254539066451301        13.518558450075240        13.765779719848499        14.010466063348826        14.215309235098992        14.378382238201464        12.605841364924423        13.574964665125076        13.636073820900485        13.644701305723579        13.675387649223907        13.919225409951629        13.973990167576872        14.035911753451952        14.326030841594275        13.578821273495066     
   14150.213741324345       -3.1031920000000000        1.4352909603327237        9.1876789999999993        4.6689000000000001E-003   13.615154569801973        13.554850650411613        13.684759699593759        13.386241168287807        13.505399578975485        13.772807351168694        14.012210771029885        14.263562264489646        13.531751149940785        13.776807351168696        14.020210771029884        14.224412480960478        14.386763974420244        12.622241168287811        13.588798724010189        13.648304430836674        13.655408206133991        13.684811625995184        13.926965684350836        13.980768249246733        14.042369104212025        14.362636589474075        13.603319294626203     
   14056.590725106667       -3.1147540000000000        1.4489714233564175        9.1877081999999994        4.6686999999999996E-003   13.629099384675820        13.570386698064032        13.696457562078377        13.405428638469848        13.521216737373690        13.785722071167017        14.023627522768725        14.274136650779658        13.547193933074114        13.789722071167018        14.031627522768725        14.235080248569579        14.396589376580513        12.641428638469845        13.604990374473259        13.662623854575392        13.667948434067442        13.695853885669150        13.936042102381366        13.988721191082645        14.049947553983072        14.405416942942965        13.631962330949095     
   13946.043002045617       -3.1285010000000000        1.4653884705894284        9.1877423999999994        4.6686000000000002E-003   13.645774016045426        13.588832610681564        13.710047392110887        13.428455748991556        13.540048438673384        13.801072784338839        14.037047392110889        14.286615736127253        13.565583580281565        13.805072784338844        14.045047392110888        14.247615736127255        14.408399908135436        12.664293668730874        13.624480094657017        13.679524985645426        13.682856956347027        13.708993644379756        13.946698676428849        13.998104940184529        14.058673284200896        14.456733598859696        13.666316307178814     
   13816.212364190540       -3.1447919999999998        1.4850893927951148        9.1877823999999997        4.6683000000000002E-003   13.665777375808245        13.610783891171438        13.725896171462344        13.456119417547056        13.562519041714678        13.819388966968772        14.052896171462342        14.301425870375864        13.587535020771439        13.823388966968777        14.060896171462344        14.262425870375866        14.422690719832628        12.691567224213573        13.647989342801152        13.699528505408244        13.700653816425534        13.724713214252587        13.959302310993158        14.009279816573203        14.068809515486725        14.518153073257514        13.707482202071239     
   13664.476560289459       -3.1640229999999998        1.5087014520161817        9.1878296000000006        4.6680999999999997E-003   13.689595251760119        13.636706605459944        13.744601480353838        13.489060412166053        13.589390792977630        13.841063267548050        14.071943574112678        14.318832220412856        13.613542996283241        13.845063267548047        14.079858501689381        14.279917292836158        14.439575199077312        12.723967000007208        13.675817959159771        13.723431642583419        13.721464152453665        13.743095777418295        13.974043214865242        14.022180542765417        14.081095470342119        14.591828490702865        13.756802646590332     
   13514.811727633110       -3.1832020000000001        1.5326195491508237        9.1878761999999998        4.6677999999999997E-003   13.713525269728093        13.662581301623616        13.763292264550005        13.522118833897229        13.616462807802554        13.862747534797341        14.091233017639473        14.336176985743952        13.639566579050735        13.866747534797346        14.098999245012356        14.297410758371070        14.456470005281600        12.756426576007760        13.703637333519138        13.747510547155214        13.742099801245528        13.761336788887656        13.988692270350851        14.034884733655330        14.093650961028212        14.666045519643371        13.806474642975202     
   13367.832648510977       -3.2022409999999999        1.5567962660956891        9.1879228000000008        4.6676000000000000E-003   13.737251198852912        13.688482912010945        13.782270152405262        13.555075253682420        13.643142854682692        13.884136521229083        14.110138879139472        14.353435835387392        13.665614185276732        13.888136521229088        14.117624447465095        14.314552870921604        14.473024201515647        12.789192289216627        13.731845898434772        13.771251198852910        13.763253556763297        13.779610209733514        14.003438193297777        14.047852185079913        14.105677810733789        14.741139450911257        13.856406666455145     
   13228.664433130292       -3.2204660000000001        1.5803269519116321        9.1879667999999999        4.6673000000000001E-003   13.759861341153215        13.713288052490615        13.800405559597600        13.586645634767837        13.668621527558091        13.904605314350778        14.128178603013385        14.369837233943471        13.690536185290611        13.908541148299090        14.135426735813386        14.330922576210948        14.488751891675992        12.820560292500357        13.758792212093049        13.793946683420696        13.783434629815826        13.797007918478428        14.017495864873556        14.060239838071119        14.117069153536164        14.813046304828749        13.904205902792203     
   13090.281923842424       -3.2387779999999999        1.6043711956966151        9.1880108000000007        4.6671000000000004E-003   13.782656206970964        13.738850568494117        13.818634772601657        13.619403865254307        13.694737397598745        13.925739590057072        14.146545228533919        14.385989739315400        13.716098525294116        13.929259130484704        14.153793185333923        14.347628611620030        14.504350867010769        12.852764992949679        13.786015142208006        13.817295079275594        13.803461845447812        13.814267483924661        14.031434250096881        14.072517633182985        14.128239888573725        14.887319288101581        13.953570034393218     
   12955.643827068659       -3.2567819999999998        1.6284354154294394        9.1880538000000005        4.6668999999999999E-003   13.805062577206380        13.763905737523251        13.836599216530823        13.651460043315682        13.720464408564949        13.946352878439475        14.164599216530823        14.402066942455646        13.741286983873225        13.949690161647693        14.171847001330823        14.364066942455645        14.519712093072199        12.884282618623955        13.812819257948400        13.840196038756352        13.823175453747753        13.831421791839096        14.045046357447047        14.084514083371873        14.139292695538392        14.960610055511959        14.002271095000866     
   12824.250717461699       -3.2745329999999999        1.6526284675963931        9.1880960999999992        4.6667000000000002E-003   13.827379509506351        13.788720422100937        13.854581459408941        13.683107000392926        13.746199958905059        13.966567520985734        14.182581459408944        14.418472468018486        13.766496961774905        13.970169987603526        14.189829075008944        14.380472468018482        14.535066473758178        12.915404003262772        13.839605953165368        13.862908433580319        13.842864523855582        13.848878462278790        14.058428558293745        14.096319566903283        14.150442496716952        15.034172697749000        14.051131832631803     
   12788.864913033583       -3.2793470000000000        1.6586653502890647        9.1881093000000007        4.6665999999999999E-003   13.833411174002697        13.795424798968797        13.859445774446540        13.691651386291051        13.753152365691298        13.972033012611233        14.187445774446543        14.422912153402946        13.773307825343428        13.975706962212639        14.194693337246543        14.384912153402945        14.539223072707214        12.923806845943185        13.846841446387030        13.869046637577332        13.848188472263372        13.853601234098674        14.062053988088982        14.099520367045384        14.153466749924290        15.054005537347072        14.064312140997385     
   12759.363201088694       -3.2833690000000000        1.6641112123084025        9.1881193000000003        4.6664999999999996E-003   13.838447594268725        13.801022077869955        13.863508964326563        13.698782714213340        13.758956442684244        13.976597405486142        14.191508964326562        14.426621322739631        13.778993895488600        13.980330970727792        14.198756487126563        14.388621322739628        14.542696228348337        12.930820167017696        13.852881537075536        13.874171889087371        13.852634858290497        13.857546417130916        14.065084291942757        14.102196650355818        14.155995850783178        15.070548237487959        14.075308519292637     
   12727.995116275171       -3.2876560000000001        1.6699837858553286        9.1881298999999999        4.6664999999999996E-003   13.843884529894911        13.807010910744214        13.867866656790522        13.706490664632806        13.765186949814012        13.981554234865019        14.195866656790525        14.430514578650929        13.785032693853918        13.985306754465018        14.203092354080820        14.392602598185828        14.546360322690834        12.938490664632806        13.859384771993518        13.879658832604616        13.857444432220415        13.861778637255622        14.068321961376430        14.105057902771730        14.158634383301933        15.088615042054645        14.087235848419386     
   12696.645677559021       -3.2919510000000001        1.6759098386415705        9.1881404000000000        4.6664000000000002E-003   13.849420644850378        13.813079683242146        13.872305258475210        13.714314963698842        13.771506517821672        13.986619783324032        14.200305258475213        14.434451589316160        13.791132490874853        13.990372344924035        14.207499889242500        14.396665006605923        14.550077562369340        12.946314963698841        13.865986160033914        13.885226014083090        13.862353558401557        13.866091841185449        14.071631941267336        14.107991689398046        14.161317416418521        15.106941770006296        14.099323713150811     
   12665.548433272348       -3.2962189999999998        1.6818536813210223        9.1881509000000001        4.6664000000000002E-003   13.854866073965374        13.819053474687349        13.876661993217509        13.722030158824095        13.777729087221170        13.991598420952061        14.204661993217508        14.438310768149870        13.797137046741680        13.995351024552063        14.211825817563179        14.400648574416779        14.553718727670377        12.954030158824098        13.872488271809322        13.890702249619702        13.867177042630823        13.870324186950599        14.074869133215314        14.110855714414582        14.163932705480763        15.125074916790256        14.111268175499058     
   12634.701907526012       -3.3004669999999998        1.6878060565915258        9.1881613000000009        4.6663000000000000E-003   13.860314143803199        13.825025636629201        13.881030135820554        13.729729684607742        13.783948021368994        13.996583452470032        14.209030135820553        14.442185366340974        13.803139714775620        14.000336097670031        14.216163412474137        14.404646558710867        14.557377059747596        12.961729684607745        13.878984484255200        13.896180867149615        13.872008181953719        13.874568943450656        14.078126759291488        14.113743182181802        14.166573442642013        15.143108410732589        14.123162870384208     
   12604.046594501004       -3.3046970000000000        1.6937596641909736        9.1881716999999998        4.6661999999999997E-003   13.865728740680431        13.830961066783473        13.885371489697526        13.737381770691417        13.790128694027466        14.001537871007507        14.213371489697526        14.446036235209544        13.809105451598533        14.005290557807506        14.220474418082468        14.408620048831537        14.561012992780611        12.969381770691420        13.885440706086520        13.901625812295489        13.876809672570452        13.878787676075532        14.081364480299563        14.116613039433574        14.169198098989582        15.161030416924021        14.134984120639281     
   12573.610418027198       -3.3089059999999999        1.6997091933485560        9.1881819000000000        4.6661999999999997E-003   13.871058437522407        13.836807863535046        13.889635605272460        13.744932952525524        13.796218980190829        14.006410669311919        14.217635605272459        14.449813371960897        13.814982328636127        14.010163396911917        14.224708412571381        14.412518930288790        14.564576720406194        12.976932952525523        13.891804561947687        13.906985630223481        13.881530645882947        13.882930046944573        14.084532852721438        14.119416177737765        14.171757788681987        15.178778114567308        14.146674663273828     
   12543.478795940848       -3.3130829999999998        1.7056523994174326        9.1881921000000002        4.6661000000000003E-003   13.876381349500717        13.842642691436515        13.893903588825436        13.752455110463826        13.802294861068985        14.011281244506621        14.221903588825439        14.453599249560492        13.820846925707370        14.015034012906623        14.228946586154583        14.416425334376731        14.568151314198873        12.984455110463829        13.898151264972315        13.912338352171565        13.886250925419530        13.887077504009204        14.087716057079311        14.122237802630599        14.174338401398126        15.196394769156848        14.158294762615872     
   12513.621075921841       -3.3172350000000002        1.7116100497014362        9.1882021999999992        4.6661000000000003E-003   13.881609770244195        13.848378364989037        13.898086660936974        13.759862775937412        13.808269396381663        14.016061430618537        14.226086660936970        14.457304598151721        13.826612088148627        14.019814239418535        14.233100128977382        14.420250113848036        14.571647289918685        12.991862775937415        13.904394150933880        13.917596302203785        13.890882191762634        13.891141145240661        14.090824210870158        14.124987663781218        14.176849441188599        15.213805180068084        14.169763118412044     
   12483.891917684763       -3.3213770000000000        1.7175821632480466        9.1882123000000000        4.6660000000000000E-003   13.886956913769797        13.854279075416102        13.902361098304723        13.767476786653290        13.814407940074624        14.020930410751031        14.230377022806447        14.461103368987683        13.832574734043639        14.024699184452750        14.237377022806449        14.424119293489404        14.575270162956699        12.999412354324036        13.910768031031424        13.922956913769795        13.895634752123492        13.895248158147929        14.094028358141379        14.127819136651873        14.179410537867536        15.231619946702438        14.181565124208412     
   12454.376773798462       -3.3254999999999999        1.7235603289281478        9.1882222999999996        4.6660000000000000E-003   13.892298849135308        13.860211313659342        13.906611317024353        13.775150722063728        13.820576299468954        14.025770892348383        14.234656412992052        14.464881345405129        13.838595821396446        14.029568877516084        14.241656412992057        14.427926441372833        14.578900867332621        13.006968229158929        13.917143300110865        13.928298849135309        13.900386384611281        13.899291427182444        14.097215991681097        14.130623416998979        14.181919019419965        15.249623575117269        14.193518451804458     
   12424.988630388674       -3.3296130000000002        1.7295466008636351        9.1882322999999992        4.6658999999999997E-003   13.897664328156418        13.866164555548645        13.910889786374012        13.782838176048928        13.826764646505532        14.030637084566239        14.238963918850407        14.468689604460232        13.844637539350694        14.034464146242636        14.245963918850409        14.431763736936626        14.582562497305391        13.014538130570481        13.923537675786028        13.933664328156416        13.905164100764191        13.903363827893516        14.100436447868004        14.133462178956274        14.184463236673730        15.267596256026460        14.205466874949353     
   12395.841086810760       -3.3337010000000000        1.7355292747750115        9.1882421999999995        4.6658999999999997E-003   13.902939713149310        13.872022891413094        13.915087070269232        13.790416535399183        13.832856162718608        14.035417279733016        14.243189992274496        14.472420527658203        13.850583636260586        14.039273170538282        14.250189992274494        14.435523449663469        14.586148001200185        13.021999899746428        13.929833543218857        13.938939713149308        13.909856534885522        13.907356720968982        14.103584380594418        14.136231551630884        14.186940457483141        15.285375618799565        14.217271309703699     
   12367.018202249054       -3.3377580000000000        1.7415177739144267        9.1882520999999997        4.6658000000000003E-003   13.908202869229219        13.877862505184241        13.919284142962196        13.797957023101306        13.838926359566246        14.040190770517215        14.247415524510183        14.476156434198183        13.856510042427255        14.044075160465207        14.254415524510188        14.439287815746171        14.589740117059188        13.029425095910304        13.936105824000267        13.944202869229217        13.914543233274204        13.911351670128179        14.106743789843163        14.139016626722162        14.189436616645127        15.303003468614614        14.228990791925435     
   12338.290746764251       -3.3418060000000001        1.7475248403329018        9.1882619999999999        4.6658000000000003E-003   13.913402204982516        13.883636390047231        13.923420934172009        13.805426159547354        13.844930064073120        14.044902071236722        14.251580671866028        14.479833586120238        13.862370441366155        14.048814856930742        14.258580671866030        14.442993323814258        14.593273963413273        13.036779322534413        13.942310952404982        13.949402204982514        13.919168019917800        13.915286997840143        14.109846353055522        14.141746104322673        14.191878116671882        15.320526551061436        14.240625077707323     
   12309.800087537071       -3.3458310000000000        1.7535312675661918        9.1882716999999996        4.6657000000000001E-003   13.918605214979047        13.889409213228307        13.927570166654279        13.812880269699980        13.850930812528011        14.049621078103540        14.255758018130384        14.483526968054873        13.868229074602054        14.053562016379642        14.262758018130382        14.446714819530976        14.596825230128919        13.044119470050125        13.948511473551610        13.954605214979049        13.923801216729791        13.919236418830680        14.112969883005617        14.144499632579956        14.194346023382606        15.337951715789286        14.252209995370746     
   12281.488332978599       -3.3498429999999999        1.7595412288169801        9.1882813999999993        4.6657000000000001E-003   13.923729295930224        13.895099529270654        13.931647096170698        13.820241323945181        13.856847622606827        14.054264203911126        14.259862875917454        14.487150909498359        13.874004670591985        14.058233109257882        14.266862875917456        14.450366689245113        14.600307957483514        13.051367277277093        13.954626810596240        13.959729295930225        13.928359062589797        13.923114782581285        14.116027550557929        14.147189630806915        14.196752175896171        15.355221194762143        14.263675909343020     
   12253.382765119097       -3.3538310000000000        1.7655417206676385        9.1882909999999995        4.6655999999999998E-003   13.928862592616412        13.900794937314028        13.935740876113545        13.827595311359726        13.862767875193075        14.058920056811157        14.263984372160699        14.490795000355448        13.879784746206397        14.062916716858314        14.270984372160701        14.454038496402607        14.603811871368766        13.058608842420202        13.960744153024965        13.964862592616409        13.932930247918794        13.927011434281653        14.119109491657831        14.149906588792103        14.199187338067844        15.372411429192592        14.275104853229735     
   12225.566716624140       -3.3577900000000001        1.7715444236509355        9.1883005999999998        4.6655999999999998E-003   13.934063461584795        13.906552127252315        13.939863452952554        13.835115857388370        13.868747593519320        14.063672529050780        14.268086130249763        14.494472520418537        13.885552127252314        14.067672529050785        14.275086130249765        14.457792930849255        14.607277054151531        13.066018124254864        13.966967180089117        13.970161194718301        13.937477062783778        13.930988397116259        14.122206532048232        14.152592922217007        14.201546520416496        15.390107305670686        14.286731983327996     
   12197.926159067758       -3.3617309999999998        1.7775622464136764        9.1883102000000001        4.6655000000000004E-003   13.939300971475124        13.912342448293771        13.944022657435152        13.842675174113431        13.874759039021228        14.068467790020208        14.272218017837837        14.498189475980233        13.891342448293770        14.072467790020205        14.279218017837835        14.461593131746646        14.610772885252779        13.073466878749702        13.973227028546003        13.975509266838852        13.942051199292749        13.935009722474106        14.125343359564276        14.155314817706675        14.203936690815489        15.407838347576497        14.298382102571402     
   12170.460187101056       -3.3656549999999998        1.7835908684615869        9.1883196999999992        4.6655000000000004E-003   13.944459152737856        13.918049948995836        13.948109335654244        13.850140497021371        13.880686267499030        14.073186515731475        14.276277560221899        14.501836698647864        13.897049948995836        14.077186515731476        14.283277560221904        14.465323082467116        14.614200380144670        13.080822337769774        13.979401082634567        13.980777311989456        13.946550197228284        13.938959400970305        14.128414126957537        14.157973265383500        14.206265508828714        15.425411148168180        14.309912389330414     
   12143.167902236453       -3.3695670000000000        1.7896248262051941        9.1883292000000001        4.6654000000000001E-003   13.949631260458119        13.923767902413392        13.952216708082531        13.857605156670260        13.886622559195501        14.077921946893902        14.280357976547577        14.505507394518318        13.902767902413391        14.081921946893903        14.287357976547579        14.469075991374417        14.617652737736208        13.088177828279200        13.985582630712564        13.986058588849176        13.951067290111794        13.942930648156526        14.131512021028090        14.160661438998829        14.208626137025668        15.442919368647242        14.321416307139266     
   12115.992616462718       -3.3734670000000002        1.7956585895512140        9.1883385999999998        4.6652999999999998E-003   13.954781398069246        13.929461545739992        13.956306666453822        13.865038018286379        13.892533604808287        14.082637279932650        14.284421102727753        14.509162548317223        13.908461545739991        14.086637279932647        14.291421102727755        14.472813014125306        14.621090489248923        13.095501988752227        13.991737873202654        13.991317427603393        13.955565220864353        13.946885073193608        14.134596836920410        14.163338282509882        14.210976839507433        15.460352735428097        14.332871111049895     
   12089.045161640517       -3.3773450000000000        1.8016821752190784        9.1883479000000001        4.6652999999999998E-003   13.959842205328902        13.935061302096093        13.960316174655164        13.872362411751100        13.898348940802970        14.087266927915154        14.288404011794524        14.512740897241416        13.914061302096092        14.091266927915152        14.295404011794526        14.476472553734213        14.624453258534539        13.102718592397659        13.997795350770483        13.996486024682342        13.959979289208279        13.950760192441090        14.137609637613581        14.165946523060471        14.213261673400156        15.477593792267390        14.344183727828304     
   12061.852129546627       -3.3812669999999998        1.8077932784811190        9.1883572999999998        4.6652000000000004E-003   13.964995679999509        13.940758637408576        13.964408761465117        13.879800101117594        13.904263820372202        14.091985314072252        14.292469765181371        14.516398395537864        13.919758637408576        14.095985314072253        14.299469765181376        14.480211990735933        14.627893212574234        13.110047509635775        14.003954570419571        14.001748271481324        13.964480131108628        13.954717173699562        14.140696441845053        14.168625072201541        14.215613868556103        15.495038517444433        14.355645985944692     
   12034.387738294741       -3.3852340000000001        1.8140146587727597        9.1883666999999996        4.6652000000000004E-003   13.970153572626939        13.946465817861045        13.968495171282081        13.887265002610183        13.910190715954689        14.096703776439659        14.296529082158733        14.520045375094798        13.925465817861044        14.100703776439657        14.303529082158731        14.483941735018268        14.631320477001152        13.117402553563364        14.010128236371679        14.007016021673762        13.968978878346016        13.958666633111909        14.143767040737343        14.171283333673406        14.217942519732945        15.512610314917717        14.367175617342562     
   12006.626475438139       -3.3892579999999999        1.8203383711686520        9.1883762000000004        4.6651000000000001E-003   13.975413766963465        13.952281237454704        13.972672292403439        13.894857143026664        13.916228225651198        14.101519790570480        14.300678825980990        14.523778316010452        13.931281237454703        14.105519790570478        14.307678825980995        14.487758343686250        14.634831327813954        13.124883648928416        14.016415175470138        14.012387261061713        13.973572802373981        13.962705331882747        14.146917379096765        14.174016869126222        14.220342882031479        15.530418600065426        14.378876424661820     
   11978.929253040609       -3.3932780000000000        1.8267030764818195        9.1883858000000007        4.6651000000000001E-003   13.976762417883391        13.946112537151885        13.988378629639667        13.873033813497274        13.907201006291379        14.107371167073884        14.316422305948999        14.547322829632153        13.924594326888462        14.111371167073886        14.324378629639666        14.510343601747630        14.661158015051351        13.103851562268163        14.005105074586107        14.011634701440139        13.981805094349470        13.981663217672045        14.181640259870294        14.216248835987004        14.264137897410441        15.602376237275466        14.333629641434532     
   11952.011435561186       -3.3971969999999998        1.8329642345850941        9.1883952000000004        4.6649999999999999E-003   13.982649584636663        13.952200907290306        13.993783097861511        13.880048851949704        13.913355368052857        14.112992878322951        14.321890763306643        14.552548366357785        13.930640016136396        14.116992878322952        14.329783097861510        14.515595667572418        14.666366510891285        13.110795994056017        14.011410687751750        14.017511370287226        13.987361815219112        13.986980311476257        14.186729658139464        14.221008602917644        14.268554231380380        15.624734043735897        14.343692809249470     
   11925.758211338571       -3.4010250000000002        1.8391207607185283        9.1884043999999996        4.6649999999999999E-003   13.988361523604015        13.958102408273307        13.999028620465142        13.886836436585790        13.919312377916993        14.118450280156926        14.327207548600027        14.557626048819772        13.936499890007950        14.122450280156928        14.335028620465140        14.520699216300054        14.671429753042885        13.117514704407688        14.017524067965093        14.023213073707749        13.992755831267639        13.992147282789341        14.191674571202354        14.225640865695199        14.272840499353551        15.646609722569510        14.353426697424334     
   11899.946256470246       -3.4047960000000002        1.8452231308615485        9.1884134999999993        4.6648999999999996E-003   13.994038949519542        13.963959783922213        14.004251669766074        13.893547956414725        13.925215805865964        14.123881647161898        14.332509186370299        14.562690504937262        13.942316338222081        14.127881647161900        14.340251669766072        14.525789096295277        14.676482109274342        13.124158497073065        14.023589761318036        14.028880439245096        13.998124877887907        13.997299519569264        14.196608497157541        14.230275909497749        14.277124734992103        15.668275248043127        14.363009419952537     
   11874.299534495685       -3.4085529999999999        1.8513168258858499        9.1884224999999997        4.6648999999999996E-003   13.999648459292654        13.969741780234038        14.009413833791196        13.900161890315385        13.931035189318973        14.129250795531114        14.337757806147035        14.567701402428572        13.948057669092410        14.133250795531115        14.345413833791195        14.530825247555203        14.681483043265484        13.130705126995295        14.029578741973957        14.034479955877362        14.003432104810724        14.002397628275592        14.201489707424034        14.234868510873735        14.281358337221562        15.689864826951627        14.372451058703913     
   11848.817217382404       -3.4122949999999999        1.8574219495241817        9.1884315000000001        4.6648999999999996E-003   14.005236501348183        13.975494971339113        14.014561466106791        13.906725160222518        13.936817264473543        14.134604085114734        14.342999603427725        14.572704969440757        13.953770455436324        14.138604085114736        14.350561466106793        14.535853898995182        14.686478742516996        13.137201514075915        14.035537590347058        14.040058071918740        14.008723869887053        14.007487840222868        14.206364426008857        14.239464723791780        14.285587549557622        15.711423617742550        14.381799108644362     
   11823.416809864495       -3.4160330000000001        1.8635678916583540        9.1884405000000005        4.6648000000000002E-003   14.010867507100745        13.981284412624703        14.019757511542537        13.913305683352306        13.942627299781009        14.140005126644240        14.348297708331124        14.577763595202939        13.959519621836606        14.144005126644238        14.355757511542535        14.540937521169226        14.691531540441332        13.143715359112132        14.041532027726404        14.045679186546664        14.014063584671788        14.012632825141676        14.211294624895487        14.244125499162276        14.289872284819957        15.733066409444977        14.391130861326584     
   11798.098019503725       -3.4197649999999999        1.8697333632995368        9.1884495000000008        4.6648000000000002E-003   14.016448303776777        13.987016991849551        14.024908751645910        13.919810514629880        13.948372262269778        14.145360704027663        14.353558824547179        14.582784000972644        13.965212055588310        14.149360704027664        14.360908751645908        14.545982835658254        14.696548137904184        13.150153716310889        14.047468944231305        14.051250126859387        14.019358032366917        14.017739305319004        14.216187023827267        14.248757474643593        14.294119275730438        15.754699325970968        14.400353640485079     
   11772.968987603792       -3.4234770000000001        1.8758945442891124        9.1884584000000000        4.6646999999999999E-003   14.022047927090494        13.992761194249855        14.030085990575753        13.926305102375526        13.954120714832705        14.150740748907232        14.358853156385329        14.587837452159235        13.970916413396480        14.154740748907237        14.366085990575755        14.551061001787275        14.701599783600479        13.156582318215445        14.053415952581332        14.056839970429031        14.024677405711017        14.022878178583490        14.221113434649300        14.253433444150041        14.298403124378510        15.776321369796747        14.409521678016475     
   11748.299243462192       -3.4271319999999998        1.8820010929060937        9.1884671999999998        4.6646999999999999E-003   14.027523196433897        13.998382571147054        14.035159880020771        13.932643918565489        13.959739162606809        14.156007724155355        14.364042297189457        14.592795695684469        13.976503207093792        14.160007724155356        14.371159880020773        14.556042422328037        14.706556492649199        13.162857723332998        14.059230220874809        14.062310369308086        14.029889351473649        14.027920871392325        14.225942722960724        14.258024361202921        14.302598391727912        15.797717254533090        14.418465941811416     
   11723.897153873242       -3.4307520000000000        1.8880867407212387        9.1884759999999996        4.6645999999999996E-003   14.033131775735900        14.004265265856144        14.040505581096532        13.939173327483278        13.965625615921777        14.161460048067521        14.369404464112836        14.598032737072501        13.982415299380495        14.165460048067526        14.376505581096534        14.561284926557288        14.711771514901457        13.169344878139210        14.065217743738032        14.067979342000871        14.035350848509939        14.033246348014593        14.230999553941082        14.262842047923403        14.307007142316035        15.820558462211235        14.427602399822952     
   11699.707385550066       -3.4343469999999998        1.8941569360996520        9.1884847000000001        4.6645999999999996E-003   14.038656524520633        14.010058082048584        14.045780983169390        13.945594143754668        13.971423986149855        14.166833690330630        14.374694360631668        14.603206051786866        13.988242884250962        14.170833690330628        14.381780983169392        14.566458036550909        14.716924836963905        13.175727604105322        14.071108855950410        14.073567753285751        14.040739210969456        14.038501701605838        14.236001674412080        14.267601482193637        14.311361198678870        15.843287201243950        14.436577768357647     
   11675.943909564025       -3.4378899999999999        1.9001861242786589        9.1884932999999993        4.6645000000000002E-003   14.044141239172987        14.015802590171177        14.051031648087445        13.951942895903336        13.977175721927935        14.172173636563308        14.379957493064740        14.608361884309080        13.994027004222662        14.176173636563306        14.387031648087444        14.571608218473692        14.722062807279777        13.182042618791698        14.076944478351791        14.079118689112249        14.046099073880740        14.043732671353396        14.240996550603274        14.272352496917826        14.315713979191056        15.865790328659337        14.445407150726993     
   11652.684823125866       -3.4413600000000000        1.9061392286716352        9.1885019000000003        4.6645000000000002E-003   14.049678005455462        14.021583209028091        14.056410980295386        13.958042095640707        13.982997218070210        14.177595384896179        14.385293541785796        14.613697871408753        13.999869693745872        14.181595384896177        14.392410980295388        14.576929796301780        14.727363863156626        13.188126747174550        14.082783963027456        14.084754001193762        14.051551482539612        14.049071043095001        14.246027212519621        14.277038632146777        14.319955674720262        15.890473852448057        14.453423358137051     
   11629.846965924386       -3.4447770000000002        1.9120467482785877        9.1885103000000008        4.6644000000000000E-003   14.055187026024029        14.027324791930603        14.061764614011739        13.964073237822092        13.988780184598959        14.182994031962771        14.390609155261274        14.619015668084380        14.005669681125234        14.186994031962769        14.397764614011741        14.582234826452954        14.732643335076613        13.194145328714541        14.088582296382729        14.090357671544787        14.056975622805684        14.054390184161544        14.251044378081243        14.281707040253501        14.324180673515038        15.915106589971266        14.461298248671927     
   11607.347860413785       -3.4481530000000000        1.9179151670099921        9.1885186000000001        4.6644000000000000E-003   14.060586277262164        14.032946692380527        14.067007501585778        13.969967454883463        13.994442848776806        14.188286142572906        14.395821062112567        14.624228133706882        14.011345835605852        14.192286142572904        14.403007501585780        14.587436309253086        14.737814756603591        13.200028775510731        14.094260105413134        14.095846884594557        14.062287977073385        14.059605560220440        14.255965538543450        14.286278151519124        14.328310074954224        15.939574232689608        14.468989463186844     
   11584.918956910577       -3.4515210000000001        1.9237836311854610        9.1885268999999994        4.6642999999999997E-003   14.066032829806478        14.038608814188823        14.072294935206056        13.975888252726538        14.000145601105277        14.193627464560624        14.401084008840201        14.629490065336135        14.017058796536663        14.197627464560625        14.408294935206055        14.592688866723751        14.743032522935916        13.205940420749112        14.099977961251628        14.101379872730025        14.067644666549057        14.064871959314782        14.260941882310263        14.290899151811541        14.332485924524153        15.964255253395880        14.476682483731384     
   11562.187289685087       -3.4549379999999998        1.9297208991291335        9.1885352000000005        4.6642999999999997E-003   14.071523645907142        14.044311604724275        14.077621178319017        13.981840182044298        14.005889564883372        14.199013233948445        14.406391951207528        14.634795377982801        14.022809804435710        14.203013233948443        14.413621178319019        14.597986282368783        14.748289762666825        13.211884686763838        14.105737238609066        14.106954982725075        14.073041106579478        14.070183394910099        14.265962651177166        14.295553274643613        14.336683978042704        15.989469973796549        14.484411032902564     
   11538.889116539929       -3.4584510000000002        1.9358140568850251        9.1885437000000003        4.6642000000000003E-003   14.077216581858183        14.050215002427402        14.083141985443893        13.987985315441422        14.011835155683729        14.204600180776131        14.411900809408367        14.640299869185919        14.028759164256117        14.208600180776129        14.419141985443892        14.603484354011188        14.753741522250893        13.218023650129320        14.111698530894602        14.112730856375952        14.078633866299549        14.075695827153227        14.271180626054774        14.300388669460547        14.341046807748723        16.015618430299540        14.492356663423591     
   11515.505312033145       -3.4619849999999999        1.9419575427891658        9.1885521000000008        4.6642000000000003E-003   14.082902776884184        14.056105515774698        14.088651900473097        13.994104598992516        14.017768011327368        14.210181701555841        14.417405660853392        14.645798636633932        14.034692288265179        14.214181701555839        14.424651900473096        14.608978382170315        14.759183840393449        13.224138454204022        14.117647152138145        14.118496773023354        14.084216004787054        14.081204259897094        14.276397035338237        14.305214174461172        14.345392788842810        16.042079683820134        14.500262299063666     
   11492.010126220146       -3.4655390000000001        1.9481658158050874        9.1885606000000006        4.6642000000000003E-003   14.088742308760610        14.062104426247624        14.094283542970624        14.000365318834016        14.023825710119992        14.215906246406400        14.423043359801200        14.651398827388475        14.040723642594001        14.219906246406397        14.430283542970626        14.614592637188204        14.764728472973397        13.230363042604667        14.123727129683397        14.124381931515211        14.089901690318802        14.086829842046315        14.281699370637066        14.310108751020694        14.349836963699575        16.069752765323642        14.508312637009753     
   11468.642100138853       -3.4690870000000000        1.9543767708445046        9.1885691000000005        4.6641000000000000E-003   14.094820118981392        14.068263305948527        14.100109032625799        14.006858209450900        14.030074428131456        14.221851496821920        14.428884041987271        14.657144354968409        14.046902822939831        14.225851496821917        14.436109032625797        14.620383378651720        14.770426675555932        13.236760822178365        14.130005770144646        14.130446623833318        14.095744021006684        14.092628155595445        14.287110634303271        14.315091978465055        14.354440142543989        16.099215983497341        14.516594940193340     
   11445.532423509823       -3.4725999999999999        1.9605548104953121        9.1885774999999992        4.6641000000000000E-003   14.100799993782513        14.074323347705583        14.105851320638788        14.013233277121422        14.036223321245274        14.227705409308019        14.434639676713267        14.662805887087288        14.052986398802300        14.231705409308017        14.441851320638786        14.626086164416790        14.776041403418347        13.243048636327682        14.136177436374812        14.136416977387118        14.101501286033287        14.098341896368598        14.292438249917115        14.319989363085035        14.358960008700219        16.128634670900436        14.524719194234056     
   11422.548217505460       -3.4760990000000000        1.9667351656966350        9.1885858999999996        4.6639999999999997E-003   14.106809050495247        14.080412129901543        14.111635862733767        14.019620291247090        14.042400478427961        14.233594250307963        14.440435838943912        14.668508457627215        14.059101999443595        14.237594250307961        14.447635862733769        14.631826349991904        14.781697421303292        13.249355583963865        14.142370517475737        14.142419970626211        14.107299069530630        14.104096398138982        14.297805415716560        14.324921798471006        14.363515327043707        16.158262983961162        14.532825733183742     
   11399.662664219166       -3.4795910000000001        1.9729225173779634        9.1885942000000007        4.6639999999999997E-003   14.112760910620228        14.086443367276569        14.117375846556754        14.025933536628060        14.048519717758502        14.239431427655511        14.446185754329363        14.674165183035832        14.065163322372566        14.243431427655512        14.453375846556757        14.637517144444384        14.787307791548475        13.255595758189688        14.148498948375323        14.148369169230246        14.113050599479774        14.109804838170600        14.303124906552966        14.329801649470099        14.368018047510645        16.188037600294411        14.540831143432374     
   11376.770571011124       -3.4830909999999999        1.9791216005747054        9.1886025000000000        4.6639000000000003E-003   14.118775956714268        14.092537807227666        14.123190611375238        14.032295146973079        14.054702190898938        14.245336767289162        14.452008818550448        14.679895030649520        14.071291234246404        14.249336767289160        14.459190611375236        14.643277690660350        14.792991268345952        13.261890916905985        14.154683963141588        14.154384924728300        14.118875278735418        14.115586421271408        14.308514160587785        14.334744371592747        14.372581902427244        16.218186575227357        14.548865456670965     
   11353.898304933118       -3.4865940000000002        1.9853443894975542        9.1886107999999993        4.6639000000000003E-003   14.124754183267166        14.098595352784562        14.128980372926067        14.038604731128325        14.060847699458813        14.251210386369019        14.457805239897136        14.685598316124890        14.077385597924868        14.255210386369020        14.464980372926066        14.649008270538586        14.798648220745784        13.268140739736213        14.160825366227515        14.160367229199780        14.124673313689113        14.121341403485433        14.313873889916843        14.339651194474330        14.377108559857449        16.248581845833158        14.556826372395991     
   11331.045931348608       -3.4901019999999998        1.9915981916415668        9.1886191000000004        4.6638000000000001E-003   14.130788652025821        14.104709065475326        14.134838163834630        14.044955389368397        14.067049304706863        14.257145334566495        14.463668055884057        14.691368077242728        14.083539467359799        14.261145334566500        14.470838163834628        14.654801929255981        14.804371686664240        13.274438309847934        14.167016236207193        14.166409136916869        14.130537741850773        14.127162822437768        14.319297143109530        14.344615182934689        14.381691090607731        16.279315615992669        14.564807038027926     
   11308.187477258491       -3.4936199999999999        1.9978723323232563        9.1886273000000003        4.6638000000000001E-003   14.136793035789957        14.110792708498280        14.140677445734447        14.051261169385150        14.073220869840512        14.263055167654379        14.469510735693998        14.697117677423769        14.089666649669617        14.267055167654377        14.476677445734445        14.660572059368199        14.810074977158678        13.280697608483109        14.173170430418210        14.172424327309493        14.136382034673257        14.132964100365470        14.324696894152954        14.349548792824550        14.386241519360865        16.310329337990957        14.572723373085843     
   11285.505064634594       -3.4971169999999998        2.0041463509582154        9.1886355999999996        4.6638000000000001E-003   14.142765887200895        14.116844202274109        14.146497959208855        14.057518385320741        14.079359614442389        14.268939136771799        14.475333012324608        14.702847591266355        14.095764682130380        14.272939136771804        14.482497959208857        14.666319007569641        14.815758935209452        13.286915246722767        14.179285379837051        14.178411230997128        14.142205911241394        14.138745299801414        14.330076442171517        14.354459108852510        14.390770001871015        16.341418983188284        14.580559078130051     
   11262.997818604907       -3.5005910000000000        2.0104116650199675        9.1886437999999995        4.6636999999999998E-003   14.148753657515645        14.122910001813612        14.152345883508534        14.063773842864773        14.085511996969348        14.274843575995551        14.481181102411846        14.708604031843976        14.101879945702013        14.278843575995548        14.488345883508533        14.672089063944764        14.821469772625555        13.293137877071921        14.185407694300626        14.184416223852111        14.148055589054131        14.144552635877940        14.335482062537071        14.359392540919071        14.395322971510478        16.372624995619226        14.588361476788261     
   11240.664872091240       -3.5040490000000002        2.0166583807850529        9.1886519000000000        4.6636999999999998E-003   14.154768203066073        14.129013192592705        14.158209544669326        14.070046056795196        14.091703957585441        14.280779831899491        14.487024569173915        14.714368179127629        14.108035452801563        14.284779831899495        14.494209544669328        14.677867812401256        14.827190144539610        13.299397941049133        14.191571251049364        14.190459462512866        14.153957380583339        14.150364833144312        14.340870278810467        14.364328478884598        14.399829403029972        16.405141294591342        14.596191847519272     
   11218.479534220363       -3.5074869999999998        2.0228874576379119        9.1886600000000005        4.6636000000000004E-003   14.160952314444064        14.135293107743578        14.164213715835327        14.076481886812157        14.098074916222959        14.286887009280758        14.492981054033475        14.720257506206710        14.114370530604301        14.290887009280755        14.500213715835326        14.683780046496356        14.833044725431762        13.305838564775637        14.197926281009675        14.196680159512731        14.160053647100501        14.156302930794350        14.346351076203110        14.369387391248022        14.404388089497044        16.439624185545110        14.604206319904034     
   11196.544228902669       -3.5108969999999999        2.0290937613114535        9.1886680999999992        4.6636000000000004E-003   14.167039102029754        14.141463850026906        14.170121089901624        14.082805278682855        14.104334174287729        14.292897735660691        14.498839654191382        14.726043567290613        14.120598943029428        14.296897735660689        14.506121089901626        14.689593390455805        14.838805702493385        13.312160558156759        14.204174420363007        14.202796987952564        14.166055089731319        14.162143350969732        14.351733211800042        14.374349388236837        14.408850863830256        16.474030350801417        14.612059876343249     
   11174.831928878797       -3.5142780000000000        2.0352794527072793        9.1886761000000003        4.6635000000000001E-003   14.173128598209725        14.147625901639795        14.176031526630457        14.089116952665432        14.110582371917534        14.298911949489185        14.504700219591349        14.731826320456815        14.126821143793340        14.302911949489189        14.512031526630459        14.695407687722177        14.844572706009554        13.318464837239198        14.210416147571888        14.208910214525989        14.172061586226249        14.167985921213980        14.357116145987948        14.379313511091400        14.413316300851243        16.508483770722272        14.619856111123649     
   11153.392865602795       -3.5176210000000001        2.0414135569788048        9.1886840000000003        4.6635000000000001E-003   14.179113082827779        14.153671733352152        14.181837770859506        14.095309084075826        14.116711831248686        14.304822104595566        14.510455663101826        14.737499063444062        14.132929361170394        14.308822104595567        14.517837770859511        14.701116008892352        14.850238761805219        13.324643799298538        14.216543645662195        14.214912268847673        14.177965557581675        14.173723596027372        14.362394101487684        14.384175052827526        14.417681001377069        16.542799782667839        14.627484788881691     
   11132.251260061012       -3.5209250000000001        2.0475091022591103        9.1886918000000009        4.6635000000000001E-003   14.185031659477016        14.159640787198814        14.187579185028767        14.101421007235224        14.122761957279341        14.310667388348588        14.516145464687671        14.743101602361978        14.138962849085214        14.314667388348592        14.523579185028769        14.706757944665259        14.855843333058370        13.330737026247238        14.222596146740269        14.220842467175412        14.183806140655342        14.179395875449121        14.367607330423798        14.388974851011515        14.421986539465351        16.576972616729496        14.634984784246054     
   11111.252067036969       -3.5242100000000001        2.0535755613926572        9.1886995999999996        4.6633999999999998E-003   14.190973764246920        14.165623180010527        14.193343950114688        14.107543930410316        14.128823505359655        14.316536699272849        14.521857472332854        14.748721322617541        14.145012107516806        14.320536699272850        14.529343950114690        14.712421035866122        14.861473553162636        13.336835766617646        14.228664290049885        14.226790508145108        14.189672155626152        14.185090478961712        14.372840363138636        14.393794491772766        14.426311009846511        16.611289120884976        14.642458371436714     
   11090.266949284327       -3.5275040000000000        2.0596361358418380        9.1887073000000008        4.6633999999999998E-003   14.196882113927554        14.171561984778041        14.199073714034398        14.113621802546696        14.134840047775302        14.322372308893783        14.527533026641329        14.754299063450333        14.151020586906924        14.326372308893781        14.535073714034400        14.718046340229222        14.867070231841517        13.342883884214352        14.234691642039014        14.232699207096395        14.195505837791444        14.190748640803182        14.378031675618374        14.398569956808736        14.430587415127118        16.645861918910072        14.649858068680309     
   11068.964637781033       -3.5308510000000002        2.0657105553052970        9.1887149000000008        4.6633000000000004E-003   14.202943471498367        14.177644231681393        14.204952390518011        14.119843820810496        14.140999812239523        14.328359831587862        14.533355152008143        14.760016183512954        14.157176480064861        14.332359831587860        14.540952390518010        14.723816059743827        14.872815211244726        13.349069984832783        14.240866693924174        14.238755210518336        14.201492800266111        14.196553110812788        14.383356526395334        14.403469881794459        14.434976420856410        16.681336960929393        14.657393332126093     
   11047.525177498548       -3.5342259999999999        2.0718038234809724        9.1887223999999996        4.6633000000000004E-003   14.209014421623314        14.183726005811140        14.210838064132732        14.126064843933394        14.147158184316682        14.334356476219932        14.539182360785999        14.765731899015472        14.163335344400005        14.338356476219934        14.546838064132730        14.729589105100901        14.878567750445287        13.355249047140100        14.247044840930192        14.244814964846826        14.207490301240584        14.202362550564517        14.388677447099704        14.408360300608374        14.439348239847360        16.717332404772336        14.664907002292141     
   11026.025689355914       -3.5376180000000002        2.0778922869889214        9.1887299000000002        4.6632000000000002E-003   14.215214159162802        14.189988797908473        14.216805846753765        14.132417746462323        14.153489449890706        14.340481705312122        14.545117310224807        14.771490919683380        14.169674558126427        14.344481705312127        14.552808136381451        14.735391882864647        14.884279451709933        13.361579374148882        14.253396251198339        14.251049827609677        14.213609876252796        14.208250547104168        14.393834581421441        14.413059616062437        14.443539750192329        16.758014981740104        14.672274556092880     
   11004.618719196718       -3.5410020000000002        2.0839733158842448        9.1887372999999997        4.6632000000000002E-003   14.221346114500683        14.196202853419717        14.222699168538163        14.138706551039000        14.159767657460243        14.346539477692986        14.550985208311310        14.777167952307920        14.175960191871322        14.350539477692990        14.558700048310698        14.741106978978912        14.889886095679081        13.367850894374477        14.259692821876733        14.257230579670178        14.219663528035095        14.214066760201199        14.398869392738803        14.417633003857354        14.447615419403093        16.799575364426474        14.679523393367518     
   10983.455631422297       -3.5443519999999999        2.0900404884728756        9.1887447000000009        4.6632000000000002E-003   14.227528911287038        14.202591581711683        14.228604344570805        14.145111808444526        14.166196063714821        14.352615194300149        14.556945346048956        14.782888550548392        14.182391280624728        14.356679804878247        14.564610739512204        14.746865557117864        14.895397911879328        13.374303507957038        14.266136291529634        14.263553153912849        14.225713778005691        14.219969406837610        14.403946163937249        14.422163810557279        14.451688808140883        16.844058949843323        14.687014213416454     
   10962.711874700217       -3.5476450000000002        2.0960747336973085        9.1887521000000003        4.6630999999999999E-003   14.233669515012874        14.208961595277909        14.234455303003379        14.151489621742950        14.172606360476426        14.358641601543933        14.562869112702394        14.788563359847014        14.188799463138011        14.362786021075987        14.570474621907170        14.752578179149527        14.900838831633830        13.380743937782452        14.272558241264935        14.269849947128851        14.231705179701194        14.225830165801735        14.408993703508308        14.426647065287451        14.455733436305916        16.888950995391365        14.694484566547498     
   10942.284442838680       -3.5508899999999999        2.1020593056616703        9.1887594000000004        4.6630999999999999E-003   14.239670620651228        14.215183280213541        14.240164533576095        14.157725627367792        14.178875762123543        14.364530247339825        14.568647327526396        14.794095102990955        14.195062756496416        14.368751952902816        14.576201913458299        14.758147161315126        14.906148301564837        13.387040299181333        14.278836399670105        14.275999521642465        14.237555327473100        14.231540999655145        14.413912980243136        14.431005424068935        14.459661169784351        16.933523758365997        14.701785785307724     
   10922.096265144459       -3.5541079999999998        2.1080152344335286        9.1887665999999992        4.6630999999999999E-003   14.245601436808013        14.221326893577395        14.245800413366648        14.163889867030672        14.185074380385910        14.370349916100064        14.574348737016720        14.799551650164801        14.201251412116608        14.374646729749390        14.581860843173331        14.763640514175531        14.911393027788858        13.393262914967519        14.285041020876978        14.282071862536618        14.243333023217293        14.237170616884089        14.418769339323280        14.435302330022417        14.463533773404269        16.977975302502895        14.708992362904549     
   10902.020642246644       -3.5573079999999999        2.1139434846808727        9.1887737999999999        4.6629999999999996E-003   14.251545751926047        14.227477694507789        14.251445049336814        14.170067559857786        14.191287616247115        14.376183698984816        14.580055927334127        14.805014084444847        14.207450870272664        14.380553947749620        14.587533527252345        14.769139551750831        14.916652560645547        13.399497404232500        14.291257611533196        14.288151782142508        14.249121196489904        14.242801288508042        14.423639962614791        14.439611588409646        14.467422355664963        17.022620756952371        14.716196330492108     
   10882.082147051466       -3.5604960000000001        2.1198475775500523        9.1887810000000005        4.6629999999999996E-003   14.257403211705656        14.233535171253449        14.256998573224157        14.176158041997310        14.197414738505541        14.381931377053737        14.585669001341989        14.810382832089152        14.213560488174570        14.386373321855698        14.593119967766034        14.774544655474989        14.921827431709159        13.405643057383015        14.297385484054944        14.294138855579751        14.254819755725000        14.248333306386092        14.428425905569787        14.443835036995731        14.471229245392246        17.067305057138654        14.723295958631544     
   10862.155105920228       -3.5636890000000001        2.1257336228248112        9.1887880000000006        4.6629000000000002E-003   14.263303875093994        14.239630700664327        14.262589197715441        14.182292829697316        14.203587478379772        14.387722316856332        14.591316575200493        14.815784983911668        14.219711928797418        14.392234684635563        14.598748528390336        14.779983145056745        14.927043424880095        13.411831752527268        14.303556403060055        14.300164014808955        14.260557799960457        14.253894832262793        14.433250527120427        14.448092547699778        14.475071674945033        17.112398532990213        14.730429238934891     
   10842.289520035221       -3.5668760000000002        2.1316065174835610        9.1887950000000007        4.6629000000000002E-003   14.269139913308598        14.245655991943218        14.268109908071329        14.188363497031409        14.209697310757418        14.393448965462953        14.596891504229108        14.821114017971118        14.225796741028541        14.398030313713784        14.604312071575245        14.785348407517942        14.932194444945926        13.417954935734043        14.309661860624734        14.306119146815016        14.266227929548249        14.259378964991159        14.438008726741904        14.452280470728413        14.478847028458288        17.157692978254765        14.737485293741704     
   10822.559944938668       -3.5700470000000002        2.1374609622638476        9.1888020000000008        4.6629000000000002E-003   14.274935992062735        14.251635074996569        14.273586646810854        14.194393810181564        14.215767836552063        14.399136399202215        14.602419564628191        14.826396651954580        14.231838675575267        14.403785045207121        14.609836304542069        14.790667024590539        14.937307765988981        13.424036194765099        14.315725511216291        14.312028544974472        14.271855488825983        14.264811896076166        14.442729289898756        14.456429806358310        14.482587835852902        17.203059241828321        14.744484339975786     
   10802.866271496743       -3.5732159999999999        2.1432980276157827        9.1888088999999997        4.6627999999999999E-003   14.280768092238782        14.257644924256867        14.279093854748728        14.200460923892864        14.221876397358143        14.404860047582146        14.607975489801431        14.831706390467351        14.237914977319127        14.409574666168256        14.615395844449450        14.796012683233210        14.942455936473008        13.430152958939731        14.321824694163039        14.317968829701952        14.277515651855746        14.270267940874083        14.447482803425183        14.460608308765989        14.486359762225488        17.248769042943465        14.751508577957670     
   10783.382240565305       -3.5763609999999999        2.1491072105680558        9.1888156999999993        4.6627999999999999E-003   14.286492033018272        14.263539882304817        14.284490332299724        14.206418560486069        14.227876327229241        14.410476686760019        14.613417696310917        14.836903844761464        14.243879333845248        14.415255393571249        14.620848938292218        14.801245677816160        14.947500855388489        13.436158535391916        14.327812872142962        14.323794957691524        14.283065823809848        14.275606488846863        14.452134694558312        14.464686569156163        14.490036962664137        17.294319351638727        14.758403469125161     
   10764.032490944841       -3.5794869999999999        2.1548959744815339        9.1888225000000006        4.6627999999999999E-003   14.292176522548695        14.269389446203904        14.289843680737752        14.212336299535052        14.233837337242006        14.416054610011498        14.618814026638502        14.842055942179377        14.249801414715909        14.420895800239874        14.626263278661208        14.806433073210348        14.952508668169804        13.442122720784246        14.333759774972938        14.329576160155062        14.288574136956880        14.280895109207348        14.456749654351329        14.468727186003440        14.493680452663627        17.339923117357202        14.765242473026065     
   10744.791684737293       -3.5826009999999999        2.1606589222352506        9.1888293000000001        4.6626999999999997E-003   14.297934804818007        14.275301028938182        14.295243313147553        14.218361030682738        14.239870312619447        14.421707662972425        14.624250788539223        14.847246802027316        14.255789445557761        14.426585585569820        14.631729308135844        14.811655872114597        14.957569307368965        13.448176497848211        14.339781113912503        14.335417338959873        14.294153628132834        14.286211543648408        14.461379748507420        14.472791204966535        14.497358210914713        17.386926581829471        14.772201134323927     
   10725.733452106422       -3.5856940000000002        2.1663957941517777        9.1888360000000002        4.6626999999999997E-003   14.303747445420017        14.281250379653917        14.300632923167010        14.224531473969011        14.245950983138181        14.427415118557429        14.629669969286157        14.852412522445471        14.261815677209556        14.432267226385074        14.637186221480812        14.816847002075500        14.962623545546256        13.454333342817767        14.345863634762766        14.341289769022380        14.299787057602808        14.291487836144844        14.465911189707592        14.476787515895682        14.500995227439704        17.437148547970146        14.779368245598251     
   10706.758329740444       -3.5887769999999999        2.1721089312689719        9.1888425999999992        4.6626000000000003E-003   14.309576725976321        14.287220357132647        14.306036440403222        14.230723916861148        14.252050586075850        14.433135099573057        14.635106387860695        14.857589672617856        14.267858740792811        14.437966079883779        14.642652171311113        14.822052904796706        14.967687457739849        13.460513365817597        14.351967319589477        14.347182037870393        14.305436790875049        14.296783107250889        14.470461401059353        14.480807271327752        14.504661836541391        17.487591964264496        14.786556471738351     
   10687.890605743336       -3.5918459999999999        2.1777993971893150        9.1888491999999999        4.6626000000000003E-003   14.315322168851782        14.293110234639606        14.311354001383272        14.236837312411247        14.258068245964971        14.438767337022558        14.640460087093992        14.862678730147657        14.273817867605047        14.443581835572733        14.648027282992828        14.827173969751328        14.972661701067892        13.466615518822636        14.357991252908800        14.352993535661632        14.311002597304697        14.301997563295828        14.474931594540003        14.484752327180637        14.508260277394157        17.538093321628612        14.793663438942268     
   10669.178963688248       -3.5948959999999999        2.1834656560395840        9.1888558000000007        4.6626000000000003E-003   14.321015615318785        14.298951386186104        14.316618646000894        14.242902410172142        14.264035030589554        14.444344058758055        14.645763942582395        14.867713395503024        14.279724324027995        14.449146669371491        14.653344542432151        14.832243743843300        14.977580319237688        13.472670556958633        14.363966439308847        14.358755862178434        14.316516805128941        14.307164415702537        14.479356973054244        14.488659193665178        14.511827860029108        17.588560764368502        14.800717261926117     
   10650.524604432048       -3.5979410000000001        2.1891087787452865        9.1888623000000003        4.6625000000000000E-003   14.326733778043785        14.304821228199167        14.321904898369020        14.248997772224413        14.270029038783218        14.449941436994163        14.651092628197691        14.872767035726397        14.285655928582319        14.454736614516055        14.658678827650974        14.837335722251762        14.982516104313557        13.478756970026474        14.369970984652124        14.364546036502016        14.322055199438115        14.312357596134351        14.483807609806878        14.492595168621637        14.515430014506652        17.639300713104056        14.807801666784737     
   10632.049747279721       -3.6009650000000000        2.1947259118934852        9.1888687000000004        4.6625000000000000E-003   14.332346436200215        14.310588462040180        14.327085451475096        14.254990579769625        14.275918179256909        14.455430126054100        14.656318495847483        14.877713930714453        14.291481041041106        14.460222290287359        14.663902600796877        14.842323870804886        14.987344150125985        13.484741977118819        14.375872686788245        14.370233302935038        14.327488758003707        14.317450323504868        14.488161651870250        14.496441728578418        14.518950320548587        17.689880696818509        14.814777291372980     
   10613.655814986409       -3.6039789999999998        2.2003207555244595        9.1888752000000000        4.6625000000000000E-003   14.337930199457315        14.316330430439123        14.332234701756004        14.260959331282113        14.281780467871720        14.460886166096248        14.661516114962129        14.882627298948758        14.297277381753911        14.465679629216229        14.669090580627493        14.847281559316702        14.992137086750173        13.490704012581045        14.381749582357475        14.375894600444301        14.332893157779768        14.322516433925319        14.492489063524115        14.500266083067547        14.522454155415861        17.740609379254749        14.821727808520151     
   10595.318101630617       -3.6069890000000000        2.2058904543127729        9.1888815000000008        4.6623999999999997E-003   14.343539194261968        14.322101424007649        14.337406238824727        14.266958601161612        14.287670369135576        14.466363559341744        14.666739103695896        14.887560449331868        14.303099350788493        14.471162587090650        14.674296456795400        14.852262120102832        14.996948085053837        13.496697629346741        14.387656132840490        14.381584123191676        14.338322295894187        14.327609357319112        14.496842317227205        14.504120006118228        14.525992813916751        17.791597150416138        14.828709076483364     
   10576.987716764106       -3.6100040000000000        2.2114413802650441        9.1888877999999998        4.6623999999999997E-003   14.349095122815488        14.327823554730280        14.342520621495243        14.272911097463187        14.293510317685254        14.471783679648148        14.671908141805833        14.892433321412760        14.308869212268803        14.476592530555404        14.679440901858932        14.857185602812578        15.001696770648234        13.502645514912096        14.393514804939883        14.387223771842244        14.343697400989107        14.332649420714780        14.501139785141515        14.507920527140861        14.529482463066529        17.842884879609610        14.835646404211069     
   10558.591795629587       -3.6130350000000000        2.2169865899778531        9.1888939999999995        4.6623999999999997E-003   14.354666625830838        14.333566144075032        14.347644714471507        14.278887069603215        14.299370098765920        14.477214607188223        14.677090326662736        14.897311804223911        14.314656461989387        14.482037599145158        14.684590879694106        14.862118113307162        15.006448529420741        13.508617904909343        14.399395468308121        14.392882535310164        14.349086390068365        14.337703213719532        14.505445088835462        14.511729303663273        14.532983544617540        17.894724682093695        14.842613971933936     
   10540.276409073622       -3.6160580000000002        2.2225140357953665        9.1889002000000009        4.6623000000000003E-003   14.360256040774567        14.339330166004482        14.352784413664461        14.284885634901430        14.305249757282683        14.482659801277697        14.682291089549091        14.902203747498239        14.320461722647964        14.487501134698269        14.689752085911758        14.867067068737748        15.011212220757708        13.514613943654810        14.405297998069054        14.398562054823602        14.354493051710699        14.342777185217864        14.509770624714550        14.515562672205947        14.536514833462244        17.946751149731320        14.849603019195735     
   10521.944337717423       -3.6190850000000001        2.2280275293992684        9.1889062999999993        4.6623000000000003E-003   14.365799664909384        14.345052821930475        14.357873650972286        14.290845230174275        14.311087114304813        14.488054815455110        14.687444669573290        14.907041784561281        14.326222431474735        14.492918765862209        14.694858588861310        14.871965388521028        15.015919808476129        13.520572048745203        14.411160326005438        14.404199089006516        14.359852718481422        14.347804895930262        14.514045996792946        14.519347613743721        14.540001684344469        17.999145039138746        14.856557224066448     
   10503.716707088692       -3.6221060000000000        2.2335242503217425        9.1889123999999995        4.6623000000000003E-003   14.371307472559858        14.350742873025540        14.362925434094217        14.296773034752045        14.316890180816193        14.493410636932976        14.692563626870937        14.911840605607557        14.331947120647117        14.498301299869381        14.699923312705250        14.876827341805930        15.020586860475165        13.526499401680477        14.416990281762805        14.409802972563215        14.365176588277590        14.352799729538189        14.518289582980875        14.523105731292722        14.543467639747286        18.051604209044925        14.863477171070516     
   10485.786238195011       -3.6250779999999998        2.2389960072193418        9.1889185999999992        4.6622000000000000E-003   14.376907898340379        14.356560967418480        14.368036691130248        14.302898004831535        14.322827573599133        14.498880319815543        14.697718324404425        14.916638153671668        14.337832643646705        14.503746938034153        14.705030194746191        14.881682704808290        15.025265233141722        13.532612625339352        14.422977658859891        14.415494069686721        14.370575820764449        14.357813627964452        14.522468504906529        14.526901388356960        14.546938637354108        18.107924772851867        14.870694931733075     
   10468.175620063299       -3.6280060000000001        2.2444198003491849        9.1889246000000000        4.6622000000000000E-003   14.382397338222189        14.362273410057069        14.373028794887093        14.308932008167707        14.328661165524606        14.504245936446244        14.702747661111323        14.921305968461391        14.343621231413126        14.509070004149917        14.710017804168563        14.886404852043510        15.029818045691558        13.538632032994029        14.428864342116283        14.421069270275614        14.375856367803207        14.362696166689043        14.526508618306972        14.530594250765104        14.550305106245320        18.164696561341081        14.877834440997864     
   10450.859279096709       -3.6308870000000000        2.2497912266295201        9.1889306000000008        4.6622000000000000E-003   14.387794109428532        14.367889455905376        14.377928865728533        14.314866116343294        14.334398208632985        14.509520013291555        14.707685278288865        14.925887169273155        14.349313085551659        14.514296445430334        14.714917291705488        14.891038543521882        15.034285142665679        13.544551789385059        14.434651718275097        14.426548402609482        14.381041000509411        14.367485604672472        14.530471674564984        14.534221567000726        14.553614382150661        18.220905580726658        14.884858486486545     
   10433.739753290920       -3.6337419999999998        2.2551246887723049        9.1889365999999999        4.6620999999999998E-003   14.393175203894550        14.373487330986887        14.382811424174644        14.320780266034440        14.340117530276494        14.514778891559107        14.712605867840605        14.930454481922695        14.354986819034036        14.519502579417523        14.719803012484622        14.895656840279912        15.038738650042102        13.550451750412066        14.440418977858389        14.432009004562374        14.386205801112915        14.372255961987655        14.534426960010428        14.537850491946912        14.556931707553034        18.276898445524438        14.891853017037672     
   10416.816168822774       -3.6365690000000002        2.2604225840666214        9.1889424999999996        4.6620999999999998E-003   14.398447774066973        14.378974198581666        14.387583852889058        14.326581574413805        14.345726237070764        14.519929748762571        14.717416782623239        14.934915272982703        14.360549567917495        14.524595773754370        14.724582221393661        14.900167142819178        15.043085961700147        13.556239032523482        14.446073293424938        14.437358297501977        14.391258135146856        14.376914711992107        14.538281840881499        14.541388184382882        14.560164128504709        18.332571916519179        14.898725108317574     
   10400.063715701217       -3.6393700000000000        2.2656873345893165        9.1889483999999992        4.6620999999999998E-003   14.403553735114002        14.384339728547786        14.392112766282324        14.332390156234830        14.351223837979092        14.524889322836394        14.721957521960853        14.939129156158494        14.366021709531939        14.529478690933431        14.729100933072537        14.904428106007373        15.047180965406785        13.562012070503933        14.451654636206740        14.442554632012492        14.396089832562001        14.381307986642295        14.541896520476001        14.544749164140015        14.563273176156365        18.391652364212558        14.905674307432896     
   10383.075213695985       -3.6422129999999999        2.2709200325963503        9.1889541999999995        4.6620000000000003E-003   14.408745730795976        14.389811635568149        14.396697631166800        14.338351284311974        14.356835370240807        14.529922928808803        14.726544923757897        14.943390553246074        14.371608844244141        14.534434911685564        14.733668586179411        14.908737731612801        15.051319626115889        13.567932181541265        14.457363498469688        14.447844327461970        14.400987530518373        14.385750366458131        14.545556327636644        14.548168106670682        14.566451911682504        18.452729065492917        14.912825982953477     
   10366.018987402525       -3.6450740000000001        2.2761760680146090        9.1889599999999998        4.6620000000000003E-003   14.413904298323404        14.395257693013706        14.401242061691248        14.344299563129910        14.362425289288725        14.534917889317635        14.731088215222952        14.947607442162235        14.377170590077041        14.539356759906370        14.738192953248101        14.913003944237770        15.055412387596567        13.573839279805865        14.463054826073266        14.453103762211780        14.405846041216856        14.390151745150723        14.549175703616859        14.551549335066726        14.569596556828339        18.514286944130191        14.919987076724988     
   10348.919291238863       -3.6479499999999998        2.2814215418430352        9.1889657000000007        4.6620000000000003E-003   14.419068609240268        14.400716727053306        14.405786057955600        14.350273213593082        14.368032252995247        14.539913563796906        14.735627361849430        14.951820261281229        14.382745609021532        14.544283743636731        14.742714035377622        14.917267120444462        15.059499856008125        13.579771644762042        14.468767169034860        14.458371991921117        14.410704918126816        14.394552326210684        14.552795999329915        14.554934575238276        14.572749218204001        18.576287746916158        14.927194256495154     
   10331.847802587577       -3.6508219999999998        2.2866495249684262        9.1889713999999998        4.6620000000000003E-003   14.424217003914313        14.406165851851290        14.410310554842971        14.356247206644609        14.373632760158026        14.544888993814682        14.740143314141941        14.956011329677077        14.388310528597286        14.549195198280016        14.747212859514166        14.921509369438949        15.063564875170227        13.585704420410798        14.474476588914053        14.463626925381702        14.415543776235387        14.398933645708345        14.556402027379397        14.558309629736859        14.575896679667059        18.638472064007765        14.934417346732188     
   10314.780724230117       -3.6537020000000000        2.2918639570642387        9.1889769999999995        4.6619000000000001E-003   14.429403260812771        14.411659246633016        14.414868474470824        14.362276422158340        14.379281190746736        14.549897730077676        14.744688992796247        14.960233112486053        14.393919689808181        14.554144571972659        14.751742319729418        14.925783224522307        15.067659737189397        13.591692429169965        14.480237607055267        14.468922481973943        14.420415975871519        14.403348426107337        14.560045417935024        14.561725796618591        14.579089908192708        18.700972243527943        14.941712917852621     
   10297.623282360733       -3.6565979999999998        2.2970633378992455        9.1889825999999992        4.6619000000000001E-003   14.434562706227398        14.417133992683356        14.419391619520981        14.368301000210343        14.384915514761625        14.554874078660925        14.749196104666053        14.964415524411629        14.399510816544465        14.559065875671928        14.756234039293100        14.930018896309230        15.071713645526112        13.597675582293741        14.485988846430908        14.474194616282022        14.425255064919812        14.407727675262509        14.563652923797930        14.565108594650221        14.582253219366153        18.764044148207851        14.949028275510317     
   10280.328679250331       -3.6595230000000001        2.3022598705414778        9.1889880999999995        4.6619000000000001E-003   14.439755844743255        14.422651585301844        14.423938666722057        14.374384159666549        14.390597737471717        14.559877952426982        14.753723208311060        14.968616256434503        14.405145721917679        14.564018964410225        14.760746552754133        14.934274238560574        15.075783922606137        13.603716985659618        14.491792705649745        14.479504196912950        14.430120581860985        14.412129677336763        14.567280797431687        14.568513738273024        14.585441820814205        18.827912024263959        14.956430512460779     
   10262.803177951608       -3.6624930000000000        2.3074617378150206        9.1889935999999999        4.6617999999999998E-003   14.445057158978258        14.428288478991014        14.428580446203227        14.380605783911186        14.396405326767571        14.564982657510249        14.758340904467268        14.972904169625373        14.410901496044481        14.569077019710960        14.765350411100609        14.938618437946904        15.079938693160251        13.609896296333329        14.497727433194441        14.484926429420696        14.435085082933860        14.416624476371446        14.570995009128282        14.572006111553996        14.588719573867987        18.892978042810643        14.964007239232167     
   10245.189600657170       -3.6654830000000000        2.3126703051323569        9.1889990000000008        4.6617999999999998E-003   14.450364675972978        14.433968798806816        14.433183821941970        14.386959077427072        14.402270974461899        14.570075668812734        14.762909822069503        14.977135762752759        14.416717096560689        14.574146946455791        14.769905934821463        14.942896453779483        15.084019229840393        13.616207063627598        14.503744393355944        14.490378946883094        14.440037185617989        14.421065587524978        14.574662298310699        14.575418532181551        14.591953263437880        18.959415281439910        14.971810313341415     
   10227.441404528392       -3.6685020000000002        2.3178745289843823        9.1890044000000000        4.6617999999999998E-003   14.455801652588285        14.439862704323385        14.437804847077736        14.393740853933068        14.408382026737549        14.575258005265304        14.767481558431960        14.981344515840245        14.422790316374016        14.579359230055200        14.774461408695892        14.947122549041296        15.088034902977888        13.622945988888265        14.510060010935106        14.496018131242504        14.445077536501532        14.425484094613385        14.578321873629140        14.578727925467390        14.595170404268170        19.028613854976040        14.980253615095737     
   10209.582902811819       -3.6715429999999998        2.3230743374411569        9.1890096999999997        4.6617000000000004E-003   14.461319002601492        14.445842873096591        14.442490061386124        14.400627499020288        14.414584728406727        14.580512052477339        14.772123274689569        14.985612925777147        14.428951901473610        14.584644490528319        14.779083711362127        14.951408405391270        15.092114050028911        13.629789516408337        14.516465500310151        14.501738950324757        14.450188715699831        14.429965530263456        14.582041625785955        14.582097390687039        14.598447042092012        19.098335057707434        14.988825199546579     
   10191.966793113457       -3.6745480000000001        2.3282765872035789        9.1890151000000007        4.6617000000000004E-003   14.466715514313304        14.451698919548392        14.447054810205600        14.407390577731022        14.420664253294575        14.585641876998860        14.776651108290938        14.989764591452616        14.434987871499821        14.589806166412920        14.783589397089170        14.955577278241712        15.096083952348550        13.636510062783223        14.522742064118553        14.507336173293609        14.455177611343771        14.434329264587120        14.585655948868183        14.585368216021074        14.601626299238717        19.167109458798009        14.997263212448473     
   10174.685639580399       -3.6775020000000000        2.3334215399501685        9.1890204000000004        4.6617000000000004E-003   14.472009415203747        14.457446510646633        14.451522223557738        14.414040365080126        14.426634901395502        14.590667446471947        14.781088091680132        14.993824908511815        14.440912900924829        14.594864007179659        14.788001760576570        14.959654472344976        15.099970719919355        13.643118126514658        14.528903112628377        14.512826973204717        14.460064931588590        14.438599483788011        14.589192870325270        14.588570136045647        14.604738391005611        19.234619889575523        15.005568499327875     
   10157.737840559457       -3.6804030000000001        2.3385171499879402        9.1890257000000002        4.6617000000000004E-003   14.477201194253936        14.463086011492422        14.455893319241810        14.420576595971880        14.432496838309767        14.595589610671613        14.785434907999075        14.997794964602068        14.446727317144870        14.599818807244134        14.792321648613385        14.963641077331481        15.103775150817057        13.649613438639889        14.534948995110611        14.518211856964367        14.464851513396091        14.442777187504959        14.592653215281835        14.591703832104290        14.607783990713742        19.300870189838840        15.013740236094172     
   10140.935022353078       -3.6832840000000000        2.3435742301924658        9.1890309999999999        4.6616000000000001E-003   14.482395140392065        14.468726570525483        14.460263690730528        14.427117883765710        14.438361530115657        14.600509933341847        14.789786647221757        15.001765971787961        14.452542174819648        14.604772452329605        14.796643968754950        14.967628489109913        15.107586423324001        13.656114157708870        14.540993338957584        14.523597259826424        14.469637413520672        14.446955819694605        14.596122377751946        14.594850988763667        14.610843803625443        19.366641480435909        15.021914711532268     
   10124.323182678130       -3.6861350000000002        2.3485966998438426        9.1890360999999992        4.6616000000000001E-003   14.487484002632890        14.474259633045719        14.464528636888293        14.433552860584122        14.444119701558261        14.605322100543869        14.794038497415954        15.005634375374470        14.458248415867473        14.609618509345950        14.800864070715779        14.971513107757243        15.111301286147658        13.662509026901013        14.546926457869191        14.528875406653547        14.474316686005295        14.451031204169524        14.599498069180576        14.597910144665775        14.613816607103992        19.431659259520149        15.029975736535683     
   10107.831650956365       -3.6889720000000001        2.3535885127653331        9.1890412999999995        4.6616000000000001E-003   14.492536007049029        14.479755240756624        14.468753150262462        14.439955083742621        14.449842252806789        14.610093334298998        14.798255246773824        15.009463528878854        14.463916794097734        14.614424318343453        14.805046681722803        14.975358356442673        15.114982317111732        13.668871432904773        14.552820070845314        14.534115328574021        14.478955987506652        14.455067527059256        14.602841453358060        14.600941066162655        14.616761800786662        19.496245860549337        15.038003468933191     
   10091.413454895324       -3.6918030000000002        2.3585550591676361        9.1890464000000005        4.6614999999999998E-003   14.497612129407656        14.485275586915382        14.472996016872422        14.446389132329131        14.455591963068734        14.614883917011795        14.802495567663300        15.013311122748725        14.469609980014511        14.619250244714294        14.809250422919611        14.979221971082094        15.118686708725711        13.675265841398154        14.558737489918826        14.539378536554452        14.483615224650954        14.459123038435525        14.606208774582356        14.603999077094969        14.619734463894115        19.560630908825061        15.046066917837507     
   10074.929133029558       -3.6946479999999999        2.3634989635274359        9.1890514000000003        4.6614999999999998E-003   14.502661927748449        14.490774001334053        14.477199722755536        14.452816090057439        14.461324108179465        14.619640984938606        14.806701921465319        15.017116287050086        14.475282770807318        14.624043724930146        14.813417446575610        14.983043217837967        15.122352371622195        13.681652999379203        14.564635416988164        14.544616177671418        14.488240418002839        14.463138632945942        14.609535079974101        14.607016596284964        14.622666290221279        19.625267672922305        15.054140999477653     
   10058.379096778557       -3.6975090000000002        2.3684468050105920        9.1890564999999995        4.6614999999999998E-003   14.507731855218907        14.496296957735741        14.481410628251432        14.459282540484317        14.467085197129695        14.624410925959502        14.810920731447752        15.020925371935078        14.480981645601897        14.628851157600216        14.817594145167995        14.986868446711323        15.126025710791470        13.688079491397993        14.570560325560070        14.549874700559840        14.492877958733729        14.467160675500743        14.612866773133739        14.610040056681108        14.625603715229936        19.690201799427037        15.062272392562846     
   10041.902491753732       -3.7003599999999999        2.3733731803707969        9.1890614999999993        4.6614999999999998E-003   14.512779288750753        14.501798022300434        14.485593338843678        14.465734109930985        14.472826791726412        14.629153643003747        14.815116533341175        15.024706363119982        14.486658690807609        14.633632130458615        14.821745410360521        14.990665507520081        15.129675849927573        13.694491279728936        14.576462401648790        14.555109896342401        14.497488862937775        14.471155359577796        14.616175848777999        14.613044043552250        14.628522047255359        19.754887152503414        15.070392715346742     
   10025.429792581606       -3.7032170000000000        2.3782835820318677        9.1890663999999997        4.6613999999999996E-003   14.517872110709494        14.507346973282399        14.489812154751547        14.472244508524607        14.478619660823369        14.633935775037749        14.819353646217866        15.028521877967254        14.492384421090943        14.638453437881061        14.825935391568304        14.994497085506303        15.133364823873105        13.700961906637122        14.582413109470551        14.560390439518791        14.502139213378403        14.475186192064012        14.619522908492119        14.616087858794206        14.631480226759912        19.819642958323573        15.078582640160089     
   10009.030208344779       -3.7060680000000001        2.3831736346865124        9.1890713000000002        4.6613999999999996E-003   14.522895950287637        14.512827505652737        14.493956443657172        14.478693312840782        14.484346450363663        14.638644298897116        14.823521324873582        15.032262990534253        14.498041782568162        14.643201886217476        14.830053559430024        14.998254187352568        15.136984208219459        13.707371115796565        14.588294449911654        14.565601170739651        14.506716540563872        14.479143330345504        14.622800971334065        14.619065783704134        14.634372895045232        19.884104027640081        15.086714610207522     
   9992.6344416076536       -3.7089189999999999        2.3880446053751783        9.1890762000000006        4.6613999999999996E-003   14.527696557581066        14.518127618349336        14.497791959370740        14.485326543561790        14.489893665245905        14.643068177168669        14.827378490729856        15.035699309748171        14.503462150121631        14.647639603310243        14.833905545383153        15.001728771981735        15.140240886102827        13.713949326812251        14.594042660129038        14.570525571520999        14.511002072896627        14.482817158682447        14.625764527904540        14.621790679644935        14.637025593756228        19.932150657882662        15.096015240648544     
   9976.2885039607481       -3.7117700000000000        2.3928977722135278        9.1890810999999992        4.6613999999999996E-003   14.532211801914993        14.523188396977844        14.501256526783521        14.492147157194438        14.495194350476442        14.647141419901789        14.830858891374550        15.038771617650291        14.508569880448981        14.651693299159721        14.837435539539388        15.004866463634446        15.143061120999970        13.720698086844493        14.599606695599224        14.575084109524447        14.514928616281377        14.486151001586919        14.628351612443364        14.624213816298980        14.639393289937804        19.959936652841787        15.106673259965287     
   9959.9922386793605       -3.7146119999999998        2.3977301526830330        9.1890858000000009        4.6613000000000002E-003   14.536760739039888        14.528277832919464        14.504768099525009        14.498984335862900        14.500517039886645        14.651253891775472        14.834387976264832        15.041891301082405        14.513701930502275        14.655785460294265        14.841011518399380        15.008051332127685        15.145932047717835        13.727466182981786        14.605197037980300        14.579672009964799        14.518894837032509        14.489531425263532        14.630989271586319        14.626688846120025        14.641813871997730        19.987635344660124        15.117315935865452     
   9943.6996971030148       -3.7174640000000001        2.4025487290280187        9.1890906999999995        4.6613000000000002E-003   14.541262883802258        14.533316982321953        14.508243218207799        14.505764095407685        14.505783476327426        14.655323856521683        14.837882327577464        15.044973799394644        14.518779497465029        14.659834297818858        14.844550207875759        15.011199000606229        15.148768391762935        13.734179424018112        14.610736160076488        14.584208919178767        14.522818586705878        14.492874604240999        14.633591579727540        14.629129382192893        14.644200795990148        20.015232205807596        15.127880118507480     
   9927.4795244711786       -3.7203029999999999        2.4073448159690316        9.1890953999999994        4.6613000000000002E-003   14.545745852170576        14.538331221576851        14.511713754953970        14.512504526848918        14.511018119570569        14.659380721310153        14.841373724519197        15.048052645378228        14.523827825223524        14.663869313487037        14.848083218693034        15.014342727280340        15.151604705595084        13.740856163483258        14.616247337551695        14.588722335446047        14.526729888217059        14.496212972986687        14.636194079099393        14.631571641022084        14.646590497557188        20.042657474728866        15.138368090578076     
   9911.2629886480536       -3.7231489999999998        2.4121254148965208        9.1891000999999992        4.6613000000000002E-003   14.550228631603943        14.543341813200723        14.515194336813412        14.519234253711868        14.516243207212707        14.663441638756002        14.844876870990927        15.051140811976833        14.528868350182940        14.667907573425712        14.851625448294687        15.017495760022239        15.154452916801318        13.747524737470695        14.621753944622277        14.593231405021893        14.530645277463304        14.499560604158464        14.638807713517071        14.634025882182190        14.648993008000712        20.070027911232263        15.148824498860048     
   9895.0957268066559       -3.7259910000000001        2.4168818017362046        9.1891048000000008        4.6611999999999999E-003   14.554745187749839        14.548381253782308        14.518721700934693        14.525980967110874        14.521490660666609        14.667541741261529        14.848428432656375        15.054276144831581        14.533933505168756        14.671984277974149        14.855213464480995        15.020695761924353        15.157351534158034        13.754212997048496        14.627287086137661        14.597770040062533        14.534600296408831        14.502954613202673        14.641471656149383        14.636531723299653        14.651448086397716        20.097313331231106        15.159266644733441     
   9878.8865958517817       -3.7288429999999999        2.4216267449802662        9.1891093999999995        4.6611999999999999E-003   14.559227549972787        14.553384522731511        14.522222293224464        14.532689276057495        14.526696635726585        14.671610707497061        14.851954991056198        15.057382880655345        14.538958417457044        14.676028974544236        14.858774055971493        15.023867334271939        15.160223458464520        13.760865220030906        14.632784525370367        14.602270397300606        14.538523805578331        14.506320695121717        14.644107484924566        14.639009849879107        14.653876130955544        20.124574017928360        15.169659982450090     
   9862.6358881223641       -3.7317049999999998        2.4263601508444412        9.1891140000000000        4.6611999999999999E-003   14.563722227626025        14.558398094322305        14.525742717996257        14.539405572354051        14.531907557699709        14.675695086062904        14.855503163606608        15.060507624658163        14.543989529186510        14.680088206169740        14.862353819790739        15.027057081105673        15.163115318740997        13.767527818958362        14.638292721672615        14.606778954071151        14.542462356346830        14.509705450448203        14.646761827563376        14.641506898895022        14.656323785910130        20.151855805806555        15.180050684142541     
   9846.4345849346591       -3.7345679999999999        2.4310790412826875        9.1891186000000005        4.6611999999999999E-003   14.568204055634000        14.563393900806519        14.529263257389134        14.546092260148045        14.537094258033660        14.679772005773382        14.859053076222436        15.063632874984931        14.548998677625667        14.684139243244578        14.865932706606758        15.030247136645189        15.166010915289563        13.774163496994090        14.643780838888310        14.611270470806351        14.546393894013486        14.513089921625975        14.649419815034273        14.644008881242810        14.658777338002240        20.179006023450690        15.190380597203626     
   9830.1693559249379       -3.7374440000000000        2.4357861967247967        9.1891230999999998        4.6610999999999996E-003   14.572750974355410        14.568453473541704        14.532855140901463        14.552842689956409        14.542339595212654        14.683916580227093        14.862676166579464        15.066827095234400        14.554067481857659        14.688257017306890        14.869582353268500        15.033506417810701        15.168977108964414        13.780865251205141        14.649333851040490        14.615822950170601        14.550392514864312        14.516544385539598        14.652146644572825        14.646579903468231        14.661300555454007        20.206260965095353        15.200768528617880     
   9813.9535927252036       -3.7403149999999998        2.4404757343698291        9.1891277000000002        4.6610999999999996E-003   14.577238434586024        14.573448684704987        14.536400490624290        14.559516937038248        14.547514138587038        14.688007070091894        14.866254341804089        15.069975178673106        14.559067744695165        14.692319975130916        14.873184478076800        15.036719364302202        15.171900386020910        13.787493500109870        14.654820189793066        14.620311798955290        14.554337497670220        14.519951921189501        14.654830471292053        14.649109208350110        14.663783016010699        20.233337979468999        15.211049170918857     
   9797.7194586401565       -3.7431980000000000        2.4451518797698419        9.1891321999999995        4.6610999999999996E-003   14.581731796132294        14.578447028126265        14.539960696412910        14.566189538732557        14.552686148661573        14.692107162839021        14.869849124571500        15.073136855918202        14.564066992835732        14.696391691361965        14.876800711076280        15.039945978083642        15.174839529773051        13.794122581139158        14.660309405676296        14.624802394811342        14.558291920563574        14.523373344579960        14.657529078345471        14.651653929614318        14.666281654125422        20.260396820014037        15.221312203603814     
   9781.5572245131352       -3.7460680000000002        2.4498101747028369        9.1891367000000006        4.6610999999999996E-003   14.586206067498958        14.583420720681390        14.543515906091452        14.572823434956542        14.557826905570240        14.696194032817802        14.873440462294392        15.076294494936588        14.569037459038382        14.700449502432177        14.880410892650220        15.043168266038537        15.177778133160439        13.800715664115396        14.665770990451223        14.629269782384336        14.562233768243070        14.526789579344376        14.660227400949141        14.654199854257884        14.668782509285210        20.287287412434068        15.231500702197915     
   9765.4441372093424       -3.7489360000000000        2.4544461305183418        9.1891411000000005        4.6610000000000002E-003   14.590714127253314        14.588423381556083        14.547117592750382        14.579474656624345        14.562990328815928        14.700319967122418        14.877079860183500        15.079499018378698        14.574032804138611        14.704545663668572        14.884066582536835        15.046437241829857        15.180766782593402        13.807328694203768        14.671259259106268        14.633766877035470        14.566215123231324        14.530251912183346        14.662975696064493        14.656797015321800        14.671335541414194        20.314094624382811        15.241675924139891     
   9749.3800416271242       -3.7518039999999999        2.4590625161678976        9.1891455000000004        4.6610000000000002E-003   14.595177995317588        14.593380817741412        14.550681208200096        14.586073485761233        14.568104274342797        14.704405736882364        14.880682599183000        15.082665396458456        14.578980409224652        14.708601401019465        14.887681208200100        15.049667720182050        15.183720752613954        13.813888992600809        14.676701723496265        14.638216512828031        14.570155483017999        14.533675607208735        14.665684904701397        14.659350764870410        14.673843615190563        20.340898537297640        15.251774561520911     
   9733.3423713833909       -3.7546650000000001        2.4636621213076291        9.1891497999999991        4.6610000000000002E-003   14.600011556905073        14.598797193957552        14.554462339787079        14.593236102199857        14.573722055278942        14.708835855475591        14.884500996840977        15.086038365041027        14.584420251993222        14.713012284250610        14.891462339787079        15.053101213754175        15.186891449494869        13.820940389828731        14.682642346672118        14.643050662714444        14.574408781052718        14.537313541416783        14.668502485230825        14.661875196348952        14.676261566145129        20.372013493468437        15.262567391895175     
   9717.3087080526948       -3.7575360000000000        2.4682448309395566        9.1891542000000008        4.6610000000000002E-003   14.604843116790640        14.604208162528234        14.558246581128454        14.600395339548548        14.579331116064473        14.713268128448608        14.888324964303166        15.089416220422244        14.589848951692609        14.717425325876931        14.895246581128454        15.056540373296428        15.190067878794487        13.827986761881654        14.688574168763580        14.647877874289730        14.578664275790224        14.540957882551183        14.671325006033229        14.664405519066651        14.678686229639936        20.403292967583958        15.273339630704573     
   9701.3461331048366       -3.7603949999999999        2.4728090652528958        9.1891584999999996        4.6608999999999999E-003   14.609699057315257        14.609637705038168        14.562064662175619        14.607567847959661        14.584954632228762        14.717730580769040        14.892185048112193        15.092831381337934        14.595290455235737        14.721868631168920        14.899064662175618        15.060017355306709        15.193283296375743        13.835045241996053        14.694519014601930        14.652724582413899        14.582950731154181        14.544639922998531        14.674187208618370        14.666977691256367        14.681153999483165        20.434651266596941        15.284092924607119     
   9685.3874783453812       -3.7632569999999999        2.4773547023151434        9.1891628999999995        4.6608999999999999E-003   14.614506441811056        14.615015320794996        14.565839244628702        14.614690443664042        14.590522942251258        14.722148590786031        14.896004069706844        15.096204802756464        14.600674352659745        14.726267498052884        14.902839244628705        15.063453369187133        15.196457810870594        13.842052178473264        14.700408575102117        14.657517845686709        14.587192785541234        14.548281729206099        14.677007721670488        14.669509115629157        14.683581834103190        20.466125987123061        15.294779273183241     
   9669.5441348574968       -3.7661060000000002        2.4818772103375117        9.1891671000000006        4.6608999999999999E-003   14.619278315592805        14.620350111650932        14.569590529074762        14.621760021764931        14.596043852899445        14.726537877596169        14.899801892076123        15.099559466947927        14.606009764590627        14.730637779081210        14.906590529074762        15.066870951312705        15.199615784077267        13.849005291214056        14.706248414253000        14.662270862521748        14.591407385432039        14.551904392416198        14.679813386245254        14.672028641793627        14.685999296084812        20.497541802911254        15.305370874440680     
   9653.7267078890636       -3.7689539999999999        2.4863808634378999        9.1891713999999993        4.6608999999999999E-003   14.624041610822328        14.625672227978018        14.573339624982399        14.628816488605782        14.601548607545357        14.730923160386975        14.903599855389185        15.102914224098210        14.611326920368956        14.735004086383551        14.910339624982399        15.070289296378522        15.202774945688386        13.855943851726057        14.712071575430112        14.667010522721714        14.595618265194869        14.555528253708950        14.682619956154035        14.674550398075791        14.688419928470559        20.529074060799982        15.315927723555415     
   9637.9573472372322       -3.7717990000000001        2.4908640658247938        9.1891756000000004        4.6608999999999999E-003   14.628789665082696        14.630974247479013        14.577081257058548        14.635849976841442        14.607029550301622        14.735298278999650        14.907392598993230        15.106264339803086        14.616618443142052        14.739360286283542        14.914081257058548        15.073703575326924        15.205930829681325        13.862858168407097        14.717869956553567        14.671730230542408        14.599819508400554        14.559148190906921        14.685423464058424        14.677070810454182        14.690840292462372        20.560677202597017        15.326435160717079     
   9622.2580578667730       -3.7746369999999998        2.4953296446137649        9.1891797999999998        4.6607999999999997E-003   14.633562449975756        14.636295403931861        14.580856748154439        14.642897277318145        14.612525700762205        14.739703680825642        14.911221347873898        15.109651665462845        14.621923643672524        14.743746852632018        14.917856748154435        15.077155541262702        15.209125549671995        13.869785216544898        14.723682134433162        14.676470050354119        14.604051805367547        14.562805661247133        14.688266524734594        14.679632879654484        14.693303520058947        20.592351981785932        15.336925307380234     
   9606.5401012484672       -3.7774809999999999        2.4997760072016200        9.1891838999999997        4.6607999999999997E-003   14.638293505820098        14.641572352847202        14.584593978585598        14.649904791195404        14.617974718938992        14.744070810790703        14.915014271627193        15.113001879487506        14.627179113941729        14.748095123871849        14.921593978585598        15.080571234057153        15.212283691494299        13.876670724950614        14.729447555211561        14.681163359370405        14.608245622350459        14.566427862561589        14.691071739737012        14.682157615288581        14.695730057774895        20.624183035798552        15.347364100633868     
   9590.8699036778089       -3.7803200000000001        2.5042045162159225        9.1891881000000009        4.6607999999999997E-003   14.643009427998930        14.646829390914732        14.588323730087275        14.656889494643792        14.623400183060888        14.748427790473880        14.918801910649563        15.116347395475742        14.632409256899692        14.752433301321616        14.925323730087271        15.083982788337835        15.215438478182516        13.883532189958853        14.735188460276639        14.685836924908422        14.612429813774085        14.570046054026573        14.693873825961379        14.684680917694994        14.698156219567650        20.656082247382649        15.357754061307297     
   9575.1150291284666       -3.7831800000000002        2.5086195138353720        9.1891922000000008        4.6607999999999997E-003   14.647663297469805        14.652076977146557        14.591901594561737        14.663985208660336        14.628876430123693        14.752664269352145        14.922424626440147        15.119537216767139        14.637669331808574        14.756664269352147        14.928901594561736        15.087236756650626        15.218443914868637        13.890491324614921        14.740955064584405        14.690494578457002        14.616493861870183        14.573506539103526        14.696527150494489        14.687060543592203        14.700440236195035        20.686228465352023        15.368520933660445     
   9559.3860350336126       -3.7860410000000000        2.5130238843744239        9.1891963000000008        4.6607000000000003E-003   14.652321009616879        14.657343957461949        14.595455862475150        14.671136280596409        14.634396244313850        14.756883713200574        14.926016181590844        15.122703593689581        14.642965825308737        14.760883713200576        14.932455862475146        15.090466049549446        15.221426354656588        13.897503290904490        14.746753753405381        14.695175721928136        14.620541034782876        14.576938615889583        14.699159305149463        14.689421932689585        14.702706815092876        20.715316032184241        15.379439625628445     
   9543.6389286968915       -3.7889100000000000        2.5174160628741853        9.1892004000000007        4.6607000000000003E-003   14.656938207027663        14.662565604069938        14.598976246192942        14.678237134334994        14.639870251249318        14.761065282133378        14.929572281620915        15.125836405676255        14.648216252325598        14.765065282133380        14.935976246192938        15.093661849961466        15.224371874043522        13.904467255710875        14.752506954030709        14.699815611720753        14.624549367645722        14.580334288806890        14.701754133972786        14.691745684981692        14.704935647172606        20.744131507022018        15.390308529915577     
   9527.8958236365252       -3.7917820000000000        2.5217929828666756        9.1892043999999995        4.6607000000000003E-003   14.661554998250645        14.667781169155143        14.602504405713644        14.685324374121558        14.645337347858051        14.765249701015909        14.933134533620242        15.128977857558011        14.653459823717077        14.769249701015911        14.939504405713643        15.096866274263464        15.227322936647598        13.911420018826805        14.758253171277909        14.704454323947759        14.628559827687271        14.583735389627593        14.704354593012917        14.694075137152074        14.707170202071607        20.772680550755013        15.401158953213633     
   9512.1786882674587       -3.7946550000000001        2.5261530532230951        9.1892084000000001        4.6607000000000003E-003   14.666164937448920        14.672983386850456        14.606035391761518        14.692388142250850        14.650789919606753        14.769431117978820        14.936697945341423        15.132123537657771        14.658689236964962        14.773431117978818        14.943035391761521        15.100074822904704        15.230275405440354        13.918351903656125        14.763984401221210        14.709085384208146        14.632566808215474        14.587137153022455        14.706957034585509        14.696407019705452        14.709407343121805        20.800924199623324        15.411975798987571     
   9496.4000142710956       -3.7975409999999998        2.5305021572868651        9.1892122999999994        4.6607000000000003E-003   14.670848918762369        14.678275884506677        14.609636560718636        14.699555857047040        14.656345832096621        14.773685049977006        14.940323205542283        15.135307017527383        14.664034065895640        14.777685049977004        14.946636560718632        15.103321417470299        15.233275215259654        13.925398947884235        14.769831458503704        14.713822893032267        14.636646904654784        14.590593859865630        14.709587044400260        14.698762409512748        14.711656221716611        20.830083241473005        15.422952515185743     
   9480.6693437495869       -3.8004259999999999        2.5348357227706826        9.1892163000000000        4.6606000000000000E-003   14.675749861071653        14.683845043052289        14.613439876633864        14.707035234057146        14.662218708366838        14.778150739280617        14.944126368526460        15.138588950950671        14.669742107386215        14.782150739280619        14.950439876633860        15.106666273575671        15.236418653943007        13.932790459661605        14.776033502241775        14.718885122099257        14.640947370973729        14.594211056822163        14.712299280191312        14.701191205496984        14.713939919702922        20.862629456899782        15.434376208541126     
   9464.8557620852698       -3.8033280000000000        2.5391581580796547        9.1892203000000006        4.6606000000000000E-003   14.680626635089725        14.689390391488521        14.617220339061385        14.714497705405511        14.668066211558832        14.782593901694392        14.947905904717297        15.141847672887403        14.675427070773305        14.786593901694394        14.954220339061385        15.109988249839065        15.239538922018754        13.940164602668757        14.782212676655222        14.723918477147029        14.645226832492730        14.597805188140869        14.714985303826305        14.703593067035031        14.716195146768323        20.895199922563556        15.445797456059184     
   9449.0903144930580       -3.8062299999999998        2.5434663808464055        9.1892241000000006        4.6606000000000000E-003   14.685485410312642        14.694912548481975        14.620993226009768        14.721927993028222        14.673886445984641        14.787024313226981        14.951677097156585        15.145102792734717        14.681088417751527        14.791024313226982        14.957993226009771        15.113306431476746        15.242656778506875        13.947506830807926        14.788364339955061        14.728927812024830        14.649496429952157        14.601393078351188        14.717669470437952        14.705994706199915        14.718449827336533        20.927570782163507        15.457168151207854     
   9433.2859640799943       -3.8091420000000000        2.5477618086427327        9.1892280000000000        4.6606000000000000E-003   14.690353010908590        14.700442003331483        14.624779359807293        14.729367122169977        14.679711549324475        14.791466428787855        14.955460760205346        15.148372273038399        14.686757406051024        14.795466428787856        14.961779359807297        15.116639129182081        15.245789427459714        13.954857683170546        14.794522458701374        14.733940786048430        14.653779728373548        14.604994527611185        14.720366590642596        14.708409373363134        14.720716402060413        20.959921197265601        15.468551081656011     
   9417.4646785647510       -3.8120609999999999        2.5520443600474914        9.1892318999999993        4.6606000000000000E-003   14.695222655124679        14.705971037537099        14.628573499616524        14.736804703518184        14.685533375349758        14.795914079025119        14.959251652328122        15.151651603725670        14.692426123223262        14.799914079025120        14.965573499616527        15.119981745011414        15.248932552891114        13.962206893146915        14.800678427720902        14.738950386034377        14.658070792047022        14.608604555730890        14.723072949890190        14.710833750402445        14.722991754460859        20.992205552967881        15.479930341727377     
   9401.6699281377478       -3.8149780000000000        2.5563124428588786        9.1892356999999993        4.6604999999999997E-003   14.700127559532486        14.711531058833334        14.632411810456649        14.744266904172715        14.691382530214380        14.800401636381938        14.963085948275701        15.154978362253079        14.698125593213128        14.804401636381940        14.969411810456645        15.123371682540526        15.252124105539504        13.969580870643991        14.806861934277102        14.743989449087831        14.662404421714466        14.612259832783398        14.725827699774651        14.713307762620452        14.725316219998884        21.024381718811835        15.491321273374627     
   9385.8584447199355       -3.8179080000000001        2.5605689954769519        9.1892393999999999        4.6604999999999997E-003   14.704987850724841        14.717043991386216        14.636211490242182        14.751680862112639        14.697181733084289        14.804848080306872        14.966880835923149        15.158268343250835        14.703778122191874        14.808848080306873        14.973211490242182        15.126724909471957        15.255279508736276        13.976906511962667        14.812996612633146        14.748978474295491        14.666699173123359        14.615877054456643        14.728545067876052        14.715744867587084        14.727602847493642        21.056444608627860        15.502661782783822     
   9370.0951280593126       -3.8208299999999999        2.5648048503835694        9.1892431999999999        4.6604999999999997E-003   14.709830179357741        14.722533816466647        14.640003521599066        14.759062764251183        14.702953799650306        14.809281747902748        14.970667320089653        15.161554614430671        14.709407118443501        14.813281747902753        14.977003521599066        15.130074233918432        15.258432380394677        13.984200366520202        14.819103898939723        14.753943600014907        14.670983998755087        14.619487949744489        14.731260472613524        14.718181632164008        14.729888824241076        21.088309795614034        15.513951960908361     
   9354.3367463172326       -3.8237580000000002        2.5690259636211739        9.1892469000000006        4.6604999999999997E-003   14.714667843548678        14.728015623931281        14.643798286247847        14.766432906362621        14.708714609774670        14.813714796837193        14.974455771293226        15.164846158640817        14.715028053509918        14.817714796837194        14.980798286247850        15.133428811655552        15.261591333213897        13.991482488615109        14.825200588541950        14.758898489293710        14.675270636420723        14.623102399713670        14.733981330784363        14.720624704388459        14.732180388464851        21.120064906963375        15.525222852120706     
   9338.6048666108036       -3.8266870000000002        2.5732322477162692        9.1892505999999994        4.6604999999999997E-003   14.719494230923214        14.733481929244878        14.647590577843353        14.773781228514867        14.714456306497329        14.818141156489709        14.978240994281979        15.168138451222998        14.720633252444124        14.822141156489710        14.984590577843353        15.136784031756555        15.264752021703089        13.998742938780602        14.831278362301159        14.763836385579292        14.679553208757167        14.626715442310147        14.736703898969306        14.723070718856878        14.734474384702985        21.151666923841692        15.536459077712824     
   9322.8779776250176       -3.8296180000000000        2.5774251379229023        9.1892543000000000        4.6604000000000003E-003   14.724362544035399        14.738986819397814        14.651432163647394        14.781164400564810        14.720233362802011        14.822613470568276        14.982074749089788        15.171482568767656        14.726276992155595        14.826613470568281        14.988432163647394        15.140191056857153        15.267965340060995        14.006038266719953        14.837392150318179        14.768810660333374        14.683884155870741        14.630378597270989        14.739478474718977        14.725569592519490        14.736820524469051        21.183205949192597        15.547722642566905     
   9307.1347128247598       -3.8325570000000000        2.5816045540688388        9.1892580000000006        4.6604000000000003E-003   14.729186143059350        14.744444516008711        14.655235016425850        14.788499192574610        14.725960366663577        14.827044565344904        14.985868997157715        15.174789810908441        14.731873682903823        14.831044565344909        14.992235016425850        15.143561272057140        15.271142410898635        14.013285123150412        14.843456998744843        14.773734811566003        14.688176114699845        14.634003595639724        14.742215583875540        14.728031477323144        14.739128751512416        21.214631471492794        15.558935581781133     
   9291.5250052232896       -3.8354789999999999        2.5857627806570309        9.1892616000000000        4.6604000000000003E-003   14.733965718925363        14.749849706087984        14.659009469573641        14.795762450043823        14.731629475300378        14.831438826191521        14.989634162592134        15.178075204934432        14.737416687970617        14.835438826191522        14.996009469573641        15.146909104913538        15.274299492446753        14.020461191037372        14.849461838771335        14.778608633933180        14.692434769466805        14.637602456108821        14.744935683223430        14.730479442294930        14.741423606872603        21.245691826434530        15.570037876284166     
   9275.9841952440420       -3.8383889999999998        2.5899012330915814        9.1892651999999995        4.6604000000000003E-003   14.738721129428958        14.755224899106183        14.662771082268803        14.802984438927806        14.737264351618036        14.835814439776081        14.993385780801836        15.181352238614187        14.742929087693005        14.839814439776083        14.999771082268806        15.150248301833210        15.277449526340787        14.027596375173660        14.855431709145732        14.783452481216527        14.696677699537625        14.641189995657959        14.747649919147738        14.732923492071114        14.743714475800919        21.276517703820772        15.581075815530701     
   9260.5759942052900       -3.8412799999999998        2.5940090832665330        9.1892689000000001        4.6604000000000003E-003   14.743432937860495        14.760548176988431        14.666504358598990        14.810135729046609        14.742842072444125        14.840153452295437        14.997108411230508        15.184607357312229        14.748388401501627        14.844153452295442        15.003504358598986        15.153565053335411        15.280579464215888        14.034661601245260        14.861342298553184        14.788246658546631        14.700887449936088        14.644751417211280        14.750347044683144        14.735353473193756        14.745991847432228        21.306984780328762        15.592004445346694     
   9245.2359632898479       -3.8441649999999998        2.5980953809176097        9.1892724999999995        4.6603000000000000E-003   14.748265519999283        14.765994333282382        14.670314406623664        14.817411249224516        14.748564236156216        14.844595051117260        15.000912808062584        15.187960049597823        14.753968438597671        14.848592548001282        15.007314406623660        15.156979105744664        15.283767769974492        14.041851438147003        14.867378325942180        14.793166294345934        14.705185563898571        14.648386089847371        14.753112856440413        14.737830493791890        14.748305328840566        21.338662310659199        15.603107153511889     
   9229.9425956518444       -3.8470439999999999        2.6021630858585962        9.1892759999999996        4.6603000000000000E-003   14.753251379758520        14.771607669535531        14.674165214394723        14.824874397387866        14.754505135676492        14.849143675812389        15.004771767106693        15.191392019713714        14.759707919692769        14.853132665321578        15.011165214394723        15.160472249331107        15.286947496848097        14.049229163676586        14.873594447985756        14.798258474827925        14.709554162366562        14.652050752286126        14.755889857549004        14.740269169439646        14.750558585126239        21.373383519836164        15.614537043551969     
   9214.7593968140081       -3.8499080000000001        2.6062074845467174        9.1892794999999996        4.6603000000000000E-003   14.758199100660573        14.777177634941250        14.677991930271091        14.832280135569039        14.760395148570471        14.853662467471704        15.008608797796509        15.194802916722605        14.765397251571304        14.857642299051488        15.014991930271091        15.163943879135349        15.290109474803003        14.056550094582843        14.879761430777233        14.803309529268212        14.713894226992117        14.655691951194722        14.758649790302552        14.742695435309777        14.752803702169263        21.408057820431790        15.625869921468340     
   9199.4952605319941       -3.8527900000000002        2.6102330804497731        9.1892829999999996        4.6603000000000000E-003   14.763170964763749        14.782774345728544        14.681842709503275        14.839721688672217        14.766308434173769        14.858208294585790        15.012472179005265        15.198235662245342        14.771108069851632        14.862178204584435        15.018842709503279        15.167437681203214        15.293293488224563        14.063906388326917        14.885956909485799        14.808383046639847        14.718260376735341        14.659355509052308        14.761427384852066        14.745139815327494        14.755068915350208        21.443121006680510        15.637248473267263     
   9184.1929667285513       -3.8556849999999998        2.6142474894448995        9.1892864999999997        4.6603000000000000E-003   14.768153011347380        14.788382081696252        14.685706802512463        14.847178157747734        14.772228324200437        14.862768451302170        15.016351152106264        15.201680678279800        14.776824265416291        14.866727695616216        15.022706802512463        15.170943906412884        15.296490674236249        14.071277384910680        14.892163469216623        14.813464755042588        14.722640409320313        14.663031192708790        14.764214891113756        14.747595519611348        14.757347971485160        21.478477222977741        15.648640636107920     
   9168.7261185992138       -3.8586160000000000        2.6182645514280400        9.1892899000000003        4.6601999999999998E-003   14.773232943712994        14.794093699995688        14.689662796351744        14.854757656782009        14.778250150022107        14.867427260285293        15.020324472237750        15.205213090682893        14.782639472923751        14.871374992374111        15.026662796351747        15.174538186208494        15.299774142222496        14.078770492318565        14.898478885192613        14.818643135998411        14.727117159633156        14.666796018949452        14.767081989205476        14.750129532067564        14.759706454552330        21.514469028289700        15.660186809347113     
   9153.2010132806390       -3.8615659999999998        2.6222796199301954        9.1892932999999992        4.6601999999999998E-003   14.778282928041637        14.799777009813596        14.693590712714144        14.862315141501025        14.784239473866730        14.872059896953008        15.024272091441571        15.208715831877566        14.788420658793410        14.875995333711877        15.030590712714147        15.178103027824438        15.303028569479292        14.086241260009835        14.904766785147945        14.823789629480739        14.731567054250601        14.670531307285717        14.769916168659595        14.752631681491238        14.762035465107576        21.550760906231833        15.671714442407218     
   9137.6390753246887       -3.8645269999999998        2.6262880220141445        9.1892966999999999        4.6601999999999998E-003   14.783342569585475        14.805470735734300        14.697531761467683        14.869886743423347        14.790234548564943        14.876706591950910        15.028235213774281        15.212230698466687        14.794206356388134        14.880628960560113        15.034531761467683        15.181680142165387        15.306296109966993        14.093725939172032        14.911065045941076        14.828943686180057        14.736030576012585        14.674278526712914        14.772760142012007        14.755145160016102        14.764378462291784        21.587351328377455        15.683254082441568     
   9121.9775695591234       -3.8675090000000001        2.6302881614243896        9.1893001000000005        4.6601999999999998E-003   14.788432234737790        14.811197790648006        14.701501880449683        14.877502936126408        14.796259430644934        14.881386118147848        15.032229896834316        15.215771910253356        14.800019768480581        14.885294583404804        15.038501880449683        15.185283999975120        15.309590007480974        14.101254652969015        14.917398998180342        14.834126022354159        14.740525759366886        14.678052824013040        14.775625414735639        14.757680171482722        14.766745003122910        21.624390590647000        15.694852047286883     
   9106.3009707535239       -3.8704980000000000        2.6342768794329570        9.1893034000000000        4.6601999999999998E-003   14.793524445632400        14.816927250450416        14.705479698349642        14.885122598122035        14.802281529483931        14.886073269981569        15.036234662876549        15.219320409500927        14.805829436960778        14.889967063379562        15.042479698349641        15.188895205617914        15.312892556051022        14.108786751754881        14.923734428130036        14.839308634293086        14.745028392950342        14.681833876047133        14.778496566525565        14.760223102613587        14.769122417124432        21.661681159581892        15.706445609836866     
   9090.6303810343870       -3.8734959999999998        2.6382618912886344        9.1893068000000007        4.6601999999999998E-003   14.798612343927690        14.822651398806943        14.709459862929396        14.892735467230775        14.808292730055072        14.890761739130308        15.040244125286005        15.222871421500532        14.811627532109245        14.894640111714242        15.046459862929392        15.192508899976392        15.316199313667507        14.116312091218216        14.930062802310989        14.844484539902016        14.749532417059395        14.685616594631238        14.781369734618725        14.762770535343417        14.771507511740541        21.699173335464497        15.718019149718867     
   9075.0494460738828       -3.8764799999999999        2.6422244683287497        9.1893101000000001        4.6601000000000004E-003   14.803715391191437        14.828386307830053        14.713467691049230        14.900347541911762        14.814307622068101        14.895473069404394        15.044283423318797        15.226452554099980        14.817429788275232        14.899335361219320        15.050467691049226        15.196152356315684        15.319539177584522        14.123837137029414        14.936396982019614        14.849672752324610        14.754060359738849        14.689427357796154        14.784276151432353        14.765355418718775        14.773934074064778        21.736711357436164        15.729557630031378     
   9059.4952161408801       -3.8794640000000000        2.6461676213318515        9.1893133999999996        4.6601000000000004E-003   14.808760848501768        14.834061800075856        14.717425950081223        14.907896236915247        14.820257219885461        14.900132878650522        15.048275425334962        15.229984850584414        14.823166369194530        14.903978373417145        15.054425950081223        15.199746869719851        15.322832198784416        14.131298952326707        14.942669227817886        14.854800902804184        14.758537098013674        14.693188145123321        14.787134143086972        14.767894754072037        14.776318431241831        21.774351248515345        15.741014459131881     
   9043.9051721646629       -3.8824580000000002        2.6500990660605885        9.1893166999999991        4.6601000000000004E-003   14.813815590260957        14.839747281760678        14.721397149870553        14.915458487183320        14.826212026597998        14.904806496059676        15.052282778985385        15.233529108689217        14.828906921225924        14.908634409419674        15.058397149870553        15.203353488000557        15.326138214890156        14.138774122845673        14.948951343481005        14.859936195949084        14.763027225206317        14.696960672213917        14.790001796420297        14.770445349545531        14.778716771190224        21.812291070766975        15.752482270073136     
   9028.3627448851839       -3.8854479999999998        2.6540140451056340        9.1893200000000004        4.6601000000000004E-003   14.818852568197050        14.845412330199144        14.725360033833011        14.922993827319596        14.832140184245160        14.909468906933617        15.056284031669064        15.237066356610034        14.834620733962572        14.913278549632635        15.062360033833015        15.206952905630493        15.329439527497781        14.146222649200658        14.955209715331305        14.865051154946981        14.767506708617690        14.700724746645440        14.792863761537225        14.772993549528961        14.781116249606329        21.850327580735659        15.763899709806550     
   9012.8055224865766       -3.8884490000000000        2.6579171757160993        9.1893232000000005        4.6601000000000004E-003   14.823892016903633        14.851079704143421        14.729330503605427        14.930532529350325        14.838065525032510        14.914138824844910        15.060295231880117        15.240610786834869        14.840330781411991        14.917929436354372        15.066330503605426        15.210559564744925        15.332749376958487        14.153674454810480        14.961469489681368        14.870166334729218        14.771993526875582        14.704495474223714        14.795731521343034        14.775549569327707        14.783526474873311        21.888612673489071        15.775312675048420     
   8997.2751075142551       -3.8914469999999999        2.6618052568067569        9.1893264000000006        4.6600000000000001E-003   14.829015218350660        14.856838404971247        14.733374084606117        14.938186658476669        14.844083704905755        14.918898884410234        15.064377275301537        15.244218339231940        14.846136682716461        14.922674697324348        15.070374084606113        15.214222075358196        15.336135969657724        14.161234128376956        14.967820381255466        14.875375157391870        14.776568211395249        14.708341385896288        14.798676392478553        14.778156769249177        14.785988002928880        21.928125836020818        15.786855757928015     
   8981.8334978684634       -3.8944329999999998        2.6656782123402532        9.1893296000000007        4.6600000000000001E-003   14.834287786675736        14.862782401505823        14.737490975371697        14.946150563994005        14.850316918111281        14.923816534645885        15.068510899054127        15.247851151971380        14.852172087506018        14.927600848378757        15.074490975371701        15.217873364633020        15.339603209425659        14.169066749788398        14.974363301454309        14.880784661163025        14.781288513898067        14.712272977346123        14.801712912702511        14.780722205951049        14.788398073505673        21.972695281120359        15.798828153308113     
   8966.4596819251637       -3.8974139999999999        2.6695265279988520        9.1893328000000007        4.6600000000000001E-003   14.839538754784295        14.868695021036684        14.741595072747701        14.954081782321582        14.856516027094765        14.928717877418888        15.072629378868980        15.251472568950275        14.858170433757037        14.932511382958429        15.078595072747701        15.221508624437883        15.343058234677320        14.176864983305238        14.980872215800920        14.886163677965653        14.785991826583539        14.716192588930804        14.804739837097030        14.783277109417083        14.790803574755726        22.017751269318254        15.810738242246670     
   8951.1534021675634       -3.9003830000000002        2.6733563910395417        9.1893360000000008        4.6600000000000001E-003   14.844722788924569        14.874545678473181        14.745590066266599        14.962006912084041        14.862675215909318        14.933523973925583        15.076637143588714        15.254984195226042        14.864123073149704        14.937324431191639        15.082590066266595        15.225028353045671        15.346400790869550        14.184652201339672        14.987338039233906        14.891482134249150        14.790591340858152        14.720003907092609        14.807669286428149        14.785739142736803        14.793131025983913        22.061599086305854        15.822751557473028     
   8935.8526755546627       -3.9033579999999999        2.6771692909582026        9.1893390999999998        4.6600000000000001E-003   14.849796135897590        14.880317827640907        14.749357152946166        14.969991318780549        14.868812297088537        14.938141332005520        15.080417463153703        15.258261758450741        14.870046298333152        14.941940931836205        15.086357152946162        15.228312473160324        15.349505673524328        14.192491456780262        14.993775662031014        14.896722468851811        14.794982919449032        14.723587385052822        14.810389792941789        14.788008164246007        14.795287705879977        22.101591655898197        15.835157961070093     
   8920.6397247461191       -3.9063240000000001        2.6809635672047398        9.1893422999999999        4.6600000000000001E-003   14.854842610748610        14.886057663432146        14.753112977642923        14.977924834507396        14.874909798887815        14.942738092173903        15.084185728994635        15.261529354408713        14.875932685125877        14.946535408712231        15.090112977642923        15.231591046091948        15.352603808895628        14.200282881652447        15.000174209662068        14.901932743385343        14.799355992917034        14.727160654339878        14.813102811880990        14.790277461184621        14.797443077965669        22.141412621970197        15.847489623521961     
   8905.3706515376980       -3.9093030000000000        2.6847407140868293        9.1893454000000006        4.6598999999999998E-003   14.859956541108460        14.891866076281289        14.756939633962851        14.985929118555237        14.881072010665193        14.947404316722398        15.088024154993253        15.264864462810888        14.881884521698044        14.951197906599614        15.093939633962851        15.234941641965232        15.355771066957661        14.208146784665228        15.006640812460518        14.907208841712094        14.803798505207791        14.730804081781304        14.815880578968372        14.792615055433128        14.799664093069001        22.181484696069457        15.859909800336009     
   8889.9025435621024       -3.9123239999999999        2.6885164860337118        9.1893484000000001        4.6598999999999998E-003   14.865092214417110        14.897703817946752        14.760779566127749        14.993985326419992        14.887262864721581        14.952090195051792        15.091875277680575        15.268204888593200        14.887863809889634        14.955878544166584        15.097779566127752        15.238302323629682        15.358943738080693        14.216063063945388        15.013142308215759        14.912506512682452        14.808258572524348        14.734458396650499        14.818655664713109        14.794949528417174        14.801878184941096        22.222090718132772        15.872441016279783     
   8874.0526281494494       -3.9154260000000001        2.6922987925510689        9.1893513999999996        4.6598999999999998E-003   14.870357042633710        14.903686513049980        14.764725348970774        15.002234952966440        14.893601856467559        14.956898037439249        15.095831762491809        15.271637215916492        14.893987633710324        14.960679486829928        15.101725348970774        15.241760174671651        15.362206554302698        14.224171690919707        15.019801992908420        14.917934952327467        14.812835884001448        14.738213980508572        14.821507931769343        14.797355838347091        14.804158759385576        22.263760568978409        15.885277732251591     
   8857.8230445250647       -3.9186100000000001        2.6961241628294035        9.1893545000000003        4.6598999999999998E-003   14.875750488891580        14.909813416417496        14.768777257050811        15.010676487753916        14.900087789196778        14.961827653874312        15.099893826715522        15.275161670457038        14.900254943760903        14.965600434375485        15.105777257050811        15.245315765140131        15.365559938186831        14.232471347903203        15.026618800358229        14.923493427605909        14.817530343417122        14.742071133585114        14.824437628594492        14.799834697716037        14.806506372140515        22.306493304488402        15.898417937821232     
   8841.4195593203985       -3.9218350000000002        2.6999561894619810        9.1893574999999998        4.6598999999999998E-003   14.881204302345690        14.916006895775020        14.772884517396971        15.019202612293558        14.906638179144590        14.966816885604409        15.104010527712337        15.278734078373901        14.906586116192045        14.970579255354917        15.109884517396967        15.248924784844515        15.368962013898916        14.240856644596835        15.033506181126288        14.929111466340220        14.822282820168713        14.745981552108816        14.827408080506732        14.802355446677890        14.808891897975460        22.349750206967467        15.911694829455808     
   8824.8229293487111       -3.9251010000000002        2.7037964773727401        9.1893604000000000        4.6598999999999998E-003   14.886724967766373        14.922274248360250        14.777052351300238        15.027823131006986        14.913260540676351        14.971871814696307        15.108187070208963        15.282358974225968        14.912988467466779        14.975621964314808        15.114052351300238        15.252591985186370        15.372417203106000        14.249337307203231        15.040472131872445        14.934795659051556        14.827099150240084        14.749950226452423        14.830423088270656        14.804921559999315        14.811318566036331        22.393584266924346        15.925123843920684     
   8808.0546383763976       -3.9284080000000001        2.7076434519488619        9.1893633999999995        4.6598000000000004E-003   14.892352025149272        14.928653991567032        14.781322367791201        15.036573284816328        14.919992729595755        14.977032726866049        15.112465023703599        15.286078610824465        14.919500197387045        14.980768807318796        15.118322367791201        15.256359738400540        15.375968065592104        14.257948844406805        15.047554150527915        14.940585246593152        14.832019959626514        14.754019023451718        14.833525666563673        14.807576836294448        14.813830268720988        22.437987967835937        15.938734058630430     
   8791.5813690951236       -3.9316629999999999        2.7114843573406913        9.1893664000000008        4.6598000000000004E-003   14.897836934788458        14.934876656641649        14.785483687884398        15.045117711483890        14.926555536522471        14.982064007236026        15.116633297918845        15.289697446749599        14.925848212423404        14.985784580182745        15.122483687884397        15.260031105128647        15.379423727730099        14.266359722458461        15.054463262120834        14.946227195245775        14.836816305555921        14.757982664313538        14.836537457018174        14.810155297726343        14.816265053413602        22.481632820385343        15.952054829832246     
   8775.8663372496831       -3.9347720000000002        2.7152712097713914        9.1893694000000004        4.6598000000000004E-003   14.903071816858429        14.940813777413062        14.789464748518409        15.053263312665667        14.932811505563851        14.986870125184073        15.120620213520041        15.293159341535798        14.931900928164772        14.990574347311661        15.126464748518408        15.263547972384153        15.382732389749691        14.274380350477941        15.061052025167960        14.951609456940503        14.841399174783042        14.761775144565405        14.839419468378882        14.812629563450802        14.818599827171376        22.523331924682225        15.964758584359565     
   8760.6836871436826       -3.9377849999999999        2.7189541777927917        9.1893723999999999        4.6598000000000004E-003   14.908131613056828        14.946550576718185        14.793321402458773        15.061127826742844        14.938851123249300        14.991519378410192        15.124481801721330        15.296512885837984        14.937745710593415        14.995206359767991        15.130321402458769        15.266959133806516        15.385940146433960        14.282126377362417        15.067415415638990        14.956809385209574        14.845833551383997        14.765449606704493        14.842212051456137        14.815033442784451        14.820866687914602        22.563676917138892        15.977028370175887     
   8745.8092307520201       -3.9407380000000001        2.7225905338979710        9.1893753000000000        4.6598000000000004E-003   14.913174508259882        14.952269590715069        14.797181042151074        15.068940727885167        14.944868762293616        14.996149695264137        15.128356924974913        15.299872565854756        14.943576819748888        14.999817049323156        15.134182394365489        15.270388057571950        15.389138159487771        14.289840939548611        15.073766453034491        14.962001477738497        14.850258525780013        14.769119566012620        14.844985229617784        14.817442162561072        14.823117851225103        22.604677744224738        15.989222957155960     
   8731.1610692748254       -3.9436529999999999        2.7261849046490543        9.1893782000000002        4.6598000000000004E-003   14.918351460960515        14.958144556952689        14.801167963567085        15.076916131270735        14.951051306670252        15.000889780339946        15.132387742049509        15.303353883499945        14.949582537279682        15.004533908274620        15.138174466345539        15.273957758555561        15.392408332673671        14.297757656610418        15.080315099664546        14.967357725959200        14.854808135930767        14.772893357672224        14.847797747363540        14.819924736192640        14.825391359372361        22.649015022541846        16.001671589773981     
   8716.7983629821083       -3.9465159999999999        2.7297355176861906        9.1893811000000003        4.6598000000000004E-003   14.923427529979712        14.963900393006583        14.805082478749682        15.084735475059652        14.957105443547704        15.005542139686078        15.136345939514342        15.306774649864373        14.955461933448873        15.009163494114141        15.142094672025941        15.277461182802597        15.395622069244027        14.305516816128936        15.086730847498796        14.972606312856946        14.859274374258458        14.776601539168745        14.850562747027197        14.822364221055633        14.827625851778521        22.693058504822780        16.013871069276526     
   8702.5795130015867       -3.9493540000000000        2.7332309464225850        9.1893838999999993        4.6597000000000001E-003   14.928499359672806        14.969640652138185        14.809009545006447        15.092522477975383        14.963137813067416        15.010199033777948        15.140316876926871        15.310214865068968        14.961319986169404        15.013797842797956        15.146027996228835        15.280979323766555        15.398857328256984        14.313241661589078        15.093123784315694        14.977845730114073        14.863747637906396        14.780326915901075        14.853353763665009        14.824831031814831        14.829889721734542        22.737263381380021        16.025988559730148     
   8688.2438177495296       -3.9522240000000002        2.7367225014350089        9.1893867000000000        4.6597000000000001E-003   14.933565885998409        14.975376538549700        14.812927094431867        15.100325860219467        14.969164984606842        15.014851777860709        15.144279288751154        15.313643529477204        14.967170072274868        15.018427856202809        15.149952483920682        15.284482621406884        15.402079352219097        14.320979780692880        15.099517082982498        14.983077995552851        14.868215873263988        14.784043714648522        14.856127894631779        14.827276327075882        14.832130407140596        22.782344608401448        16.038152197519338     
   8673.6321557677456       -3.9551520000000000        2.7402182183615755        9.1893895000000008        4.6597000000000001E-003   14.938729946339119        14.981218130320467        14.816925426231695        15.108278811466388        14.975300135802538        15.019598805613835        15.148323998217908        15.317145597308485        14.973123348280165        15.023151715705193        15.153958537304174        15.288056695312747        15.405370801709413        14.328863531296168        15.106028092651858        14.988407652718326        14.872775492092334        14.787840113893981        14.858962829042991        14.829774064386999        14.834419594319858        22.828872325223276        16.050543328348724     
   8658.7061247344773       -3.9581450000000000        2.7437600615370275        9.1893922999999997        4.6597000000000001E-003   14.944005112906016        14.987180491588905        14.821015377421340        15.116402193964685        14.981558898306936        15.024452882021333        15.152462004013270        15.320730725817715        14.979194883066793        15.027982125398381        15.158057053405773        15.291711142946763        15.408740780436418        14.336913429567208        15.112673597106891        14.993848505054135        14.877438806609010        14.791726584202756        14.861866470795707        14.832331136908227        14.836763628260627        22.877004251722429        16.063194110635582     
   8643.8057791808715       -3.9611399999999999        2.7472884036548488        9.1893951000000005        4.6597000000000001E-003   14.949271203569413        14.993127640813192        14.825103931049782        15.124510915863180        14.987798436958144        15.029303561524177        15.156599213930900        15.324317461164693        14.985246064914673        15.032809178913816        15.162154839724408        15.295362807605319        15.412112736241944        14.344945976306310        15.119302031412765        14.999276494600014        14.882099736872188        14.795614825821051        14.864772892123529        14.834889451085854        14.839109269142678        22.925661510093153        16.075816124917505     
   8628.8515998798011       -3.9641500000000001        2.7508096566789653        9.1893978000000001        4.6597000000000001E-003   14.954556321780831        14.999091302284146        14.829212922136517        15.132648249475292        14.994052026279778        15.034176744904489        15.160757724618723        15.327924966113077        14.991309158823096        15.037658650947932        15.166273782505716        15.299031186489930        15.415504685667710        14.353004029549762        15.125948753745970        15.004720579106319        14.886783172984767        14.799525612750390        14.867697625133047        14.837462674778390        14.841469049598828        22.975105271874330        16.088476710203395     
   8613.8439551927149       -3.9671759999999998        2.7543237850485900        9.1894006000000008        4.6595999999999999E-003   14.959906939473026        15.005117876847848        14.833388913016911        15.140860588595352        15.000366022720897        15.039118967777181        15.164984104288383        15.331599839156333        14.997430510024728        15.042577077699718        15.170460450957343        15.302762829747586        15.418963232516880        14.361133954085268        15.132660141009573        15.010227188534451        14.891535662331737        14.803505542738666        14.870687285136214        14.840097409322510        14.843889576652707        23.025387936117959        16.101222083492981     
   8598.7634149108526       -3.9702229999999998        2.7578258885723486        9.1894031999999992        4.6595999999999999E-003   14.965236719565389        15.011121839951272        14.837544117379743        15.149065293380296        15.006655228181963        15.044043428159682        15.169190640783164        15.335253671721038        15.003524652178179        15.047477626378047        15.174627081602001        15.306469348034376        15.422399688141240        14.369252967831912        15.139351546259093        15.015710143310837        14.896270166201674        14.807466611735478        14.873652576422920        14.842703871094471        14.846280788787166        23.076488497969379        16.113975388112706     
   8583.4325749931031       -3.9733269999999998        2.7613402666728097        9.1894059000000006        4.6595999999999999E-003   14.970654962815118        15.017220258751884        14.841774205347733        15.157405461314283        15.013039950590660        15.049054822191160        15.173473630343810        15.338976307353246        15.009709550420006        15.052464711830268        15.178869501119976        15.310241062876216        15.425901338914024        14.377503066648945        15.146148101423464        15.021280430271204        14.901089168387124        14.811502299200754        14.876675242696436        14.845359512843594        14.848717607077440        23.129075365413605        16.126933025939657     
   8567.8923257319020       -3.9764750000000002        2.7648620770004535        9.1894086000000001        4.6595999999999999E-003   14.976147217499431        15.023396632071574        14.846068162025027        15.165858815232813        15.019502758519621        15.054140018980121        15.177821949449349        15.342758185965756        15.015968237058750        15.057525268000532        15.183176694185249        15.314068080257790        15.429459214157063        14.385862079825678        15.153031410800445        15.026923025911628        14.905980083616157        14.815602242721326        14.879747590822184        14.848057518483301        14.851193798879670        23.183037002534604        16.140060102417827     
   8552.1832884269752       -3.9796670000000001        2.7683945908575587        9.1894112999999997        4.6595999999999999E-003   14.981699127247886        15.029634618796166        14.850414986827587        15.174403231632255        15.026026423454311        15.059285922668586        15.182224482406067        15.346589730301019        15.022283959375237        15.062646263439973        15.187537652562476        15.317940535408233        15.433064322144467        14.394308018744837        15.159983258438665        15.032623042173896        14.910930350861896        14.819756060582947        14.882861898213680        14.850791059224367        14.853703115197028        23.238256493063538        16.153322026977001     
   8536.2671842501295       -3.9829070000000000        2.7719345779345215        9.1894138999999999        4.6595999999999999E-003   14.987324220155806        15.035949221397807        14.854825495903128        15.183059503692348        15.032626504037580        15.064505269796374        15.186692208289013        15.350480585817778        15.028671711149961        15.067840373993512        15.191963254204396        15.321868003153782        15.436725756568642        14.402861324277012        15.167020358937986        15.038394228523998        14.915952257130261        14.823974211059635        14.886026062610227        14.853567019297927        14.856251893795484        23.294892418034685        16.166750834046145     
   8520.2237510899322       -3.9861759999999999        2.7754755299479501        9.1894165000000001        4.6595999999999999E-003   14.992994315626589        15.042308626792995        14.859277796136219        15.191784240257533        15.039269631864521        15.069772090243401        15.191202971698054        15.354411539895406        15.035099135449546        15.073081755973462        15.196431554557400        15.325830933791678        15.440425454182787        14.411479019921412        15.174107255407975        15.044207546892650        14.921020845822678        14.828235865829818        14.889224512031845        14.856371695302101        14.858827569523733        23.352683119046652        16.180278998195121     
   8504.1321443459983       -3.9894630000000002        2.7790207066489270        9.1894191000000003        4.6594999999999996E-003   14.998728041132201        15.048727967374242        14.863796630409071        15.200580984865868        15.045969473200410        15.075107095282634        15.195781239931081        15.358409948323969        15.041580935015078        15.078391246161585        15.200967230380160        15.329856444053812        15.444191911754560        14.420165123855734        15.181255478113522        15.050080851772597        14.926157819114183        14.832566761872068        14.892488216314172        14.859237959307054        14.861464144292755        23.411401655621439        16.193886244192349     
   8488.1491071825149       -3.9927350000000001        2.7825537617278711        9.1894217999999999        4.6594999999999996E-003   15.004584755482588        15.055333980543816        14.868404969533048        15.209529342685274        15.052903107433204        15.080534605367118        15.200431590978488        15.362513133495041        15.048305134516356        15.083828548682343        15.205611191244758        15.334025566953782        15.448068465771984        14.428978773339695        15.188551426888411        15.056138160223002        14.931380126221503        14.836995436949453        14.895883516854697        14.862218229087476        14.864171736146220        23.472670892123979        16.207770547641410     
   8472.5082422258693       -3.9959389999999999        2.7860533602264708        9.1894244000000000        4.6594999999999996E-003   15.010387618350565        15.061891912310410        14.872978742857827        15.218370515094252        15.059791715952331        15.085910357850194        15.205042566654262        15.366596050912689        15.054993654697098        15.089228599734801        15.210228168349206        15.338189451455969        15.451927497867436        14.437682420870120        15.195768946525876        15.062151812628253        14.936554723589603        14.841394423676368        14.899279184254214        14.865200703454841        14.866876967834964        23.534863214456863        16.221491324865667     
   8457.1298741409719       -3.9990980000000000        2.7895013459629117        9.1894270000000002        4.6594999999999996E-003   15.016093728661930        15.068337394554144        14.877485467767874        15.227059356457749        15.066553979734609        15.091202576836361        15.209588163009796        15.370620159305355        15.061561481628006        15.094547734977764        15.214779664771990        15.342295460893796        15.455727720835052        14.446238338854586        15.202858359373034        15.068056833022657        14.941652188883127        14.845728563358085        14.902625380484780        14.868139909315135        14.869548902850839        23.597525764723507        16.234971097065404     
   8441.8571712036755       -4.0022409999999997        2.7929205018851087        9.1894294999999993        4.6594999999999996E-003   15.021761254937919        15.074736244441178        14.881970756422918        15.235684617932174        15.073259244274498        15.096464993712784        15.214114306709009        15.374626148374420        15.068075895982295        15.099839852202772        15.219311667764606        15.346385038714923        15.459507675418612        14.454733840955152        15.209892213074122        15.073913716291967        14.946724159258400        14.850041734273470        14.905955960296881        14.871065576520616        14.872214355355881        23.661243200799781        16.248347713679671     
   8426.7090647051318       -4.0053630000000000        2.7963172905889633        9.1894320999999994        4.6594999999999996E-003   15.027383157979012        15.081080582648484        14.886428835222548        15.244235694511994        15.079899435335710        15.101690937662374        15.218615123040022        15.378608839598000        15.074529009622596        15.105098176892009        15.223818294705966        15.350452851669070        15.463262546579136        14.463158432540057        15.216861942622129        15.079715373059750        14.951764133080816        14.854328392586845        14.909266631620882        14.873973932139856        14.874869757612808        23.725903592389550        16.261604835050598     
   8411.6075084568201       -4.0084809999999997        2.7996949160278524        9.1894346000000002        4.6594999999999996E-003   15.032988391808113        15.087403135223449        14.890882512831107        15.252756707549702        15.086508939017955        15.106907223817325        15.223113603311299        15.382588591256615        15.080954207238415        15.110349641596317        15.228322567551702        15.354519659762774        15.467011580099692        14.471555545736335        15.223803570832528        15.085491819383657        14.956797917912231        14.858610475633784        14.912574325946723        14.876879845860353        14.877528589078741        23.791814836318707        16.274810934721692     
   8396.5910171943433       -4.0115879999999997        2.8030500118556581        9.1894370999999992        4.6594999999999996E-003   15.038562652770063        15.093687806609347        14.895320309568428        15.261225973724395        15.093071032304332        15.112100464915143        15.227598125108580        15.386555132881133        15.087335207393531        15.115580731548251        15.232812848769884        15.358574941685164        15.470745141032760        14.479903784744819        15.230699480460695        15.091228419180647        14.961812554152006        14.862876950681803        14.915870514756248        14.879775823599447        14.880183919568731        23.858790204555383        16.287932467980035     
   8381.5241364862632       -4.0147110000000001        2.8063890867217012        9.1894396000000000        4.6594000000000002E-003   15.044202823918507        15.100037898010957        14.899828827248708        15.269766505141508        15.099691546147266        15.117364087191486        15.232155704247809        15.390590815259504        15.093776200035830        15.120885204457103        15.237376206208303        15.362701841298964        15.474543490991021        14.488325062484122        15.237658501220523        15.097023547139386        14.966899847015068        14.867212876620030        14.919231509385487        14.882734569009095        14.882906264592179        23.927475426425868        16.301134433933747     
   8366.3301769401005       -4.0178680000000000        2.8097351794167662        9.1894421000000008        4.6594000000000002E-003   15.049844179188696        15.106392245875600        14.904337732606617        15.278328261011936        15.106310552765560        15.122631549899641        15.236716295878360        15.394622898364187        15.100216382328718        15.126196778466102        15.241942624468994        15.366828121602868        15.478332618710350        14.496768769867334        15.244622491548057        15.102813125269517        14.971992409213076        14.871547029435174        14.922581098889086        14.885677811404246        14.885616239860511        23.998152141119004        16.314390403685568     
   8351.1445316385634       -4.0210239999999997        2.8130717862260006        9.1894445000000005        4.6594000000000002E-003   15.055483059369838        15.112740803408705        14.908853560058002        15.286881507004718        15.112915552556647        15.127902594043640        15.241285999689449        15.398662165068018        15.106644874018535        15.131514835737018        15.246518151618538        15.370963752227389        15.482125429417760        14.505206250340052        15.251575920326658        15.108592078862859        14.977091574517846        14.875887492375735        14.925936122675495        14.888626002449836        14.888336435758990        24.070254089885122        16.327628734077724     
   8335.9672553594664       -4.0241870000000004        2.8163972135849469        9.1894469999999995        4.6594000000000002E-003   15.061119441835157        15.119083549938313        14.913376277365817        15.295426215721246        15.119506537052697        15.133177188682641        15.245864780110413        15.402708586104112        15.113061664134868        15.136839340338948        15.251102751308519        15.375108699662004        15.485921901237035        14.513637473781976        15.258518771286699        15.114360398469692        14.982197307788066        14.880234235518419        14.929296558989599        14.891579124339497        14.891066827343945        24.143779136563705        16.340849397066368     
   8320.7792433991053       -4.0273560000000002        2.8197097607310342        9.1894494000000009        4.6594000000000002E-003   15.066737734469800        15.125428323136948        14.917861456549200        15.304008922877955        15.126121579406419        15.138416446936599        15.250400868780382        15.406717132623079        15.119498155163910        15.142128617550622        15.255642889377551        15.379215448477833        15.489683233806417        14.522102832415587        15.265481846949317        15.120122107032589        14.987265347103648        14.884537867284319        14.932629180858118        14.894514271131541        14.893784047298222        24.216052539055280        16.354221649089414     
   8305.6762771581853       -4.0305179999999998        2.8230093771101266        9.1894518000000005        4.6594000000000002E-003   15.072261507962171        15.131728516553384        14.922194054428079        15.312635216574460        15.132766479542742        15.143506771180515        15.254765710947058        15.410575768008361        15.125948714607933        15.147260342458633        15.260005662753823        15.383164671225476        15.493312953427907        14.530596392745540        15.272455554840349        15.125833855345345        14.992173240291887        14.888678014001606        14.935850752816268        14.897370881056503        14.896427174130604        24.281651008785854        16.367936828388235     
   8290.5625446264221       -4.0336840000000000        2.8262926940393438        9.1894542999999995        4.6594000000000002E-003   15.077784209239553        15.138020905532205        14.926532719722733        15.321264933219222        15.139403207936184        15.148598610231620        15.259137345622349        15.414440134824488        15.132390172546639        15.152390715194457        15.264373032340355        15.387118197263607        15.496949645464472        14.539091788598590        15.279424220865597        15.131539574565476        14.997083219819711        14.892825495113033        14.939081205094187        14.900239009992223        14.899084566736466        24.348128228728168        16.381689006254003     
   8275.5144244243329       -4.0368430000000002        2.8295613114454050        9.1894565999999998        4.6592999999999999E-003   15.083324564067263        15.144320365821484        14.930902117287951        15.329901087552114        15.146044904629727        15.153712851575468        15.263540266301773        15.418337292719658        15.138836659026401        15.157540444255799        15.268769526110452        15.391102643844460        15.500621511422684        14.547592720610188        15.286399292748568        15.137257092306216        15.002017088309456        14.897005932923213        14.942350778265093        14.903150711618720        14.901789326928879        24.415189581142840        16.395455139743639     
   8260.5126384316118       -4.0399940000000001        2.8328118484882063        9.1894589999999994        4.6592999999999999E-003   15.088796453636546        15.150541831363254        14.935214541092135        15.338461499251087        15.152606948462561        15.158762798381415        15.267886802926609        15.422178932853674        15.145203312219950        15.162622910341883        15.273107488874293        15.395029830082100        15.504239939091699        14.556016852480260        15.293296543421631        15.142900573881638        15.006887910017083        14.901131364575006        14.945570322614293        14.906016347924931        14.904451520630536        24.482819341291417        16.409159299266939     
   8245.5000755373385       -4.0431590000000002        2.8360508973113943        9.1894614000000008        4.6592999999999999E-003   15.094383722853463        15.156867897544364        14.939640056137145        15.347148190888715        15.159320855469238        15.163915320216850        15.272324844277241        15.426137311874671        15.151711146454177        15.167785574308693        15.277532692904002        15.399063681225106        15.507999928437625        14.564558748383623        15.300334191308449        15.148674077572414        15.011859229229385        14.905361926612573        14.948941105661353        14.909030227680416        14.907255810217675        24.548987105327768        16.423158212038508     
   8230.5337477887533       -4.0463160000000000        2.8392750810644922        9.1894636999999992        4.6592999999999999E-003   15.100207279506764        15.163415401869157        14.944291033479344        15.356087630625188        15.166359657972881        15.169271141886865        15.276937557954776        15.430335120790266        15.158520610532419        15.173105442431327        15.282127429348533        15.403315592875932        15.512057308327611        14.573338101994780        15.307667464704720        15.154721511469331        15.017030346023402        14.909798533939396        14.952633590373138        14.912363265525071        14.910369562279895        24.611329760810868        16.437766730774719     
   8215.5945852774857       -4.0494729999999999        2.8424860130109706        9.1894661000000006        4.6592999999999999E-003   15.105995954904399        15.169926023322089        14.948916300082709        15.365002252294014        15.173351412333224        15.174593615541101        15.281526089140142        15.434513024674674        15.165282069138398        15.178392714875171        15.286698703100241        15.407546813708462        15.516097961396943        14.582094388059607        15.314960283205528        15.160725156506095        15.022171284763006        14.914211280086553        14.956316456468462        14.915700224286523        14.913501893478381        24.675893369055800        16.452413685563457     
   8200.6447732443849       -4.0526400000000002        2.8456836438585986        9.1894684000000009        4.6592999999999999E-003   15.111764444372847        15.176416286081333        14.953527593455894        15.373914639949314        15.180313876161401        15.179896255453682        15.286102079683678        15.438681618716386        15.172012698884105        15.183660815519245        15.291258111725353        15.411768075295273        15.520132130139269        14.590849787083654        15.322231155580164        15.166700265689526        15.027295095423730        14.918611361725224        14.959999028298485        14.919049529978265        14.916660687299858        24.742836943423072        16.467136041554255     
   8185.6467722522493       -4.0558230000000002        2.8488695960183708        9.1894706999999993        4.6592999999999999E-003   15.117527086823257        15.182902337392795        14.958136388696991        15.382847119495770        15.187264327127641        15.185192234658546        15.290676925044407        15.442851296695045        15.178729187584407        15.188922834671578        15.295817012728419        15.415989899605696        15.524169888718822        14.599626239806289        15.329498175878546        15.172661646769980        15.032414518775076        14.923009732689161        14.963690536389036        14.922419653763628        14.919854021661495        24.812342675708265        16.481971154156028     
   8170.5068794742137       -4.0590390000000003        2.8520605585956220        9.1894729999999996        4.6592999999999999E-003   15.123319418556305        15.189424220118921        14.962771148034404        15.391855333522996        15.194245531373847        15.190514186981906        15.295278903499485        15.447047872885252        15.185472813456167        15.194211207065338        15.300403597899615        15.420238413637419        15.528236283556614        14.608478442164666        15.336806225027354        15.178645914594361        15.037561139931148        14.927433568688178        14.967413987587848        14.925831842108535        14.923102312240784        24.884889580516671        16.497012955583415     
   8155.3198753071147       -4.0622749999999996        2.8552498401827373        9.1894752999999998        4.6591999999999996E-003   15.129151316217854        15.195987230579657        14.967449129802631        15.400929328064766        15.201259731628827        15.195874946812413        15.299925506768417        15.451291444523061        15.192247280403144        15.199538990404104        15.305035468379305        15.424533376367844        15.532352283300302        14.617397445067290        15.344155636401499        15.184661581254485        15.042748945267245        14.931901476713012        14.971192621448605        14.929311530892488        14.926432294813548        24.960114924475970        16.512215132575516     
   8140.1236133816101       -4.0655169999999998        2.8584307213613576        9.1894775000000006        4.6591999999999996E-003   15.134915010131252        15.202481773165474        14.972065480011878        15.409953343792399        15.208196154142076        15.201167922967880        15.304511967704272        15.455478268110301        15.198942404402445        15.204799679442853        15.309607897752255        15.428770912573288        15.536414479076672        14.626267883969572        15.351434842177863        15.190600370046557        15.047871790801050        14.936309134740121        14.974923905946032        14.932757006551007        14.929742710216104        25.037751279933392        16.527447068910377     
   8124.8621260271302       -4.0687810000000004        2.8616065259698065        9.1894798000000009        4.6591999999999996E-003   15.140678144069575        15.208978177771957        14.976683671626983        15.419007151212941        15.215126685450652        15.206459030087533        15.309101660349565        15.459670274598473        15.205629173206216        15.210059075275783        15.314184213200662        15.433013134393935        15.540484366310022        14.635168975234397        15.358717045080230        15.196530505261219        15.052994986463293        14.940719258818174        14.978668169587582        14.936227645789188        14.933092548424380        25.118149535048918        16.542811973531631     
   8109.5545595266030       -4.0720580000000002        2.8647721904818573        9.1894819999999999        4.6591999999999996E-003   15.146433213885626        15.215468013078297        14.981297715450967        15.428079298570989        15.222042243510902        15.211741364660263        15.313688648280380        15.463862064281617        15.212298794930394        15.215310321663015        15.318758503121067        15.437254571876561        15.544556731153680        14.644089475351311        15.365992804008055        15.202444176005518        15.058111871338856        14.945126137197963        14.982420677984290        14.939719202408035        14.936477875595568        25.201234896863159        16.558291302873823     
   8094.3131086996282       -4.0753290000000000        2.8679344045817898        9.1894842000000008        4.6591999999999996E-003   15.152138085407444        15.221903760746873        14.985873826591874        15.437103307168691        15.228892208572823        15.216976255469053        15.318239341955362        15.468022938169014        15.218902455461944        15.220514973903807        15.323297269373516        15.441464163345881        15.548601744807296        14.652964014358190        15.373208844264774        15.208298103315776        15.063184981240202        14.949497500774733        14.986153935280061        14.943206068598467        14.939873834733813        25.286393977931329        16.573771476931601     
   8079.1747149269941       -4.0785840000000002        2.8710746297609728        9.1894864999999992        4.6591999999999996E-003   15.157779348726784        15.228270251025322        14.990401209962240        15.446057450651789        15.235660567313509        15.222151419232166        15.322742982518687        15.472143022729945        15.225424762381206        15.225660810234256        15.327789769977041        15.445631928805053        15.552609764974477        14.661771203080061        15.380348141753306        15.214078663174668        15.068202376257357        14.953823025779858        14.989858945322364        14.946679624572997        14.943271781479172        25.373380351868480        16.589213861162147     
   8064.1574752535917       -4.0818170000000000        2.8741860499924070        9.1894887000000001        4.6591999999999996E-003   15.163350817939293        15.234560447375543        14.994874848972255        15.454931225486927        15.242340013634244        15.227261212567665        15.327194549081778        15.476217672559809        15.231858735076909        15.230742206302654        15.332230981817492        15.449753182181521        15.556576212624918        14.670500680450072        15.387402785287843        15.219779696642600        15.073158536527917        14.958097903421265        14.993531341436874        14.950135484138517        14.946667092772099        25.462036289630948        16.604598503635966     
   8049.2237508871767       -4.0850400000000002        2.8772803810249576        9.1894908999999991        4.6591999999999996E-003   15.168866956505365        15.240790628620228        14.999306310766297        15.463747047370934        15.248947993456792        15.232318927128414        15.331605523244068        15.480257353025724        15.238221232752188        15.235772368490021        15.336632346198996        15.453838519612841        15.560511222396116        14.679174470501270        15.394391013756323        15.225416167618750        15.078066310335384        14.962333172805870        14.997180389873119        14.953582106452242        14.950067782979421        25.552536100786423        16.619962629989207     
   8034.2806824349273       -4.0882680000000002        2.8803609424922936        9.1894930000000006        4.6591999999999996E-003   15.174362248144053        15.246999724074620        15.003723280736029        15.472559800882269        15.255525853995838        15.237356191700858        15.336003452643826        15.484287274851415        15.244552086557764        15.240782748861225        15.341021345852617        15.457913441329641        15.564439331702157        14.687846563893348        15.401356486090471        15.231023371382374        15.082956372608994        14.966555288421503        15.000828799852609        14.957040844236747        14.953494811260796        25.645424791005635        16.635401283081155     
   8019.4392166282887       -4.0914830000000002        2.8834226152314359        9.1894951999999996        4.6591000000000002E-003   15.179842716559129        15.253188463340980        15.008139725613873        15.481350734287940        15.262071672734706        15.242382422845257        15.340402431331761        15.488324235288772        15.250851220739349        15.245782957569801        15.345412134640132        15.461994416102964        15.568378068761049        14.696499239905112        15.408294335660958        15.236606579322491        15.087839207378465        14.970779650769753        15.004496121142804        14.960532540969066        14.956969128774070        25.740038472111344        16.650845864013647     
   8004.6435983312858       -4.0946939999999996        2.8864687210746776        9.1894972999999993        4.6591000000000002E-003   15.185235925400519        15.259287081791705        15.012479106096578        15.490059616315744        15.268517162379965        15.247323469116072        15.344725833768806        15.492290193425294        15.257049441599627        15.250698734856325        15.349728046136654        15.466003579321320        15.572248979061005        14.705071726499476        15.415137643644787        15.242093866084787        15.092640082057230        14.974928977180163        15.008102780729374        14.963976770479672        14.960410030754304        25.836604198911836        16.666260031272977     
   7989.7832911852038       -4.0979239999999999        2.8895025955002032        9.1894995000000002        4.6591000000000002E-003   15.190035803515315        15.264933789234455        15.016080658048406        15.499053681344943        15.274663836423141        15.251423535563234        15.348308887847356        15.495723195191992        15.262936571861871        15.254778732936888        15.353289737674729        15.469441741008257        15.575696738665684        14.713867707284859        15.421719777437431        15.247001735404858        15.096585699322695        14.978422812127761        15.011827441387801        14.968353766801094        14.964995177180612        25.906025226041116        16.684561145074220     
   7974.8954828003361       -4.1011670000000002        2.8925309784902726        9.1895015999999998        4.6591000000000002E-003   15.194470243812219        15.270288882419337        15.019239719337275        15.508209419322242        15.280595820126237        15.255027400703344        15.351441906803430        15.498820911725648        15.268594852525446        15.258364708431930        15.356397221441018        15.472523825144400        15.578869351961099        14.722787759005218        15.428122617572015        15.251531528400474        15.100028346079021        14.981511398879945        15.015584114229334        14.973215337894743        14.970201014972943        25.963440242608961        16.704464738765648     
   7959.9437729314623       -4.1044260000000001        2.8955572423539340        9.1895036999999995        4.6591000000000002E-003   15.198803657039029        15.275557718731527        15.022281461353174        15.517440236478325        15.286449091858255        15.258505901161264        15.354450374058167        15.501818897171752        15.274162519899747        15.261825242044477        15.359382873577015        15.475501820119412        15.581955430777562        14.731771150760750        15.434473049684392        15.255935050739005        15.103345621303461        14.984482366248734        15.019330302650292        14.978171234208997        14.975554739152450        26.022421774561678        16.724816502277289     
   7944.9835071474226       -4.1076990000000002        2.8985745797402154        9.1895057999999992        4.6591000000000002E-003   15.203019125020425        15.280719996738533        15.025193667924434        15.526712225208275        15.292201224080394        15.261845131337484        15.357322144628100        15.504705227824054        15.279618125244451        15.265146494693504        15.362234654140096        15.478363844829744        15.584942819506640        14.740784812413263        15.440746983312934        15.260194937511194        15.106524221136311        14.987323760077899        15.023051944898675        14.983203647499980        14.981037449331986        26.082761089192523        16.745543751450448     
   7930.0148391879275       -4.1109749999999998        2.9015812582605411        9.1895077999999994        4.6591000000000002E-003   15.207116403620120        15.285775481664437        15.027976088556613        15.536025355228674        15.297851984345193        15.265044821666994        15.360056956684979        15.507479682125496        15.284961420742931        15.268328196848906        15.364952306334565        15.481109671045907        15.587831316257894        14.749828698028722        15.446944222468588        15.264310900343467        15.109563878318333        14.990035330128418        15.026748954234471        14.988312645415007        14.986649295322092        26.144459486365740        16.766646878638561     
   7915.0379226193390       -4.1142609999999999        2.9045789432554785        9.1895098999999991        4.6591000000000002E-003   15.211095231580497        15.290723921093878        15.030628458118038        15.545379586783895        15.303401124099928        15.268104681178983        15.362654532465051        15.510142029786376        15.290192142252423        15.271370058032684        15.367535557315051        15.483739060393710        15.590620714782293        14.758902751668501        15.453064554897701        15.268282633264498        15.112464305474731        14.992616812888993        15.030421250427441        14.993498315086015        14.992390454206422        26.207519111986848        16.788126329667350     
   7900.0529108322135       -4.1175560000000004        2.9075676029709387        9.1895120000000006        4.6591000000000002E-003   15.214955373495435        15.295565088240558        15.033150535591069        15.554774887027452        15.308848418593815        15.271024450456729        15.365114620154632        15.512692057491325        15.295310050446965        15.274271818853123        15.369984160072043        15.486251793195592        15.593310820553398        14.768006925606457        15.459107790494876        15.272109858563830        15.115225245442197        14.995067967653057        15.034068748819614        14.998760719117655        14.998261066908157        26.271941150225167        16.809982471236545     
   7885.0962691654149       -4.1208520000000002        2.9105437949356632        9.1895140000000008        4.6589999999999999E-003   15.218734295480679        15.300334040124362        15.035583064355265        15.564234930928386        15.314227438970139        15.273843928022544        15.367478129000208        15.515170401875046        15.300349539993746        15.277073321541568        15.372339046023939        15.488688606083144        15.595941901392269        14.777165625408912        15.465106000615911        15.275830175209144        15.117886881344823        14.997429709766877        15.037729232859000        15.004133501493008        15.004293188070264        26.337612462873864        16.832207962670033     
   7870.0954573159643       -4.1241599999999998        2.9135125988380364        9.1895159999999994        4.6589999999999999E-003   15.222356681777363        15.304960280597694        15.037844181273073        15.573712214634810        15.319470656977465        15.276483109169980        15.369662849130091        15.517495453108179        15.305241418223702        15.279694474340243        15.374517967981369        15.490967680316537        15.598433110789280        14.786329867893471        15.470994699825763        15.279367941226628        15.120368444362846        14.999619833248559        15.041326972547324        15.009549405291420        15.010422846129320        26.404760442116910        16.854817768097647     
   7855.1231834004084       -4.1274689999999996        2.9164705707524332        9.1895179999999996        4.6589999999999999E-003   15.225851388811336        15.309467818151340        15.039969323146842        15.583207467244168        15.324599099067992        15.278975582155127        15.371704576225792        15.519702366979768        15.310008397237155        15.282168952898623        15.376556754183866        15.493124387575506        15.600818820071453        14.795501882154966        15.476791824958397        15.282752382156936        15.122704287772656        15.001674119069051        15.044891094371401        15.015028905905879        15.016667140699770        26.473108300982815        16.877749490948027     
   7840.2154985709749       -4.1307729999999996        2.9194108333241835        9.1895199999999999        4.6589999999999999E-003   15.229211122380107        15.313846819108363        15.041954594248224        15.592697491393601        15.329601389424560        15.281316659718726        15.373599681947269        15.521786884278882        15.314640071694921        15.284492113292455        15.378451756863893        15.495154629568017        15.603094219432911        14.804659349262558        15.482484163334178        15.285976709020545        15.124890094997660        15.003588842136097        15.048413264484125        15.020558123601617        15.023009864142232        26.542479076928643        16.900944528398494     
   7825.2460139935029       -4.1340940000000002        2.9223453141548843        9.1895220000000002        4.6589999999999999E-003   15.232464399201127        15.318134439084066        15.043816860891880        15.602262735943043        15.334519966676801        15.283526227943064        15.375364270169054        15.523766707612843        15.319175740890877        15.286683689684022        15.380219078228937        15.497075649947433        15.605278626145711        14.813879901448665        15.488119997542654        15.289068297435790        15.126944435384864        15.005380270516799        15.051923350265419        15.026183914648531        15.029504755442744        26.613460458844216        16.924599431034324     
   7810.2691432591491       -4.1374230000000001        2.9252688512426519        9.1895240000000005        4.6589999999999999E-003   15.235598553910183        15.322314328856180        15.045548438101648        15.611868681575388        15.339336223793879        15.285595269811353        15.376990961246761        15.525633849604510        15.323598114638173        15.288734730461329        15.381851348381890        15.498879645039494        15.607363399347239        14.823130197304586        15.493678283049235        15.292014890668451        15.128858860892223        15.007040976799349        15.055408406272079        15.031886343069338        15.036129083499318        26.685803594442888        16.948630750418825     
   7795.3388864215176       -4.1407509999999998        2.9281831237133815        9.1895260000000007        4.6589999999999999E-003   15.238602755084187        15.326371844534641        15.047143593593741        15.621480553367501        15.344033202872566        15.287516875168272        15.378474428969149        15.527382019514860        15.327891697130553        15.290638390379534        15.383343209830592        15.500560568519056        15.609341413442969        14.832376786131380        15.499139291494515        15.294806434109276        15.130627016107553        15.008565484290322        15.058855970639300        15.037644561287777        15.042858473016988        26.759242416780168        16.972950422309282     
   7780.4192554445954       -4.1440799999999998        2.9310846671644124        9.1895278999999999        4.6589999999999999E-003   15.241484953128051        15.330317412128970        15.048606943865117        15.631121315895555        15.348622840471400        15.289296508629441        15.379819062489421        15.529016095548734        15.332067515147422        15.292400090741509        15.384699055686777        15.502123162095273        15.611218023251215        14.841641814964799        15.504516659763944        15.297450515034395        15.132253991294633        15.009958238095056        15.062274506071926        15.043472010718027        15.049708399784620        26.833946150314503        16.997614924932453     
   7765.5460602118255       -4.1474060000000001        2.9339700045767958        9.1895299000000001        4.6589999999999999E-003   15.244238871957506        15.334142145085305        15.049935678147193        15.640767624524372        15.353094679256102        15.290930649155484        15.381022374579906        15.530532764894033        15.336116163368075        15.294016353673193        15.385916355625461        15.503564306940255        15.612989267736843        14.850902899078491        15.509797905857241        15.299941570485256        15.133736628762119        15.011216598968431        15.065655957038906        15.049354319109824        15.056661756404367        26.909728247592369        17.022563117526488     
   7750.7191435275527       -4.1507290000000001        2.9368408059637039        9.1895317999999993        4.6588999999999997E-003   15.246912303237053        15.337893743152300        15.051177674645835        15.650465859980528        15.357496375123173        15.292467278416538        15.382132310093979        15.531979732937209        15.340085394823500        15.295535160557584        15.387043028410066        15.504931749377533        15.614702728534635        14.860206517465613        15.515030464998645        15.302327631675297        15.135122901277786        15.012388442208966        15.069047215579253        15.055337443177482        15.063764012724832        26.986623546267474        17.047838387295279     
   7735.8849110314359       -4.1540590000000002        2.9397021906587892        9.1895337000000001        4.6588999999999997E-003   15.249983037231637        15.342757416394690        15.051619665988262        15.661669231394651        15.363524890022973        15.294252807485371        15.382534877919881        15.532016568737074        15.345554913515471        15.297322165644168        15.387432608547968        15.504893605042579        15.614847200288768        14.871043361557490        15.521933616445281        15.305742733213414        15.136500055213126        15.012542717597228        15.070828494012002        15.060502353659853        15.070399717291004        27.026101945674121        17.074767558238030     
   7721.0612916027576       -4.1573909999999996        2.9425506821265301        9.1895355999999992        4.6588999999999997E-003   15.252999082417208        15.347660468954544        15.051864744701454        15.673135869007986        15.369634610162500        15.295970821421282        15.382749594793285        15.531775460338299        15.351070346411561        15.299038510992816        15.387627974508277        15.504578663179309        15.614693977992729        14.882139355190599        15.528980631926608        15.309132639388231        15.137777517993278        15.012469146983193        15.072339332524770        15.065574993468193        15.077055782805271        27.063627266711016        17.101939705628467     
   7706.2838217711933       -4.1607209999999997        2.9453845159723149        9.1895375000000001        4.6588999999999997E-003   15.255926009051329        15.352528970808830        15.051944215527477        15.684764090435969        15.375722953438412        15.297596858629912        15.382803006036475        15.531319491165689        15.356536127351490        15.300658676840662        15.387657216474473        15.504049851889985        15.614314159572032        14.893391864953969        15.536066286266504        15.312429096831899        15.138944676480303        15.012210499895971        15.073651525078542        15.070583698307818        15.083742080007447        27.101050452103877        17.129216770948638     
   7691.4815037336775       -4.1640629999999996        2.9482105521159991        9.1895393999999992        4.6588999999999997E-003   15.258878180695792        15.357572696659496        15.051809113114032        15.696771527150524        15.382075620187432        15.299225591937528        15.382659319822665        15.530496551851925        15.362235170706477        15.302281952554360        15.387478031299707        15.503173647451867        15.613508054897885        14.905022818890146        15.543460830976855        15.315858387835085        15.140063557555990        15.011688930196840        15.074467303006866        15.075240439865510        15.090415802283012        27.138999693480024        17.156514342840957     
   7676.6722656941674       -4.1674140000000000        2.9510253096793275        9.1895413000000001        4.6588999999999997E-003   15.262245977894821        15.363442446875812        15.051388752227574        15.709593975477130        15.389574331541517        15.301206354591073        15.382290785368156        15.528920776199318        15.369073455249957        15.304275310523117        15.387043323835734        15.501629735284325        15.611730542518430        14.917493069170398        15.551938611986920        15.320194448287381        15.141389738098084        15.010750516767253        15.073863214319665        15.078541604739129        15.096850853368373        27.179269504330570        17.182965728888817     
   7661.8738993393099       -4.1707679999999998        2.9538322121461027        9.1895430999999999        4.6588999999999997E-003   15.265630001857119        15.369342895217613        15.050965755879290        15.722446323501277        15.397115174658566        15.303201643327057        15.381920924263049        15.527328858416261        15.375963053714969        15.306282512658782        15.386605993385608        15.500073782914139        15.609928287932430        14.929994334084085        15.560455340160846        15.324567943352854        15.142724470421498        15.009802628301479        15.073231927801810        15.081874293986630        15.103387136733254        27.220091541747429        17.209396706217099     
   7647.0512357414636       -4.1741339999999996        2.9566295033157410        9.1895450000000007        4.6588999999999997E-003   15.269038271349423        15.375288069128572        15.050539059974444        15.735359176216210        15.404716097021556        15.305216162365568        15.381548798564456        15.525716945073732        15.382920374105527        15.308308290398529        15.386164939693749        15.498502025820400        15.608096933382626        14.942556382017685        15.569031286566993        15.328989267490567        15.144070880202854        15.008842944597582        15.072571896714642        15.085246508834771        15.110040382246876        27.261563817056334        17.235870229088473     
   7632.2221003105760       -4.1775080000000004        2.9594171531438498        9.1895468000000005        4.6588999999999997E-003   15.272466806035741        15.381270971555210        15.050109250805491        15.748317100673678        15.412368138050272        15.307247613569075        15.381174934772346        15.524087001002055        15.389937262822535        15.310350330310762        15.385720768390684        15.496916395300822        15.606238674822858        14.955164208807926        15.577656300071155        15.333453290038250        15.145427455621274        15.007872672031056        15.071883867984134        15.088654277907594        15.116802866542514        27.303638152977861        17.262354273530683     
   7617.4217214880573       -4.1808820000000004        2.9621933979212192        9.1895486999999996        4.6588999999999997E-003   15.275907368256895        15.387277268075550        15.049677296141777        15.761289237639076        15.420052974934130        15.309291073562743        15.380800162863537        15.522442883853870        15.396996882056939        15.312403685119062        15.385274479273171        15.495320632276176        15.604357938959168        14.967787781559682        15.586309760926817        15.337949259150829        15.146790890494575        15.006894078898874        15.071169523558169        15.092089461339881        15.123658337321963        27.346213486827303        17.288786070962125     
   7602.5975264446151       -4.1842670000000002        2.9649599384840331        9.1895504999999993        4.6588000000000003E-003   15.279418840963718        15.393374928587011        15.049288359534959        15.774368223915989        15.427844521059310        15.311400478819341        15.380469850367032        15.520825458238367        15.404170926384960        15.314522327210323        15.384871187041753        15.493755772902833        15.602494749284734        14.980518502746467        15.595069012958756        15.342539794548376        15.148212712636369        15.005950393087740        15.070472994132910        15.095610833578132        15.130677648776718        27.389487243967242        17.315305933036612     
   7587.6449382197452       -4.1876899999999999        2.9677167450592581        9.1895523000000008        4.6588000000000003E-003   15.282932718532521        15.399513944922646        15.048846085180170        15.787553386073657        15.435704913592101        15.313497387261993        15.380088075017166        15.519129484071822        15.411417310270004        15.316627869174130        15.384414433739078        15.492117010803366        15.600542000003056        14.993353254134139        15.603902985036871        15.347164338530757        15.149609530014491        15.004941234358522        15.069695391752123        15.099150231263078        15.137818433630724        27.433680273693415        17.342007430736032     
   7572.4950828724523       -4.1911620000000003        2.9704881241022187        9.1895541000000005        4.6588000000000003E-003   15.286512427745514        15.405770374097230        15.048394963849603        15.800953368277955        15.443718555949278        15.315638610658450        15.379699651087442        15.517393201340891        15.418817900668767        15.318777140178742        15.383948643538080        15.490442987126929        15.598536457178419        15.006399094984001        15.612900481081510        15.351892162384811        15.151034715855044        15.003908242777609        15.068878838631161        15.102771707026466        15.145163729434149        27.479062216270773        17.369060104486515     
   7557.2536669329247       -4.1946649999999996        2.9732636707130804        9.1895558000000008        4.6588000000000003E-003   15.290133576940843        15.412101623651029        15.047938098689063        15.814475826517853        15.451830965007627        15.317809719669651        15.379307284864677        15.515628254542644        15.426322755449128        15.320955634919212        15.383477022722584        15.488745035822713        15.596491381836003        15.019566179611029        15.622000073432748        15.356691515854024        15.152478646807705        15.002858368141631        15.068028236115968        15.106451005219004        15.152665431957693        27.525333786230608        17.396275085241751     
   7541.9213655150497       -4.1981929999999998        2.9760294608061399        9.1895576000000005        4.6588000000000003E-003   15.293796317767455        15.418508044320891        15.047475399104876        15.828120927554128        15.460042657374320        15.320010869691881        15.378910907073521        15.513834341211687        15.433932579353350        15.323163495260179        15.382999479551959        15.487022928108782        15.594406322826227        15.032854704104498        15.631202197938794        15.361562911437847        15.153941386407030        15.001791407788758        15.067143079169465        15.110188637560313        15.160325273561899        27.572504233695089        17.423651269403766     
   7526.5855092778265       -4.2017319999999998        2.9787837217433824        9.1895594000000003        4.6588000000000003E-003   15.297480001124654        15.424953509075149        15.047009516542577        15.841811318418191        15.468307340838379        15.322229716936381        15.378512805175248        15.512021555832238        15.441604597934340        15.325388332809514        15.382518750848689        15.485286390929662        15.592292945285287        15.046189356893191        15.640454890556772        15.366479029934315        15.155414735610677        15.000713385797756        15.066228165788754        15.113963647561132        15.168100651199179        27.620310609152799        17.451032627809283     
   7511.2462465542094       -4.2052790000000000        2.9815264193109408        9.1895611000000006        4.6588000000000003E-003   15.301184631959281        15.431437996928185        15.046540496420786        15.855546873267361        15.476624979525976        15.324466284879463        15.378113025328062        15.510189949372144        15.449338791026079        15.327630170829927        15.382034882993121        15.483535478207902        15.590151295650944        15.059570017876293        15.649758097238799        15.371439878490232        15.156898723075305        14.999624350756040        15.065283512561255        15.117776018779747        15.175991544449975        27.668752814623243        17.478418814727558     
   7495.9382454140305       -4.2088250000000000        2.9842557735565558        9.1895627999999991        4.6588000000000003E-003   15.305376670323671        15.438287955719293        15.046777312625199        15.869159538973886        15.485272424421620        15.327285818751552        15.378421193087281        15.509075390391995        15.457472596294664        15.330448859069715        15.382273719769362        15.482526313813622        15.588696685095421        15.072843608008373        15.659272880805123        15.376902660455375        15.159015328290153        14.999266815607545        15.064987766689431        15.121980397537619        15.183911787275942        27.716823973168832        17.504768917724359     
   7480.9198195006720       -4.2123100000000004        2.9869734933889101        9.1895646000000006        4.6588000000000003E-003   15.310821524533825        15.445954153471209        15.049012413773042        15.882120990354011        15.494556303961136        15.331659287307822        15.380727206156603        15.510064157965971        15.466418678755741        15.334807049578902        15.384555163772237        15.483671051324894        15.589300665851535        15.085515251123315        15.669100601366779        15.383566152619178        15.162852337984692        15.001009604344485        15.066642083003106        15.127195147661578        15.191619685021632        27.762478975646903        17.527795062942428     
   7466.0862037180204       -4.2157580000000001        2.9896603078213353        9.1895662999999992        4.6588000000000003E-003   15.316253267760320        15.453534427127234        15.051344971116464        15.894865816060186        15.503692185384683        15.336058922808675        15.383126997624100        15.511197285905407        15.475223550291499        15.339192275014145        15.386931367679036        15.484951164711472        15.590069226057697        15.097980042035626        15.678777288633835        15.390171787757232        15.166731717599728        15.002865693307172        15.068457762913138        15.132484434466679        15.199358560878732        27.808656869692225        17.550281996639708     
   7451.3677874651194       -4.2191879999999999        2.9923266364231855        9.1895679999999995        4.6588000000000003E-003   15.321695741316173        15.461064080847930        15.053782126279110        15.907455563639996        15.512723950028988        15.340502930464261        15.385628108920532        15.512475333534724        15.483929456851175        15.343622652140674        15.389409741416937        15.486368115616205        15.591000748263614        15.110298025476990        15.688349256691065        15.396749814317364        15.170668939388591        15.004839691423339        15.070437823320450        15.137868897800931        15.207160947960791        27.855541639245839        17.572343031577336     
   7436.7640050691416       -4.2225979999999996        2.9949706722309930        9.1895697999999992        4.6587000000000000E-003   15.327194513149836        15.468589810921552        15.056367694569014        15.919938649290680        15.521699321356893        15.345036238262404        15.388274421985480        15.513941347058706        15.492584046895301        15.348143092621507        15.392034150158944        15.487965116850392        15.592137911375248        15.122517463964973        15.697864170413249        15.403346525608809        15.174708690430309        15.006975170743688        15.072624771879967        15.143392182927046        15.215070889476261        27.903156897092728        17.594031536639633     
   7422.2913863624472       -4.2259820000000001        2.9975941092807146        9.1895714999999996        4.6587000000000000E-003   15.332648906692684        15.476009745500994        15.059002578321989        15.932209145375884        15.530515809858469        15.349558631898050        15.390966839032755        15.515496730305353        15.501085133566194        15.352653380518072        15.394705504901617        15.489643596853279        15.593382113025372        15.134532578757389        15.707218831970588        15.409860728912003        15.178751082987000        15.009173307339248        15.074918561809115        15.148951476284120        15.222983161741348        27.951328909890130        17.615235953230361     
   7407.8981044577249       -4.2293560000000001        3.0001968931761152        9.1895731999999999        4.6587000000000000E-003   15.338123934087475        15.483396881007005        15.061740216025731        15.944358796339076        15.539252287454248        15.354131243105078        15.393759062347330        15.517190402866065        15.509510402756343        15.357214589935333        15.397477418164920        15.491453061361485        15.594780839549594        15.146434070500705        15.716493969454982        15.416361846203293        15.182855330128953        15.011485772324038        15.077370248685336        15.154610436871460        15.230970125288154        28.000254434137801        17.636084160864421     
   7393.5157097370538       -4.2327349999999999        3.0027842380117669        9.1895748000000008        4.6587000000000000E-003   15.343645165723737        15.490786280199940        15.064592536197361        15.956445878122141        15.547950605563274        15.358775121233899        15.396663304684120        15.519029051820675        15.517900203970568        15.361847710093921        15.400362000394326        15.493400810781873        15.596339238661871        15.158278980650211        15.725733960275159        15.422880591755428        15.187040169572905        15.013922387017177        15.079989895015332        15.160394743689773        15.239068631936670        28.050156398678951        17.656677547573899     
   7379.0253104377707       -4.2361449999999996        3.0053631326550789        9.1895764999999994        4.6587000000000000E-003   15.349258729628991        15.498239091299146        15.067584266375713        15.968569786111184        15.556682336539188        15.363529384573789        15.399704696251456        15.521029322161818        15.526323580770166        15.366591776503219        15.403384225128322        15.495504323936926        15.598071786460254        15.170164760185843        15.735014896375221        15.429471056470556        15.191341014015125        15.016504533343026        15.082800858551531        15.166353541607046        15.247346853693587        28.101457770136605        17.677183984516503     
   7364.3937371892289       -4.2395940000000003        3.0079564185498739        9.1895781999999997        4.6587000000000000E-003   15.354978801293237        15.505772585549076        15.070725321859515        15.980756868175719        15.565466647359743        15.368406880503512        15.402893197295677        15.523199633818807        15.534799059764515        15.371459629913483        15.406554025596408        15.497772084475061        15.599986668865577        15.182117364123586        15.744357288243085        15.436148925894026        15.195769908166588        15.019241429525083        15.085814025045698        15.172503855400395        15.255826798054487        28.154302342220248        17.697644139406805     
   7349.7234825336200       -4.2430620000000001        3.0105430037218417        9.1895798000000006        4.6587000000000000E-003   15.360766272029275        15.513334142441318        15.073995924061743        15.992920735514284        15.574241406411632        15.373374865816702        15.406208646633422        15.525527571363499        15.543266719959862        15.376418606747594        15.409851383903787        15.500190868829018        15.602073535669083        15.194052156566714        15.753695158365405        15.442867854421936        15.200297422063935        15.022116302796201        15.089011521146945        15.178805062580141        15.264451285287906        28.208339081459215        17.717910144512892     
   7335.0486725616793       -4.2465330000000003        3.0131193451414773        9.1895814999999992        4.6587000000000000E-003   15.366607890437821        15.520906196660908        15.077388969305426        16.005032866552320        15.582986049323020        15.378422103586582        15.409643824823748        15.528008355667696        15.551706719602054        15.381457493732887        15.413269124923909        15.502755655355367        15.604328234649893        15.205941174306394        15.763006654188354        15.449612296085634        15.204913382466410        15.025123009995427        15.092386666070178        15.185243111105157        15.273200823853090        28.263447096660812        17.737933809623101     
   7320.3863071864798       -4.2500099999999996        3.0156871778846153        9.1895831000000001        4.6587000000000000E-003   15.372496856947562        15.528479975901513        15.080900444642710        16.017079261952553        15.591690477489680        15.383542694702557        15.413194671547602        15.530639009790169        15.560109312866134        15.386570400976497        15.416803208581202        15.505463375879254        15.606748039618696        15.217770672101560        15.772281013024299        15.456374430515391        15.209612383404556        15.028257979779918        15.095935419526510        15.191810420953020        15.282065145599420        28.319561442869471        17.757692122820465     
   7305.6859629220053       -4.2535040000000004        3.0182500072634855        9.1895846999999993        4.6587000000000000E-003   15.378453549545087        15.536081541539955        15.084542725248545        16.029101214218656        15.600384536222530        15.388754438533129        15.416873690566183        15.533428958077339        15.568503312135208        15.391775103024360        15.420466082364934        15.508323701399133        15.609341688948151        15.229581211652638        15.781550052337673        15.463177563511932        15.214410797504181        15.031532316383617        15.099670433611040        15.198529932488826        15.291075066627466        28.376877887439719        17.777252413086423     
   7291.0822920144728       -4.2569830000000000        3.0207972224809101        9.1895863000000002        4.6587000000000000E-003   15.384423087980496        15.543641213898754        15.088281712955451        16.040988941097801        15.608988786180818        15.394009124980458        15.420646463635700        15.536351725181918        15.576812010700335        15.397023450265381        15.424223471862293        15.511309552970777        15.612084415058385        15.241264910751285        15.790729045344436        15.469959235930999        15.219264144119778        15.034915234685416        15.103556431202827        15.205339286325485        15.300147323798770        28.434865057485844        17.796437017504232     
   7276.6083424197896       -4.2604369999999996        3.0233270158739751        9.1895878999999994        4.6585999999999997E-003   15.390437366540583        15.551188308121686        15.092152756997857        16.052763432939216        15.617531123556761        15.399339681107618        15.424548326386608        15.539443800704115        15.585063914448570        15.402348368860720        15.428110732266143        15.514457435512094        15.615012768339211        15.252843082367347        15.799844505867197        15.476750170894713        15.224206043243997        15.038442670598362        15.107627158763590        15.212266578052661        15.309305179777967        28.493414017847392        17.815254868552458     
   7262.1798476682588       -4.2638840000000000        3.0258358057992654        9.1895895000000003        4.6585999999999997E-003   15.396436975970461        15.558673122762682        15.096082745554265        16.064400729813272        15.625968367860077        15.404682267101913        15.428506394667417        15.542626994576226        15.593214106560007        15.407685974443440        15.432054882717077        15.517689605420399        15.618047339154410        15.264290516629332        15.808856527143197        15.483495993594756        15.229170226779660        15.042039343435961        15.111809690823742        15.219256253782445        15.318506287086409        28.552753419980874        17.833726440032869     
   7247.8300286633394       -4.2673240000000003        3.0283288502290575        9.1895910999999995        4.6585999999999997E-003   15.402547910987829        15.566252721123933        15.100148629835489        16.075992259793658        15.634506678764916        15.410141195704961        15.432588793040390        15.545963731178988        15.601467811181118        15.413134613188918        15.436119876793862        15.521073293509707        15.621237514556151        15.275699182754275        15.817945573420731        15.490352735551079        15.234249911121482        15.045772837415315        15.116097762158960        15.226327037087076        15.327664444813395        28.610530352697410        17.851921497620800     
   7233.5418760246757       -4.2707540000000002        3.0308096524298769        9.1895927000000004        4.6585999999999997E-003   15.409182948928100        15.574509711965776        15.104500517108074        16.087898041852675        15.643972874593198        15.416019449373843        15.436906500471538        15.549513206609129        15.610640290493921        15.418969523931262        15.440397438612012        15.524692263721510        15.624578304156119        15.287427048433285        15.827829368838371        15.497879273243791        15.239692924859769        15.049740042373985        15.120257225876928        15.233426122046561        15.336283188164957        28.655975743557782        17.870264324621708     
   7219.2652676257212       -4.2741860000000003        3.0332781811834901        9.1895942000000002        4.6585999999999997E-003   15.415820762645589        15.582747013192760        15.108893618655921        16.099777135663594        15.653396539478537        15.421918487868433        15.441264822799804        15.553104293505962        15.619765930973569        15.424825253836483        15.444716273975400        15.528350203073012        15.627969347083019        15.299129620657867        15.837676803433654        15.505382083081733        15.245165462972574        15.053746016081947        15.124496232200579        15.240624725614973        15.345009112244798        28.701495161085148        17.888551936608174     
   7205.0334266919572       -4.2776170000000002        3.0357308571686592        9.1895957999999993        4.6585999999999997E-003   15.422445851236377        15.590945533339559        15.113317430635144        16.111602013457905        15.662755954348816        15.427824425109742        15.445653342603167        15.556728349691634        15.628823732347110        15.430688017534708        15.449066052890602        15.532038328780990        15.631402413425748        15.310779774577240        15.847465135510420        15.512843805816447        15.250654580205127        15.057781170105843        15.128804402740728        15.247905474107244        15.353821255622512        28.746982080375446        17.906742029189836     
   7190.7965270604200       -4.2810530000000000        3.0381729677812155        9.1895973000000009        4.6585999999999997E-003   15.429081379699285        15.599134028733330        15.117787267512350        16.123414132696141        15.672084027829206        15.433757837040419        15.450087251754974        15.560397895506037        15.637845567602517        15.436578239942500        15.453461829616367        15.535769396570396        15.634889323074175        15.322418350968293        15.857228746493080        15.520290641208687        15.256179360197331        15.061859470558874        15.133196496170582        15.255293418242184        15.362749976648432        28.792595224290935        17.924898447447305     
   7176.4886115165646       -4.2845149999999999        3.0406115934483555        9.1895988000000006        4.6585999999999997E-003   15.435758151279105        15.607350331675557        15.122324186206937        16.135268088242647        15.681423699173214        15.439746412160099        15.454587436565779        15.564130275122055        15.646872920221449        15.442523409423417        15.457924318427532        15.539561014853165        15.638446640297596        15.334099150419670        15.867012646301157        15.527756946514495        15.261765664267161        15.066000137442694        15.137693510358917        15.262823625043312        15.371837560789958        28.838546820681294        17.943104992212334     
   7162.0937249616254       -4.2880039999999999        3.0430502797801160        9.1896003999999998        4.6585999999999997E-003   15.442483744600482        15.615603388146925        15.126933984010366        16.147176821139382        15.690784804563458        15.445797250599226        15.459159643694393        15.567930381773616        15.655915201946138        15.448530577560669        15.462459234069280        15.543418099764560        15.642079202690569        15.345834941506583        15.876827275656909        15.535250752583531        15.267420282738277        15.070208479509374        15.142301829016164        15.270506243335623        15.381096050956957        28.884889987603060        17.961381297001736     
   7147.7277122432097       -4.2914950000000003        3.0454801267734868        9.1896018999999995        4.6585999999999997E-003   15.449204086658805        15.623826699442452        15.131579845048682        16.159044380254556        15.700091792498560        15.451861816768096        15.463767354653315        15.571767917536386        15.664899400073482        15.454551560446882        15.467030362417441        15.547309879226356        15.645758115656632        15.357531172614911        15.886593471759882        15.542711645146861        15.273097921408437        15.074450895137405        15.146984890143278        15.278280089541747        15.390451621557306        28.931252380642839        17.979580033995013     
   7133.3412398992141       -4.2949950000000001        3.0479028925852600        9.1896033999999993        4.6585999999999997E-003   15.455942245926098        15.632048516648014        15.136277677447213        16.170911540734345        15.709376656219193        15.457960911176146        15.468426347860648        15.575656012271176        15.673856402847742        15.460607008815268        15.471653355410433        15.551249671544598        15.649495955466749        15.369228029238892        15.896344799881971        15.550165259456245        15.278818043825014        15.078741908652647        15.151758691816847        15.286171766279816        15.399936308069643        28.977793142762700        17.997763737946656     
   7118.9017638355317       -4.2985160000000002        3.0503185586172488        9.1896049000000009        4.6585999999999997E-003   15.462713527656456        15.640287337088713        15.141038455058160        16.182805015732065        15.718660128000829        15.464108528635096        15.473147504468985        15.579603805574850        15.682806165465346        15.466710818747769        15.476339017587604        15.555246713143150        15.653301587930217        15.380951848914899        15.906103098218539        15.557628318817160        15.284593852731374        15.083091551787428        15.156634676931732        15.294199944092815        15.409572454737487        29.024618413028492        18.015973231117982     
   7104.4751578193673       -4.3020410000000000        3.0527253228663436        9.1896064000000006        4.6585000000000003E-003   15.469533687387251        15.648552131820328        15.145887260391987        16.194717087747378        15.727946320408041        15.470323343769252        15.477956085170586        15.583640087043339        15.691754303465604        15.472881864706270        15.481112774170100        15.559329557926482        15.657204487296834        15.392695693343203        15.915870341001646        15.565113313306700        15.290445754576378        15.087526770521723        15.161637564640582        15.302375058358127        15.419363200859866        29.071561655963631        18.034171883644323     
   7090.0614621388631       -4.3055729999999999        3.0551213781068638        9.1896079000000004        4.6585000000000003E-003   15.476309458104303        15.656749688075532        15.150730731242128        16.206554545945718        15.737142077907521        15.476512043520824        15.482758729629477        15.587671496880720        15.700607674653217        15.479026833756134        15.485881263161321        15.563404853045089        15.661111271105856        15.404366348644412        15.925553353639469        15.572527044776169        15.296280414325832        15.091954210976663        15.166673887917216        15.310603572831557        15.429214982402712        29.118529209877824        18.052266532271677     
   7075.6118401475524       -4.3091200000000001        3.0575066980182379        9.1896094000000002        4.6585000000000003E-003   15.483110429434266        15.664954361501980        15.155631999029278        16.218404069815509        15.746325085148033        15.482742270749252        15.487618429429247        15.591758413949016        15.709442792453736        15.485213220599544        15.490707361905844        15.567533119740201        15.665081916869301        15.416049932102698        15.935231487666680        15.579941201604402        15.302164295734702        15.096435587863201        15.171807525147450        15.318960236793508        15.439208071051084        29.165727089191105        18.070365002048224     
   7061.1428898266986       -4.3126740000000003        3.0598794690073285        9.1896108000000005        4.6585000000000003E-003   15.489990207387667        15.673183957754549        15.160692714522188        16.230171493540805        15.755498722115785        15.489084410989737        15.492638371779268        15.596026638112090        15.718270365957192        15.491510519132074        15.495697222085045        15.571844066632117        15.669242906936514        15.427652930990504        15.944887060377749        15.587395302163618        15.308175830327791        15.101090420592943        15.177103216883868        15.327335561069727        15.448997913743490        29.213859847310157        18.088374410373060     
   7046.7035271271152       -4.3162310000000002        3.0622414497456103        9.1896123000000003        4.6585000000000003E-003   15.497157020849162        15.681516553207501        15.166290437314323        16.241512140759841        15.764692042890172        15.495802867827816        15.498204489676898        15.600952420331328        15.727153877110215        15.498181110756210        15.501248407773236        15.576831018234035        15.674070037951008        15.438832273201925        15.954468769973889        15.595057301991087        15.314607422685327        15.106371101080654        15.182789044647773        15.335275248836719        15.457227711768134        29.267016692055055        18.105991908513122     
   7032.2774991089600       -4.3197950000000001        3.0645926142450985        9.1896137000000007        4.6585000000000003E-003   15.504307292514167        15.689824969317353        15.171881544478591        16.252846315833288        15.773848547073616        15.502507839583149        15.503767388426361        15.605879493738417        15.736006140637723        15.504840902209640        15.506797026825875        15.581819205532017        15.678902469457469        15.450005292232145        15.964023868742196        15.602699660061287        15.321029075401277        15.111650830141564        15.188501782388979        15.343264982413036        15.465554913086375        29.322392223593528        18.123622996825670     
   7017.8163673141844       -4.3233730000000001        3.0669329366237466        9.1896150999999993        4.6585000000000003E-003   15.511465008286013        15.698137066600676        15.177484804714876        16.264212087928737        15.782998915703313        15.509221823147076        15.509345750249935        15.610824412514365        15.744856827894107        15.511512244376178        15.512361714824781        15.586825387816951        15.683756445496567        15.461209516133056        15.973584400683446        15.610348008385149        15.327462341257576        15.116947343015458        15.194260678614054        15.351331721109769        15.474007726381995        29.380177581138344        18.141326936950204     
   7003.3688474297915       -4.3269529999999996        3.0692623911059189        9.1896164999999996        4.6585000000000003E-003   15.518606033497445        15.706424807029702        15.183081338602609        16.275571177989899        15.792112260413731        15.515922184593883        15.514920787291278        15.615770531280575        15.753676071872984        15.518172652866824        15.517923731358312        15.591832713330128        15.688615635666661        15.472407210061061        15.983118119367351        15.617976553559156        15.333885539278441        15.122242805807982        15.200046404386615        15.359448418568721        15.482557911853636        29.440183198922536        18.159044155759990     
   6989.0154414484350       -4.3305170000000004        3.0715809520228641        9.1896179000000000        4.6585000000000003E-003   15.525988840759265        15.714978867411705        15.188986231309549        16.287142427848408        15.801513310477180        15.522953759133770        15.520887663987569        15.621032538000588        15.762771631357662        15.525184675202365        15.523873111930779        15.597190333199233        15.693720813040752        15.483818115151639        15.992928801773452        15.625901225871466        15.340606492086962        15.127916681103432        15.205881300516623        15.367535401069031        15.490660664402935        29.496924549930899        18.177109465648709     
   6974.7075126148366       -4.3340800000000002        3.0738867987464404        9.1896193000000004        4.6585000000000003E-003   15.533430818846998        15.723595999496236        15.194975179406381        16.298770077657419        15.810977158235385        15.530072140089185        15.526962691470796        15.626384865840368        15.771927636649210        15.532289228039698        15.529927444280016        15.602644576272763        15.698894528906841        15.495285928227027        16.002802254052444        15.633896918466270        15.347404393713081        15.133693411823746        15.211737617536389        15.375639998518857        15.498714694339991        29.552942052455823        18.195289244361017     
   6960.4128480454383       -4.3376460000000003        3.0761834946957300        9.1896208000000001        4.6585000000000003E-003   15.540857493352945        15.732192891686523        15.200955272326024        16.310394104177146        15.820410946304040        15.537176146095756        15.533028157811042        15.631734113045173        15.781055833225945        15.539379419046714        15.535970268380328        15.608091085076580        15.704065327097307        15.506750266190874        16.012651708190621        15.641871692365196        15.354188844383433        15.139459517343507        15.217610407072780        15.383790107971173        15.506892811888591        29.609766517750788        18.213492393297802     
   6946.1634745082538       -4.3412080000000000        3.0784692207255686        9.1896222000000005        4.6585000000000003E-003   15.548252275914518        15.740750356982733        15.206913131472035        16.321988414493273        15.829793670015633        15.544249906612269        15.539070496204214        15.637068285710445        15.790135889254636        15.546439409316768        15.541988080095262        15.613517675526683        15.709221616085099        15.518185393906304        16.022455186758545        15.649807764051538        15.360944685534932        15.145202111086586        15.223486387888865        15.391967138576167        15.515175861746460        29.667265298903008        18.231677900511329     
   6931.9432723220561       -4.3447680000000002        3.0807439515994481        9.1896235999999991        4.6585000000000003E-003   15.555623597781285        15.749278172239432        15.212855522511351        16.333566071954898        15.839136109345670        15.551301485380240        15.545096573221851        15.642393402004664        15.799178226972341        15.553477246656833        15.547987733557623        15.618930505897413        15.714369211552256        15.529604194646225        16.032223896383829        15.657714216361516        15.367679616372023        15.150927730185025        15.229372030729071        15.400179930059519        15.523572202065431        29.725496801167981        18.249866016002315     
   6917.7203244144421       -4.3483369999999999        3.0830076621900835        9.1896249000000001        4.6584000000000000E-003   15.563034640128095        15.757842124956110        15.218842404924988        16.345199653367697        15.848505906385402        15.558393343300626        15.551166537544763        15.647768023322957        15.808249809751633        15.560555361402361        15.554029323420682        15.624388346796913        15.719566277959462        15.541078888664316        16.042026416934025        15.665655446824520        15.374455385207657        15.156695853215147        15.235327105067388        15.408493381054821        15.532146915340615        29.784635940484176        18.268144075756730     
   6903.5424550996995       -4.3519019999999999        3.0852603274798729        9.1896263000000005        4.6584000000000000E-003   15.570367451138491        15.766320403995110        15.224760593302012        16.356756945075769        15.857778578046265        15.565408600612198        15.557166928012947        15.653080996745476        15.817227148169355        15.567556919430142        15.559999492761229        15.629779785932577        15.724702256469644        15.552477796559653        16.051736783995711        15.673511741607065        15.381156172507378        15.162394038464132        15.241238407282367        15.416786237056140        15.540777544916661        29.844387089904213        18.286357352017550     
   6889.3936433312183       -4.3554659999999998        3.0875019225613602        9.1896277000000008        4.6584000000000000E-003   15.577676994949027        15.774769297490590        15.230663413594204        16.368297562353479        15.867011381003870        15.572401856958738        15.563151167938425        15.658384925967987        15.826167150244068        15.574536505196395        15.565951645784271        15.635157550630570        15.729829552219901        15.563860354632286        16.061412698001767        15.681338696825179        15.387836217598757        15.168075378670327        15.247159067612376        15.425114071188286        15.549519428855600        29.904857728695593        18.304572739120974     
   6875.2579986707387       -4.3590380000000000        3.0897342264033552        9.1896290000000000        4.6584000000000000E-003   15.584971517114258        15.783198347543486        15.236557508457174        16.379834432059145        15.876214778757035        15.579380998889608        15.569125993822279        15.663685759999229        15.835079942395371        15.581501990099813        15.571892491394379        15.640527692513853        15.734953917469170        15.575239312225271        16.071065090565448        15.689145162882358        15.394503052334048        15.173746276553128        15.253095645783073        15.433486002397178        15.558381794542147        29.966111974652794        18.322810528908203     
   6861.1355591322044       -4.3626129999999996        3.0919554129921787        9.1896304000000004        4.6584000000000000E-003   15.592251022284703        15.791607566390525        15.242442873072353        16.391367509557792        15.885388803737364        15.586346032051487        15.575091403145247        15.668983478083636        15.843965551854374        15.588453379399500        15.577822032769962        15.645890203569440        15.740075328785007        15.586614625128298        16.080693977580619        15.696931154833649        15.401156681712987        15.179406732783931        15.259048052791879        15.441901865485132        15.567364284939281        30.028147404115391        18.341070541599574     
   6847.0421284393833       -4.3661849999999998        3.0941636515368836        9.1896316999999996        4.6584000000000000E-003   15.599507399809266        15.799987596101392        15.248312933419367        16.402883851630797        15.894523284318115        15.593289192929092        15.581040734340579        15.674272144477133        15.852814121894461        15.595382925222250        15.583733656753569        15.651239094910569        15.745188050940360        15.597973526669296        16.090288647759134        15.704688020140747        15.407789687629002        15.185050434018155        15.265009544589525        15.450352008457802        15.576456246203417        30.090890769497260        18.359332188359708     
   6832.9776470053230       -4.3697559999999998        3.0963643361517046        9.1896330000000006        4.6584000000000000E-003   15.606740731421166        15.808338546289601        15.254167735132125        16.414383467095600        15.903618386237088        15.600210559113414        15.586974037549155        15.679551769592567        15.861625804957971        15.602290704899282        15.589627425215507        15.656574404754284        15.750292092008717        15.609316025000052        16.099849231312920        15.712415872170002        15.414402142708635        15.190677436461211        15.270980008347014        15.458836150196124        15.585656941696310        30.154337238795723        18.377595294867536     
   6818.9263541892160       -4.3733360000000001        3.0985520238733426        9.1896342999999998        4.6584000000000000E-003   15.613959159374499        15.816669828420725        15.260013853339199        16.425879211284556        15.912684394246050        15.607117920488381        15.592897978625853        15.684828261480821        15.870410559688299        15.609184493090286        15.595509968222661        15.661902123344330        15.755393163309250        15.620654799387648        16.109386506504329        15.720123429690258        15.421001487904366        15.196294068490371        15.276966039124293        15.467363567114365        15.594976109182038        30.218554183128372        18.395880151940613     
   6804.8882875120644       -4.3769150000000003        3.1007303064468608        9.1896356000000008        4.6584000000000000E-003   15.621162687323118        15.824981453728718        15.265851281317151        16.437371034058302        15.921721342293512        15.614011279792440        15.598812552383720        15.690101600815630        15.879168415468261        15.616064292569124        15.601381286016167        15.667222243597042        15.760491245985722        15.631989800111871        16.118900488409604        15.727810709090527        15.427587725032506        15.201900329312686        15.282967561041286        15.475934091804184        15.604413365432467        30.283539101976285        18.414186601252222     
   6790.8947574804488       -4.3804949999999998        3.1028991632989764        9.1896369000000000        4.6584000000000000E-003   15.628335298550905        15.833254956935622        15.271667018853893        16.448833261649074        15.930709201077004        15.620875308379123        15.604704590317123        15.695360014644407        15.887879953815524        15.622914804928485        15.607228318228870        15.672522915301212        15.765574957929378        15.643295703180893        16.128370045428664        15.735460645120757        15.434146206695072        15.207483745961017        15.288971057617154        15.484528293091142        15.613946879834888        30.349141957794128        18.432473572630247     
   6776.8831904448089       -4.3840830000000004        3.1050567617576039        9.1896381999999992        4.6584000000000000E-003   15.635509089089251        15.841527367401024        15.277487080469562        16.460317129072390        15.939688219054890        15.627740720598421        15.610600449854811        15.700627011321412        15.896584182299961        15.629766684082661        15.613077226351461        15.677827848138183        15.770667026404279        15.654623044587485        16.137837562286517        15.743107482358411        15.440706279198327        15.213069299439159        15.295003314662996        15.493184456208404        15.623618923219983        30.415653767685075        18.450822729422356     
   6762.8849611617143       -4.3876759999999999        3.1072030778711537        9.1896394000000008        4.6584000000000000E-003   15.642667990355331        15.849780154912025        15.283298430224555        16.471796922138946        15.948638281024937        15.634592137331591        15.616486924685709        15.705890797573126        15.905261602579504        15.636604581235378        15.618914908025388        15.683125161268993        15.775756051740252        15.665946460636018        16.147281831615079        15.750734092197636        15.447253247212050        15.218644478124329        15.301050842618118        15.501883224464482        15.633407887679684        30.482925965559442        18.469193014909369     
   6748.9156464131629       -4.3912680000000002        3.1093399023312966        9.1896407000000000        4.6584000000000000E-003   15.649846408672676        15.858046455349612        15.289135824822083        16.483321461819973        15.957591253818322        15.641469169148774        15.622396000431667        15.711179687152072        15.913946629856088        15.643465878947598        15.624774452167859        15.688445308573602        15.780866191481934        15.677311735071644        16.156736912802035        15.758377077766486        15.453825933813224        15.224239962838155        15.307099254875258        15.510583356272523        15.643228875288006        30.550232386686115        18.487617180635379     
   6734.9906943450305       -4.3948600000000004        3.1114653992198109        9.1896418999999998        4.6584000000000000E-003   15.657493476032407        15.866772146189955        15.295439656169965        16.495546718712202        15.966988188267958        15.648873673070380        15.628738450101761        15.716857454245993        15.923101753412862        15.650828130778503        15.631079989406434        15.694178786846415        15.786316941271714        15.689338870469289        16.166672940553699        15.766512708409575        15.460915026261954        15.230251947981717        15.313057924150765        15.518933802468059        15.652280145276070        30.610139101759469        18.506655126781034     
   6721.0325701712218       -4.3984629999999996        3.1135813617684462        9.1896432000000008        4.6582999999999998E-003   15.665193631619125        15.875547364317292        15.301802059191100        16.507855715022288        15.976430629579248        15.656330689553990        15.635138287723770        15.722595364156032        15.932297551491100        15.658242793936573        15.637444698837271        15.699974413829629        15.791832226835684        15.701446805467100        16.176661294782935        15.774694672053830        15.468057752070912        15.236324873671926        15.319094585149543        15.527398756385917        15.661537248136490        30.670438417007027        18.525826388036005     
   6707.1188176052647       -4.4020659999999996        3.1156877699335981        9.1896444000000006        4.6582999999999998E-003   15.672811139118934        15.884230408961990        15.308094717030549        16.520087083136360        15.985773180046362        15.663705830241845        15.641466989123089        15.728268569129398        15.941390002918993        15.665575715424140        15.643740248894051        15.705707018102615        15.797288435254387        15.713475292338785        16.186553535456959        15.782784568619732        15.475121466364911        15.242332027906869        15.325082726186810        15.535838165984156        15.670855592794233        30.730702005013626        18.544931462890663     
   6693.2338690226907       -4.4056639999999998        3.1177827845885853        9.1896456000000004        4.6582999999999998E-003   15.680401229424781        15.892877751144958        15.314371311168934        16.532301063018608        15.995073090989226        15.671054056260527        15.647778286468416        15.733930031688772        15.950436112137851        15.672881809109022        15.650020320167695        15.711429614387754        15.802738245485603        15.725484363452452        16.196407486878339        15.790838218254709        15.482160767340257        15.248326748432227        15.331075518691101        15.544307710012113        15.680291153421635        30.791042377387477        18.564038005380500     
   6679.3776647940522       -4.4092650000000004        3.1198682027274520        9.1896468999999996        4.6582999999999998E-003   15.687964008858181        15.901489539080373        15.320631890000833        16.544497660377338        16.004330546201643        15.678375474447126        15.654072236557585        15.739579776852850        15.959436087707438        15.680161181536043        15.656284957937224        15.717142216935912        15.808181649008873        15.737474038951575        16.206223302730056        15.798855776475449        15.489175749122641        15.254309063297793        15.337072873542660        15.552807126646741        15.689843138120690        30.851458615532160        18.583145829569851     
   6665.5501454133273       -4.4128699999999998        3.1219421831201775        9.1896480999999994        4.6582999999999998E-003   15.695499579139401        15.910065917554117        15.326876494258414        16.556676873255480        16.013545731002971        15.685670182400543        15.660348887107141        15.745217827542561        15.968390141012414        15.687413930329061        15.662534198105043        15.722844836564942        15.813618641988295        15.749444330925851        16.216001133542150        15.806837399146069        15.496166496306710        15.260278993652641        15.343074728367384        15.561336162101590        15.699510713320812        30.911949593815379        18.602254790048189     
   6651.7359352920657       -4.4164740000000000        3.1240083478295579        9.1896492999999992        4.6582999999999998E-003   15.703016373374663        15.918616504104151        15.333112083822627        16.568852211172796        16.022728996638669        15.692946346901806        15.666615239725743        15.750850453628658        15.977308351601884        15.694648175524414        15.668775003578190        15.728543807039955        15.819055246472729        15.761408527724921        16.225751932948938        15.814792049290709        15.503140829460094        15.266243179981650        15.349087671319502        15.569904083096748        15.709304027534031        30.972581736527651        18.621385937176150     
   6637.9656392889647       -4.4200749999999998        3.1260630332203267        9.1896505000000008        4.6582999999999998E-003   15.710497809912763        15.927122464126363        15.339324862738184        16.580996651449023        16.031860140883904        15.700187919446083        15.672857438019580        15.756465176257507        15.986171130475729        15.701847961485665        15.674993563198271        15.734226491168922        15.824479387769685        15.773340089475710        16.235454207695216        15.822702223533987        15.510083357410551        15.272188408914573        15.355098275892797        15.578491615160591        15.719200546436070        31.033219482461121        18.640496634436726     
   6624.1933446802886       -4.4236860000000000        3.1281080412235527        9.1896517000000006        4.6582999999999998E-003   15.717968885468995        15.935612237679880        15.345535559130326        16.593150650143791        16.040969713269412        15.707419096930522        15.679096313801260        15.762080715914724        15.995008151458002        15.709037345793675        15.681210621654024        15.739911827706557        15.829909129038143        15.785278773447882        16.245140386817802        15.830594383585442        15.517017271676888        15.278134502842398        15.361126506219168        15.587127176817756        15.729232653205298        31.094064103243447        18.659650416800790     
   6610.4344033985226       -4.4272960000000001        3.1301415264563395        9.1896527999999993        4.6582999999999998E-003   15.725421284455585        15.944076381768710        15.351737250693528        16.605300647534342        16.050047588459190        15.714631829492056        15.685324914352087        15.767690811835461        16.003809598506706        15.716208325393190        15.687419248276015        15.745593475310255        15.835338413088778        15.797211262682602        16.254799693738644        15.838459755903660        15.523934851483958        15.284074830953898        15.367165631454611        15.595801087549653        15.739388982953685        31.155047451731939        18.678825898316145     
   6596.7344194738344       -4.4309010000000004        3.1321671203559669        9.1896540000000009        4.6582999999999998E-003   15.732830399317361        15.952486981070951        15.357909411472502        16.617406315410115        16.059063856018465        15.721802307399873        15.691522635213090        15.773276871599641        16.012546509541551        15.723337228513323        15.693598890610421        15.751252591209216        15.840749204049981        15.809097969240291        16.264400252118712        15.846272421390889        15.530813251186679        15.289989709532271        15.373195483353374        15.604484222658719        15.749634851563947        31.215966009332178        18.697959175329331     
   6583.0779865526119       -4.4345030000000003        3.1341829788250344        9.1896552000000007        4.6582999999999998E-003   15.740204687449690        15.960853686300361        15.364059012623414        16.629481178380619        16.068028910395238        15.728938717982132        15.697696489557330        15.778845175932616        16.021229011349320        15.730432195936615        15.699756521196175        15.756895517489212        15.846147534527674        15.820952198020642        16.273953051708119        15.854041378922403        15.537660309352027        15.295885787455351        15.379222666214311        15.613185830131641        15.759980274057149        31.276886002709460        18.717071330932935     
   6569.4346982167626       -4.4381079999999997        3.1361872534143518        9.1896562999999993        4.6582999999999998E-003   15.747560636046035        15.969195231777256        15.370199761314673        16.641552071851009        16.076962853709524        15.736057016939967        15.703860245635688        15.784408121358442        16.029876602557628        15.737509091387249        15.705905860987027        15.762534805028139        15.851545395756876        15.832800307626343        16.283479468199207        15.861784043614072        15.544491326255638        15.301776189401242        15.385260507583084        15.621925001979911        15.770447445046148        31.337941768689880        18.736204687806449     
   6555.8347806542697       -4.4417090000000004        3.1381817521054818        9.1896574999999991        4.6582999999999998E-003   15.754882021846818        15.977493245590637        15.376318077810346        16.653592209299589        16.085846030782172        15.743141511133029        15.710000281201612        15.789953386153499        16.038470287509277        15.744552312891621        15.712033308643537        15.768157953123914        15.856930797260276        15.844616020326249        16.292958504782995        15.869483379192605        15.551291234188035        15.307647871417796        15.391295507770209        15.630682082892221        15.781012392204417        31.398997014418079        18.755316579882539     
   6542.2780815145989       -4.4453060000000004        3.1401682873566346        9.1896585999999996        4.6582999999999998E-003   15.762169029541653        15.985747980677729        15.382414051725775        16.665601649580914        16.094678756169380        15.750192378958669        15.716116696723248        15.795481029509681        16.047010416373332        15.751562038986680        15.718138947485706        15.773765003595408        15.862303756829874        15.856399414265525        16.302390428546548        15.877139649937966        15.558060191351419        15.313500893153329        15.397327599224433        15.639456744224436        15.791673949737053        31.460050399954376        18.774406877216208     
   6528.7343830585205       -4.4489080000000003        3.1421431784369740        9.1896597999999994        4.6582999999999998E-003   15.769437974795565        15.993977944205994        15.388501295841611        16.677607117668089        16.103480854090535        15.757225413376805        15.722223158875082        15.801003375533533        16.055516186273216        15.758553970294308        15.724236409219344        15.779368447876802        15.867676219541067        15.868176725708189        16.311796370656907        15.884770038052874        15.564813351382234        15.319348307140132        15.403370105029879        15.648268252541811        15.802455107822187        31.521237004210569        18.793517857160108     
   6515.2187225069129       -4.4525090000000001        3.1441082368863982        9.1896608999999998        4.6582999999999998E-003   15.776680833241087        16.002174072839559        15.394573057673632        16.689595246978634        16.112242654307927        15.764232848212970        15.728312898371080        15.806514289657734        16.063978274187171        15.765520386958684        15.730318926544552        15.784962052003920        15.873042201433982        15.879934851276968        16.321165962727868        15.892366155122858        15.571543250836573        15.325183614717567        15.409416264331441        15.657106629173683        15.813343271435542        31.582487834718769        18.812628156460438     
   6501.7460126224578       -4.4561070000000003        3.1460652786577699        9.1896620000000002        4.6582000000000004E-003   15.783936317832879        16.010374072234590        15.400669279706932        16.701599368177504        16.121001277590132        15.771253658064474        15.734425847689714        15.812054308538773        16.072434163149666        15.772500308500405        15.736426426106704        15.790586248262795        15.878442359886613        15.891707393999845        16.330535615989817        15.899966381352137        15.578289156733902        15.331046996235834        15.415505883427379        15.666008377587971        15.824372042989403        31.643780520154557        18.831762982934933     
   6488.2862228770819       -4.4597080000000000        3.1480106167876061        9.1896631000000006        4.6582000000000004E-003   15.791601942715509        16.019062128118655        15.407090787860518        16.714370996005357        16.130298565777110        15.778696284728063        15.740922520071159        15.817819968296604        16.081369517390907        15.779937632328064        15.742889102081563        15.796455301740050        15.884010655828220        15.904252560040995        16.340437700800010        15.907959423501254        15.585471331223964        15.337257772217598        15.421380053341938        15.674464292744368        15.834654790881380        31.702770806399897        18.851759652678961     
   6474.8244795926666       -4.4633159999999998        3.1499479031501427        9.1896641999999993        4.6582000000000004E-003   15.799331239147826        16.027819787105045        15.413569182395399        16.727276118439306        16.139670497899896        15.786204183576594        15.747483867296385        15.823628875115055        16.090364998804816        15.787445526776594        15.749410932260687        15.802368716561368        15.889613709233394        15.916932111136440        16.350416946349995        15.915999745113776        15.592721745468090        15.343527908270751        15.427240015775510        15.682895731219133        15.844932497230360        31.761468907189645        18.871932902468753     
   6461.4055443347970       -4.4669220000000003        3.1518734466817033        9.1896652999999997        4.6582000000000004E-003   15.807027989736277        16.036534766833274        15.420026344605109        16.740149985702121        16.148994484221305        15.793680161708259        15.754022615070731        15.829420414111336        16.099307420654213        15.794921500508259        15.755909104710476        15.808262695824034        15.895200601477274        15.929581124386281        16.360350258296812        15.923991069920994        15.599942161616184        15.349776923039521        15.433092618561822        15.691339004126348        15.855291365011613        31.820025834670624        18.892083258009446     
   6448.0144195332605       -4.4705260000000004        3.1537909036827956        9.1896664000000001        4.6582000000000004E-003   15.814700859543294        16.045216924504807        15.426469496127325        16.753006909119623        16.158281088924571        15.801132637919679        15.760546084972198        15.835201049365033        16.108206970394175        15.802373972319675        15.762390904933330        15.814143831742896        15.900777563568610        15.942213659805063        16.370248850623170        15.931942514108634        15.607140704073721        15.356011809910488        15.438944313807553        15.699803243018046        15.865742073982574        31.878506675189278        18.912232915235407     
   6434.6362312369502       -4.4741350000000004        3.1556984190128037        9.1896675000000005        4.6582000000000004E-003   15.822358407272340        16.053875971040362        15.432905796305906        16.765861124951957        16.167540709558040        15.808569926331124        15.767061530621149        15.840977196516967        16.117073644276161        15.809811256331123        15.768863545580604        15.820018659427497        15.906350782419576        15.954843704413101        16.380123782614028        15.939863015983786        15.614325399837462        15.362239499438822        15.444801549889903        15.708297673659601        15.876295715060120        31.936976177959430        18.932404068045052     
   6421.2857996903131       -4.4777449999999996        3.1575959744406203        9.1896685999999992        4.6582000000000004E-003   15.830031717273272        16.062614386521012        15.439276951695433        16.778909070940202        16.176903114041068        15.816066305823355        15.773505931974334        15.846658953147820        16.125987163543783        15.817289221208313        15.775270057034007        15.825787605335250        15.911817339558194        15.967680557924975        16.390162057444201        15.947800959290895        15.621548195745103        15.368377478738047        15.450561265126929        15.716056587037514        15.885362883900221        31.952818752698725        18.952647863597750     
   6407.9630673042930       -4.4813539999999996        3.1594853938808192        9.1896696999999996        4.6582000000000004E-003   15.837678232609036        16.071331140899574        15.445619787223215        16.791993683282751        16.186230326729557        15.823553135373075        15.779920007264181        15.852309097377962        16.134854831977023        15.824754921834007        15.781648231331154        15.831523215700461        15.917248098539957        15.980554294787794        16.400193648728916        15.955704393994356        15.628758191492814        15.374482841532128        15.456288851866148        15.723680110057799        15.894283798454961        31.962217839230654        18.972926020074258     
   6394.6679766093248       -4.4849620000000003        3.1613629761943582        9.1896708000000000        4.6582000000000004E-003   15.845291547382480        16.080009223826885        15.451941567843750        16.805084817209519        16.195500342965815        15.831018240268993        15.786311719600683        15.857939623463054        16.143662387047556        15.832198941634566        15.788005278067359        15.837239030615752        15.922656830363714        15.993432746274550        16.410188949074300        15.963564730019719        15.635946494927801        15.380566481864015        15.461997660263876        15.731278517847983        15.903293854273805        31.971542191614354        18.993228895763913     
   6381.3563892545435       -4.4885840000000004        3.1632323885512239        9.1896719000000004        4.6582000000000004E-003   15.852896958826214        16.088677471758078        15.458263290955539        16.818225891563628        16.204743986361422        15.838486411495687        15.792702299922556        15.863569233981458        16.152439121991435        15.839646001608799        15.794362311699523        15.842954035780537        15.928061504888440        16.006358627952132        16.420181161647278        15.971408096784877        15.643136978798385        15.386648607933871        15.467706651898041        15.738877047880536        15.912422825877378        31.980822794293751        19.013623810830840     
   6368.0725122294552       -4.4922040000000001        3.1650917710003159        9.1896728999999997        4.6582000000000004E-003   15.860469229417632        16.097307122807564        15.464563968775963        16.831373221431019        16.213930608482521        15.845932851169813        15.799070532392463        15.869179241622625        16.161155943846069        15.847071374367957        15.800698226550480        15.848649259522936        15.933444188055532        16.019288972000229        16.430137121872026        15.979208480249227        15.650305768302161        15.392709029033348        15.473396889424162        15.746450486539644        15.921640239320688        31.990028845516342        19.034042967580046     
   6354.8309203723975       -4.4958229999999997        3.1669429518889523        9.1896740000000001        4.6582000000000004E-003   15.868000192662183        16.105888874109699        15.470836758074640        16.844512119813668        16.223050426761208        15.853349446951668        15.805409510359709        15.874763556778518        16.169803616293990        15.854466969882214        15.807006142007605        15.854318520346084        15.938799056487227        16.032209347983517        16.440046030491118        15.986957534348814        15.657445059664191        15.398741174628249        15.479062156006094        15.753990578049802        15.930935171837053        31.999150693515212        19.054463400760106     
   6341.5876585534061       -4.4994470000000000        3.1687840693711413        9.1896749999999994        4.6582000000000004E-003   15.875514921494272        16.114451303710844        15.477102509530493        16.857686043761014        16.232133889111090        15.860760837108138        15.811740307751037        15.880340749013904        16.178411037569450        15.861857357523185        15.813307023990468        15.859980668160532        15.944143936860002        16.045162497001577        16.449940848801397        15.994681102390331        15.664578573546756        15.404765101752204        15.484721317157366        15.761522413738753        15.940337944152006        32.008218827762327        19.074952626620703     
   6328.3574236648728       -4.5030749999999999        3.1706151058052305        9.1896760000000004        4.6582000000000004E-003   15.883005101038599        16.122984937321661        15.483354283465630        16.870880332125687        16.241170962804738        15.868158809152355        15.818055914958826        15.885904640683584        16.186968708340160        15.869234347707412        15.819593894494137        15.865629431849321        15.949472910055096        16.058134006180190        16.459810616935119        16.002370648218033        15.671698406365444        15.410774140542237        15.490368087062912        15.769037636644924        15.949838002783650        32.017223235114400        19.095487804016312     
   6315.1693317555946       -4.5067029999999999        3.1724378928078139        9.1896769999999997        4.6582000000000004E-003   15.890454354829892        16.131471122355627        15.489578370317780        16.884065739834071        16.250141994166981        15.875527120573093        15.824342489086852        15.891443036016170        16.195458053968721        15.876581744090061        15.825852966732743        15.871252428879096        15.954774314859165        16.071095134607248        16.469633710327841        16.010009414713828        15.678788931086892        15.416755122755902        15.495990080844582        15.776519764672628        15.959413773961444        32.026144405052193        19.116023327409625     
   6301.9797016468647       -4.5103330000000001        3.1742505657385385        9.1896781000000001        4.6582000000000004E-003   15.897887437517511        16.139938061940732        15.495795424659654        16.897285788209032        16.259076868719060        15.882890209012238        15.830620897853457        15.896974316364343        16.203907382166015        15.883923914652151        15.832105011929947        15.876868321591083        15.960065757791646        16.084088671341945        16.479442736613542        16.017622825333881        15.685873667521783        15.422727903166219        15.501605935811739        15.783993610104901        15.969096501209947        32.035011991950874        19.136626893182086     
   6288.7741774508049       -4.5139769999999997        3.1760549583638737        9.1896790999999993        4.6582000000000004E-003   15.905312400345011        16.148394928393770        15.502012190458721        16.910554927736079        16.267985239083679        15.890256067295180        15.836897947734521        15.902504483624746        16.212325809693482        15.891268830256372        15.838356810558999        15.882483202366330        15.965352979877224        16.097128815148267        16.489248339807283        16.025219113087921        15.692960304996674        15.428698957205917        15.507221781184498        15.791467312689026        15.978896894108551        32.043835703946918        19.157321092751324     
   6275.5818747780668       -4.5176299999999996        3.1778510563421847        9.1896801000000004        4.6581000000000001E-003   15.912759486944722        16.156869688378361        15.508261578924913        16.923890531309979        16.276894069187133        15.897655074564060        15.843206417602925        15.908067960626123        16.220741379598547        15.898646915810577        15.844641197377705        15.888131308074417        15.970670935700095        16.110233443549763        16.499075514012755        16.032828139528590        15.700079837899654        15.434701737591521        15.512871834138249        15.798970996025037        15.988840011116796        32.052642564484927        19.178106917898553     
   6262.3884068833559       -4.5212859999999999        3.1796369922710968        9.1896810999999996        4.6581000000000001E-003   15.920143558009443        16.165278327858747        15.514457131737334        16.937213812423945        16.285719841850021        15.905002023922012        15.849459915070359        15.913577541057204        16.229070042080807        15.905972941606276        15.850871752222684        15.893725524686406        15.975932155014590        16.123323521174807        16.508841713249996        16.040364954836662        15.707146755315595        15.440649518576564        15.518468981452369        15.806419571348425        15.998843264497957        32.061348935796616        19.198913662454732     
   6249.2082869219767       -4.5249439999999996        3.1814127490028783        9.1896819999999995        4.6581000000000001E-003   15.927519818055792        16.173660334170414        15.520678251518930        16.950614263041508        16.294457046549834        15.912380967831027        15.855740326435093        15.919105889209554        16.237299469049720        15.913327594124191        15.857131069405579        15.899339903014472        15.981200478102011        16.136492188571683        16.518576999443635        16.047865047487075        15.714244416495312        15.446618189841910        15.524028753607212        15.813804979331053        16.009151524297213        32.071841360595954        19.219824504008997     
   6236.0271884342119       -4.5286169999999997        3.1831801645468745        9.1896830000000005        4.6581000000000001E-003   15.935154314978735        16.182081142456415        15.527506365551151        16.964937129889883        16.302545578459945        15.920463962247450        15.862666776512125        15.925124492333833        16.244766937565426        15.921332973383208        15.864047061279063        15.905466542238042        15.986817299033877        16.150634373161505        16.528237496312666        16.055326025094402        15.722027513801759        15.453133761262645        15.529198209134417        15.820479731382118        16.022744473784115        32.112868548584572        19.241722992159623     
   6222.8452347580960       -4.5322899999999997        3.1849392248327586        9.1896839999999997        4.6581000000000001E-003   15.942797820285303        16.190530619674988        15.534317138075689        16.979270047667253        16.310696427480348        15.928536385201237        15.869575359236702        15.931126841071499        16.252303979197382        15.929327244509107        15.870944045059254        15.911574730416859        15.992421715299823        16.164784924503696        16.537941791079632        16.062820702161719        15.729795003838110        15.459631438673679        15.534373620298886        15.827194354687787        16.036257275795872        32.156958420249936        19.263667891282367     
   6209.6911456017315       -4.5359670000000003        3.1866899158516810        9.1896848999999996        4.6581000000000001E-003   15.950433652684030        16.198990270098719        15.541095781027700        16.993581757643639        16.318891648914597        15.936580678379602        15.876451074109927        15.937099907549513        16.259893964696037        15.937293021487687        15.877807049062671        15.917651215006433        15.998001557187269        16.178912985933923        16.547668608805626        16.070332648682818        15.737530008174502        15.466097117603884        15.539543711207170        15.833934114738330        16.049660713493449        32.204005824008647        19.285611268967820     
   6196.8359622338703       -4.5395719999999997        3.1884303657076716        9.1896859000000006        4.6581000000000001E-003   15.957904167309444        16.207284748917910        15.547703283324605        17.007577035855526        16.326960100107694        15.944431507794324        15.883152931747009        15.942921232573763        16.267377952884662        15.945066606949506        15.884495387549801        15.923571488955417        16.003442318319241        16.192727180023763        16.557215938829142        16.077705857794978        15.745073750087794        15.472398255750033        15.544601706987020        15.840558651136909        16.062681634610289        32.252928240761818        19.307099282140392     
   6184.4203421007960       -4.5430549999999998        3.1901642754610773        9.1896868999999999        4.6581000000000001E-003   15.965126926800284        16.215321003320650        15.554068796470197        17.021102002831871        16.334808454901435        15.952003873796297        15.889609093778180        15.948528478773049        16.274668417188021        15.952563890206005        15.890937463247557        15.929272311427926        16.008685511618474        16.206075744857014        16.566475791871685        16.084856942008724        15.752344999745006        15.478467400003748        15.549491820769820        15.846992273378572        16.075184164813603        32.302940811058036        19.327893157807249     
   6173.3656343592111       -4.5461630000000000        3.1917298311941544        9.1896877999999997        4.6581000000000001E-003   15.971564335560700        16.222497379050484        15.559723288970300        17.033151268468902        16.341842667082023        15.958737926637109        15.895343901665104        15.953508670923657        16.281211338765946        15.959230693471508        15.896658877526594        15.934334177522196        16.013344449196282        16.217966695590111        16.574752879856565        16.091248976354745        15.758807197024947        15.483857612185457        15.553850109482994        15.852750131411437        16.086255749102808        32.349756329011143        19.346441343310460     
   6162.9124753921078       -4.5491109999999999        3.1932179656409216        9.1896886999999996        4.6581000000000001E-003   15.977656958332023        16.229301444219320        15.565058584539152        17.044550768031424        16.348534087612229        15.965098365596329        15.900754798416745        15.958207094805726        16.287442923130865        15.965527198267747        15.902056371764150        15.939108405831551        16.017741605682890        16.229215413136341        16.582607497144799        16.097314675355339        15.764907328002746        15.488942664229011        15.557974866539297        15.858220178768430        16.096672443234848        32.396004355459723        19.364009314191275     
   6152.8028568895797       -4.5519639999999999        3.1946639420060143        9.1896895999999995        4.6581000000000001E-003   15.983554442728042        16.235898720734443        15.570207899022950        17.055581082649635        16.355042563766954        15.971243134104331        15.905976911433719        15.962741149329144        16.293511040465042        15.971609815782703        15.907264840597946        15.943714455587916        16.021986611443406        16.240098900692320        16.590229801948400        16.103200898658169        15.770797342465830        15.493849641106397        15.561967421155195        15.863534041400158        16.106698317424065        32.442563346542144        19.381026824358177     
   6143.0917250644125       -4.5547079999999998        3.1960677057799294        9.1896903999999999        4.6581000000000001E-003   15.989224183327085        16.242251533989279        15.575144391286170        17.066181668688579        16.361328731194636        15.977139547401805        15.910983037438111        15.967087266073083        16.299378248770676        15.977446233731410        15.912257228619016        15.948128508608590        16.026057221604102        16.250557520429567        16.597575576841503        16.108873508121572        15.776446264619647        15.498553053079096        15.565805727907758        15.868660306149906        16.116284093672313        32.488982530893978        19.397398492252638     
   6133.6783804001398       -4.5573730000000001        3.1974273411416343        9.1896912999999998        4.6581000000000001E-003   15.994724478027230        16.248424112868353        15.579920299995575        17.076461922147391        16.367454147472383        15.982849408171628        15.915826170113565        15.971291490175705        16.305101332626950        15.983097663197643        15.917086453789214        15.952397445427824        16.029996391182571        16.260699294805480        16.604718463770968        16.114389378862061        15.781913624390487        15.503102753305985        15.569529223332481        15.873649784778141        16.125533966658125        32.535563914778891        19.413291412962028     
   6124.5473979191420       -4.5599590000000001        3.1987539762441277        9.1896921000000003        4.6581000000000001E-003   16.000063933876742        16.254425244895614        15.584544281456061        17.086438250185857        16.373425943375551        15.988382585647461        15.920515099171070        15.975361492562808        16.310686420723972        15.988573903390058        15.921761336837353        15.956529144995390        16.033811180535384        16.270540482308878        16.611668132580821        16.119755984317496        15.787209130477290        15.507507052282993        15.573143781286856        15.878508830012610        16.134466863222091        32.582239591556274        19.428729544358603     
   6115.6412315148145       -4.5624909999999996        3.2000550292740582        9.1896929000000007        4.6581000000000001E-003   16.005275862694916        16.260291624590568        15.589046193840620        17.096173164888942        16.379279275592477        15.993774400995527        15.925080114298577        15.979323591983910        16.316165939672036        15.993909937638353        15.926312124585049        15.960550404106375        16.037526141611568        16.280142810631748        16.618466651851609        16.125005814966283        15.792366807031993        15.511794445116873        15.576671938898745        15.883266467468157        16.143142351640222        32.629181099843152        19.443808361927889     
   6106.9730012944665       -4.5649530000000000        3.2013136851940569        9.1896936999999994        4.6581000000000001E-003   16.010352283837559        16.266013609859431        15.593420037649846        17.105652000976367        16.385003323873885        15.999017305919992        15.929515141970771        15.983172543600919        16.321529360432432        15.999098318727885        15.930732805007633        15.964455969153857        16.041136255773988        16.289491869285143        16.625102471155063        16.130129955873276        15.797379629062757        15.515959267251805        15.580108298524674        15.887914285647533        16.151550533291605        32.676210489005612        19.458504052168717     
   6098.0643084574631       -4.5674890000000001        3.2025821361828077        9.1896944000000005        4.6581000000000001E-003   16.015573363252848        16.271907002106364        15.597907195112061        17.115397889841141        16.390914017023452        16.004400645963131        15.934064939789302        15.987120764942585        16.327072711377728        16.004425383340436        15.935267343633530        15.968461380237851        16.044840764693955        16.299103626528723        16.631941831035189        16.135411216122097        15.802524242993474        15.520231364824777        15.583642541479801        15.892708833394718        16.160155399097984        32.725923820181237        19.473627704787095     
   6088.4816295299515       -4.5702239999999996        3.2038790571039755        9.1896951999999992        4.6581000000000001E-003   16.021193786445604        16.278260602195090        15.602724760622696        17.125885754102711        16.397303397325146        16.010185606186365        15.938949613873948        15.991359201306661        16.333070679234400        16.010149539573884        15.940135022498115        15.972760209894577        16.048819025405454        16.309446358652114        16.639320639710299        16.141108970735015        15.808049858020201        15.524817328908686        15.587447024501653        15.897886214239811        16.169369935656810        32.780959211673547        19.489918465274275     
   6077.1786019864194       -4.5734510000000004        3.2053594577401032        9.1896959999999996        4.6581000000000001E-003   16.027829009487601        16.285773954504076        15.608395119533672        17.138262659424353        16.404881839044176        16.017001576253911        15.944698766572063        15.996347240230900        16.340192398474226        16.016893429136172        15.945863353987104        15.977817985839923        16.053502818034818        16.321650940015733        16.648053479399209        16.147852198299368        15.814556515295958        15.530214146275394        15.591938361692950        15.904019897427172        16.180183610498258        32.847954359421252        19.509164443188187     
   6064.8630701404672       -4.5769760000000002        3.2069507200278395        9.1896968999999995        4.6581000000000001E-003   16.035065733211106        16.293983886167407        15.614558531916142        17.151755897615558        16.413190880090244        16.024418821346803        15.950947585992491        16.001768165361852        16.348009913474773        16.024231692091227        15.952088532281884        15.983313050699071        16.058595486462035        16.334955017735371        16.657604735782247        16.155227283193483        15.821632540342979        15.536079068590379        15.596836725002213        15.910736033996148        16.191898091571797        32.923513276783851        19.530172089414233     
   6052.0986713807342       -4.5806399999999998        3.2085782377574721        9.1896977999999994        4.6581000000000001E-003   16.042574061079378        16.302518963030767        15.620930196496719        17.165749323864016        16.421859706918791        16.032096179833747        15.957407280236676        16.007371332483935        16.356176023344904        16.031826700401755        15.958522672873748        15.988991029350490        16.063862004642978        16.348750848103879        16.667543890891324        16.162901779496426        15.828951620291924        15.542140874008801        15.601918806041954        15.917733298050429        16.203964824162188        33.004646253170620        19.551986853988321     
   6039.1664543176194       -4.5843550000000004        3.2101953144891886        9.1896985999999998        4.6579999999999998E-003   16.050235864196420        16.311239774126754        15.627415234948653        17.179982057069708        16.430748240117747        16.039910474917775        15.963980996222126        16.013078863367678        16.364562210712155        16.039557054788393        15.965069408317291        15.994772246771969        16.069232170990961        16.362781787725929        16.677701635075799        16.170755569284697        15.836398128559342        15.548311470870605        15.607119720208047        15.924906919085704        16.216159244825160        33.089819768614419        19.574178083887080     
   6026.0676104144641       -4.5881270000000001        3.2118038053876097        9.1896994999999997        4.6579999999999998E-003   16.057957528345977        16.320053336512938        15.633919163455030        17.194359904516983        16.439764729948280        16.047767352247536        15.970574223788493        16.018796382971235        16.373077043187113        16.047328388414069        15.971634188332768        16.000562241102227        16.074611779460103        16.376953600404345        16.687985412631171        16.178695937825776        15.843877557074745        15.554496384554778        15.612345927121883        15.932164435611817        16.228384018924100        33.179047783852766        19.596652143662819     
   6012.8310347125580       -4.5919499999999998        3.2134055692244901        9.1897003000000002        4.6579999999999998E-003   16.065768926595943        16.328987793356877        15.640473631728167        17.208898071161240        16.448938040406109        16.055695705110910        15.977218395774891        16.024557320505213        16.381750744131640        16.055169765368472        15.978248469206601        16.006394203610629        16.080035144803187        16.391281887691555        16.698420643922503        16.186753131834621        15.851419459352304        15.560727950193549        15.617632749733222        15.939537855914455        16.240655955024060        33.272284668724851        19.619407661292787     
   5999.5268321214571       -4.5957960000000000        3.2149987232672808        9.1897011000000006        4.6579999999999998E-003   16.073659682562951        16.338034317647423        15.647065755026386        17.223537615373086        16.458273304339091        16.063679424601883        15.983901298501124        16.030348490418486        16.390593958590674        16.063067588314563        15.984899855132852        16.012257130441668        16.085488436558780        16.405707561042679        16.708995547881418        16.194927541875078        15.859010445025763        15.566995995744133        15.622944651318630        15.946960683231616        16.252833563203243        33.369003039838248        19.642331100367873     
   5986.7069513690449       -4.5995160000000004        3.2165832547445947        9.1897018999999993        4.6579999999999998E-003   16.082070804125550        16.347750800432912        15.653990665842688        17.238119214493665        16.468660019245657        16.072048040741048        15.990944765189713        16.036384921942233        16.400579092422408        16.071407364790080        15.991903395499396        16.018431720157249        16.091136654314806        16.420050157020260        16.720312959596679        16.203921083628920        15.867020220262948        15.573636236273387        15.627869042145228        15.953399075918998        16.262616215941591        33.462558791845481        19.664613853021184     
   5973.9419752901431       -4.6032229999999998        3.2181610252193842        9.1897027999999992        4.6579999999999998E-003   16.090443909713048        16.357420679647170        15.660885923278258        17.252647078123783        16.478994834810411        16.080376679150021        15.997960142941679        16.042397574080930        16.410511476200224        16.079707786763588        15.998877446257648        16.024585583060425        16.096765395953273        16.434339541759062        16.731576411514755        16.212868547428645        15.874994125589968        15.580250613663555        15.632778107374598        15.959824864258671        16.272426925624575        33.558918870150990        19.686833787139765     
   5961.2042169480810       -4.6069300000000002        3.2197301495031057        9.1897035999999996        4.6579999999999998E-003   16.098797174422874        16.367064975112200        15.667766474043496        17.267152623491388        16.489300244993725        16.088683433113893        16.004962617429541        16.048399464823586        16.420412757132503        16.087986881693727        16.005837118550147        16.030732005931867        16.102386828321077        16.448606619792290        16.742810387012788        16.221789412534694        15.882949460358152        15.586853440589163        15.637682481330963        15.966251887743820        16.282286255968089        33.658260261232314        19.709038825288378     
   5948.5073152371506       -4.6106350000000003        3.2212924909942067        9.1897044000000001        4.6579999999999998E-003   16.107121672584015        16.376673401179605        15.674624955291844        17.281620254134246        16.499565271429535        16.096959446818889        16.011944679571457        16.054384152848225        16.430272409366957        16.096235819272525        16.012774961626633        16.036864364908581        16.107994892987552        16.462836054125876        16.754002901114664        16.230674187584146        15.890877724403556        15.593437631090698        15.642576845595926        15.972673122112784        16.292183112400100        33.760451577091317        19.731204910627657     
   5935.8237891850185       -4.6143440000000000        3.2228461628847653        9.1897052000000006        4.6579999999999998E-003   16.115435434275799        16.386266785947466        15.681476211335095        17.296081228253538        16.509812178926850        16.105222658862818        16.018921428030655        16.060364578177420        16.440111836625995        16.104472476313543        16.019705988372166        16.042995896568911        16.113601698198746        16.477058590591479        16.765178213689882        16.239542150716485        15.898796087368648        15.600017419515826        15.647471757287331        15.979102370850800        16.302138470888043        33.865693651273560        19.753379812883299     
   5923.1673072003514       -4.6180560000000002        3.2243911527018168        9.1897061000000004        4.6579999999999998E-003   16.123729513058105        16.395834817326591        15.688312863347292        17.310519924758861        16.520029959705379        16.113464189553579        16.025885339800041        16.066334287984152        16.449920482005655        16.112687999316226        16.026622732455049        16.049119969301916        16.119201177993158        16.491258867599608        16.776324309377973        16.248383783270771        15.906696028964436        15.606585707487039        15.652361892799366        15.985532610073449        16.312141282268620        33.973858300762501        19.775539458492158     
   5910.5242021186532       -4.6217660000000000        3.2259274480382545        9.1897068999999991        4.6579999999999998E-003   16.132012868175263        16.405387846362366        15.695142285080006        17.324951886375242        16.530229684266725        16.121692946752024        16.032843914707904        16.072299715510287        16.459708987096622        16.120891265804371        16.033532650092464        16.055243163566661        16.124799360204168        16.505452172441824        16.787453247475256        16.257208664944901        15.914586076285644        15.613149566809664        15.657252548358141        15.991970762049437        16.322201995278494        34.085046425258327        19.797707668938155     
   5897.9352449007447       -4.6254730000000004        3.2274569159255098        9.1897076999999996        4.6579999999999998E-003   16.140258806826825        16.414895108403780        15.701942457813924        17.339330509307125        16.540378518354618        16.129882432904949        16.039774702141276        16.078241609215286        16.469445863445184        16.129055856428504        16.040413459895355        16.061345691751452        16.130378153451137        16.519592675035501        16.798529184383124        16.265988398819221        15.922440803768357        15.619687815002028        15.662127885780261        15.998395922910557        16.332287629523368        34.198874729945800        19.819812678303325     
   5885.3595496265925       -4.6291799999999999        3.2289776663848566        9.1897085000000001        4.6579999999999998E-003   16.148494125412437        16.424387519839723        15.708735466769099        17.353702423717674        16.550509481173396        16.138059277685283        16.046700195340382        16.084179250737474        16.479162812399952        16.137208316089652        16.047287505034522        16.067447328755502        16.135955639617261        16.533726236097852        16.809588135104686        16.274751558530845        15.930285733789560        15.626221666533251        15.667003694484396        16.004828843646113        16.342430393161184        34.315687833038496        19.841926024294683     
   5872.8241911628375       -4.6328860000000001        3.2304915682318476        9.1897093000000005        4.6579999999999998E-003   16.156701106184268        16.433844675105398        15.715506686999962        17.368036633637157        16.560600807508120        16.146205902468225        16.053605471325309        16.090099843834015        16.488838976017053        16.145331115552043        16.054139983001630        16.073534902759970        16.141519781496996        16.547822375935343        16.820606324486008        16.283479324476588        15.938103986393308        15.632737038485768        15.671869441009228        16.011255581245305        16.352608015061310        34.435214365617796        19.863999895605946     
   5860.3290259291489       -4.6365850000000002        3.2319967299231416        9.1897100999999992        4.6579999999999998E-003   16.164879861735873        16.443266729008851        15.722256196064411        17.382333222385363        16.570652682062029        16.154322438979303        16.060490589981850        16.096003437110870        16.498474558097932        16.153424381616514        16.060970967634017        16.079608430519496        16.147070599149867        16.561881179791133        16.831583929861633        16.292171866962942        15.945895665684926        15.639233981628262        15.676725127519031        16.017676070244026        16.362819961679079        34.557425929116889        19.886034242436555     
   5847.8873761710101       -4.6402809999999999        3.2334950220418497        9.1897108999999997        4.6579999999999998E-003   16.173021693522028        16.452643689732962        15.728976797727594        17.396576853333539        16.580654467704843        16.162400278021774        16.067348188224965        16.101883713946851        16.508059393014367        16.161479524506468        16.067773170445509        16.085661375087600        16.152602123678012        16.575887569951462        16.842509306276998        16.300819999625315        15.953652481165879        15.645705541348956        15.681565514604980        16.024083303687593        16.373054591570476        34.682157717687403        19.908005220818456     
   5835.4318305245833       -4.6439830000000004        3.2349845514976558        9.1897116000000008        4.6579999999999998E-003   16.181170719890311        16.462026381208407        15.735704901029226        17.410844659097332        16.590660385892203        16.170483199829942        16.074215407138677        16.107772523583648        16.517645454653472        16.169540199206633        16.074583439473152        16.091726503509786        16.158144306004548        16.589917395616684        16.853441670009733        16.309470609033827        15.961416462103433        15.652186765632649        15.686416824822405        16.030511957242279        16.383367046877101        34.810070936247627        19.930031752791077     
   5823.0162221973242       -4.6476839999999999        3.2364653063056452        9.1897123999999994        4.6579999999999998E-003   16.189291735841451        16.471374275939482        15.742411435752413        17.425074953143838        16.600627220777326        16.178536293625928        16.081062570706059        16.113644411920827        16.527191349642862        16.177571589568583        16.081372349529577        16.097777591213976        16.163673176022517        16.603910000847389        16.864333796432316        16.318086339563425        15.969154068359604        15.658649643645344        15.691258029750617        16.036934147206225        16.393712534804177        34.940603261290974        19.952018490023267     
   5810.6404091023778       -4.6513809999999998        3.2379391596750327        9.1897131999999999        4.6579999999999998E-003   16.197384848057439        16.480687521885724        15.749096474296199        17.439267816311581        16.610555150792962        16.186559683578547        16.087889733299836        16.119499425525255        16.536697274937122        16.185573814962819        16.088139968578179        16.103814652524740        16.169188755518910        16.617865468066935        16.875185856213584        16.326667354162094        15.976865397177150        15.665094221583690        15.696089153815802        16.043349837249703        16.404090541083558        35.073726917223254        19.973965412756346     
   5798.2641966011834       -4.6550870000000000        3.2394061021680818        9.1897140000000004        4.6579999999999998E-003   16.205581032178500        16.490158398787294        15.755808500675116        17.453417218010987        16.620731330384597        16.194663360986173        16.094747042315898        16.125340316425390        16.546468037824329        16.193662140277901        16.094939807054473        16.109845576325025        16.174663860660562        16.631782979112092        16.886198615229993        16.335458077580743        15.984639690054617        15.671554414120717        15.700852194884529        16.049639950354209        16.413866571165972        35.167269045229588        19.995689603993217     
   5785.8077649714951       -4.6588229999999999        3.2408642376546646        9.1897146999999997        4.6579999999999998E-003   16.214050342169319        16.500033120296781        15.762616812119944        17.467559617244071        16.631516347747073        16.202994703833607        16.101704836540289        16.131182320117190        16.556884236536316        16.201989327181408        16.101847168753871        16.115888800900155        16.180077138299286        16.645704635636857        16.897636097108059        16.344764173161451        15.992595809140955        15.678080263045253        15.705498335486919        16.055696295967746        16.422325171796391        35.170451197508470        20.017060249210754     
   5773.3382125929938       -4.6625709999999998        3.2423154419196267        9.1897155000000001        4.6579999999999998E-003   16.222523140845929        16.509913762273857        15.769425365917147        17.481732208532627        16.642311711938731        16.211329865314841        16.108663031366032        16.137026537934524        16.567309373405084        16.210319853093697        16.108755353308862        16.121932956802116        16.185492651167930        16.659656252341353        16.909086583384248        16.354075590897740        16.000551884607983        15.684605581548130        15.710161720389838        16.061789648955180        16.430834200163748        35.172469322819651        20.038513127079018     
   5760.8822696126572       -4.6663240000000004        3.2437578173390427        9.1897161999999994        4.6579999999999998E-003   16.230981255361147        16.519779132316980        15.776219558554665        17.495904606645656        16.653094269488840        16.219650966747945        16.115606700919315        16.142860438294317        16.577721087968126        16.218635849289758        16.115649542000870        16.127965081541905        16.190898792446230        16.673607916983709        16.920525516764503        16.363372357896733        16.008490850672246        15.691116373289834        15.714832395553497        16.067907001793937        16.439375444416189        35.173319721339951        20.060002301642530     
   5748.4267277111376       -4.6700840000000001        3.2451932413985376        9.1897169000000005        4.6579999999999998E-003   16.239509240889117        16.529733065188623        15.783073167942337        17.510230619219637        16.663976041038080        16.228054615514633        16.122604877355119        16.148744038697568        16.588229287985559        16.227033511224683        16.122604877355119        16.134040501460309        16.196339814738156        16.687708427852218        16.932067887756688        16.372753781952824        16.016494551819910        15.697673789175372        15.719511567807810        16.073995566250456        16.447856652309216        35.166704621175398        20.081735490959741     
   5735.9584930690571       -4.6738600000000003        3.2466217048917816        9.1897176999999992        4.6579000000000004E-003   16.248610938434350        16.540387162167878        15.790435980284936        17.525596707057133        16.675610689512194        16.237115979704303        16.130078174283828        16.155050360661033        16.599477082377053        16.236084744330849        16.130078174283828        16.140503113320321        16.202098700446516        16.702815718238153        16.944382658711007        16.382806236613714        16.025055704828898        15.704654812086805        15.724227909360255        16.079756474255227        16.455725445436425        35.116601737288249        20.104884170359174     
   5723.4777652843595       -4.6776410000000004        3.2480413079805239        9.1897184000000003        4.6579000000000004E-003   16.257670658835149        16.551003358190702        15.797755549672562        17.540951275999827        16.687208896695342        16.246134373159389        16.137507861707885        16.161314834764152        16.610687094397573        16.245091021723351        16.137507861707885        16.146922057531466        16.207817643433806        16.717911230011627        16.956665620267522        16.392817735718030        16.033575360520089        15.711592685739181        15.728913088531460        16.085505043477458        16.463582308615965        35.067481307416898        20.128079343583298     
   5711.0241940012693       -4.6814270000000002        3.2494558221139616        9.1897190999999996        4.6579000000000004E-003   16.266706252596084        16.561594555437171        15.805055253096125        17.556292132012377        16.698780444269719        16.255127779721757        16.144916968457920        16.167564183078472        16.621870341018674        16.254070369248709        16.144916968457920        16.153323570136060        16.213525091551315        16.732993592537028        16.968924371335216        16.402803107229023        16.042073083678698        15.718511998900450        15.733598798221813        16.091269550091170        16.471448836659359        35.019543650807364        20.151293788961201     
   5698.6108416519019       -4.6852070000000001        3.2508614560964220        9.1897198000000007        4.6579000000000004E-003   16.275708278193353        16.572149660405813        15.812327465921047        17.571603024627930        16.710313206586815        16.264086809850301        16.152297759018467        16.173791862834495        16.633015111610725        16.263013428071634        16.152297759018467        16.159700964729961        16.219215050579049        16.748046826481787        16.981146033541830        16.412751912917795        16.050539988722509        15.725405522059116        15.738280036452746        16.097043716902952        16.479316561622085        34.972830297378025        20.174502591560586     
   5686.3292157733367       -4.6889570000000003        3.2522600915757667        9.1897205000000000        4.6579000000000004E-003   16.284610466466926        16.582590903467530        15.819518660821075        17.586770681468494        16.721722197240641        16.272945530919802        16.159595915485621        16.179951996270791        16.644039299511373        16.271854423816873        16.159595915485621        16.166007300471847        16.224845556225173        16.762959558871554        16.993240461070233        16.422590902929674        16.058913730312806        15.732222509693763        15.742922072634546        16.102784391596675        16.487126933792002        34.927663425091467        20.197533226795738     
   5674.1001893481698       -4.6926969999999999        3.2536498258154340        9.1897211999999993        4.6579000000000004E-003   16.293470268193232        16.592985595986828        15.826675254758808        17.601892391634646        16.733080952064402        16.281761134503679        16.166858554339001        16.186084304030356        16.655013982230333        16.280650477020959        16.166858554339001        16.172283283064349        16.230452863441432        16.777827436383241        17.005285519509950        16.432383562063141        16.067248332278904        15.739006957428874        15.747554579912535        16.108527937457001        16.494929687516041        34.883728443936192        20.220532546979701     
   5661.9235367433193       -4.6964300000000003        3.2550344366200128        9.1897219999999997        4.6579000000000004E-003   16.302287907037236        16.603333959756203        15.833797432922189        17.616968192483988        16.744389705295905        16.290533855408075        16.174085869320088        16.192188919691620        16.665939398736565        16.289401846643365        16.174085869320088        16.178529074223253        16.236037062693253        16.792650492091024        17.017281406560901        16.442130131625568        16.075543995987271        15.745759037738122        15.752177487666533        16.114274075445440        16.502724618146818        34.841010822276473        20.243500083829201     
   5649.7990335332161       -4.7001559999999998        3.2564101268338312        9.1897227000000008        4.6579000000000004E-003   16.311063588920273        16.613636196179119        15.840885366391227        17.631998114595191        16.755648669105835        16.299263910130417        16.181278037909674        16.198265970271425        16.676815765803727        16.298108772833892        16.181278037909674        16.184744825648298        16.241598247503333        16.807428751115221        17.029228299331262        16.451830831408831        16.083800905190117        15.752478908910430        15.756790794912185        16.120022625287920        16.510511574095442        34.799497217598926        20.266435458074479     
   5637.6875125929173       -4.7038820000000001        3.2577806773852589        9.1897234000000001        4.6579000000000004E-003   16.319825701946744        16.623925606492378        15.847961986427588        17.647030562775022        16.766894232195757        16.307979546828964        16.188458332422528        16.204335100449370        16.687678243520178        16.306799444156621        16.188458332422528        16.190950646177459        16.247154374412471        16.822209805678419        17.041164778379443        16.461517038420993        16.092045764432665        15.759188309627906        15.761409300213973        16.125791908881968        16.518315489786797        34.759044933146924        20.289412200598480     
   5625.6408156361085       -4.7075990000000001        3.2591422881812235        9.1897240999999994        4.6579000000000004E-003   16.328536781391826        16.634158165799061        15.854997038463306        17.662001013706938        16.778078272670250        16.316643508384274        16.195596058879701        16.210370345771789        16.698480358401184        16.315436728260220        16.195596058879701        16.197120004209580        16.252681652478145        16.836930208532163        17.053039728618305        16.471147331940816        16.100243313785644        15.765858552824014        15.766013136390921        16.131556971887996        16.526102717969675        34.719817300643967        20.312331327580299     
   5613.6586378918728       -4.7113060000000004        3.2604968457315953        9.1897248000000005        4.6579000000000004E-003   16.337197114096515        16.644334161623487        15.861990759778802        17.676909549636434        16.789201094954244        16.325256094774499        16.202691464323902        16.216371881413682        16.709222419540705        16.324020954094689        16.202691464323902        16.203253107962215        16.258180207217055        16.851590035595866        17.064853412655662        16.480722021068249        16.108393811781944        15.772489859386294        15.770602258366228        16.137317531813306        16.533873052938088        34.681797106022572        20.335192368843099     
   5601.7019812550498       -4.7150090000000002        3.2618424430705257        9.1897254999999998        4.6579000000000004E-003   16.345834932584172        16.654486733263166        15.868965953680547        17.691804487429355        16.800298914965307        16.333845393063715        16.209767687966465        16.222359255972105        16.719939413547944        16.332580136966776        16.209767687966465        16.209369954773226        16.263667924741693        16.866236794259510        17.076644253845632        16.490272313557792        16.116523820993642        15.779103848107486        15.775191490772475        16.143092041242593        16.541651505902845        34.644849361270872        20.358069002423324     
   5589.7450495811345       -4.7187219999999996        3.2631828672908916        9.1897262000000008        4.6579000000000004E-003   16.354468885515391        16.664637790105211        15.875937680384457        17.706717904958008        16.811395680021484        16.342429950032916        16.216840009383564        16.228345391358051        16.730654468924943        16.341132764429933        16.216840009383564        16.215483751619679        16.269156641868296        16.880902026950007        17.088437683188527        16.499818826541730        16.124650891554882        15.785714798511897        15.779790703712397        16.148892875915021        16.549454780961003        34.608891190402119        20.381010380730874     
   5577.8264835940836       -4.7224310000000003        3.2645143125356482        9.1897268000000008        4.6579000000000004E-003   16.363071085013097        16.674754529301484        15.882883423087474        17.721601516979351        16.822455527971798        16.350982041606141        16.223885588178721        16.234310947415885        16.741332961516942        16.349651224110417        16.223885588178721        16.221574753541891        16.274628618420586        16.895538250082073        17.100195570098986        16.509330721393280        16.132748769443698        15.792301357557083        15.784385010475450        16.154701198909034        16.557257559941579        34.574034393517991        20.403942084898834     
   5565.9461466612374       -4.7261350000000002        3.2658405689255829        9.1897275000000000        4.6579000000000004E-003   16.371641679483016        16.684837096891794        15.889803304136354        17.736455327604574        16.833478613426937        16.359501824102583        16.230904553298334        16.240256008954013        16.751975049520070        16.358135689588440        16.230904553298334        16.227643066025610        16.280083905363231        16.910145465730846        17.111918041904023        16.518808159243569        16.140817587871606        15.798863639362875        15.788974320928439        16.160516755663906        16.565059661985824        34.540268344112803        20.426863708255926     
   5554.1039027049146       -4.7298359999999997        3.2671578277645641        9.1897281999999993        4.6579000000000004E-003   16.380180800347485        16.694885618450716        15.896697433287162        17.751279330908677        16.844465067603227        16.367989436665358        16.237897019178323        16.246180655500769        16.762580868347204        16.366586316719939        16.237897019178323        16.233688786321142        16.285522558480828        16.924723664746789        17.123605203603109        16.528251279933599        16.148857463821454        15.805401745366854        15.793558617565136        16.166339398337666        16.572860959357687        34.507583559412311        20.449774929444349     
   5542.2740930257823       -4.7335409999999998        3.2684679802827752        9.1897289000000004        4.6579000000000004E-003   16.388706974864434        16.704921877145360        15.903580770842634        17.766105532198178        16.855438703113929        16.376463300472409        16.244878161941234        16.252097732652903        16.773173411414465        16.375021457936793        16.244878161941234        16.239725033737368        16.290956356261500        16.939304319843941        17.135282363255701        16.537680569054874        16.156885836968332        15.811929861711032        15.798147771458712        16.172181578788717        16.580678200787798        34.475902976681922        20.472724987233843     
   5530.4822143131587       -4.7372420000000002        3.2697710180367130        9.1897295999999997        4.6579000000000004E-003   16.397201852126397        16.714924252995701        15.910438503920329        17.780901863455778        16.866375876927545        16.384905182853675        16.251832960661311        16.257994495990776        16.783729862544224        16.383422975357963        16.251832960661311        16.245738818350535        16.296373581769185        16.953855892234667        17.146924338869582        16.547075728901643        16.164885423471954        15.818433938372987        15.802731829491499        16.178030541139098        16.588494383785974        34.445288656814682        20.495664015848664     
   5518.7281316182916       -4.7409379999999999        3.2710669326265691        9.1897301999999996        4.6579000000000004E-003   16.405665562006106        16.724892869985194        15.917270741245520        17.795668319687135        16.877276718307247        16.393315221294667        16.258761528689600        16.263871024516984        16.794250355233192        16.391791022817369        16.258761528689600        16.251730236664340        16.301774290925401        16.968378373723528        17.158531234001526        16.556436897413878        16.172856339136775        15.824914075906694        15.807310776617793        16.183886144525371        16.596309384320023        34.415731350027187        20.518591703102931     
   5507.0117105401887       -4.7446310000000000        3.2723557156963206        9.1897309000000007        4.6579000000000004E-003   16.414098249983429        16.734827872215359        15.924077602220688        17.810404909641800        16.888141380478217        16.401693568836524        16.265663991809152        16.269727400999432        16.804735045812443        16.400125770103617        16.265663991809152        16.257699391316248        16.307158533127438        16.982871771070339        17.170103175766517        16.565764233102360        16.180798714386839        15.831370385641048        15.811884523196056        16.189748137121725        16.604123028038785        34.387220675186470        20.541507659246530     
   5495.3075103386636       -4.7483290000000000        3.2736373589338159        9.1897315000000006        4.6579000000000004E-003   16.422768680768048        16.745078551114204        15.931042310003765        17.825754641080675        16.899380915648056        16.410313486873129        16.272758999259253        16.275691169340170        16.815573660524766        16.408692961003251        16.272733297089754        16.263795257787937        16.312642069933883        16.997971630956801        17.182118675891633        16.575374992754700        16.188968787144727        15.837983124813977        15.816458734541616        16.195531349292086        16.611311806047649        34.373623496059764        20.565381367060066     
   5483.6281853888286       -4.7520239999999996        3.2749118540708686        9.1897321999999999        4.6579000000000004E-003   16.431793576425672        16.755798074885053        15.938242317194753        17.842004284602726        16.911180338881966        16.419295227667483        16.280141415477825        16.281812447826230        16.826940682300243        16.417610775770516        16.280050821678483        16.270079119354374        16.318267536110856        17.013960677537867        17.194792995572723        16.585409494620915        16.197477280867375        15.844828753257183        15.821015661794924        16.201168150347026        16.617529294368584        34.379851034442197        20.590628196021900     
   5471.9988822507257       -4.7557150000000004        3.2761791928833444        9.1897327999999998        4.6579000000000004E-003   16.440780704226171        16.766475181382770        15.945411483132190        17.858207153915888        16.922938290341147        16.428240275960739        16.287492208708361        16.287906617015995        16.838265951330992        16.426492586059755        16.287335696347402        16.276334760183371        16.323866300883285        17.029902760783767        17.207423815859986        16.595404513019464        16.205949804289265        15.851645058228645        15.825547400158147        16.206786892309911        16.623708495002351        34.384260572265873        20.615814582893879     
   5460.3816687344424       -4.7594070000000004        3.2774393671912483        9.1897335000000009        4.6579000000000004E-003   16.449759381913442        16.777144683159943        15.952573199133180        17.874415926099854        16.934693066194772        16.437177805216940        16.294835363894894        16.293993564147424        16.849586368874728        16.435367356107530        16.294611701421136        16.282582599147979        16.329456642314160        17.045849718332658        17.220052265929500        16.605392636090958        16.214413999134575        15.858454280091802        15.830068725724491        16.212405776945303        16.629869624336646        34.386879919166148        20.641022245100391     
   5448.7765726157413       -4.7631019999999999        3.2786923688588168        9.1897341000000008        4.6579000000000004E-003   16.458729574295077        16.787806529408396        15.959727440998247        17.890630481526042        16.946444592916261        16.446107777481021        16.302170855177756        16.300073275195938        16.860901869730480        16.444235046437569        16.301878815306484        16.288822621483828        16.335038560005426        17.061801434487858        17.232678265132840        16.615373814229951        16.222869833594395        15.865256395489961        15.834579697037764        16.218024850120273        16.636012735389528        34.387715508627053        20.666251027873511     
   5437.2211803913833       -4.7667900000000003        3.2799400979792757        9.1897348000000001        4.6579000000000004E-003   16.467662232869127        16.798426175659610        15.966851044682027        17.906798133783305        16.958154755366660        16.455001267642054        16.309474932734997        16.306126068389155        16.872175767311997        16.453066930720770        16.309113519896567        16.295034631200394        16.340593990927854        17.077706085182701        17.245260852160978        16.625315707955469        16.231289927493048        15.872029380842267        15.839065696547056        16.223625785654612        16.642117993710503        34.386777875996486        20.691418788047766     
   5425.7027871795144       -4.7704750000000002        3.2811787308162104        9.1897354000000000        4.6579000000000004E-003   16.476567157932291        16.809015244373089        15.973951835496234        17.922936395335778        16.969836310420359        16.463868022871150        16.316755619044088        16.312158606515521        16.883420363024062        16.461872683431466        16.316323775960360        16.301225469039419        16.346129077186326        17.093580907479669        17.257813724302043        16.635229194096116        16.239683523066549        15.878780675963831        15.843531772146626        16.229214753748941        16.648192270921381        34.384086781351570        20.716552722128963     
   5414.1963282592169       -4.7741629999999997        3.2824101668678058        9.1897359999999999        4.6578000000000001E-003   16.485510346681259        16.819643383073220        15.981091888250115        17.939126866214011        16.981561249483072        16.472773951860646        16.324075380993357        16.318230642910564        16.894706710483419        16.470718078093817        16.323571905214038        16.307455236239555        16.351702496876044        17.109506936632641        17.270410758127348        16.645182450288530        16.248115506996889        15.885571595140119        15.848034271639429        16.234850459428920        16.654295462701398        34.379693678387731        20.741753818632453     
   5402.7267116727062       -4.7778499999999999        3.2836363083898972        9.1897366999999992        4.6578000000000001E-003   16.494379301623241        16.830194432763768        15.988162611864285        17.955241224500355        16.993211006088401        16.481606632469799        16.331325239148200        16.324235901353191        16.905917205749482        16.479490821178523        16.330749091274065        16.313617318633618        16.357209060255059        17.125356431554103        17.282931488575265        16.655060778711494        16.256474490518563        15.892294303061513        15.852470318278277        16.240427486646240        16.660321278375690        34.373525485234261        20.766874063492246     
   5391.2938066082797       -4.7815300000000001        3.2848533277096430        9.1897373000000009        4.6578000000000001E-003   16.503220724056746        16.840715085525858        15.995210699977955        17.971326049572809        17.004832230093875        16.490412756927732        16.338551887890901        16.330221076692602        16.917098513926213        16.488237600032974        16.337902040047766        16.319758414957519        16.362695479548840        17.141175980155133        17.295422559590662        16.664910863273782        16.264807173906092        15.898995489398098        15.856886688745982        16.245992542153878        16.666316541760921        34.365646495223409        20.791959971153084     
   5379.8850951270597       -4.7852079999999999        3.2860650380473433        9.1897379000000008        4.6578000000000001E-003   16.512044293200184        16.851216841062239        16.002243872894248        17.987398782219486        17.016437584607218        16.499201959130808        16.345763243672849        16.336192729778425        16.928262832737254        16.496967980529945        16.345038597256121        16.325885260864091        16.368167779283489        17.156982743132822        17.307897573318002        16.674743469714080        16.273122682114405        15.905682494628680        15.861288235959789        16.251551632943176        16.672287893669768        34.356061350622461        20.817038614276633     
   5368.5005260321213       -4.7888929999999998        3.2872695213535330        9.1897385000000007        4.6578000000000001E-003   16.520850043238035        16.861699725182902        16.009262162176306        18.003459355289841        17.028027066372246        16.507974267697769        16.352959338856500        16.342150892821643        16.939410169979716        16.505681988483410        16.352158802877973        16.331997891801265        16.373625999921508        17.172776660095117        17.320356519910725        16.684558620839269        16.281421049589312        15.912355348762967        15.865675014354560        16.257104747080426        16.678235432116068        34.344780911019683        20.842109814479976     
   5357.1277129782829       -4.7925750000000003        3.2884667698374632        9.1897391000000006        4.6578000000000001E-003   16.529647550732363        16.872175127361650        16.016273203662635        18.019525139307696        17.039613243602126        16.516739218798762        16.360148002727549        16.348102052272523        16.950552622481467        16.514389094745184        16.359270409525017        16.338102964159880        16.379076091780270        17.188574817336331        17.332812905775832        16.694366979631546        16.289711302753624        15.919021311808025        15.870051822589181        16.262657899248900        16.684165680848103        34.331800981679201        20.867200633561659     
   5345.7913016013881       -4.7962540000000002        3.2896567757533686        9.1897397000000005        4.6578000000000001E-003   16.538417745607681        16.882620325658628        16.023261804006523        18.035561180509632        17.051170953489560        16.525477807543211        16.367313657028411        16.354033316955018        16.961666001949638        16.523070417258367        16.366358013817965        16.344187255758115        16.384506259898210        17.204342848953331        17.345239671891868        16.704147269681414        16.297975473301342        15.925665938224876        15.874409209896401        16.268199018269307        16.690065859158707        34.317160503594430        20.892256408986945     
   5334.5034458535765       -4.7999289999999997        3.2908414455698365        9.1897403000000004        4.6578000000000001E-003   16.547151215765254        16.893024084404274        16.030220470638049        18.051550043243687        17.062687708248653        16.534180646253589        16.374448619370668        16.359938337335045        16.972738319715980        16.531716625315603        16.373414030938562        16.350244257431633        16.389910710271010        17.220063620525679        17.357623380423739        16.713888968179667        16.306204696075071        15.932282104223676        15.878742565088116        16.273722098745687        16.695929765682365        34.300894229915706        20.917249769987897     
   5323.2026533640228       -4.8036130000000004        3.2920188587537300        9.1897409000000003        4.6578000000000001E-003   16.555895534023058        16.903443063885653        16.037187111890297        18.067578727432085        17.074226206494082        16.542895136919007        16.381591758463159        16.365849285877189        16.983829862775288        16.540374810539440        16.380476905340750        16.356306971413261        16.395318896206248        17.235822677305329        17.370031445190179        16.723645128726204        16.314443798800120        15.938905852311409        15.883075521020162        16.279257202936108        16.701789397316631        34.282921524967563        20.942316660191260     
   5311.9380320306645       -4.8072929999999996        3.2931890076827668        9.1897415000000002        4.6578000000000001E-003   16.564612699300781        16.913831978251359        16.044131454115529        18.083577513958879        17.085736281329368        16.551583405525292        16.388712033700166        16.371740478964540        16.994892412691001        16.549007342381103        16.387515948980770        16.362349055825263        16.400707323753963        17.251551475629505        17.382409915580403        16.733373345774815        16.322656977025737        15.945508398891812        15.887389264434249        16.284780259298799        16.707619324445801        34.263325638169583        20.967348011724916     
   5300.7216588383708       -4.8109679999999999        3.2943518847799620        9.1897421000000001        4.6578000000000001E-003   16.573293356473187        16.924179652645932        16.051046052192817        18.099529010185307        17.097205497259878        16.560236118583234        16.395801811344164        16.377605609903966        17.005914036224333        16.557604942737726        16.394523628926819        16.368364046578037        16.406070243308989        17.267232926036812        17.394745406990410        16.743063152815957        16.330835420327681        15.952082665288659        15.891679230166305        16.290285282612537        16.713413419461368        34.242146394945131        20.992316486419831     
   5289.5046103492286       -4.8146480000000000        3.2955074825137101        9.1897427000000000        4.6578000000000001E-003   16.581975363325441        16.934531200547532        16.057961066055633        18.115502658014805        17.108683826692030        16.568891006734361        16.402892015405726        16.383470266394042        17.016942766103071        16.566205099397315        16.401530518809217        16.374378187461026        16.411431062287768        17.282935300250159        17.407091660168398        16.752756793841591        16.339014798415242        15.958657326980910        15.895964164489962        16.295796249967275        16.719197024224300        34.219302002046533        21.017330710237623     
   5278.2869911955368       -4.8183340000000001        3.2966577107601602        9.1897432999999999        4.6578000000000001E-003   16.590658639033109        16.944886525985162        16.064876431201057        18.131498312011274        17.120171163994669        16.577547989568011        16.409982579747805        16.389334393568632        17.027978500571429        16.574807732512326        16.408536553054716        16.380391422161189        16.416789730257847        17.298658455150544        17.419448561653191        16.762454179017681        16.347195035099872        15.965232322640434        15.900244026472281        16.301313110912844        16.724970082920905        34.194792362626167        21.042390457182641     
   5267.1174175166097       -4.8220169999999998        3.2978006459702569        9.1897438000000005        4.6578000000000001E-003   16.599305540007187        16.955200720707985        16.071762174366725        18.147446507328233        17.131617660884935        16.586169531609130        16.417042771089982        16.395172582217818        17.038973360836479        16.583375539682621        16.415511372706291        16.386377696611689        16.422123042064811        17.314334114465808        17.431762484398412        16.772113251215437        16.355340669812477        15.971779154135207        15.904500329471814        16.306811961318914        16.730707651607247        34.168735102502268        21.067386865633921     
   5255.9714801758364       -4.8256969999999999        3.2989381993512290        9.1897444000000004        4.6578000000000001E-003   16.607934966542771        16.965496311125207        16.078633348697323        18.163381907354776        17.143048271245938        16.594774471073286        16.424088025265974        16.400997598311370        17.049951333272745        16.591927238071662        16.422470237986552        16.392350106280645        16.427442668809228        17.329996357754915        17.444060262703104        16.781755105856753        16.363469510192601        15.978312133978138        15.908742367488438        16.312304680777416        16.736422356891623        34.141087369674587        21.092374085883783     
   5244.8370524579859       -4.8293819999999998        3.3000684461674310        9.1897450000000003        4.6578000000000001E-003   16.616818381798062        16.976121224394099        16.085738180810679        18.179909653404039        17.154880221468545        16.603636640042758        16.431371156600562        16.407048403575224        17.061315485566510        16.600736021541934        16.429694159110205        16.398568603247575        16.432996664445838        17.346240658139806        17.456800875371066        16.791691698027371        16.371844343598141        15.985089740478374        15.913214582833563        16.317908309683460        16.741976195297823        34.112353933887036        21.118380096197363     
   5233.7262122883312       -4.8330679999999999        3.3011913790912608        9.1897455000000008        4.6578000000000001E-003   16.625984211181027        16.987116855074028        16.093102067592184        18.197108652136976        17.167163444401780        16.612783703061829        16.438918317678549        16.413349429596742        17.073115595849366        16.609829798612189        16.437215154332470        16.405062920661557        16.438814372700094        17.363144523478539        17.470042122898704        16.801956881944854        16.380492033844348        15.992139033727016        15.917954157975652        16.323639331982179        16.747347751664201        34.083481906854168        21.145546905499614     
   5222.6389096982120       -4.8367509999999996        3.3023089113056288        9.1897461000000007        4.6578000000000001E-003   16.635128636383627        16.998094260822398        16.100445242155239        18.214301369804332        17.179430022181847        16.621908650502725        16.446444755147887        16.419629998605267        17.084900084862959        16.618902325245053        16.444716289652710        16.411539118549506        16.444615014166331        17.380041172180441        17.483269810907785        16.812201458327849        16.389117856654060        15.999167848503356        15.922685656474863        16.329371205545364        16.752706364484176        34.054167616636171        21.172722729770761     
   5211.5870949337614       -4.8404330000000000        3.3034191163278881        9.1897467000000006        4.6578000000000001E-003   16.644241811085877        17.009041560474756        16.107759827849321        18.231469028082039        17.191666648628967        16.631001662342960        16.453942391079181        16.425883398105263        17.096656165686568        16.627943831903210        16.452189508332594        16.417990250531737        16.450392378125969        17.396912157426712        17.496469556504188        16.822414366845187        16.397712537546489        16.006168650412320        15.927403992049223        16.335097690546867        16.758046277171374        34.024447631647433        21.199877773343047     
   5200.5347179109904       -4.8441190000000001        3.3045219869560758        9.1897471999999993        4.6578000000000001E-003   16.653353464809058        17.019994430018009        16.115069705470638        18.248667477257463        17.203913184072746        16.640092404968620        16.461435700859873        16.432130059844219        17.108422130761596        16.636983813474032        16.459659202642484        16.424437379219924        16.456165335761511        17.413812369035277        17.509684337563399        16.832628906056129        16.406304122377549        16.013164298866890        15.932124576121874        16.340837447244645        16.763384921072188        33.994228559107320        21.227100327383468     
   5189.5057800125505       -4.8478079999999997        3.3056194383163691        9.1897477999999992        4.6578000000000001E-003   16.662443829052833        17.030929086963923        16.122359022141062        18.265859290647256        17.216143025565522        16.649161159415648        16.468908433531794        16.438356439840547        17.120172421508947        16.646002658762143        16.467109169804246        16.430866519213318        16.461921357857911        17.430705032969236        17.522885432791185        16.842822909692600        16.414873976271480        16.020139624410724        15.936837092206796        16.346577887667081        16.768710696134207        33.963575212235945        21.254331016867440     
   5178.5121554815087       -4.8514939999999998        3.3067114650943115        9.1897482999999998        4.6578000000000001E-003   16.671503120232252        17.041833700343965        16.129619964690384        18.283025706673016        17.228342911657990        16.658198169450046        16.476352574074994        16.444555891104152        17.131894292016867        16.654990659470883        16.474531413548618        16.437270781195622        16.467654291687715        17.447571721846991        17.536058494674762        16.852985374439342        16.423412888847160        16.027087155647571        15.941536509444527        16.352312810903818        16.774017891465270        33.932526954152550        21.281540051607330     
   5167.5418202164246       -4.8551760000000002        3.3077942150454183        9.1897488000000003        4.6578000000000001E-003   16.680599926394834        17.052777527519460        16.136917404257709        18.300109586179140        17.240570159943140        16.667292054468660        16.483842152253196        16.450772256615203        17.143652984782506        16.664038594626795        16.482001572459545        16.443704752437576        16.473389593727305        17.464364615168904        17.549242202158752        16.863200127526440        16.432005880746381        16.034070935714041        15.946175539114082        16.357918160471023        16.779233660764717        33.911727003407890        21.308365851899175     
   5156.5828513960705       -4.8588670000000000        3.3088734515592941        9.1897494000000002        4.6578000000000001E-003   16.689790527631509        17.063816580167654        16.144302505067181        18.317074172222242        17.252874420405760        16.676514369856598        16.491435681052288        16.457039593396907        17.155500995996697        16.673218310737902        16.489577763821643        16.450208652336286        16.479143431287739        17.481053745944671        17.562470903461453        16.873535797367062        16.440721711541222        16.041140427234787        15.950714773994763        16.363302387030856        16.784309376261938        33.909176662104727        21.334544667499564     
   5145.6589719103213       -4.8625520000000000        3.3099453218664436        9.1897499000000007        4.6578000000000001E-003   16.698954362540341        17.074827913123137        16.151660870491718        18.334014552869768        17.265154124047122        16.685709816812199        16.499002957036922        16.463279959212109        17.167321727845639        16.682370144073019        16.497126242196956        16.456684822644149        16.484868127931698        17.497718037290170        17.575674389316468        16.883845214003003        16.449411511449100        16.048182312273596        15.955232965301102        16.368679718204575        16.789372664614632        33.906377622451103        21.360697627095483     
   5134.7582339402670       -4.8662349999999996        3.3110098190058825        9.1897505000000006        4.6578000000000001E-003   16.708101444890154        17.085823527253005        16.159000578943136        18.350949029871529        17.277422603132713        16.694888445955648        16.506552279223158        16.469500234031344        17.179128044784278        16.691504106430621        16.504655297666609        16.463140403632536        16.490570023783924        17.514375501434962        17.588866983946296        16.894139617671193        16.458084781909626        16.055204337488135        15.959735048789037        16.374055872650054        16.794429024629792        33.903326267801305        21.386852818828842     
   5123.8923866467958       -4.8699149999999998        3.3120688618857788        9.1897509999999993        4.6578000000000001E-003   16.717221882244679        17.096791492272750        16.166313738127549        18.367859098023821        17.289666496524227        16.704040328472011        16.514075519004386        16.475693768503213        17.190907116214746        16.700610326590585        16.512156835946769        16.469568489937380        16.496243064735197        17.531007943389888        17.602034312010368        16.904407839245572        16.466732147400634        16.062198968659196        15.964216281693867        16.379425054030072        16.799472984213722        33.900030549567724        21.412981646118510     
   5113.0259865560492       -4.8736050000000004        3.3131224453701553        9.1897514999999999        4.6578000000000001E-003   16.726345418254702        17.107767558037615        16.173624220217803        18.384799782282421        17.301925683078558        16.713195311728875        16.521597229063467        16.481880797543582        17.202697324770114        16.709718508204844        16.519655345808694        16.475990082743181        16.501905802677101        17.547669489803738        17.615219253726515        16.914683350152977        16.475381812083640        16.069189047440886        15.968691283395346        16.384804688323392        16.804520974325278        33.896479639920649        21.439169041041019     
   5102.1826311824861       -4.8772909999999996        3.3141686373719836        9.1897520000000004        4.6578000000000001E-003   16.735452232117538        17.118727865615924        16.180916159201281        18.401734202064027        17.314173495336945        16.722333506645825        16.529101081173032        16.488047906484660        17.214473034242303        16.718808867343867        16.527134554051322        16.482391258015646        16.507545973143777        17.564323870919260        17.628393124225852        16.924943815183127        16.484014986606169        16.076159409381290        15.973150355628325        16.390183061130621        16.809562021004723        33.892682029901088        21.465357957284048     
   5091.3857182981792       -4.8809719999999999        3.3152093586389442        9.1897525000000009        4.6578000000000001E-003   16.744522648042413        17.129648692863903        16.188173849709358        18.418625531879947        17.326383364820423        16.731435169730219        16.536570901840918        16.494181853136716        17.226208734376357        16.727861774598225        16.534578354682480        16.488758268510097        16.513151506993921        17.580934879842602        17.641527335052800        16.935167029719075        16.492613024598150        16.083095060794406        15.977583938027918        16.395548469269791        16.814585210587339        33.888648342176040        21.491491336882795     
   5080.6116531510588       -4.8846540000000003        3.3162426760054089        9.1897531000000008        4.6578000000000001E-003   16.753576468911106        17.140553842712912        16.195413184143298        18.435510408543820        17.338581844285464        16.740520173588926        16.544023036800517        16.500296106976840        17.237929981365518        16.736897006581543        16.542003050690255        16.495105094210494        16.518734751854197        17.597538555364785        17.654650437249117        16.945375279976190        16.501194704236894        16.090011207455163        15.982001752416581        16.400912502779626        16.819601481871636        33.884370919795906        21.517625718675070     
   5069.8370398760553       -4.8883419999999997        3.3172705114319059        9.1897535999999995        4.6578000000000001E-003   16.762633334570474        17.151466954184869        16.202649885840550        18.452425393172661        17.350795358134192        16.749608222896505        16.551473666868624        16.506403965898528        17.249662175181363        16.745934163842769        16.549424768159227        16.501445535624129        16.524307870057243        17.614170851911901        17.667790856292207        16.955590693130937        16.509778642030305        16.096922877680385        15.986413469525774        16.406286856924751        16.824621721804469        33.879843846820584        21.543817733550945     
   5059.0969256507988       -4.8920260000000004        3.3182928599280994        9.1897541000000000        4.6578000000000001E-003   16.771663779325607        17.162352503954715        16.209860432792567        18.469315334319880        17.362984120756479        16.758669751957484        16.558898569499533        16.512485594120513        17.261367115377581        16.754943851255177        16.556819385393474        16.507759001655380        16.529852779638269        17.630777544814805        17.680905780950098        16.965780019328349        16.518336914384854        16.103807614811608        15.990804739843009        16.411653963383536        16.829629580315618        33.875081724986664        21.569981892173850     
   5048.3911879836069       -4.8957059999999997        3.3193077867315437        9.1897546000000006        4.6576999999999999E-003   16.780714502049236        17.173257165954251        16.217091556487944        18.486226765727778        17.375194753974181        16.767751459996713        16.566344467952575        16.518587745680364        17.273091457082955        16.763972778127691        16.564233639381175        16.514092248985857        16.535416263936579        17.647405178659216        17.694041822258946        16.975989931833610        16.526916222059999        16.110712164098924        15.995222294726549        16.417060408391155        16.834671699714225        33.870133519985544        21.596164575890139     
   5037.6965053762051       -4.8993900000000004        3.3203172155916549        9.1897550999999993        4.6576999999999999E-003   16.789711859767049        17.184111305495495        16.224265685254519        18.503103000673697        17.387360423971320        16.776779771519937        16.573734251397013        16.524630412876608        17.284767332678147        16.772947261011449        16.571590359618483        16.520365773322627        16.540917165145540        17.663996457750866        17.707134148282076        16.986149287284221        16.535441899920915        16.117558253966546        15.999582454800592        16.422424564108876        16.839665697701289        33.864896703193580        21.622329125105725     
   5027.0244787460861       -4.9030760000000004        3.3213211416042525        9.1897555999999998        4.6576999999999999E-003   16.798692701322938        17.194949734872687        16.231421671623973        18.519972217424375        17.399514487754484        16.785791501801992        16.581106533242856        16.530653692812294        17.296428649380783        16.781904178766130        16.578928202236884        16.526619421355985        16.546396185275331        17.680579876317683        17.720215100455135        16.996293655169826        16.543951311996214        16.124385101297737        16.003927140428992        16.427787185704418        16.844652760467536        33.859424739191979        21.648493516793362     
   5016.3750600980629       -4.9067590000000001        3.3223176284408353        9.1897561000000003        4.6576999999999999E-003   16.807657050946833        17.205772456575300        16.238559566457912        18.536834309351939        17.411656909998204        16.794786675210180        16.588461358356977        16.536657654381916        17.308075394999868        16.790843562480848        16.586247221139075        16.532853263016420        16.551853413898865        17.697155335636982        17.733284633685777        17.006423039602804        16.552444485138668        16.131192766889686        16.008256410733164        16.433148234875372        16.849632887306399        33.853719171029141        21.674657517570271     
   5005.7597277130753       -4.9104390000000002        3.3233105336039706        9.1897566000000008        4.6576999999999999E-003   16.816595226420279        17.216567747781266        16.245671699671131        18.553670873955699        17.423774490826236        16.803755576310547        16.595790814135110        16.542635878572543        17.319694935592551        16.799755765560274        16.593539553796759        16.539060631525420        16.557283050172533        17.713704753635042        17.746328531411930        17.016526470996368        16.560912250911674        16.137973950845680        16.012565648804738        16.438501855110843        16.854600681562868        33.847788099540054        21.700792488236250     
   4995.1668588162283       -4.9141199999999996        3.3242959888287782        9.1897570999999996        4.6576999999999999E-003   16.825826022162200        17.227618822504763        16.253130253859201        18.570806044506508        17.436178122780358        16.813012424414804        16.603457995255486        16.549029956014959        17.331596347065069        16.808964969270829        16.601160301175174        16.545649361867920        16.563129711678190        17.730552515420953        17.759650961662221        17.026927634736850        16.569684214825838        16.145107147208623        16.017269466791337        16.443823834469232        16.859518186378214        33.844972411184457        21.727469754320143     
   4984.6078833423062       -4.9177960000000001        3.3252739877005815        9.1897575000000007        4.6576999999999999E-003   16.835392988960173        17.238967958144972        16.260987716879715        18.588302597891094        17.448917575820534        16.822600914704303        16.611513424588459        16.555905395736811        17.343829481923432        16.818516790110657        16.609159846985811        16.552678433960967        16.569462793558085        17.747761039356281        17.773303374377381        17.037674863580566        16.578805003637878        16.152646695734646        16.022436946329396        16.449103846701657        16.864373288737116        33.845852737937022        21.754812664049549     
   4974.0941343333770       -4.9214669999999998        3.3262483910648886        9.1897579999999994        4.6576999999999999E-003   16.844916175141730        17.250280800494462        16.268798882353291        18.605785754576704        17.461627088474348        16.832146939355919        16.619522775834131        16.562733458755385        17.356030629756688        16.828025235515749        16.617113892620747        16.559659472352866        16.575750818788126        17.764954929065180        17.786929689740472        17.048384500829311        16.587881113494749        16.160139902595848        16.027573392677755        16.454372160814071        16.869212877881861        33.846424618179668        21.782162519094296     
   4963.6025613753636       -4.9251329999999998        3.3272153275079859        9.1897584999999999        4.6576999999999999E-003   16.854416479986380        17.261582024302232        16.276580993713029        18.623293246964217        17.474334278998050        16.841671432382242        16.627503716166469        16.569529287022451        17.368226334468396        16.837511167741336        16.625039980744159        16.566607953175396        16.582007748209101        17.782171305969413        17.800559461697080        17.059079935571095        16.596932489954181        16.167603328424139        16.032690180825295        16.459640259125845        16.874047514131135        33.846693473888863        21.809578117229936     
   4953.1217126962329       -4.9288059999999998        3.3281767253983676        9.1897590000000005        4.6576999999999999E-003   16.863904286379046        17.272883907500326        16.284342604406358        18.640843897121268        17.487052902425877        16.851184796489534        16.635465011076402        16.576300382143106        17.380429812504342        16.846984952384059        16.632946815383303        16.573531544651214        16.588240495222561        17.799428685923861        17.814207416062533        17.069772802622669        16.605969039022217        16.175045185388822        16.037792937427415        16.464913840899783        16.878882449903440        33.846661025424126        21.837088803161155     
   4942.6743756705864       -4.9324750000000002        3.3291325800575216        9.1897594999999992        4.6576999999999999E-003   16.873358983709164        17.284161800524810        16.292066918575824        18.658399160620949        17.499755151728582        16.860666356704581        16.643389423877839        16.583032134924874        17.392614403308798        16.856426007202547        16.640817276126622        16.580415306044397        16.594435621077107        17.816689177630696        17.827843676636217        17.080439800855562        16.614971148844614        16.182449381645043        16.042870623398887        16.470181371284561        16.883707139986203        33.846329235074847        21.864633984643636     
   4932.2717885155380       -4.9361379999999997        3.3300828868330536        9.1897599000000003        4.6576999999999999E-003   16.882770425886260        17.295403426174790        16.299745763280040        18.675939466598148        17.512427081202208        16.870105920594813        16.651268553887668        16.589717501748247        17.404766764431979        16.865824195462189        16.648643016613047        16.587252029134838        16.600586662287373        17.833933554150871        17.841453207485245        17.091069352642972        16.623929190516133        16.189808104841141        16.047917902850116        16.475437098642661        16.888516336157572        33.845703018726127        21.892182689154073     
   4921.8910951393000       -4.9397979999999997        3.3310257048680660        9.1897604000000008        4.6576999999999999E-003   16.892159331149717        17.306633387115209        16.307396136512043        18.693502787162814        17.525096320768409        16.879524258763350        16.659119830508619        16.596371341059001        17.416913424326466        16.875200206197757        16.656441345678015        16.594056907112414        16.606707297541480        17.851199161622279        17.855065625215179        17.101684753163401        16.632862913975043        16.197137661419788        16.052945892519034        16.480692395857705        16.893320554937500        33.844781445508204        21.919794218043908     
   4911.5096310733879       -4.9434649999999998        3.3319649015082389        9.1897608999999996        4.6576999999999999E-003   16.901546200127132        17.317876155999048        16.315034775330002        18.711127280122234        17.537790448778040        16.888941930012951        16.666960425597658        16.603008233052446        17.429080832647895        16.884574509303253        16.664229318596224        16.600844848819687        16.612810945795626        17.868523514665274        17.868710544688195        17.112309144329824        16.641791833649858        16.204454092881520        16.057965625002186        16.485958741027577        16.898130270078997        33.843564631082145        21.947528518693264     
   4901.1726347194308       -4.9471270000000001        3.3328965992100086        9.1897613000000007        4.6576999999999999E-003   16.910890138842923        17.329082656470472        16.322628466977466        18.728735762355949        17.550453988937551        16.898317895623240        16.674756239035037        16.609599365742454        17.441215833976937        16.893906261876271        16.671973062536882        16.607586383036232        16.618871121598115        17.885830752713314        17.882328299231766        17.122896167728829        16.650677067497728        16.211725599770588        16.062955308180978        16.491213153166846        16.902924490207898        33.842060902359322        21.975264007388819     
   4890.8461324964082       -4.9507880000000002        3.3338227296656617        9.1897617999999994        4.6576999999999999E-003   16.920221892608080        17.340289643781606        16.330202274482009        18.746385642316802        17.563128390452885        16.907682999189742        16.682532991486017        16.616166541425198        17.453358173350029        16.903226169785871        16.679698124293395        16.614303808455109        16.624907876394630        17.903177314182258        17.895963413794068        17.133480573456222        16.659547876616696        16.218976195751459        16.067931353406767        16.496472746159487        16.907718931453257        33.840265288999447        22.003090818237357     
   4880.5413876478151       -4.9544530000000000        3.3347452266346771        9.1897622000000005        4.6576999999999999E-003   16.929531281753366        17.351484820009006        16.337747985564583        18.764057381682555        17.575799699449089        16.917027014444894        16.690282242891744        16.622702676016406        17.465494495773697        16.912524061472148        16.687396118798528        16.620989875051546        16.630914710486991        17.920544001717754        17.909600852420080        17.144050759131755        16.668394594953870        16.226198028673952        16.072888429414935        16.501731804900079        16.912508340357096        33.838183482063059        22.030978108177994     
   4870.2471401606854       -4.9581210000000002        3.3356602095905798        9.1897626999999993        4.6576999999999999E-003   16.938828505552706        17.362680381623189        16.345273911031608        18.781770023016485        17.588481669832699        16.926360176088465        16.698012523362788        16.629214994457097        17.477637989989798        16.921810125431154        16.695075518457092        16.627651973627671        16.636898264577088        17.937949536668068        17.923255389052507        17.154618256742776        16.677226930764114        16.233399060536858        16.077831936440997        16.506995955985435        16.917297927012171        33.835812221718314        22.058955722305132     
   4860.0081773736274       -4.9617800000000001        3.3365696118402184        9.1897631000000004        4.6576999999999999E-003   16.948073125900581        17.373827488478423        16.352747414724096        18.799445931000033        17.601118882037209        16.935641872884634        16.705690296146692        16.635675325306387        17.489735617367078        16.931043965676718        16.702703004963279        16.634261279113080        16.642832673567209        17.955317641494805        17.936867302574100        17.165136993161759        16.686006492316004        16.240548082754323        16.082740503651980        16.512242266134248        16.922066804283627        33.833166923801741        22.086900871307645     
   4849.7907404672715       -4.9654379999999998        3.3374734289506969        9.1897635999999991        4.6576999999999999E-003   16.957295667606868        17.384962781294366        16.360193281341800        18.817142737661140        17.613752758309790        16.944902740857664        16.713341009890183        16.642105162543245        17.501827066441709        16.940256071234490        16.710303857340399        16.640839778626358        16.648737691539100        17.972704960686908        17.950481145438200        17.175641579651710        16.694762303074466        16.247668823999309        16.087630353543009        16.517487846353827        16.926830640124500        33.830239785504375        22.114904298936953     
   4839.5724970804058       -4.9691000000000001        3.3383716565155797        9.1897640000000003        4.6576999999999999E-003   16.966516281740638        17.396110544160265        16.367627812314044        18.834898937884031        17.626410823271119        16.954163006790420        16.720981408796252        16.648518608606498        17.513938687937923        16.949466565931605        16.717894710065462        16.647401897593021        16.654626279803420        17.990149318788706        17.964126562828074        17.186154931838331        16.703513499889230        16.254776880243782        16.092512256054111        16.522744200947908        16.931599830735433        33.827027613069077        22.143026929975573     
   4829.3757829725291       -4.9727639999999997        3.3392623494025209        9.1897645000000008        4.6576999999999999E-003   16.975714836216650        17.407246393404382        16.375034802508548        18.852675551006019        17.639065356232241        16.963402451944535        16.728594836660758        16.654901698817159        17.526043968086984        16.958655342308589        16.725459013999728        16.653933348265870        16.660485614965108        18.007612424819960        17.977773652731496        17.196654064934208        16.712240987030579        16.261856762905065        16.097375508631703        16.527999738858746        16.936363937354191        33.823535981527741        22.171206861920727     
   4819.2227460724453       -4.9764229999999996        3.3401493842759655        9.1897649000000001        4.6576999999999999E-003   16.984871361516866        17.418346011504749        16.382398267558631        18.870433403466127        17.651688630771556        16.972601001309229        16.736164849101005        16.661240726901735        17.538116411035734        16.967802445550010        16.732980428690301        16.660420100263298        16.666303134329347        18.025055807469545        17.991392463998807        17.207116078238311        16.720925841177088        16.268893211821112        16.102209683937687        16.533243015206839        16.941112563142074        33.819777487358209        22.199381844895282     
   4809.0910544067992       -4.9800779999999998        3.3410308165467066        9.1897652999999995        4.6576999999999999E-003   16.994006030294845        17.429433711835092        16.389734521570503        18.888211007872453        17.664308201269971        16.981778909403673        16.743708205987875        16.667549797646945        17.550182397490591        16.976928026276749        16.740475603947278        16.666876584232018        16.672091792646732        18.042517310235354        18.005012670928114        17.217563917882742        16.729587223777497        16.275901833845381        16.107025466243027        16.538485430337101        16.945856106259566        33.815745438976009        22.227612703609228     
   4798.9585630286674       -4.9837429999999996        3.3419066419145107        9.1897658000000000        4.6576999999999999E-003   17.003138823923493        17.440533703729930        16.397059640326237        18.906047050820074        17.676951590204130        16.990956250200309        16.751241433906074        16.673842753254792        17.562268252006707        16.986052046825105        16.747960959894620        16.673316965447317        16.677864291651105        18.060034936214056        18.018663960743496        17.228020406108222        16.738244090933744        16.282897992140668        16.111833378333390        16.543738377939704        16.950604920827050        33.811430766865612        22.255960752874504     
   4788.8363935387515       -4.9874099999999997        3.3427768561057811        9.1897661999999993        4.6576999999999999E-003   17.012259706334067        17.451633768399830        16.404365589841756        18.923921867727397        17.689604869371589        17.000122932778392        16.758756266808117        16.680112706271903        17.574360663513762        16.995164476722746        16.755428282945704        16.679734192870963        16.683614321172549        18.077589372647374        18.032331289826409        17.238474034444113        16.746886930118869        16.289874016600940        16.116628211009260        16.548996146276870        16.955353785648814        33.806840851918395        22.284394794565475     
   4778.7465776213858       -4.9910750000000004        3.3436414548735942        9.1897666000000005        4.6576999999999999E-003   17.021348849409314        17.462709683449731        16.411636547237780        18.941796196669003        17.702240363408922        17.009259023197409        16.766236422055879        16.686346116224350        17.586433202231387        17.004245506069982        16.762861391709304        16.686114406377438        16.689329469350607        18.095142069842446        18.045984729852609        17.248902010702974        16.755496971391143        16.296814810168431        16.121399551193687        16.554247192810351        16.960092334509810        33.801986318988995        22.312852174772619     
   4768.6780203933677       -4.9947410000000003        3.3445023776257417        9.1897669999999998        4.6576999999999999E-003   17.030416268236102        17.473773537866354        16.418880600386498        18.959689241563584        17.714871786057824        17.018374577862186        16.773690209742131        16.692549968798478        17.598498993757246        17.013305138536321        16.770268542059799        16.692464753076802        16.695016151998399        18.112711896151879        18.059639057108004        17.259315739789837        16.764083723596794        16.303728107960989        16.126152710597918        16.559497211566022        16.964825739269187        33.796864059282044        22.341363276515612     
   4758.5978057211605       -4.9984140000000004        3.3453557333812070        9.1897675000000003        4.6576999999999999E-003   17.039491617670340        17.484861495072042        16.426121453690396        18.977659420627845        17.727540408813450        17.027499409249192        16.781142019826699        16.698744571280585        17.610597466085220        17.022373004905713        16.777673970790541        16.698806019976931        16.700692982648501        18.130356216762408        18.073338876497782        17.269749265337577        16.772675275295068        16.310636534508738        16.130903211693976        16.564763318543061        16.969569468825977        33.791456644700617        22.370021103740580     
   4748.5607668738339       -5.0020850000000001        3.3462034611297340        9.1897678999999997        4.6576999999999999E-003   17.048670133086933        17.496070761445733        16.433460525452361        18.995706297082045        17.740336735206522        17.036749552576261        16.788692011235003        16.705017844560459        17.622827138067382        17.031561646943860        16.785177614672300        16.705234068385234        16.706441964892740        18.148080851914045        18.087158922485575        17.280315865982626        16.781381894873959        16.317641832107764        16.135625804350255        16.569873096685544        16.974264577249453        33.785172676918123        22.398588092317258     
   4738.5448985798748       -5.0057539999999996        3.3470475017566570        9.1897683000000008        4.6576999999999999E-003   17.058691340317278        17.508203512338650        16.441618558557956        19.014334982286613        17.754072475641497        17.046968240328884        16.797059757202174        16.711996462969758        17.636024792214958        17.041696222502633        16.793496244496961        16.712419236165662        16.712845297200062        18.166413514207253        18.101860670656571        17.291880121070150        16.791004254087316        16.325457736643024        16.140337422241185        16.574122643164078        16.978754771606560        33.774862353682138        22.426686616342952     
   4728.5392683088849       -5.0094260000000004        3.3478859070431639        9.1897687000000001        4.6576999999999999E-003   17.068704233890671        17.520328898553981        16.449768651853393        19.032969453519801        17.767804249048130        17.057178060435849        16.805418384692864        16.718969663317029        17.649218723283855        17.051822674729447        16.801805499849383        16.719598774884791        16.719243799147570        18.184751959226368        18.116560617701406        17.303437286387247        16.800617436836642        16.333266709343174        16.145043303712505        16.578373890729168        16.983240988120212        33.764213122146373        22.454804891921189     
   4718.5439004717919       -5.0131030000000001        3.3487186728937948        9.1897690999999995        4.6576999999999999E-003   17.078708783464240        17.532446875013591        16.457910784272581        19.051609588912520        17.781531990934898        17.067378983137413        16.813767875088473        16.725937423388022        17.662408869041059        17.061940972057862        16.810105363177936        16.726772661824771        16.725637449923603        18.203096066770584        18.131258687067984        17.314987319188599        16.810221417657029        16.341068727964402        16.149743440124912        16.582626810443291        16.987723213952965        33.753226082219456        22.482942701312755     
   4708.5696612269567       -5.0167789999999997        3.3495457952399881        9.1897695000000006        4.6576999999999999E-003   17.088694103884460        17.544544244392249        16.466036102540851        19.070235007664611        17.795240730287723        17.077559911444482        16.822099154221153        16.732892160416117        17.675580844348101        17.072040104241122        16.818386815708127        16.733933090137821        16.732019290873840        18.221425779302781        18.145938838054516        17.326517641017844        16.819805752835268        16.348855305894528        16.154432726078038        16.586876750335801        16.992196573508988        33.741914815385556        22.511069227239663     
   4698.6273248887373       -5.0204510000000004        3.3503672700401164        9.1897698999999999        4.6576999999999999E-003   17.098649393638464        17.556607899078447        16.474135826485227        19.088825393609707        17.808915578966065        17.087709835325942        16.830403227072477        16.739826348290705        17.688720343314934        17.082109144403287        16.826640918673835        16.741072311525901        16.738382414725539        18.239721102513801        18.160585108204206        17.338015759228618        16.829360084075443        16.356618023670105        16.159106103308840        16.591119071546711        16.996656229749100        33.730294303294983        22.539153702755645     
   4688.6843899587675       -5.0241319999999998        3.3511830932795199        9.1897702999999993        4.6576999999999999E-003   17.108607187465758        17.568677251500731        16.482236432203930        19.107441402703429        17.822601192875677        17.097861927377195        16.838707242232619        16.746762646902770        17.701870273221186        17.092180997674397        16.834894658752297        16.748213656122836        16.744747614604758        18.258041729226029        18.175245314281273        17.349519238938846        16.838915641292399        16.364382252662192        16.163778853782361        16.595367614468802        17.001116758405150        33.718328203429309        22.567287710199562     
   4678.7517223960303       -5.0278150000000004        3.3519952087119527        9.1897707000000004        4.6576999999999999E-003   17.118556600442759        17.580739104655841        16.490329066590313        19.126062654913422        17.836282601436817        17.108005090837729        16.847002125690686        16.753693473650753        17.715016249347048        17.102244654044878        16.843139017320038        16.755349317250012        16.751107932010797        18.276367602659288        18.189903416087827        17.361015501997837        16.848461980974715        16.372139506430095        16.168445872177131        16.599617727312040        17.005573283980620        33.706030091504630        22.595440433627186     
   4668.8508469461249       -5.0314969999999999        3.3528016655197588        9.1897710999999997        4.6576999999999999E-003   17.128476059562555        17.592767288293189        16.498396189976095        19.144648641425405        17.849930093203348        17.118117335033634        16.855269905526949        16.760603798340409        17.728129722484713        17.112278291031753        16.851356133865043        16.762463820831041        16.757449573052842        18.294658856028551        18.204527565888949        17.372479605749927        16.857978411557934        16.379872967989822        16.173097050260456        16.603860161710060        17.010016145062981        33.693428794447328        22.623550560540895     
   4658.9709230962335       -5.0351759999999999        3.3536024597600478        9.1897715000000009        4.6576999999999999E-003   17.138376410563797        17.604774932652607        16.506446631982890        19.163219517742522        17.863558531983209        17.128209719513091        16.863519638595001        16.767501173750741        17.741224974142316        17.122292876978150        16.859555012171814        16.769564943196748        16.763779467871753        18.312935324529299        18.219133672161597        17.383924065220224        16.867475347435917        16.387591096498692        16.177737487969534        16.608099515584183        17.014450201355647        33.680513253978859        22.651648489600550     
   4649.0904966076851       -5.0388640000000002        3.3543995365783554        9.1897719000000002        4.6576999999999999E-003   17.148279146133614        17.616788096947744        16.514497872908056        19.181815535167672        17.877197481275292        17.138304154993349        16.871769240853663        16.774400572368652        17.754330410934752        17.132310151682443        16.867753458703998        16.776668099261894        16.770111356701513        18.331236621085040        18.233753411853701        17.395373717596218        16.876973409114129        16.395310648658356        16.182377265073146        16.612344976689979        17.018885079529934        33.667256491556557        22.679795088843075     
   4639.2310238510199       -5.0425529999999998        3.3551909438925223        9.1897722999999996        4.6576999999999999E-003   17.158162755712858        17.628780678188040        16.522532427541499        19.200396235326338        17.890817292272033        17.148378715685471        16.880000799253821        16.781287006337170        17.767417543565305        17.142308354937281        16.875933672430946        16.783757858697154        16.776431484061888        18.349522928275217        18.248354996717868        17.406803684547359        16.886451968679904        16.403014857572376        16.187006308344667        16.616587306986030        17.023311146935033        33.653688343841026        22.707929087773746     
   4629.4031199713454       -5.0462389999999999        3.3559766778316722        9.1897725999999995        4.6576999999999999E-003   17.168016573725570        17.640739714462104        16.530541635346008        19.218941419448232        17.904403212589198        17.158422530973777        16.888205447117347        16.788153045113301        17.780472195312221        17.152276693448588        16.884086844702857        16.790826571061068        16.782733032675221        18.367774365908080        18.262922593484564        17.418201611849529        16.895900804964224        16.410695413728583        16.191619672206489        16.620821927774184        17.027723632545115        33.639827137375747        22.736019871511207     
   4619.5853988548633       -5.0499239999999999        3.3567567345521043        9.1897730000000006        4.6576999999999999E-003   17.177862049718161        17.652691220481874        16.538542936560379        19.237491293093658        17.917984765080885        17.168457470343217        16.896401058905433        16.795013625167702        17.793522735277019        17.162236868001862        16.892230739120915        16.797889615817649        16.789029703575455        18.386030503701488        18.277487840618537        17.429592295956365        16.905340497133128        16.418369037255584        16.196227339208836        16.625057945506658        17.032132136408329        33.625642832310817        22.764128166841932     
   4609.7778840709507       -5.0536190000000003        3.3575330610189003        9.1897734000000000        4.6575999999999996E-003   17.187745766495297        17.664681763022745        16.546582925430080        19.256092357251077        17.931608498018438        17.178530115001237        16.904634229779383        16.801915343599223        17.806615713717189        17.172235458237679        16.900411952259340        16.804993588602297        16.795368098743403        18.404337843545299        18.292097275149693        17.441022305478377        16.914817631236509        16.426082321678848        16.200875953728577        16.629341989127504        17.036583266706998        33.611184152079581        22.792300433231411     
   4599.9911909274997       -5.0573100000000002        3.3583056547120012        9.1897737999999993        4.6575999999999996E-003   17.197563824733933        17.676605148225669        16.554559705208675        19.274631172754987        17.945166426868038        17.188536362732808        16.912802858293595        16.808757529692826        17.819643721969889        17.182168439106270        16.908528440308427        16.812037599791090        16.801648157170284        18.422583265593936        18.306641831276661        17.452386054659819        16.924228753816713        16.433733720875729        16.205467295536423        16.633576201245695        17.040979010098152        33.596375141518273        22.820412763937206     
   4590.2464140368120       -5.0609960000000003        3.3590706098685623        9.1897740999999993        4.6575999999999996E-003   17.207341656187285        17.688482239857628        16.562502692776292        19.293114173181213        17.958675846545823        17.198501240757071        16.920935955121656        16.815572037975315        17.832625199715366        17.192060989862249        16.916609329531077        16.819053067842010        16.807902948714617        18.440773837747663        18.321136648958557        17.463705615939201        16.933600183870375        16.441353347462304        16.210038130169643        16.637798057633603        17.045356507048993        33.581298532396787        22.848450795168482     
   4580.5222808110157       -5.0646800000000001        3.3598318255707120        9.1897745000000004        4.6575999999999996E-003   17.217100607851656        17.700338942173758        16.570429239122021        19.311581480784078        17.972166177414657        17.208446511871443        16.929051298156768        16.822373735624616        17.845588418154868        17.201934709089919        16.924672285883389        16.826055300710998        16.814146111312983        18.458949048441248        18.335613269561541        17.475005680123250        16.942952395959136        16.448957839652380        16.214598380321544        16.642016646528681        17.049725309527595        33.565922631170508        22.876475181270315     
   4570.7976981681168       -5.0683699999999998        3.3605892993459974        9.1897748999999997        4.6575999999999996E-003   17.226861832676040        17.712200947720863        16.578356529308994        19.330073079919721        17.985666641352793        17.218393732027995        16.937166483261382        16.829177368105743        17.858561456430884        17.211810995777228        16.932734792888304        16.833059477804156        16.820391182608397        18.477148248470158        18.350103045719170        17.486310732816399        16.952305662916636        16.456563682448714        16.219157972717447        16.646241137593027        17.054094891460679        33.550216116565259        22.904546623061329     
   4561.1042634169107       -5.0720580000000002        3.3613410758605933        9.1897751999999997        4.6575999999999996E-003   17.236593595418036        17.724029680052418        16.586258795990794        19.348528776505475        17.999133316357671        17.228310561127380        16.945255135314785        16.835960817460769        17.871502107333612        17.221657737476843        16.940770648352284        16.840042828461485        16.826617863333524        18.495312194210207        18.364558827529748        17.497584008209330        16.961629579152611        16.464146150443071        16.223702128609304        16.650457814212714        17.058451051748033        33.534232538630526        22.932573750589050     
   4551.4418659084495       -5.0757420000000000        3.3620871514337001        9.1897756000000008        4.6575999999999996E-003   17.246296010436829        17.735825252253111        16.594136142040092        19.366948556849987        18.012566287403082        17.238197123023788        16.953317371177711        16.842724153371442        17.884410453197574        17.231475051083528        16.948779970510220        16.847005426834947        16.832826209154543        18.513440873361326        18.378980681408770        17.508825616623088        16.970924269008055        16.471705336077854        16.228230843038510        16.654666595821091        17.062793835895178        33.517972927831401        22.960556331407183     
   4541.7999375496101       -5.0794280000000001        3.3628294761011102        9.1897760000000002        4.6575999999999996E-003   17.255979664896749        17.747600516189571        16.601997172165657        19.385352382004733        18.025980160320508        17.248064206774298        16.961362003381502        16.849474756605527        17.897300528047602        17.241273645139017        16.956771516704030        16.853954870540363        16.839022997656670        18.531553929909979        18.393384271923704        17.520047805915837        16.980199881589058        16.479249491610219        16.232749108699018        16.658872077766933        17.067127988493290        33.501423084932476        22.988524666497874     
   4532.1575635729077       -5.0831189999999999        3.3635660933553488        9.1897763000000001        4.6575999999999996E-003   17.265805220435460        17.759317237134862        16.610169950501863        19.402852344637147        18.039144605274195        17.258111407255605        16.969734408537441        16.856564568692214        17.910026434980914        17.251270595889316        16.965101034360984        16.861258691791470        16.845514648543173        18.548814317923288        18.407418877388963        17.531305620721170        16.989701966013548        16.487123559400167        16.237251331160930        16.662822853166773        17.071331858526449        33.517696952651342        23.014520842577923     
   4522.5564877322486       -5.0868070000000003        3.3642969995884839        9.1897766999999995        4.6575999999999996E-003   17.275601661618534        17.770977680496152        16.618336411012894        19.420194271898154        18.052231807935733        17.268132055975407        16.978102784051771        16.863657866072685        17.922684114776992        17.261243385666369        16.973427539862772        16.868565850896349        16.852007663331609        18.565923167504817        18.421361258402868        17.542520285670790        16.999184553094366        16.494994797599908        16.241738518138135        16.666744080047565        17.075508565723208        33.537401773431519        23.040228894122571     
   4512.9757511353118       -5.0904910000000001        3.3650261010091849        9.1897769999999994        4.6575999999999996E-003   17.285375246711290        17.782613886883297        16.626480901382614        19.437514724126917        18.065297860366286        17.278128767490255        16.986450206424209        16.870733887159307        17.935319503624200        17.271192620547815        16.981732900568886        16.875854394808790        16.858484719798323        18.583011034972127        18.435282405306879        17.553712823181911        17.008644062577634        16.502845014734298        16.246222467757470        16.670672597022197        17.079681409603264        33.557052746842949        23.065920229681815     
   4503.4049412097456       -5.0941780000000003        3.3657475305673534        9.1897774000000005        4.6575999999999996E-003   17.295136629485366        17.794238524619637        16.634612313064920        19.454832450303904        18.078356954322782        17.288112444975248        16.994785783973583        16.877800342140677        17.947946335671606        17.281129150720282        16.990026179647721        16.883132271217907        16.864952869073726        18.600096418867381        18.449197429440659        17.564895414667376        17.018090814271517        16.510682780143419        16.250707957356830        16.674612524123258        17.083854902490589        33.576669390132402        23.091622468964246     
   4493.8647758965890       -5.0978620000000001        3.3664671505953954        9.1897777000000005        4.6575999999999996E-003   17.305481955454816        17.806587811001165        16.643213042815784        19.473222648558327        18.092272113182663        17.298773274091999        17.003659594855115        16.885261310932485        17.961392712124834        17.291748292607640        16.998857989945460        16.890827646506388        16.871756538128537        18.618239523390461        18.463988457514830        17.576848820914542        17.028161218780255        16.518966517413556        16.255223219561817        16.678421885473540        17.088144882421194        33.598152462738526        23.118677607219013     
   4484.3654720108616       -5.1015370000000004        3.3671790916999336        9.1897780999999998        4.6575999999999996E-003   17.316121391443588        17.819305773980375        16.652051250550088        19.492168193747105        18.106623783555762        17.309779671398633        17.012805965315444        16.892921907686631        17.975256483419457        17.302715783628784        17.007962733437356        16.898734337750096        16.878732022397621        18.636929042130792        18.479226733365472        17.589195011692347        17.038549571472281        16.527475775572434        16.259748660213628        16.682150492199277        17.092488045570938        33.620640893547218        23.146448813681168     
   4474.9068557785567       -5.1052059999999999        3.3678892186167606        9.1897783999999998        4.6575999999999996E-003   17.326712423057714        17.831970114649497        16.660850182053700        19.511052517028880        18.120916835889396        17.320736912436534        17.021909737401693        16.900549961725698        17.989062588689709        17.313634011075752        17.017025057252745        16.906606567760626        16.885681588368563        18.655556707733034        18.494405732351282        17.601486897567177        17.048891730792377        16.535947440815296        16.264263807545952        16.685871126532611        17.096814606280525        33.643067601142484        23.174165095828556     
   4465.4579079571577       -5.1088800000000001        3.3685916596405518        9.1897787999999991        4.6575999999999996E-003   17.337289827798493        17.844622382721937        16.669638722697506        19.529937386565329        18.135198143757304        17.331680973069474        17.031000815255524        16.908170496649355        18.002856314385539        17.324538825065247        17.026074728886016        16.914470170233599        16.892627997391021        18.674183462951735        18.509575206790899        17.613764825739484        17.059221652055690        16.544409322337600        16.268783330418767        16.689595849725684        17.101138737955296        33.665503987277880        23.201916712265820     
   4456.0289119733743       -5.1125520000000000        3.3692922818792939        9.1897791000000009        4.6575999999999996E-003   17.347842085244352        17.857248780103220        16.678407296041584        19.548802159621282        18.149452128174616        17.342599926019567        17.040069299448675        16.915775207722319        18.016622616785394        17.335418342308103        17.035101894680579        16.922316577456932        16.899563668846572        18.692788951482097        18.524718598086817        17.626015415362865        17.069528075854947        16.552852198639918        16.273302333937359        16.693320648269246        17.105455724696405        33.687927352359210        23.229673286875460     
   4446.6300644304038       -5.1162190000000001        3.3699871689657042        9.1897795000000002        4.6575999999999996E-003   17.358357828607367        17.869835670244193        16.687146449270841        19.567626275345937        18.163663375439111        17.353482005401435        17.049105431728165        16.923355878977311        18.030346619231928        17.346260841750436        17.044096840365889        16.930137321419963        16.906481073472264        18.711352909072694        18.539819504249781        17.638225455061683        17.079799895218297        16.561266966233937        16.277815793357078        16.697041353261476        17.109760882786766        33.710311306818866        23.257404172265346     
   4437.2714756835530       -5.1198810000000003        3.3706782754908944        9.1897798000000002        4.6575999999999996E-003   17.368825755172313        17.882369479311091        16.695846778885695        19.586389266727572        18.177816543391575        17.364315501397947        17.058099508213267        16.930904342807644        18.044013515640319        17.357054659165410        17.053049907050422        16.937923983291171        16.913372723921540        18.729855165087532        18.554861593077266        17.650381800755873        17.090026054352119        16.569644568232839        16.282318819164708        16.700753952175873        17.114049558525235        33.732633260533795        23.285078955330086     
   4427.9121921307333       -5.1235499999999998        3.3713636408290526        9.1897801000000001        4.6575999999999996E-003   17.379291701520003        17.894905062579319        16.704546375768651        19.605173116495422        18.191973560692329        17.375147847173658        17.067090919160009        16.938453634868200        18.057683114106155        17.367847055795046        17.062000305187610        16.945710647686433        16.920268754968944        18.748376573241508        18.569910662891314        17.662537670429707        17.100251326238094        16.578021681194087        16.286831027984931        16.704474603649437        17.118340507190901        33.754989764854606        23.312818283455876     
   4418.5828237319383       -5.1272130000000002        3.3720452203676703        9.1897804999999995        4.6575999999999996E-003   17.389721462479944        17.907401430454598        16.713216803304530        19.623916299360808        18.206088125272693        17.385943637407458        17.076050284214048        16.945979068776346        18.071310712156812        17.378602758255177        17.070918788231584        16.953471857145516        16.927146596177458        18.766856475774095        18.584917478926883        17.674653327159142        17.110442288997994        16.586370921593527        16.291337587939843        16.708191062846382        17.122619686137362        33.777306620230625        23.340531079065109     
   4409.2934173010699       -5.1308680000000004        3.3727210527660478        9.1897807999999994        4.6575999999999996E-003   17.400103814744114        17.919845091416917        16.721848721207088        19.642598415276943        18.220144981935405        17.396691241786719        17.084967970741701        16.953472527186229        18.084881590857105        17.389310182348979        17.079795768223743        16.961199247229324        16.933998794793503        18.785274772381264        18.599865792611688        17.686715713413527        17.120587961384629        16.594683292735894        16.295833612593238        16.711899319429502        17.126882464832736        33.799561264676591        23.368186924555353     
   4400.0235404513505       -5.1345260000000001        3.3733930941976715        9.1897810999999994        4.6575999999999996E-003   17.410461631867300        17.932263420066931        16.730461137945117        19.661260370957855        18.234175034639307        17.407414331561270        17.093863635775552        16.960950494755501        18.098425596045963        17.399992913507301        17.088650812334762        16.968909826406712        16.940840387198083        18.803671806758654        18.614788438821225        17.698751386609167        17.130710687205308        16.602977097349843        16.300328874683309        16.715607417069258        17.131138201141944        33.821801420193076        23.395845996442112     
   4390.7529319137257       -5.1381899999999998        3.3740613424727508        9.1897813999999993        4.6575999999999996E-003   17.420817561209958        17.944683556681568        16.739072881830189        19.679942897924853        18.248208940592178        17.418136350050140        17.102756732549224        16.968429315320648        18.111972325888424        17.410674307639802        17.097503285014668        16.976620449441942        16.947686315562173        18.822087736407333        18.629718016569271        17.710786657282213        17.140832596652711        16.611270466552128        16.304833173327594        16.719323437629946        17.135396191039124        33.844075605371081        23.423568563246690     
   4381.5018560403805       -5.1418530000000002        3.3747238351935533        9.1897818000000004        4.6575999999999996E-003   17.431148985598817        17.957078362578105        16.747665142202699        19.698605100334596        18.262216027685113        17.428833879318784        17.111627842688563        16.975892645609175        18.125492176705606        17.421331036461794        17.106333856387337        16.984314270234393        16.954521605698204        18.840482254569736        18.644621885925645        17.722795235047698        17.150931582006223        16.619545284457786        16.309336603582963        16.723039194894039        17.139647121503771        33.866334124503531        23.451293779132932     
   4372.2904067721320       -5.1455099999999998        3.3753825296902003        9.1897821000000004        4.6575999999999996E-003   17.441433467968544        17.969420882556044        16.756219250478914        19.717206260929949        18.276165820710965        17.439483675851069        17.120457707329557        16.983324261877723        18.138955741571934        17.431939947499885        17.115123356242506        16.991974569631719        16.961331371411212        18.858815238604198        18.659467596806348        17.734751023632892        17.160985698207949        16.627783570168269        16.313829365612541        16.726746624721109        17.143881740497179        33.888530125845584        23.478960959745955     
   4363.0882767982221       -5.1491720000000001        3.3760374238154465        9.1897824000000004        4.6575999999999996E-003   17.451704878532468        17.981751731591288        16.764763371076270        19.735807430051828        18.290104207586182        17.450120807448979        17.129275414730099        16.990748618549482        18.152407317438108        17.442535976148925        17.123900739728718        16.999626562300662        16.968137989726053        18.877146870828376        18.674303960320444        17.746693383170644        17.171028050176588        16.636012446572980        16.318326140748805        16.730457825607168        17.148113965787296        33.910735485839020        23.506660591338992     
   4353.8954888375547       -5.1528359999999997        3.3766885154341724        9.1897827000000003        4.6575999999999996E-003   17.461963200048267        17.994070876763743        16.773297486958640        19.754408504543122        18.304031145677346        17.460745253594798        17.138080952922685        16.998165696503563        18.165846866140143        17.453119102783518        17.132665994977970        17.007270231034795        16.974941432453523        18.895477053703715        18.689130922606143        17.758622288234832        17.181058617968191        16.644231896623218        16.322826891853506        16.734172765518657        17.152343781181354        33.932950053202227        23.534392421756479     
   4344.7320736812680       -5.1564940000000004        3.3773338407705293        9.1897830000000003        4.6575999999999996E-003   17.472186096835820        18.006351469998812        16.781803011021758        19.772968834720352        18.317916271679746        17.471333875945444        17.146855155291885        17.005559332564545        18.179245093147454        17.463666280728525        17.141400043148099        17.014888924066419        16.981726851552168        18.913765738085530        18.703916140562544        17.770511754607803        17.191055555411975        16.652424017225478        16.327321757818495        16.737883302091323        17.156561958148401        33.955125217241608        23.562095643251460     
   4335.6079104498849       -5.1601499999999998        3.3779753586611072        9.1897833999999996        4.6575999999999996E-003   17.482362588633372        18.018580275242435        16.790270797699140        19.791468201629392        18.331744598856872        17.481875293044105        17.155588609033714        17.012921558103436        18.192587548750289        17.474166176178912        17.150093514454653        17.022474440589118        16.988486891906120        18.931993017327628        18.718643623215094        17.782348992233896        17.201008114971849        16.660579997453731        16.331805765105688        16.741585310474676        17.160763928229080        33.977235830589358        23.589739655845200     
   4326.4730221155623       -5.1638120000000001        3.3786130670135024        9.1897836999999996        4.6575999999999996E-003   17.492548405901939        18.030824245505556        16.798747215922482        19.810007846511702        18.345591832415032        17.492427227059693        17.164329144165336        17.020292687246616        18.205947281494119        17.484676284905902        17.158794020464818        17.030068318774930        16.995258560087002        18.950258647241192        18.733393988862424        17.794198818451409        17.210970793372148        16.668744497856309        16.336303500275001        16.745299115525086        17.164972698294761        33.999404646765335        23.617475720578206     
   4317.3673215846793       -5.1674720000000001        3.3792450010454322        9.1897839999999995        4.6575999999999996E-003   17.502699063377282        18.043029893872230        16.807195243316837        19.828506708703564        18.359397474843973        17.502943592524808        17.173038591360065        17.027640518073589        18.219265927255154        17.495150705042569        17.167463566471298        17.037637387267843        17.002012259498823        18.968482770579946        18.748102784259526        17.806009475284974        17.220900078218300        16.676881857782174        16.340795253212747        16.749008427090338        17.169169873623613        34.021533810203941        23.645182409430141     
   4308.2907055379774       -5.1711289999999996        3.3798731207001782        9.1897842999999995        4.6575999999999996E-003   17.512814701297515        18.055197351173732        16.815614988269878        19.846964821242835        18.373161657371124        17.513424526521156        17.181717079728752        17.034965131521272        18.232543621831514        17.505589575629990        17.176102281132039        17.045181737175369        17.008748031612715        18.986665432585507        18.762770123028911        17.817781109276130        17.230796097141315        16.684992179658501        16.345280994470318        16.752713216591303        17.173355484082968        34.043623273464455        23.672859468960802     
   4299.2331717126244       -5.1747860000000001        3.3804974239281798        9.1897845999999994        4.6575999999999996E-003   17.522906487529280        18.067340019365894        16.824015739482689        19.865402378849033        18.386899526876164        17.523881593435657        17.190374197733860        17.042274597151533        18.245794984323751        17.516004416709521        17.184719709080319        17.052709686513616        17.015473270135988        19.004826537058861        18.777412124357816        17.829526702832574        17.240669767667587        16.693084409201028        16.349765601073081        16.756417508524851        17.177534127502319        34.065697135566779        23.700536930953909     
   4290.1551660198174       -5.1784559999999997        3.3811179086920866        9.1897848999999994        4.6575999999999996E-003   17.533018491985388        18.079510925281411        16.832434182468255        19.883899902202600        18.400671076827486        17.534360458495804        17.199047749994463        17.049600835253401        18.259077883391825        17.526440709053631        17.193353481612718        17.060254109481953        17.022217344865595        19.023045397026326        18.792092730718597        17.841297548284217        17.250564207429612        16.701193884672939        16.354268659533190        16.760137481684971        17.181724052365880        34.087851811402807        23.728335676656719     
   4281.1061865051688       -5.1821270000000004        3.3817345729667752        9.1897851999999993        4.6575999999999996E-003   17.543095582572541        18.091643705856697        16.840824417451529        19.902356507299636        18.414401214028324        17.544803988241547        17.207690448358399        17.056903899066519        18.272319891695851        17.536841551692099        17.201956527472991        17.067773870800558        17.028943478463056        19.041222650155209        18.806731888183187        17.853029466863163        17.260425469151500        16.709276390586965        16.358765604531278        16.763852841830108        17.185902410419708        34.109966444499570        23.756104048812837     
   4272.0762934867216       -5.1857939999999996        3.3823454503352206        9.1897854999999993        4.6575999999999996E-003   17.553148848816633        18.103751681786324        16.849195670783747        19.920792322278722        18.428104999182146        17.555223668703395        17.216311811060798        17.064191808486207        18.285535542050336        17.547218385765568        17.210538321341367        17.075277234674530        17.035659030255303        19.059378130305706        18.821345633092903        17.864735355517148        17.270264396996744        16.717340813276753        16.363261309749376        16.767567612158793        17.190073776728038        34.132065084072018        23.783872083193309     
   4263.0556306467643       -5.1894650000000002        3.3829544672707113        9.1897857999999992        4.6575999999999996E-003   17.563189276116340        18.115848065445970        16.857557085875058        19.939227384958187        18.441797377962928        17.565630881696297        17.224921263065415        17.071472517224283        18.298739252186905        17.557582547496601        17.219108244992061        17.082772393675071        17.042371313447305        19.077531576682841        18.835949890939588        17.876427997467765        17.280091737539713        16.725395960065711        16.367760643675478        16.771285813489612        17.194242695866023        34.154171710246395        23.811669815654774     
   4254.0442199931813       -5.1931409999999998        3.3835576926475337        9.1897860999999992        4.6575999999999996E-003   17.573216847855740        18.127932824919078        16.865908646265893        19.957661594794857        18.455478308982965        17.576025607406457        17.233518792884475        17.078746006749931        18.311930985082476        17.567934017944104        17.227666287033689        17.090259331152648        17.049080300610207        19.095682894239623        18.850544609361698        17.888107368128015        17.289907471512343        16.733441814473757        16.372263570054862        16.775007414546138        17.198409152085887        34.176286175429865        23.839496999961334     
   4245.0616326097734       -5.1968160000000001        3.3841570889000092        9.1897863999999991        4.6575999999999996E-003   17.583724853692864        18.140896451428006        16.874515411182891        19.978378088058861        18.470385822650268        17.587003018152792        17.242399302455958        17.086127542163940        18.326249091679994        17.578855300700020        17.236504908966992        17.097863715984232        17.055821343220504        19.116061635523220        18.866562476122908        17.900620917205398        17.300203110612145        16.741697852349219        16.376811660042229        16.778939666955086        17.202777249735359        34.205315762483586        23.871463082484581     
   4236.0980123249501       -5.2004880000000000        3.3847526540706072        9.1897867000000009        4.6575999999999996E-003   17.594636376818947        18.154592982411526        16.883336941794393        20.000982503465650        18.486314518720615        17.598469626376115        17.251519610118009        17.093599071730047        18.341505291523450        17.590255412988579        17.245581543431467        17.105567526666128        17.062586386739216        19.138282782918012        18.883761698852972        17.913832557072716        17.310901721572954        16.750130868999541        16.381384442327409        16.783038807213689        17.207311299697572        34.240013814257161        23.906834282373460     
   4227.1338523732984       -5.2041670000000000        3.3853443862140913        9.1897870000000008        4.6575999999999996E-003   17.605555483660964        18.168304437754095        16.892161324458193        20.023625714136479        18.502264880948161        17.609947192363350        17.260644335392037        17.101069012136691        18.356780832783848        17.601666478985592        17.254662838449953        17.113271309692777        17.069347477104333        19.160540663787039        18.900984174924098        17.927059865753311        17.321608677078704        16.758565694954019        16.385945194106114        16.787135061991044        17.211846359232375        34.274764060262619        23.942274309823141     
   4218.1886618041754       -5.2078480000000003        3.3859322833975281        9.1897873000000008        4.6575999999999996E-003   17.616458389290713        18.182000933352931        16.900969347247177        20.046258325426919        18.518202132248813        17.621410705515490        17.269753607949813        17.108521112580746        18.372042414058519        17.613063632819753        17.263729017451610        17.120958300587645        17.076089913332417        19.182786728384087        18.918192354034950        17.940274010433164        17.332300651538592        16.766983969231394        16.390484027323673        16.791219525799804        17.216372556234546        34.309490712538768        23.977705829297335     
   4209.2624004757927       -5.2115270000000002        3.3865143770075101        9.1897876000000007        4.6575999999999996E-003   17.627345098817639        18.195682441476812        16.909761035009108        20.068880202001296        18.534126213127241        17.632860152327609        17.278847444204523        17.115955419405935        18.387289987278823        17.624446860688487        17.272780095098760        17.128628536962225        17.082813753262588        19.205020852540219        18.935386172827258        17.953474956323703        17.342977644222699        16.775385721381141        16.395001040196703        16.795292236763565        17.220889906343459        34.344193610099360        24.013128577596149     
   4200.3647000173023       -5.2152040000000000        3.3870945982027925        9.1897877999999995        4.6575999999999996E-003   17.638203798777198        18.209334074089014        16.918526873769228        20.091466632482380        18.550019761938991        17.644283084238431        17.287915990672083        17.123363921842486        18.402506939033842        17.635803785346340        17.281806262245887        17.136273739853252        17.089511774404738        19.227218758360298        18.952546888033755        17.966648327525391        17.353628061156940        16.783761866718635        16.399491487822438        16.799348866702417        17.225393529082304        34.378835722958840        24.048503856692186     
   4191.4761566180059       -5.2188860000000004        3.3876709787152661        9.1897880999999995        4.6575999999999996E-003   17.649058149443967        18.222985541513580        16.927285983721511        20.114066648789567        18.565917339653861        17.655704373992918        17.296979020481757        17.130762799213656        18.417726368760349        17.647159135873061        17.290827197754737        17.143910597854045        17.096198614615261        19.249428645369129        18.969711813657998        17.979822787124707        17.364275104936507        16.792130681055266        16.403965176415220        16.803398198469665        17.229893241804312        34.413490653739998        24.083908289132786     
   4182.5967917902126       -5.2225679999999999        3.3882415490203499        9.1897883999999994        4.6575999999999996E-003   17.659908091780935        18.236636754064413        16.936038327323004        20.136680077223680        18.581818829613752        17.667123949557439        17.306036489406036        17.138152034604399        18.432948168555587        17.658512840249550        17.299842856907873        17.151539087379540        17.102874269057004        19.271650345944362        18.986880825849525        17.992998243935780        17.374918713971866        16.800492131358986        16.408422164387822        16.807440273522523        17.234389031059408        34.448158985823042        24.119341639106587     
   4173.7554581190725       -5.2262459999999997        3.3888102422165280        9.1897886999999994        4.6575999999999996E-003   17.670718316000844        18.250243243485023        16.944755446686834        20.159233145224285        18.597672399881027        17.678504624092216        17.315058936006963        17.145507633437916        18.448122732921124        17.669827925679101        17.308823912199845        17.159134424344927        17.109517079963773        19.293811376350291        19.003997962170150        18.006131769579625        17.385524242896608        16.808819037873469        16.412848065068520        16.811461981602733        17.238866282477083        34.482727668778395        24.154688247631746     
   4164.9328135984715       -5.2299220000000002        3.3893750891182530        9.1897889999999993        4.6575999999999996E-003   17.681512406460108        18.263834644266893        16.953456390283705        20.181774840946019        18.613512538925026        17.689871198620928        17.324066062214001        17.152845706475581        18.463283086282576        17.681129049696942        17.317789972706347        17.166713229481889        17.116141620504678        19.315959886180888        19.021100461211226        18.019251956608052        17.396114821010343        16.817129604961263        16.417252676376101        16.815472150510416        17.243334783936660        34.517271863960445        24.190024817157848     
   4156.1096790861120       -5.2336060000000000        3.3899341193088568        9.1897891999999999        4.6575999999999996E-003   17.692313795238793        18.277440445018524        16.962160056731904        20.204354045298807        18.629373601764275        17.701248338158049        17.333077426303284        17.160182206934927        18.478462113119427        17.692440734943247        17.326760506790798        17.174291973291503        17.122762303231507        19.338143906826492        19.038225417723194        18.032387266769721        17.406713435074501        16.825441886230180        16.421645642314271        16.819479549165870        17.247804246712825        34.551867306471998        24.225428010662057     
   4147.3052358002633       -5.2372899999999998        3.3904912677886636        9.1897894999999998        4.6575999999999996E-003   17.703099003466249        18.291031054359330        16.970847535587918        20.226921577246380        18.645221078598880        17.712611305248352        17.342073446862702        17.167501201228454        18.493626792514590        17.703738386455008        17.335716020861192        17.181854193709896        17.129364750733551        19.360315124306180        19.055335569481780        18.045509129602141        17.417297045932351        16.833737824060666        16.426017385578088        16.823475391278542        17.252264952858553        34.586437055996655        24.260820568960241     
   4138.5289734489470       -5.2409699999999999        3.3910445644737655        9.1897897999999998        4.6575999999999996E-003   17.713856341383931        18.304591700810306        16.979509436368964        20.249452816096408        18.661037712488469        17.723947760167469        17.351044387661236        17.174794811587802        18.508760621387932        17.715009734805228        17.344646820557760        17.189391737517834        17.135941878858333        19.382449359862449        19.072412287102129        18.058603272692860        17.427854174551356        16.842008458369286        16.430363320706185        16.827455435713411        17.256712088436736        34.620944255619484        24.296163878307276     
   4129.7712828632712       -5.2446520000000003        3.3915920380745215        9.1897900999999997        4.6575999999999996E-003   17.724597534151918        18.318137123931059        16.988155225224524        20.271972144541664        18.676840662443901        17.735270036561282        17.360000041362120        17.182071039425992        18.523880028650559        17.726267042354237        17.353562652708654        17.196912861356534        17.142500922328104        19.404570577125188        19.089474097685947        18.071683918899240        17.438396320954617        16.850262834718304        16.434688300451896        16.831424064350486        17.261150516981164        34.655426306322688        24.331496125247234     
   4121.0131467322672       -5.2483389999999996        3.3921376254551476        9.1897903000000003        4.6575999999999996E-003   17.735345873650637        18.331696680230444        16.996803660788064        20.294528340459031        18.692664164911019        17.746602676612472        17.368959833536557        17.189345686603122        18.539017773698077        17.737534710144686        17.362482855746322        17.204433892883827        17.149056136147436        19.426726694726394        19.106557966642754        18.084779413051205        17.448946341974477        16.858518865422518        16.439001785234119        16.835389946416466        17.265589873942083        34.689958705976949        24.366893878274617     
   4112.2830531273703       -5.2520249999999997        3.3926793556524788        9.1897906000000003        4.6575999999999996E-003   17.746066391002149        18.345226231143037        17.005426618975324        20.317047888222298        18.708456692702029        17.757908799027046        17.377894623044831        17.196595108711108        18.554124569304680        17.748776068350217        17.371378416057766        17.211930382103787        17.155586219290541        19.448845509192374        19.123608260575512        18.097847122845810        17.459469911399026        16.866749706185935        16.443289735493373        16.839340112066225        17.270015716636010        34.724427365869715        24.402241610807955     
   4103.5714536479800       -5.2557070000000001        3.3932172268944720        9.1897909000000002        4.6575999999999996E-003   17.756770747063456        18.358740452116749        17.014033504579508        20.339555123115460        18.724235343674490        17.769200678224109        17.386814142672407        17.203827245596667        18.569216781105187        17.760003320486781        17.380259021728570        17.219410525952235        17.162098346028905        19.470950932160335        19.140643441433213        18.110901212591841        17.469978468267527        16.874964341257282        16.447556966569501        16.843278947407754        17.274432879768767        34.758870377313301        24.437577521088748     
   4094.8877379321243       -5.2593870000000003        3.3937512374215282        9.1897911000000008        4.6575999999999996E-003   17.767447340047759        18.372224654829587        17.022615014748880        20.362025490282186        18.739982936008374        17.780466052316513        17.395708739558479        17.211034313364159        18.584277984937156        17.771204274289992        17.389115060030541        17.226866260147233        17.168585529723664        19.493018856528415        19.157644961336270        18.123927484002401        17.480460615524116        16.883153898896083        16.451799003941694        16.847202272396832        17.278836596424934        34.793250983225796        24.472863059158719     
   4086.2223981406237       -5.2630660000000002        3.3942813854865048        9.1897914000000007        4.6575999999999996E-003   17.778107832035680        18.385693529317010        17.031180545269706        20.384483338465564        18.755716594270602        17.791717206322083        17.404588143438303        17.218224226930474        18.599324569866827        17.782391144321455        17.397956216541122        17.234305763098440        17.175054907087329        19.515073207129660        19.174631307064310        18.136940120093442        17.490927797520573        16.891327352103382        16.456020520268861        16.851114322491402        17.283231683510643        34.827604954206784        24.508136279462974     
   4077.5941733594077       -5.2667409999999997        3.3948076693547233        9.1897917000000007        4.6575999999999996E-003   17.788729095240349        18.399117806501813        17.039711543482163        20.406879753127704        18.771402089566561        17.802929703528136        17.413433107654228        17.225381451855505        18.614323813846465        17.793539632842087        17.406763325158973        17.241712945341519        17.181492526339461        19.537065959562135        19.191565526911159        18.149910831388176        17.501357297081618        16.899467005872644        16.460212528668858        16.855006707425169        17.287608629494514        34.861858296931452        24.543320344136369     
   4068.9841674257286       -5.2704120000000003        3.3953320588364093        9.1897918999999995        4.6575000000000002E-003   17.799380939184083        18.412573366256545        17.048273286012464        20.429310056428434        18.787120191619600        17.814174616734228        17.422309581190081        17.232568299503356        18.629355004712604        17.804720672460260        17.415602249797693        17.249150650407007        17.187959147448872        19.559091569506400        19.208531111372494        18.162914497495958        17.511818496421281        16.907637289555105        16.464430974726859        16.858934644509127        17.292023635729734        34.896132938235503        24.578538372163422     
   4060.3829924816337       -5.2740869999999997        3.3958506094416534        9.1897921999999994        4.6575000000000002E-003   17.809981676269445        18.425981555403112        17.056781818910228        20.451705276646990        18.802794692045584        17.825370893946012        17.431133949384481        17.239699326908479        18.644341193773798        17.815853141565242        17.424389333723369        17.256533705001964        17.194368544594269        19.581080634121257        19.225453206625815        18.175871969245748        17.522229497599330        16.915753825445272        16.468587150836328        16.862809050154578        17.296388217553829        34.930371271857382        24.613735103128050     
   4051.8093286563608       -5.2777620000000001        3.3963672628195956        9.1897924000000000        4.6575000000000002E-003   17.820554841453191        18.439359760949863        17.065265255467686        20.474063148289829        18.818438010525735        17.836540753727796        17.439933627697808        17.246805673366644        18.659296310241526        17.826959397289642        17.433152071987369        17.263892689158610        17.200753445563180        19.603031780683537        19.242341512940797        18.188801607948285        17.532614242274967        16.923845585510918        16.472718789463585        16.866668234546839        17.300739513480938        34.964546718428601        24.648880401956326     
   4043.2537684709473       -5.2814329999999998        3.3968800457467032        9.1897926999999999        4.6575000000000002E-003   17.831112010250997        18.452722593087177        17.073732904060996        20.496407963205769        18.834067201428613        17.847696405513261        17.448718263127553        17.253895159079725        18.674236668653908        17.838051579272012        17.441900069217208        17.271235691905034        17.207120888072396        19.624968870807997        19.259214440883756        18.201717525990635        17.542984094406023        16.931921454385289        16.476830449126901        16.870516370989936        17.305082293355710        34.998694970341425        24.684012274443752     
   4034.7441446277230       -5.2850950000000001        3.3973889565443809        9.1897929000000005        4.6575000000000002E-003   17.841618742963295        18.466026402057643        17.082157177566273        20.518666613333139        18.849631167411719        17.858801424885797        17.457459218582819        17.260944733886223        18.689113437326792        17.849093469596092        17.450604805034761        17.278538819613061        17.213450202483290        19.646820142560756        19.276016830319207        18.214577519589579        17.553305214956158        16.939955131325885        16.480908944265437        16.874341056648227        17.309402421097179        35.032705850222676        24.719015817446532     
   4026.2246182724307       -5.2887659999999999        3.3978939935465515        9.1897932000000004        4.6575000000000002E-003   17.852143968175504        18.479358439077963        17.090593358078308        20.540984977093395        18.865231960020644        17.869928650818942        17.466213848286515        17.268000675241687        18.704024170149204        17.860157492954038        17.459323394558613        17.285850007584987        17.219782945361786        19.668728813945954        19.292858851835774        18.227465923264262        17.563645310898067        16.947999339774245        16.484981043233024        16.878167322693074        17.313728241218364        35.066800834290142        24.754120269670686     
   4017.7323324034555       -5.2924329999999999        3.3983971283147518        9.1897935000000004        4.6575000000000002E-003   17.862641767233470        18.492660523985364        17.099004651318346        20.563265631729621        18.880801486053993        17.881029529086238        17.474943963875635        17.275032222850548        18.718903789420967        17.871195370681676        17.468017805887168        17.293137377003269        17.226091519688563        19.690599253443942        19.309666995966943        18.240326488855224        17.573959268173198        16.956018997879049        16.489029058651923        16.881978537753206        17.318040891825788        35.100831842818764        24.789172434233421     
   4009.2671904967674       -5.2960960000000004        3.3988944130507828        9.1897936999999992        4.6575000000000002E-003   17.873112187100133        18.505932668309093        17.107391124647776        20.585508487822139        18.896339721730989        17.892104082749757        17.483649621423460        17.282039470672547        18.733752284046400        17.882207125173242        17.476688092570534        17.300401009871710        17.232376035385833        19.712431384119036        19.326441239120086        18.253159216251252        17.584247124632814        16.964014178123641        16.493053175407745        16.885774814490780        17.322340415248199        35.134799521212038        24.824172165042341     
   4000.8198841803010       -5.2997620000000003        3.3993897928261743        9.1897938999999997        4.6575000000000002E-003   17.883566704436205        18.519189383675229        17.115761991720724        20.607737756376466        18.911863627410149        17.903164430928449        17.492340376090898        17.289030142130486        18.748585871399069        17.893204806461561        17.485343769120092        17.307648902033769        17.238643433584457        19.734248980316337        19.343199890801227        18.265978128366761        17.594520151064295        16.971993670382851        16.497057873368590        16.889560307443418        17.326631534402551        35.168740164634251        24.859157441786380     
