  #       Teff 			 log(L/Lsun) 		 tcool(gyr) 			logg(CGS)		  R/R_sun		       G3      			Bp3    			Rp3     		    u      			g      			 r      		 i       		z     				g		       r       			i      			 z       			y  
   79683.609777367892        1.0459200000000000        3.5529463199009115E-004   7.7191551000000000        1.7480599999999999E-002   8.0578976313615023        7.8649925484282939        8.4283977599834010        7.2536204301371683        7.7908730724382025        8.3556476956724524        8.7565172359734866        9.1183028429166093        7.8668730724382030        8.3626437920625385        8.7683977599833973        9.0663028429166097        9.2841478242943438        6.5114970505371694        7.7880597300827326        8.1317426127392416        8.2756160566501862        8.4764855969512247        8.9260490036176456        9.0639540865508543        9.1836725118395393        5.7799241848995173        6.4265401431453775     
   79289.741140501414        1.0350690000000000        3.6445186195362567E-004   7.7213960000000004        1.7435599999999999E-002   8.0684931494175292        7.8757062270753782        8.4386961103299303        7.2644642476147130        7.8015999375731457        8.3660946298737304        8.7668023998321605        9.1284830326720812        7.8775999375731462        8.3730865033759603        8.7786961103299301        9.0764830326720816        9.2942975907861314        6.5223498316147097        7.7988564053450435        8.1423077075315771        8.2860236039877773        8.4867313739462116        8.9360763866305124        9.0738633089726637        9.1933937635429164        5.7923322694274884        6.4380393151691582     
   79009.261052010144        1.0273260000000000        3.7131985040764448E-004   7.7229818999999997        1.7403800000000001E-002   8.0760152492124995        7.8833124708969002        8.4460065132541082        7.2721624703832717        7.8092151056504839        8.3735108812333046        8.7741038785005223        9.1357092915697145        7.8852151056504844        8.3805001740797174        8.7860065132541116        9.0837092915697148        9.3015021452749131        6.5300543979832710        7.8065213258400838        8.1498081029177030        8.2934118073385044        8.4940048046057228        8.9431942164369289        9.0808969947525320        9.2002935528785379        5.8011426150379712        6.4462030652556201     
   78717.446924640928        1.0192570000000001        3.7864576709591803E-004   7.7246234999999999        1.7370900000000002E-002   8.0838246843067516        7.8912094502293613        8.4535956298464683        7.2801545328259962        7.8171209629126075        8.3812101570766089        8.7816841171632198        9.1432108639238550        7.8931209629126080        8.3881971383933589        8.7935956298464646        9.0912108639238554        9.3089811026163218        6.5380530268259989        7.8144789795276779        8.1575949229992162        8.3010819017690736        8.5015558618556817        8.9505833180104659        9.0881985520878601        9.2074557695501795        5.8102901418512047        6.4546784471038485     
   78398.544516177921        1.0104249999999999        3.8642962408425772E-004   7.7264033999999997        1.7335400000000001E-002   8.0923098687064030        7.8997903053515497        8.4618399315193482        7.2888386642686545        7.8257110345133380        8.3895749001128745        8.7899192023575576        9.1513594948741979        7.9017110345133386        8.3965597845510853        8.8018399315193445        9.0993594948741983        9.3171049629258160        6.5467442778686529        7.8231257120101017        8.1660553367580189        8.3094147545644912        8.5097590568091750        8.9586094107188838        9.0961289740737339        9.2152338599318266        5.8202353007612633        6.4638896444765148     
   78022.704467534408        1.0000230000000001        3.9604507712897430E-004   7.7284572999999996        1.7294400000000001E-002   8.1022158242765521        7.9098090129362930        8.4714616462505781        7.2989786913768491        7.8357398806500775        8.3993387352635658        8.7995307785367949        9.1608684575908406        7.9117398806500780        8.4063216967497780        8.8114616462505815        9.1088684575908410        9.3265845572375916        6.5568925205768522        7.8332215105565730        8.1759319239233044        8.3191410057103177        8.5193330489835439        8.9679743300640631        9.1053811414043260        9.2243063228380962        5.8318601620288959        6.4746497217234058     
   77579.861511179959       0.98779700000000004        4.0749218957557786E-004   7.7307956000000004        1.7247900000000000E-002   8.1136756921222890        7.9214017336689366        8.4825859461312341        7.3107142413105386        7.8473435069919724        8.4106308191267622        8.8106441728081961        9.1718599045845863        7.9233435069919729        8.4176122282037227        8.8225859461312339        9.1198599045845867        9.3375410731357036        6.5686374237105412        7.8449043522897384        8.1873568606734075        8.3303888052778774        8.5304021589593120        8.9787964406660201        9.1160703991193763        9.2347835122749657        5.8453443045298918        6.4871147023106488     
   77064.790123598694       0.97349799999999997        4.2122893189264232E-004   7.7335225999999997        1.7193799999999999E-002   8.1270220723813047        7.9349026353442262        8.4955420852801886        7.3243790493965619        7.8608560715951121        8.4237820788307438        8.8235886490293005        9.1846615223172634        7.9368560715951126        8.4307627329798578        8.8355420852801849        9.1326615223172638        9.3503020917296240        6.5823131397965611        7.8585090231703951        8.2006626417936666        8.3434885578431057        8.5432951280416596        8.9914021829158166        9.1285216199528953        9.2469881054146974        5.8610374159442422        6.5016246725391049     
   76467.166913220935       0.95682199999999995        4.3771332130688735E-004   7.7366773999999996        1.7131500000000001E-002   8.1424695432118845        7.9505293931379235        8.5105366959424664        7.3401933411903002        7.8764949293467517        8.4390031195771762        8.8385711597336325        9.1994768460164309        7.9524949293467522        8.4459842929683440        8.8505366959424663        9.1474768460164313        9.3650702723077508        6.5981400507902990        7.8742547863641086        8.2160629695032092        8.3586498362685013        8.5582178764249512        9.0059915957728869        9.1429317458468553        9.2611120389034660        5.8791984130902577        6.5184155084643223     
   75780.593104133892       0.93744799999999995        4.5740343563181794E-004   7.7403814999999998        1.7058600000000000E-002   8.1604098035556554        7.9686756256244173        8.5279573300389657        7.3585497518749463        7.8946533853705070        8.4566835667973095        8.8559795702928739        9.2166915079702036        7.9706533853705075        8.4636673330512195        8.8679573300389620        9.1646915079702040        9.3822310932806161        6.6165112778749453        7.8925357407496790        8.2339493888660726        8.3762616261077234        8.5755576296032849        9.0229490374657644        9.1596832153970063        9.2775350379490718        5.9002382808784546        6.5378868668361925     
   75135.814727777746       0.91908100000000004        4.7663608904485955E-004   7.7439051000000001        1.6989500000000001E-002   8.1773662049660878        7.9858254605477548        8.5444260975483139        7.3758923704348973        7.9118129396368815        8.4733961512572016        8.8724386184591850        9.2329668419666469        7.9878129396368820        8.4803842925680719        8.8844260975483103        9.1809668419666473        9.3984560438394205        6.6338679908348972        7.9098101562913250        8.2508554068388662        8.3929097327299793        8.5919521999319635        9.0389849295686311        9.1755256739869644        9.2930692017508534        5.9200898602966383        6.5562702002650539     
   74660.862037180210       0.90540500000000002        4.9128983691139186E-004   7.7465643999999996        1.6937600000000001E-002   8.1900002176541804        7.9986019590430253        8.5567014224839255        7.3888072583420623        7.9245955538999802        8.4858508200690537        8.8847078276269684        9.2450996810950770        8.0005955538999807        8.4928434828120984        8.8967014224839218        9.1930996810950774        9.4105520248987951        6.6467935159420612        7.9226771238925444        8.2634525614578962        8.4053169062727697        8.6041739138306852        9.0509429462529951        9.1873412048641505        9.3046578934827409        5.9348443494743925        6.5699470318497184     
   74328.779222597761       0.89579299999999995        5.0182237719809564E-004   7.7484310000000001        1.6901300000000001E-002   8.1988447274388427        8.0075460936720653        8.5652951988169228        7.3978468044993448        7.9335433769302206        8.4945699631278835        8.8932979155587617        9.2535938325837002        8.0095433769302211        8.5015664038697203        8.9052951988169191        9.2015938325837006        9.4190204345059598        6.6558405284993434        7.9316838970857013        8.2722713293611001        8.4140028410501415        8.6127307934810204        9.0593155090145778        9.1956141427813556        9.3127722563926589        5.9451668139774902        6.5795173855954054     
   74004.989271199200       0.88641800000000004        5.1235505047509376E-004   7.7502225999999999        1.6866400000000000E-002   8.2074113121766246        8.0162083911995126        8.5736176181893420        7.4066019434910331        7.9422085683910240        8.5030141982851077        8.9016176181893414        9.2618200053707014        8.0182094587910235        8.5100138416808591        8.9136176181893418        9.2098201825622112        9.4272205042978214        6.6646019434910322        7.9404070367410284        8.2808118111037459        8.4224152310079816        8.6210186509122160        9.0674228914791826        9.2036252786605388        9.3206291974918969        5.9551750774876027        6.5887902567342387     
   73624.100186516822       0.87537100000000001        5.2471966271423298E-004   7.7523067000000001        1.6826000000000001E-002   8.2173935963090976        8.0262912565379025        8.5833172129735544        7.4167954824632965        7.9522937955683801        8.5128524631837053        8.9113172129735503        9.2714136698295064        8.0283030223683838        8.5198491192989465        8.9233172129735507        9.2194162088599860        9.4367760798481584        6.6747954824632956        7.9505630926158375        8.2907560063277508        8.4322207561175944        8.6306855059074437        9.0768725367041156        9.2129689935600680        9.3297961533685658        5.9668695450680964        6.5996009488309788     
   73176.056264034720       0.86237299999999995        5.3937425528818037E-004   7.7546992000000001        1.6779700000000002E-002   8.2289929989282875        8.0380085584185146        8.5945842643700736        7.4286441519129021        7.9640154152796363        8.5242822182339033        8.9225842643700766        9.2825558780492834        8.0400342120796360        8.5312762482644580        8.9345842643700770        9.2305627349104107        9.4478734836756892        6.6866441519129012        7.9623673771962693        8.3023106045546875        8.4436126506908629        8.6419146968270404        9.0878450973548972        9.2238167110341109        9.3404363627966909        5.9804838867692354        6.6121756390334809     
   72652.405795099243       0.84714699999999998        5.5723488806597740E-004   7.7574508000000000        1.6726600000000001E-002   8.2424364323983710        8.0515890092778832        8.6076398616164127        7.4423790309598417        7.9776030024418034        8.5375271979164111        8.9356398616164121        9.2954653865549410        8.0536328056418043        8.5445192928983715        8.9476398616164126        9.2434793797188632        9.4607306271344527        6.7003790309598408        7.9760506231008250        8.3157016729778803        8.4568143366778799        8.6549270003778815        9.1005561520729827        9.2363816770115115        9.3527595812910249        5.9962815516360131        6.6267586333262116     
   72045.191487673525       0.82936699999999997        5.7875974850003331E-004   7.7606489999999999        1.6665200000000002E-002   8.2580222723703880        8.0673322346217500        8.6227775018628687        7.4583011780266784        7.9933574072264246        8.5528829449654591        8.9507775018628681        9.3104336553091702        8.0694000032264253        8.5598742332677968        8.9627775018628686        9.2584588279138469        9.4756381744579361        6.7163011780266810        7.9919144846265535        8.3312267915191587        8.4721213484165663        8.6700159053139725        9.1152943279042393        9.2509504813505412        9.3670495573967170        6.0145925483225380        6.6436626801952965     
   71344.582358579399       0.80867199999999995        6.0486511169051480E-004   7.7643694999999999        1.6593900000000002E-002   8.2760901460964327        8.0855795437793425        8.6403305175928189        7.4767543208359122        8.0116215649983822        8.5706854570398683        8.9683305175928183        9.3277913703003925        8.0876790429983814        8.5776777286493875        8.9803305175928188        9.2758333915194306        9.4929258285362472        6.7347543208359113        8.0103028989171463        8.3492246043322922        8.4898696648852443        8.6875147254381950        9.1323866812438261        9.2678475339513966        9.3836270527402057        6.0357971659466934        6.6632463472168055     
   70567.706046989144       0.78544800000000004        6.3463538242649524E-004   7.7685741999999998        1.6513799999999999E-002   8.2962910707710478        8.1059763832312157        8.6599639081343796        7.4973778168124205        8.0320422442826924        8.5905924499898454        8.9879639081343754        9.3472085167484735        8.1081165410826905        8.5975882321155837        8.9999639081343759        9.2952743777999487        9.5122652873531734        6.7553778168124197        8.0308586241475552        8.3693478413757489        8.5097192995202811        8.7070907576648153        9.1515098959672727        9.2867545045813671        9.4021827333305978        6.0594642833682926        6.6851197472068016     
   70118.238939611008       0.77189099999999999        6.5249805478424610E-004   7.7710287999999998        1.6467200000000001E-002   8.3080283410208562        8.1178256335081773        8.6713742832033400        7.5093577619323337        8.0439077595697679        8.6021597517966999        8.9993742832033394        9.3584938700852245        8.1199918747697684        8.6091587572274957        9.0113742832033399        9.3065759961468100        9.5235056939791836        6.7673577619323328        8.0428009911510525        8.3810401649148165        8.5212546963214546        8.7184692277280949        9.1626252808610698        9.2977448677429511        9.4129712230435505        6.0732020498183399        6.6978212895041995     
   69762.173026100441       0.76109099999999996        6.6669686203954374E-004   7.7729865000000000        1.6430100000000000E-002   8.3177138716508612        8.1276013277430312        8.6807540694008569        7.5192345418086948        8.0537624351113042        8.6116869041639124        9.0087540694008528        9.3677984500060756        8.1298068157165293        8.6186631214665201        9.0207302867034631        9.3158882092821802        9.5327530713351880        6.7772367285325910        8.0527180545060855        8.3906425235586912        8.5307550674665240        8.7278200459795716        9.1717736692430183        9.3067964538747443        9.4219284070321780        6.0843961561378297        6.7082429075191481     
   69398.167052339631       0.75002800000000003        6.8181198690581363E-004   7.7749620999999998        1.6392799999999999E-002   8.3277228866025723        8.1377037396868737        8.6904266080606050        7.5294392216602475        8.0639781287654841        8.6215218185287448        9.0184266080606044        9.3774060898710729        8.1399576105759479        8.6284616352339789        9.0303664247658375        9.3254999290653835        9.5422917324872287        6.7874452308659379        8.0629986469550161        8.4005423367182779        8.5405614836339794        8.7374602639601484        9.1812110310029311        9.3161363387243199        9.4312036505234111        6.0959093720442894        6.7189907423651292     
   68969.487684877036       0.73698600000000003        6.9967566933416944E-004   7.7772382000000002        1.6349900000000001E-002   8.3393880006717183        8.1494792487662551        8.7016955744768154        7.5413354619720891        8.0758861275405778        8.6329816973141575        9.0296955744768113        9.3885984248137895        8.1517889778775512        8.6398786460826429        9.0415925232452992        9.3366961498935730        9.5534035500709820        6.7993466896923067        8.0749832772036001        8.4120788469771810        8.5519875988826470        8.7486902483250830        9.1922033491764452        9.3270143760021256        9.4420037236986651        6.1093461032089067        6.7315260150358540     
   68467.425829462722       0.72167499999999996        7.2120420507508238E-004   7.7798568000000001        1.6300700000000001E-002   8.3529283208363090        8.1631492386874704        8.7147723313699750        7.5551468292514876        8.0897101350344336        8.6462814609510410        9.0427723313699708        9.4015852437358625        8.1655230474003311        8.6531282035339885        9.0546190739529173        9.3496863678316693        9.5662970320059557        6.8131651323556888        8.0888972226685460        8.4254685485851475        8.5652476307339889        8.7617201980487174        9.2049566869547945        9.3396346450078305        9.4545303783653303        6.1249602841869368        6.7460846329159523     
   67882.214229878286       0.70375600000000005        7.4731402567965687E-004   7.7828660000000003        1.6244300000000000E-002   8.3686058669895917        8.1789782747206292        8.7299103144783192        7.5711402277698259        8.1057172331928147        8.6616784381045289        9.0579103144783151        9.4166182213242937        8.1814251400387921        8.6684666595275193        9.0696985359013045        9.3647218440654445        9.5812225054291194        6.8291680690286771        8.1050093263468401        8.4409705312585555        8.5805981235275173        8.7768021586424556        9.2197186336980810        9.3542426032258934        9.4690262915541705        6.1430525779197449        6.7629471464843238     
   67205.218898431878       0.68284900000000004        7.7846365235700432E-004   7.7863616999999996        1.6179099999999998E-002   8.3867592500254169        8.1973067907558885        8.7474414585206439        7.5896568199997212        8.1242500226895658        8.6795073062746333        9.0754414585206398        9.4340279491003294        8.1998365132692541        8.6862278281644763        9.0871619804104853        9.3821327467035367        9.5985096420768059        6.8476974691965147        8.1236635321098802        8.4589208156949489        8.5983732749644766        8.7942667780136929        9.2368166545463346        9.3711643162126599        9.4858149551987587        6.1639914661953057        6.7824653841686491     
   66427.208151925748       0.65856899999999996        8.1556987229748754E-004   7.7904102999999996        1.6103800000000001E-002   8.4077013960728344        8.2184499512272566        8.7676712788609272        7.6110131109303190        8.1456256789455104        8.7000766413487973        9.0956712788609266        9.4541183616913109        8.2210727617758970        8.7067193621639909        9.1073139996761192        9.4022222518551466        9.6184615543578644        6.8690708619664846        8.1451785961151266        8.4796295585184112        8.6188810033639918        8.8144178898399552        9.2565513580034420        9.3906989126851883        9.5051921346432380        6.1881233372444981        6.8049675110149046     
   65858.525028593140       0.64065700000000003        8.4397327897158903E-004   7.7933887999999998        1.6048699999999999E-002   8.4230379348886064        8.2339332669800296        8.7824890029688962        7.6266502035168937        8.1612773872197533        8.7151407526029043        9.1104890029688956        9.4688342631746121        8.2366226474254756        8.7217266051057631        9.1220748554717570        9.4169359409229170        9.6330778456320285        6.8847220809685918        8.1609321270140374        8.4947954923971860        8.6339001603057621        8.8291765332200587        9.2710089583406070        9.4050119485008832        9.5193870090032089        6.2057837344531546        6.8214385877677568     
   65422.780815145990       0.62684200000000001        8.6596367713525529E-004   7.7956719000000003        1.6006599999999999E-002   8.4347858998403051        8.2457936903957627        8.7938403635742066        7.6386275199509459        8.1732659236324618        8.7266799778478781        9.1218403635742060        9.4801076073372368        8.2485331673954914        8.7332222559293893        9.1333826416557198        9.4282066748184814        9.6442757836190207        6.8967111400697032        8.1729986798694316        8.5064127340848454        8.6454049435293907        8.8404817091369647        9.2820853054635659        9.4159784474268644        9.5302611385523814        6.2193085916971267        6.8340530800092036     
   65025.994055605050       0.61419699999999999        8.8658020169577866E-004   7.7977480999999997        1.5968400000000001E-002   8.4454749546395256        8.2565851716228451        8.8041689256284279        7.6495248122673090        8.1841733660728728        8.7371789440673275        9.1321689256284238        9.4903651168395449        8.2593695572839927        8.7436815434728921        9.1436715250339837        9.4384611095062532        9.6544653153839626        6.9076198120006040        8.1839771748617487        8.5169827528562081        8.6558725358728914        8.8507675177006924        9.2921641060006444        9.4259578963506208        9.5401550804951505        6.2316130964561296        6.8455292527117564     
   64610.633608658252       0.60093099999999999        9.0857172260894008E-004   7.7998839999999996        1.5929100000000002E-002   8.4565832584519960        8.2678009963693988        8.8149000373218804        7.6608515256647074        8.1955098050255764        8.7480881112563260        9.1429000373218834        9.5010217000436121        8.2706314677473074        8.7545491746171926        9.1543611006827454        9.4491136987823872        9.6650513640265707        6.9189590629259357        8.1953881423038446        8.5279664485345954        8.6667487106171919        8.8614530994215208        9.3026340901091693        9.4363243534529921        9.5504304776522702        6.2444122181681294        6.8574612933684023     
   64123.024707290366       0.58533500000000005        9.3468740637354128E-004   7.8023173999999997        1.5884599999999999E-002   8.4694182183012092        8.2807627716890213        8.8272920390353722        7.6739442265792359        8.2086121466499637        8.7606890002548585        9.1552920390353751        9.5133259135768302        8.2836460211914247        8.7671013027255871        9.1667043415060991        9.4614121959499595        9.6772735057451609        6.9320672138061088        8.2085782721085057        8.5406551257133980        8.6793105723255852        8.8737906238792323        9.3147196827573477        9.4482888469964070        9.5622860166841210        6.2592336142109186        6.8712643341938264     
   63555.479552303084       0.56707799999999997        9.6630222222688646E-004   7.8051297000000002        1.5833199999999999E-002   8.4843203043452817        8.2958126228795877        8.8416794540891530        7.6891457232670959        8.2238243840223291        8.7753185629214343        9.1696794540891560        9.5276110687996152        8.2987559987327906        8.7816741108766614        9.1810350020443821        9.4756894738080462        9.6914642785016447        6.9472878370586670        8.2238927693118669        8.5553869482109697        8.6938946296766630        8.8881134070528134        9.3287514411673378        9.4621807176245980        9.5760486235519195        6.2764444091936369        6.8872906532002744     
   62897.299589608076       0.54578899999999997        1.0043332251113953E-003   7.8083377000000000        1.5774900000000001E-002   8.5014471851054374        8.3131112936285554        8.8582102791773387        7.7066198777104162        8.2413097124693770        8.7921291857002366        9.1862102791773346        9.5440230898952585        8.3161225231872997        8.7984189156591981        9.1975000091362951        9.4920906986129658        9.7077682918954729        6.9647856197927105        8.2414969017514572        8.5723163749823179        8.7106522664591992        8.9045676178540027        9.3448708325723544        9.4781391153315298        9.5918537926848657        6.2962461066230269        6.9057193110024606     
   62137.961260536838       0.52100500000000005        1.0501560122095270E-003   7.8120212999999996        1.5708099999999999E-002   8.5211708017108698        8.3330332429327072        8.8772480641167171        7.7267425868831836        8.2614448942092409        8.8114878675411390        9.2052480641167165        9.5629237415688237        8.3361205716613469        8.8177016636671937        9.2164618602427666        9.5109767812235155        9.7265463793662406        6.9849376324284940        8.2617692167571306        8.5918121900890299        8.7299497488671918        8.9235148998974623        9.3634358529444022        9.4965203720678701        9.6100540436293613        6.3190485158572187        6.9269394169757099     
   61599.047959044612       0.50323300000000004        1.0836082352868744E-003   7.8146601000000002        1.5660500000000001E-002   8.5352106700764558        8.3472136748887422        8.8908029217951281        7.7410635711454994        8.2757753183414060        8.8252688344559829        9.2188029217951275        9.5763813717869368        8.3503537683332141        8.8314287392518835        9.2299628265910307        9.5244227296273110        9.7399184639383733        6.9992808537051268        8.2761968683495972        8.6056903844641681        8.7436873796518846        8.9370041844314088        9.3766568187260830        9.5096124560734232        9.6230149813459818        6.3352662180222552        6.9420359676917798     
   61165.143644663738       0.48887399999999998        1.1111042169384292E-003   7.8167403999999996        1.5623000000000000E-002   8.5464143412902267        8.3585308749968270        8.9016162264737311        7.7524941528001214        8.2872124367645910        8.8362638747125608        9.2296162264737305        9.5871162168026629        8.3617124270935221        8.8423803890770252        9.2407327408381938        9.5351473216638247        9.7505851022704348        7.0107300095389604        8.2877124464356555        8.6167638843836265        8.7546473506770255        8.9477638456993596        9.3872016069638349        9.5200539683960734        9.6333492068473241        6.3482233439338849        6.9540903630909838     
   60660.921026242220       0.47204800000000002        1.1441005904443955E-003   7.8191853000000000        1.5579100000000000E-002   8.5594877107743681        8.3717359520664996        8.9142373061928222        7.7658294268637906        8.3005559661664190        8.8490949124874927        9.2422373061928216        9.5996462315980704        8.3749648915716630        8.8551610045901139        9.2533033982954453        9.5476645220058618        9.7630368665955256        7.0240878776559992        8.3011470407611672        8.6296859870822420        8.7674377457901169        8.9603216887032371        9.3995118841034024        9.5322453524034838        9.6454141174243144        6.3633286449874422        6.9681480868373864     
   60111.283340634611       0.45358900000000002        1.1812230696353935E-003   7.8218325999999996        1.5531700000000001E-002   8.5736907993558944        8.3860827535537084        8.9279482067878533        7.7803174553261307        8.3150525660601957        8.8630337714262168        9.2559482067878562        9.6132577938559791        8.3893621531283245        8.8690448997602758        9.2669593351219177        9.5612609913646622        9.7765641834154309        7.0386015882174533        8.3157429789920698        8.6437241843580850        8.7813322301602774        8.9739625326305941        9.4128848988176230        9.5454897471111337        9.6585183987966161        6.3797435367577506        6.9834218145984721     
   59539.474882359165       0.43423099999999998        1.2210972008233512E-003   7.8245842000000003        1.5482500000000000E-002   8.5892119896013686        8.4017623776608641        8.9429722900017108        7.7965524653200138        8.3308270043664105        8.8781968629432253        9.2709722900017137        9.6281138950726355        8.4050332361428826        8.8841693846252365        9.2819997683196913        9.5761138950726359        9.7914397101906214        7.0548233238020313        8.3318324609549759        8.6588710478252384        8.7964677214252394        8.9888155582726394        9.4276734202850800        9.5601133621560042        9.6732054671795336        6.3975602308494093        7.0003150746611826     
   59031.524622188655       0.41694399999999998        1.2577647493745871E-003   7.8269913999999998        1.5439700000000001E-002   8.6030506985807058        8.4157477652965937        8.9563737370230569        7.8111217935701305        8.3448818089519960        8.8917031867187859        9.2843737370230599        9.6413539638920938        8.4189960794764289        8.8976435352986201        9.2954333884432216        9.5893539638920942        9.8047215809122577        7.0693701077499682        8.3462145799988434        8.6723355696986175        8.8099515008986202        9.0020459982920968        9.4408955028568613        9.5731836953258949        9.6863773904014607        6.4134459030280020        7.0154361704235022     
   58442.528863251289       0.39673399999999998        1.3013095549342778E-003   7.8297797999999998        1.5390200000000000E-002   8.6190968341421659        8.4319688975467884        8.9719152435940543        7.8280225514995259        8.3611809879855024        8.9073687840100426        9.2999152435940537        9.6567107781279908        8.4351886129581537        8.9132693802214042        9.3110146473826880        9.6047107781279912        9.8201293011166264        7.0862422669108867        8.3628957552561864        8.6879502610214026        8.8255884994214036        9.0173916589279912        9.4562363298779140        9.5883509836118499        9.7016624778392035        6.4318731594824214        7.0329768016636223     
   57762.635460227735       0.37319600000000003        1.3535663194048765E-003   7.8329890999999998        1.5333400000000001E-002   8.6375953006403030        8.4506759437395047        8.9898343031961545        7.8475175842828513        8.3799748751518344        8.9254344483997308        9.3178343031961539        9.6744198552758647        8.4538593586438822        8.9312859069041082        9.3289828446917760        9.6224198552758651        9.8379003531714915        7.1057009991872278        8.3821338789713202        8.7059539505041101        8.8436178633041074        9.0350878988758652        9.4739333781591561        9.6058508866388692        9.7192983595468263        6.4531306845942140        7.0532106833305761     
   57114.713155550853       0.35054800000000003        1.4053679188162959E-003   7.8360396000000003        1.5279700000000000E-002   8.6551866285133805        8.4684725673638432        9.0068765744097199        7.8660685603179665        8.3978510255919474        8.9426197557193952        9.3348765744097193        9.6912652172127238        8.4716181266230599        8.9484211565786076        9.3460751735505028        9.6392652172127242        9.8548079747535091        7.1242141195771822        8.4004366384394018        8.7230769981786089        8.8607653149786110        9.0519210588127237        9.4907736749254035        9.6225064761284109        9.7360835334973004        6.4733616210824252        7.0724659541313066     
   56539.504746420054       0.33028800000000003        1.4530465669802197E-003   7.8387165999999997        1.5232700000000000E-002   8.6707291113793570        8.4842026830272150        9.0219336844243454        7.8824716816300811        8.4136491793793606        8.9578067869736362        9.3499336844243484        9.7061499554214858        8.4873119467286440        8.9635611842750631        9.3611792871229209        9.6541499554214862        9.8697504245200580        7.1405809453315126        8.4166162128300765        8.7382063178750631        8.8759160506750643        9.0667950890214879        9.5056587945679123        9.6372299319650505        9.7509220310157669        6.4912575379401058        7.0894950775343784     
   55874.416397147579       0.30669500000000000        1.5098977437889970E-003   7.8417558999999999        1.5179500000000000E-002   8.6885628370918191        8.5022595812307991        9.0392081851981700        7.9013109772634245        8.4317818606421646        8.9752350684279456        9.3672081851981694        9.7232278126662344        8.5053237675215918        8.9809322311187394        9.3785110225073751        9.6712278126662348        9.8868976735754366        7.1593751635542198        8.4351930245130795        8.7555652075187389        8.8932992547187411        9.0838607890662324        9.5227424177640714        9.6541290688321340        9.7679541855527034        6.5118253517514084        7.1090595359868480     
   55112.358907040405       0.27934799999999999        1.5782159706901667E-003   7.8452472000000002        1.5118599999999999E-002   8.7090148247319679        8.5229752299564954        9.0590235661419758        7.9229268937710149        8.4525803308721184        8.9952305552635377        9.3870235661419787        9.7428219258077622        8.5259837914535286        9.0008581279605711        9.3983959934449448        9.6908219258077626        9.9065753419107256        7.1809354552680471        8.4565043540308640        8.7754771391605697        8.9132391167605700        9.1034409370077594        9.5423512297951039        9.6735305782608894        9.7875081064794802        6.5354214120313028        7.1315061302825686     
   54305.522923726610       0.25003100000000000        1.6543354759534167E-003   7.8489420000000001        1.5054400000000001E-002   8.7387198440941845        8.5529426645639859        9.0885858043457866        7.9538781830830771        8.4825468965639885        9.0246843276243780        9.4163919385698307        9.7722934152912373        8.5554160375968138        9.0302885596243776        9.4277877065698306        9.7202384449305335        9.9363627421217444        7.2120720488590386        8.4874352394162216        8.8039524174384276        8.9427392979850850        9.1327877065698289        9.5719314576519423        9.7030898069580971        9.8169509115428397        6.5652285230660432        7.1614243054818729     
   53727.297998712980       0.22878299999999999        1.7112003556497939E-003   7.8515953999999999        1.5008499999999999E-002   8.7610571089951090        8.5754627492605007        9.1108902577999569        7.9771173054022722        8.5050563676604991        9.0468706135297108        9.4385322768645761        9.7945519211348202        8.5774922469894843        9.0524642319297133        9.4499386584645766        9.7424484805996965        9.9588737651353352        7.2354752863376515        8.5106870505971681        8.8253156049828352        8.9649740540648377        9.1549386584645784        9.5942808880699406        9.7254523735399285        9.8391978331396697        6.5872284380395616        7.1836822300551386     
   53237.419942762550       0.21067800000000000        1.7602723551860891E-003   7.8537889999999999        1.4970600000000001E-002   8.7799320154332925        8.5944906983189355        9.1297418108221429        7.9967628949251690        8.5240755423189398        9.0656188005476466        9.4572429456734461        9.8133659559479440        8.5961404520100970        9.0712036445476443        9.4686581016734479        9.7612196068106947        9.9779012999708385        7.2552617600738643        8.5303369875248691        8.8433539805411172        8.9837651496848920        9.1736581016734462        9.6131729290851915        9.7443585793482406        9.8580060633367950        6.6057970446948531        7.2024849349071935     
   52669.961390523975       0.18952400000000000        1.8194377573072416E-003   7.8563248000000003        1.4926999999999999E-002   8.8018546272686180        8.6165884500010925        9.1516436859587742        8.0195847634558319        8.5461631508010925        9.0873967021361466        9.4789794855255636        9.8352264693481963        8.6177940414127789        9.0929714029361435        9.4904047847255626        9.7830282766368803        10.000009083191987        7.2782489638890446        8.5531573898437827        8.8642947238693530        9.0055948948474622        9.1954047847255644        9.6351258588595101        9.7663321341602511        9.8798661264383512        6.6273373657090957        7.2243155806671453     
   52015.646418212578       0.16490299999999999        1.8905335112202693E-003   7.8592317999999999        1.4877100000000001E-002   8.8272141980395364        8.6421471504213923        9.1769874597594043        8.0459900242066187        8.5717102232213929        9.1125920272576817        9.5041297999921834        9.8605252324939077        8.6428349601705978        9.1181551000576793        9.5155667271921853        9.8082644434430453        10.025592828326618        7.3048476839738381        8.5795522365703949        8.8885051666362305        9.0308528163085402        9.2205667271921872        9.6605337303447651        9.7917692193301296        9.9051723486137693        6.6522205880437877        7.2495585840688133     
   51459.077925965335       0.14378099999999999        1.9533780208744246E-003   7.8616627000000001        1.4835500000000000E-002   8.8487746249551265        8.6638746826493183        9.1985404435317761        8.0684475952650381        8.5934280318493208        9.1340145196609335        9.5255159479815461        9.8820418718523868        8.6641175071340584        9.1395678688609330        9.5369625987815496        9.8297255607169660        10.047351542282001        7.3274720908152666        8.6019934494735821        8.9090743024537566        9.0523308307963539        9.2419625987815479        9.6821447861878127        9.8134091764438480        9.9267009920290405        6.6733489050538815        7.2710125904430569     
   50823.199272123085       0.11946700000000000        2.0272378290296729E-003   7.8643780999999997        1.4789200000000001E-002   8.8733501422912973        8.6886386749573816        9.2231135468753465        8.0940566641855227        8.6181811625573843        9.1584341468252148        9.5498959991047059        9.9065753991548391        8.6883682192705223        9.1639766344252109        9.5613535115047057        9.8541932115297719        10.072161144245989        7.3532742119561654        8.6275755110559018        8.9325023680674462        9.0768163344502781        9.2663535115047040        9.7067876363799037        9.8380891886844637        9.9512538285388850        6.6974029453477328        7.2954594756821827     
   50154.857403947295        9.3556000000000000E-002   2.1098217416363240E-003   7.8672928999999998        1.4739700000000000E-002   8.8994480734332004        8.7149314898108177        9.2492197963771918        8.1212493370500862        8.6444623182108185        9.1843721718555837        9.5757961271971777        9.9326437517187838        8.7141151229315792        9.1899030002555815        9.5872652987971758        9.8801891110579785        10.098520151957205        7.3806730062300989        8.6547311299868834        8.9573752299531133        9.1028268125163887        9.2922652987971741        9.7329750787795870        9.8643228463819863        9.9773538178627721        6.7229071133195948        7.3214066802284083     
   49501.914988354249        6.8232000000000001E-002   2.1924138152774049E-003   7.8698527000000000        1.4696300000000001E-002   8.9413370409805566        8.7580011746729589        9.2886983105974004        8.1698287121193367        8.6875217638729545        9.2250197268233620        9.6151670402618521        9.9714951855854146        8.7559465660473386        9.2303888394854852        9.6265986935950743        9.9190157747854180        10.137458109254183        7.4292126079857788        8.6994954297078912        8.9973420128745225        9.1432999036187041        9.3312520851213030        9.7712031247066484        9.9029549913179515        10.016349357258502        6.7737351276095197        7.3728781633689877     
   48906.209058945489        4.4715999999999999E-002   2.2718016668387690E-003   7.8723377000000001        1.4654300000000000E-002   8.9847479397092780        8.8027719784740075        9.3292124282015916        8.2209605651466138        8.7322826276740084        9.2669825135551331        9.6556113687077865        10.011265541177314        8.7993869368036908        9.2721626958731189        9.6669936700133814        9.9587761903773124        10.177248901976709        7.4802358169577996        8.7460533512971690        9.0387963954985100        9.1850343479787124        9.3712303459543396        9.8101903062586313        9.9424097027164589        10.056280076269909        6.8281012873118261        7.4278645048598353     
   48224.862716997457        1.7491000000000000E-002   2.3668016636935363E-003   7.8751908999999998        1.4606299999999999E-002   9.0343836942442479        8.8539660174941233        9.3755119478375093        8.2794622049108746        8.7834652538941214        9.3149475499419125        9.7018339416081787        10.056705746872709        8.8490591882715179        9.3199145162559773        9.7131569203809107        10.004204983272711        10.222706731874780        7.5386073988563425        8.7992914293431284        9.0861999791365733        9.2327382586287143        9.4169140531838451        9.8547232882806419        9.9874688890818462        10.101889541106182        6.8904265549361199        7.4908530175790702     
   47522.031735460194       -1.0963000000000001E-002   2.4700747751958260E-003   7.8781426000000003        1.4556700000000001E-002   9.0855856261623149        8.9067786125812116        9.4232465095559785        8.3398488305267886        8.8362660421812134        9.3644098380486920        9.7494923721399811        10.103544172580717        8.9003019415992224        9.3691601069797859        9.7607509159030723        10.051031602180716        10.269556853759804        7.5988533476529714        8.8542125173748314        9.1351057353366993        9.2819312211428784        9.4640101083074395        9.9006129497685418        10.033891690122358        10.148886524354898        6.9548973243371162        7.5559560075814769     
   46913.841906448331       -3.5901000000000002E-002   2.5637200895966997E-003   7.8807023999999997        1.4513900000000000E-002   9.1298650467130980        8.9524544795345964        9.4645041025946970        8.3921084284052316        8.8819316699345965        9.4071704958475681        9.7906867559916737        10.144018289454090        8.9446193125287810        9.4117359176258351        9.8018868709759897        10.091495479854091        10.310035751041431        7.6509858487738622        8.9017129538152506        9.1774034504263913        9.3244588422101504        9.5047124815041730        9.9402554008977990        10.073987523144295        10.189484607231796        7.0108062906293842        7.6123692906029437     
   46308.743777666743       -6.0990999999999997E-002   2.6615080073048602E-003   7.8832401000000001        1.4471500000000000E-002   9.1738824887902624        8.9978637507579471        9.5054952264280494        8.4440948955564146        8.9273307903579457        9.4496645245528406        9.8316174734621349        10.184222475370063        8.9886770662688136        9.4540485203424574        9.8427569751835868        10.131689514970066        10.350239730057428        7.7028409385993122        8.9489375194249483        9.2194543329914325        9.3667209824639066        9.5451487627716354        9.9796221864335237        10.113797868620207        10.229799539710708        7.0665296978898589        7.6685548195666335     
   45620.285621581519       -8.9906000000000000E-002   2.7785930895729508E-003   7.8861362000000002        1.4423399999999999E-002   9.2239318141646418        9.0494996311352143        9.5520774510708808        8.5032472358865885        8.9789550863352137        9.4979656139175521        9.8781339535332453        10.229900400678313        9.0387751699026939        9.5021461735042383        9.8892015081951978        10.177355855878309        10.395911452877892        7.7618378004104880        9.0026387742704674        9.2672720415541203        9.4147582729661838        9.5910966894300937        10.024335449747690        10.159006917711958        10.275588726615107        7.1300626452282341        7.7325657447276281     
   45006.785953817081      -0.11598100000000000        2.8883465381848053E-003   7.8886906999999997        1.4381000000000000E-002   9.2684512856563259        9.0954356036389790        9.5934858100139380        8.5559098043739041        9.0248808408389785        9.5409138593586995        9.9194864142857568        10.270494854724603        9.0833410071373777        9.5449158208212772        9.9304871672047028        10.217940091924604        10.436495003371732        7.8143565474118049        9.0504152457775291        9.3098085636614059        9.4574713365402232        9.6319372288959428        10.064059415154212        10.199164413557238        10.316268361747053        7.1867427761330340        7.7896290109470421     
   44373.123446523765      -0.14321400000000001        3.0073006352293987E-003   7.8912903999999999        1.4338000000000000E-002   9.3047966682635099        9.1333720293030503        9.6265914281849376        8.6020695045636622        9.0624307417709637        9.5754217343142791        9.9525369101854331        10.302463050388681        9.1201296676184818        9.5792963590035818        9.9635369101854359        10.250094121410566        10.467710798524511        7.8600736990320783        9.0892496564779144        9.3449891449789426        9.4916652879816930        9.6644702473426563        10.093575223774277        10.227577169178023        10.343884383202656        7.2582743489255996        7.8483775834108052     
   43683.255826641376      -0.17325299999999999        3.1441876663521953E-003   7.8941097999999998        1.4291600000000000E-002   9.3441803074103014        9.1744922980179417        9.6624447819519297        8.6521420389830510        9.1031258123139231        9.6128054402818037        9.9883332377088365        10.337074642439884        9.1600095404543822        9.6165420914471333        9.9993332377088358        10.284913356666134        10.501494549431850        7.9096640090359429        9.1313357398606421        9.3831211106467407        9.5287033772208822        9.6997034031701510        10.125495649189542        10.258278388077496        10.373699368877887        7.3362268980574612        7.9122434620670639     
   43069.616029954785      -0.20031599999999999        3.2723673003840757E-003   7.8965975999999998        1.4250700000000000E-002   9.3791459640273640        9.2110052772811404        9.6942676524514635        8.6966043678513980        9.1392606564991095        9.6459948134428952        10.020107967383124        10.367792961305382        9.1954245119923907        9.6496087366488847        10.031107967383127        10.315819039425064        10.531476500541329        7.9537000620010314        9.1687078148392036        9.4169788083386106        9.5615826585292094        9.7309772698070898        10.153817500893544        10.285515590547460        10.400145518857739        7.4054950714362047        7.9689687294009612     
   42485.917358199440      -0.22633700000000001        3.4001070379246130E-003   7.8989142000000001        1.4212700000000000E-002   9.4122592002293715        9.2455925046539633        9.7243892809360943        8.7387402496327411        9.1734883982688800        9.6774208015882408        10.050185970492009        10.396863932180857        9.2289720379389024        9.6809179850598781        10.061185970492009        10.345070597993487        10.559847033010698        7.9954328328035693        9.2041122203524850        9.4490430767143110        9.5927113192472504        9.7605790475785668        10.180606568857748        10.311272533702503        10.425147442048072        7.4712297658292108        8.0227620855002115     
   41845.619334391216      -0.25519700000000001        3.5471697223654246E-003   7.9013939999999998        1.4172199999999999E-002   9.4483927832094547        9.2833453402521098        9.7572388364362208        8.7847595839453074        9.2108471358527435        9.7117061086578200        10.082990003748291        10.428560951238124        9.2655895138112765        9.7150752325247023        10.093990003748290        10.376968294816438        10.590775694439396        8.0410125468580151        9.2427614731839594        9.4840313807686218        9.6266678889463844        9.7928609232158035        10.209797837263620        10.339331104065527        10.452374955821602        7.5431392807721149        8.0815611743671010     
   41252.189110662315      -0.28229300000000002        3.6915000965708484E-003   7.9036802000000002        1.4134900000000001E-002   9.4818365394653359        9.3182920570613756        9.7876367135570188        8.8273560736703605        9.2454286497277725        9.7434391574589529        10.113347922840783        10.457890653956214        9.2994885366059581        9.7466895952810848        10.124347922840778        10.406486266795708        10.619393280889009        8.0832038756205140        9.2785389923064461        9.5164182982099152        9.6580939824415868        9.8227349533293111        10.236802921915102        10.365286303914290        10.477557600985458        7.6097367942508836        8.1359968397338545     
   40618.230518996679      -0.31164599999999998        3.8547061239784172E-003   7.9061272000000002        1.4095200000000000E-002   9.5175321283700161        9.3555956658445165        9.8200759902449075        8.8728200112895035        9.2823420953559133        9.7773096018470991        10.145746927068798        10.489188805179102        9.3356776907226919        9.7804332479508940        10.156746927068797        10.437987940995393        10.649930681801896        8.1282373776247905        9.3167301431179208        9.5509896444481921        9.6916341121346061        9.8546170026839928        10.265615299231198        10.392977131765390        10.504420735268097        7.6808484495937090        8.1941039426693845     
   39995.856360193480      -0.34087800000000001        4.0253019088651171E-003   7.9085368999999996        1.4056100000000000E-002   9.5525752345416119        9.3922197412411261        9.8519162251027748        8.9174396470594726        9.3185848356608449        9.8105628036221955        10.177551130683055        10.519905866003255        9.3712142837617041        9.8135628036221920        10.188551130683058        10.468907937823159        10.679900964383167        8.1724375752395684        9.3542259567008355        9.5849335576422821        9.7245586599823870        9.8859141532828705        10.293889291444030        10.420147227544517        10.530773087864899        7.7506587449334372        8.2511270356971256     
   39400.705656713370      -0.36921999999999999        4.1982322829726398E-003   7.9108345000000000        1.4019000000000000E-002   9.5846369328315859        9.4257785066898023        9.8803978287718621        8.9581008271566631        9.3520282959302676        9.8408390498017226        10.206148039531396        10.546899592913647        9.4039864379344031        9.8438390498017228        10.217148039531395        10.496199240085289        10.706193425810831        8.2128011799850213        9.3886774482047315        9.6159018789045447        9.7542397554584390        9.9140981816002238        10.318502415540500        10.443290855682285        10.552735604995711        7.8159372594453238        8.3030356723739516     
   38801.632675275141      -0.39815499999999998        4.3827000261022703E-003   7.9131521999999999        1.3981600000000000E-002   9.6169382356624098        9.4595867627742223        9.9090954229140564        8.9990473332715339        9.3857260028427305        9.8713431336882351        10.234956182845547        10.574099504602245        9.4369973629186212        9.8743431336882352        10.245956182845546        10.523698688264609        10.732692986146034        8.2534481496091701        9.4233843137613071        9.6470970433444450        9.7841447663635108        9.9424962392516960        10.343306035303350        10.466615334591538        10.574871208742085        7.8816305002494573        8.3552818552425343     
   38229.797710911211      -0.42615399999999998        4.5704295873916865E-003   7.9153595000000001        1.3946200000000001E-002   9.6477429833875483        9.4918299271102704        9.9364603316530165        9.0380937666621897        9.4178688274965729        9.9004323765202820        10.262421431266716        10.600034825930294        9.4684742852903376        9.9034323765202821        10.273421431266716        10.549919927074836        10.757964962027504        8.2922086655176450        9.4564852305439047        9.6768408024230688        9.8126621742311961        9.9695752305084717        10.366954016773938        10.488851387051216        10.595972420473043        7.9442671499079367        8.4050933103205843     
   37653.382840102830      -0.45476899999999998        4.7710890312273480E-003   7.9175823999999997        1.3910499999999999E-002   9.6788528232402342        9.5245630043199263        9.9642760992607968        9.0779638423275131        9.4503325610311002        9.9298129717605406        10.290276099260797        10.626582864941003        9.5003156142712051        9.9328129717605407        10.301218964551925        10.576582864941003        10.783559960221208        8.3316172251676157        9.4900257953508955        9.7071084121714613        9.8417558370516680        9.9969294821008994        10.390965953012593        10.511670512601672        10.617763781752952        8.0074818699078776        8.4557369921322874     
   37087.366838376336      -0.48325499999999999        4.9805440288505452E-003   7.9197550000000003        1.3875800000000001E-002   9.7093880126011740        9.5568049320860418        9.9916895102122396        9.1173963751024445        9.4822021470091187        9.9586501131162990        10.317689510212240        10.652864243888992        9.5316104938474986        9.9616501131162991        10.328543041716131        10.602864243888995        10.808717997565747        8.3704837419408236        9.5230274133323682        9.7369708709434377        9.8705036446201930        10.023776877050615        10.414610926165579        10.534290168338437        10.639453770099895        8.0695486708863129        8.5056953375000006     
   36531.878115195046      -0.51159299999999996        5.1992616656842752E-003   7.9218770000000003        1.3841900000000001E-002   9.7393479675345915        9.5884398411890039        10.018585789168164        9.1560832769210805        9.5134763920745904        9.9869436018801743        10.344585789168164        10.678649545398553        9.5623207621897883        9.9899436018801744        10.355356400996151        10.628649545398552        10.833400809628944        8.4086151550362764        9.5554126358441991        9.7662754414777737        9.8987142137081641        10.050117667283356        10.437813608744918        10.556481769147322        10.660737706148101        8.1304245752885400        8.5546976993636115     
   35987.278099574542      -0.53974699999999998        5.4277098044328799E-003   7.9239414000000004        1.3809000000000000E-002   9.7687044936422112        9.6194320639932727        10.044932396639656        9.1939992112887623        9.5441278295932754        10.014666327940933        10.370932396639656        10.703902527108465        9.5924193420928496        10.017666327940933        10.381630097459531        10.653913313789023        10.857583635588167        8.4459928503385484        9.5871532733941258        9.7949852194612319        9.9263513068603793        10.075926035689445        10.460541044156553        10.578215791686041        10.681590175255277        8.1900736568151800        8.6027280515669311     
   35451.123239637745      -0.56782699999999997        5.6663571376346904E-003   7.9259459999999997        1.3777200000000000E-002   9.7983659550640745        9.6504419309649769        10.071368910501899        9.2324219213083154        9.5751457149649788        10.042719324782986        10.397368910501900        10.729078011640215        9.6228930542046172        10.045719324782986        10.408153987541123        10.679545595361358        10.882151625840631        8.4841474829281331        9.6192434684857027        9.8236457105825714        9.9539555250618470        10.102094472121717        10.483311850218588        10.600111026038821        10.702776571937502        8.2499767044602983        8.6517252311746056     
   34924.242891958347      -0.59575599999999995        5.9156732428483566E-003   7.9278611999999997        1.3746899999999999E-002   9.8273828315783032        9.6807836691484059        10.097216844130051        9.2700396950144306        9.6054951139484057        10.070155560254177        10.423216844130051        10.753682659013682        9.6527079120403680        10.073155560254177        10.434083496583787        10.704603208467992        10.906163139051907        8.5215018164604128        9.6506466281644929        9.8516750802159532        9.9809464555998684        10.127678965576033        10.505553196827494        10.621495798311697        10.723460259903367        8.3086892821432681        8.6997293902749764     
   34407.252930186231      -0.62355300000000002        6.1765896951097828E-003   7.9297490000000002        1.3717000000000000E-002   9.8558981870337110        9.7105990507082414        10.122622708614825        9.3069866964483356        9.6353180467082442        10.097119945824270        10.448622708614826        10.777864625089096        9.6820063036384294        10.100119945824270        10.459565488763632        10.729233588010105        10.929767089870479        8.5581903229134273        9.6815035408478725        9.8792174810428843        10.007469978903258        10.152826335079920        10.527416259274931        10.642522350521412        10.743795006065492        8.3663235261523869        8.7468640284585053     
   33901.740870213936      -0.65110999999999997        6.4500396717470498E-003   7.9315970000000000        1.3687899999999999E-002   9.8839445871894007        9.7399657525787582        10.147592957284299        9.3434039523991643        9.6646564534523733        10.123600680235150        10.473592957284300        10.801656608586217        9.7107826767576952        10.126564993108765        10.484543827719406        10.753409881463242        10.952975438330050        8.5943056932693800        9.7118886588383297        9.9062952929298262        10.033551550670257        10.177494698154515        10.548905143375798        10.663223973119628        10.763852101989841        8.4231048440359224        8.7933641438753085     
   33403.501974544393      -0.67867000000000000        6.7374194481869838E-003   7.9334335999999999        1.3658999999999999E-002   9.9123305067187193        9.7698537351950865        10.172798948605580        9.3805823700165138        9.6943686340346833        10.150242763629622        10.498798948605581        10.825792804702347        9.7397401525964984        10.153023928069219        10.509500699592850        10.777685366006994        10.976444939916485        8.6309858719910597        9.7427804656459944        9.9336700418678081        10.059944514616896        10.202202450580126        10.570623462427390        10.684275597641532        10.784412834016075        8.4809457014171645        8.8409837574953247     
   32915.616976375670      -0.70602100000000001        7.0396663136790497E-003   7.9352276000000002        1.3630800000000000E-002   9.9401251056646576        9.7991191651355312        10.197476181793020        9.4169831951600020        9.7234583602056386        10.176329765081972        10.523476181793020        10.849426029163849        9.7680908752702020        10.178928049752079        10.533933990281207        10.801447891927689        10.999421751610333        8.6668988121363792        9.7730288415827768        9.9604745188174082        10.085787573570160        10.226391798769397        10.591885500627646        10.704881223074130        10.804537750450505        8.5375688796743550        8.8875981172900591     
   32433.737689838334      -0.73342499999999999        7.3577196422869523E-003   7.9370092000000003        1.3602800000000000E-002   9.9676149505606784        9.8280617742911627        10.221883528976482        9.4529698980203616        9.7522240001679368        10.202133032475112        10.547883528976483        10.872805647324304        9.7961265699026949        10.204547221551886        10.558100397821400        10.824948324588012        11.022149647690915        8.7024036357101995        9.8029423357114869        9.9869863523403577        10.111349901320031        10.250317266666320        10.612919692805347        10.725263693171959        10.824445467661802        8.5935187974325498        8.9336623832742372     
   31962.151078954601      -0.76060899999999998        7.6925210627827026E-003   7.9387504000000000        1.3575600000000000E-002   9.9945612502621906        9.8564487230858475        10.245805229075394        9.4882707282266274        9.7804440866232980        10.227428779038533        10.571790941077424        10.895715243235330        9.8236323116417310        10.229673777438531        10.581805229075396        10.847974529633305        11.044394546993239        8.7372471673035577        9.8323079985238877        10.012975549220101        10.136395566580035        10.273757728618925        10.633525998630105        10.745243151309058        10.843941379527489        8.6484410688797482        8.9788487545541997     
   31496.768615664139      -0.78781599999999996        8.0454767197481944E-003   7.9404760999999997        1.3548700000000000E-002   10.021878809757604        9.8854020240027811        10.270083996959420        9.5243084075462097        9.8093421154135836        10.253117499912429        10.595892289856449        10.918885827087779        9.8518253639370794        10.255355595512428        10.606083996959422        10.871315629790749        11.066641268719104        8.7729968832648471        9.8625538053773969        10.039348538188934        10.161674177117289        10.297448967061309        10.654369670166099        10.765628343181762        10.863635400505258        8.7049025073324078        9.0250096038878223     
   31040.163487025093      -0.81487299999999996        8.4175339155158329E-003   7.9421673999999998        1.3522299999999999E-002   10.048691897340593        9.9138199947360057        10.293915620806253        9.5596709121951058        9.8377089750537614        10.278332469545180        10.619546722232005        10.941627049206058        9.8795005506843019        10.280563799945178        10.629915620806255        10.894227278180306        11.088476045780109        8.8080799742563798        9.8922461345104473        10.065234885114638        10.186483652714447        10.320697905401271        10.674827866641184        10.785636699728208        10.882965614558746        8.7602941987562382        9.0702981061885488     
   30591.163838535245      -0.84184800000000004        8.8101053463350357E-003   7.9438295999999999        1.3496400000000000E-002   10.075057951015737        9.9417641959808627        10.317349879166215        9.5944379595657310        9.8656059261994145        10.303127024450610        10.642803730866930        10.963986058544002        9.9067173535572159        10.305351706050608        10.653349879166214        10.916756888443285        11.109943704621070        8.8425752717035486        9.9214494833023608        10.090689641892808        10.210876458070594        10.343553164486913        10.694941877736678        10.805308359975214        10.901970424133015        8.8147477787337891        9.1148197950001162     
   30153.032791202175      -0.86852600000000002        9.2246077286250745E-003   7.9454457999999999        1.3471400000000000E-002   10.100750630066017        9.9689967984968106        10.340181776808830        9.6283225627027846        9.8927952788598041        10.327286244835225        10.665459812841434        10.985765878423841        9.9332430448466056        10.329504461635224        10.676181776808832        10.938706059191233        11.130853727206244        8.8761975594613816        9.9499164440491938        10.115493129248421        10.234640797263431        10.365814365269642        10.714531042379850        10.824465858371052        10.920477190757857        8.8678337615965042        9.1582171801659484     
   29720.834544007226      -0.89519199999999999        9.6647769975145362E-003   7.9470318999999998        1.3446800000000000E-002   10.126760596787754        9.9964453682108925        10.363069312850129        9.6621075967051091        9.9204535138117258        10.351703082418943        10.688222037794972        11.007384541426994        9.9601070552997406        10.353855807363782        10.698849294849296        10.960443688882151        11.151952651026161        8.9098365768499512        9.9786472473788699        10.140405992674935        10.258635789362952        10.388154744738980        10.734267879603021        10.843497676291037        10.939006638435043        8.9214402455367683        9.2020194400489324     
   29296.922350552089      -0.92166800000000004        1.0129263469586135E-002   7.9485539999999997        1.3423200000000000E-002   10.152557289379745        10.023605420459104        10.385633600446193        9.6953552238134026        9.9479580319775369        10.375889660912970        10.710694702315179        11.028585469366833        9.9867576606786432        10.377950762781955        10.721075204927759        10.981730151497848        11.172821289848402        8.9430047576823899        10.007097301407450        10.165004306562418        10.282392367263521        10.410197408665729        10.753773158769045        10.862161219470147        10.957252357820698        8.9746056573374542        9.2454348714001515     
   28880.984935220331      -0.94799000000000000        1.0621815017774339E-002   7.9500346999999998        1.3400400000000000E-002   10.177907942725547        10.050264987919888        10.407755267007310        9.7280733063852480        9.9749604940910004        10.399631743666433        10.732755267007313        11.049422008306639        10.013041340226223        10.401631743666432        10.742955128207313        11.002621869506640        11.193160191683415        8.9755783554141360        10.035117678085342        10.189245709702327        10.305712589801651        10.431717098077755        10.772803146489075        10.880389041653181        10.975165393959514        9.0272239208242340        9.2882485442047411     
   28475.542056511898      -0.97399700000000000        1.1142944263762729E-002   7.9514813999999996        1.3378100000000000E-002   10.202842144710987        10.076415518541447        10.429422778763081        9.7603545435544792        10.001450043824230        10.422938387337036        10.754422778763081        11.069951188793324        10.039119660280742        10.424938387337034        10.764616853163078        11.023145263193323        11.212800489045643        9.0075437206717002        10.062829343254693        10.213273668163302        10.328608003793542        10.452567937276102        10.791227115215174        10.898085908788909        10.992790050528201        9.0797715151288845        9.3306600665416806     
   28076.696019107243      -0.99992899999999996        1.1698736861484009E-002   7.9529103000000001        1.3356099999999999E-002   10.227382867169592        10.102152779112270        10.450749870522451        9.7921180452555348        10.027525453063284        10.445878010046020        10.775749870522450        11.090153871009647        10.064790507882392        10.447878010046018        10.785938229322447        11.043342229809646        11.232133350617985        9.0389919361045195        10.090107006205965        10.236927423177931        10.351143064865127        10.473091621360663        10.809363438675305        10.915502384343398        11.010140113113522        9.1314716031001737        9.3723890035778581     
   27686.432570874626       -1.0256490000000000        1.2289725199642703E-002   7.9543150999999996        1.3334500000000001E-002   10.251493693695247        10.127747963411748        10.471459846419693        9.8233489473926472        10.053513312040876        10.468422163578746        10.796459846419689        11.109701883732315        10.090382484211746        10.470422163578748        10.806585284833121        11.063140889574870        11.251205576703187        9.0698526403635231        10.117271274728248        10.260232038036998        10.373291335749622        10.493329018590567        10.827264874415812        10.932894005800117        11.027214959170992        9.1836059920348294        9.4136844401499093     
   27304.045563619489       -1.0511910000000000        1.2919700611917620E-002   7.9556965000000002        1.3313300000000000E-002   10.275143369904006        10.152927187649526        10.491711968846070        9.8539804994978315        10.079091500085910        10.490536766158487        10.816711968846070        11.128801319536928        10.115572759649529        10.492536766158485        10.826765849976583        11.082551155103820        11.269928151100546        9.1001073310614533        10.144002149395051        10.283105889031242        10.395018025722104        10.513193228409692        10.844840287791408        10.950021000485537        11.043970618049157        9.2350652088902923        9.4542525288437265     
   26929.916076955356       -1.0765160000000000        1.3592935689586057E-002   7.9570540999999997        1.3292500000000000E-002   10.298191429264833        10.177517770342853        10.511465597343275        9.8837111193707550        10.104084542734498        10.512070837904055        10.836465597343270        11.147427129174137        10.140104119219806        10.514070837904054        10.846465597343272        11.101439168442738        11.288185261651094        9.1295272965021539        10.170064966249193        10.305440834004585        10.416230582235450        10.532509252365784        10.861975009881959        10.966721103090315        11.060307451967269        9.2858387322884361        9.4939613421248907     
   26563.665328961983       -1.1016390000000000        1.4312791511291494E-002   7.9583883999999996        1.3272100000000000E-002   10.320327022842696        10.201363443527507        10.530523324804014        9.9117852014496837        10.128373065333735        10.532675504223354        10.855523324804013        11.165380767190898        10.163594216056472        10.534675504223356        10.865523324804014        11.119453393526088        11.305777986119862        9.1575461287144950        10.195151914611001        10.327078328301281        10.436769324288166        10.550889728197125        10.878468982106744        10.982793574700521        11.076024347229483        9.3373056779208294        9.5328964353104464     
   26204.809085002798       -1.1265780000000001        1.5083579459813564E-002   7.9596989999999996        1.3252099999999999E-002   10.342000746078917        10.224720324741376        10.549188862846414        9.9392698086313942        10.152160091612636        10.552852998462665        10.874188862846417        11.182964494101423        10.186602725826383        10.554852998462664        10.884188862846415        11.137092682057684        11.323008099186424        9.1849804166751312        10.219717457398893        10.348271587251396        10.456886014506402        10.568887872972681        10.894622526441434        10.998537943570177        11.091420344655177        9.3877374944123808        9.5710303641687844     
   25853.538967676312       -1.1513089999999999        1.5910101244651288E-002   7.9609852999999999        1.3232499999999999E-002   10.362654277997299        10.246703652060797        10.566950766138708        9.9652102855493094        10.174638743459541        10.572068433868003        10.891950766138704        11.199667441841735        10.208368677927846        10.573944829368626        10.901804305106383        11.153947105141109        11.339488526508786        9.2108981679493080        10.242954522057142        10.368384212465598        10.475798368336305        10.586093566173433        10.910172747911188        11.013714169278861        11.106402051678861        9.4376303380429274        9.6075945187513465     
   25509.503155017122       -1.1758420000000001        1.6797187118753415E-002   7.9622465000000000        1.3213300000000001E-002   10.382112556180280        10.267013737541889        10.583641623420418        9.9892954427272489        10.195544559450758        10.590150568800345        10.908641623420413        11.215321146885467        10.228637637651344        10.591734143845910        10.918151126575433        11.169888585839901        11.355096060994919        9.2349934147272474        10.264599625031272        10.387205634380861        10.493243647000929        10.602379082684882        10.925040995414404        11.028248470569421        11.120946442569425        9.4872050768671254        9.6423498309217184     
   25172.769551231613       -1.2001610000000000        1.7749699128321823E-002   7.9634831000000004        1.3194500000000000E-002   10.401140876631560        10.286865697027990        10.599961235841411        10.012838874730742        10.215986359592931        10.607831954836486        10.924961235841410        11.230625612095105        10.248452730261691        10.609125555954018        10.934134005392645        11.185478078577576        11.370358712928807        9.2585467395307450        10.285761652056765        10.405607247300319        10.510298325505248        10.618305309026345        10.939583420464972        11.042464054816202        11.135171919616203        9.5357207290242787        9.6763369510425630     
   24842.597329792447       -1.2243070000000000        1.8774406524024814E-002   7.9646938000000000        1.3176100000000000E-002   10.418352598614062        10.304943802264061        10.614787398671576        10.034263036177789        10.234558534894893        10.623858161442817        10.939787398671575        11.244748991640749        10.266542357024681        10.625134559752409        10.948944801341783        11.199748991640751        11.384444312880129        9.2798454130682000        10.305014565035306        10.422449365092822        10.525977157082201        10.632771220801368        10.952988282739716        11.055728062300334        11.148558557049300        9.5824382503241861        9.7070106212658711     
   24519.465569945216       -1.2482370000000000        1.9875784486266753E-002   7.9658787000000002        1.3158200000000000E-002   10.433627680004777        10.321140182657148        10.628022757348861        10.053436057641017        10.251140362124994        10.638120490876817        10.953022757348860        11.257613122281013        10.282796312894940        10.639671924669079        10.962503291778917        11.212613122281015        11.397274566043221        9.2987481386487563        10.322237916185104        10.437632993529187        10.540191390239025        10.645678708118803        10.965177011983110        11.067969627420903        11.161046019775371        9.6272145144153445        9.7341603279512956     
   24202.710163781619       -1.2719870000000000        2.1061165264414511E-002   7.9670383999999999        1.3140600000000001E-002   10.448585648614257        10.337004244728250        10.640987209207621        10.072209215838202        10.267379268759131        10.652088659310936        10.965987209207620        11.270216645976740        10.298713825322912        10.653912675752496        10.975784499043842        11.225216645976738        11.409847833382079        9.3172533529966461        10.339105694831565        10.452507255424932        10.554115385916278        10.658321765771403        10.977121407309641        11.079962834304306        11.173286191751197        9.6710855704994518        9.7607379244807522     
   23892.852388123934       -1.2955190000000001        2.2336533850099385E-002   7.9681867999999998        1.3123200000000000E-002   10.462439798959171        10.351667729016548        10.653031313699792        10.089266781543177        10.282299605450174        10.664991103323541        10.977937800921541        11.281830653309665        10.313399588582921        10.666991103323543        10.987924166087915        11.236830653309664        11.421435260076041        9.3340323811313013        10.354627518640299        10.466111885769042        10.566991103323542        10.670051418887915        10.988214494497786        11.091180754476039        11.184685378109666        9.7118810527443706        9.7848525018696968     
   23590.709355410680       -1.3188510000000000        2.3709348153310997E-002   7.9694140000000004        1.3104700000000000E-002   10.474734513104853        10.364603168648653        10.663810403881907        10.103707274380845        10.295286210903274        10.676384297171087        10.988451187491940        11.292041896847351        10.326308406394034        10.678384297171085        10.998401113237318        11.247041896847353        11.431624790592732        9.3481756397362545        10.368177061937832        10.477843662070295        10.578384297171088        10.680523457237317        10.998143230202761        11.101380102592731        11.194940800847352        9.7479509323029383        9.8051233953919059     
   23295.229854621190       -1.3420110000000001        2.5187614525290201E-002   7.9706751999999996        1.3085700000000000E-002   10.486895065480127        10.377387274745118        10.674488513953229        10.117953250620488        10.308118046119358        10.687663455843989        10.998866412782089        11.302161642636712        10.339070007370882        10.689663455843991        11.008783743807854        11.257161642636710        11.441727076062474        9.3621311812751102        10.381562216635878        10.489450894963603        10.589663455843990        10.690901043007855        11.007987675691332        11.111492477662473        11.205105949836710        9.7833197323136076        9.8250610871053965     
   23005.305241899765       -1.3649720000000001        2.6778483646902600E-002   7.9718802999999996        1.3067499999999999E-002   10.498749819806241        10.389851091395196        10.684888824815738        10.131847990131215        10.320625537067956        10.698653256731939        11.009006012130394        11.312011317372297        10.351514251722440        10.700653256731941        11.018894130057641        11.267011317372296        11.451561998899541        9.3757408165731153        10.394615523311399        10.500759833562798        10.600653256731940        10.701006608857638        11.017566707414195        11.121337041299542        11.214999008172297        9.8179076651985628        9.8445327519533894     
   22835.682705826657       -1.3785220000000000        2.7765346767375944E-002   7.9725741000000001        1.3057100000000000E-002   10.505238276250321        10.396676614438668        10.690690710673628        10.139326574614074        10.327767815628302        10.704799938061974        11.014800414273630        11.317636096979456        10.358365529837382        10.706799938061977        11.024544419578170        11.272654123178171        11.457069017682709        9.3833631621095357        10.401803868025731        10.507220250051610        10.606653646966514        10.706654123178168        11.023050991483995        11.126703319387250        11.220684816976881        9.8363844944347356        9.8553267671014027     
   22775.976183298262       -1.3833139999999999        2.8120572792832262E-002   7.9728177000000002        1.3053500000000001E-002   10.507508202461771        10.399064979295172        10.692720836394965        10.141942558092353        10.330271210598209        10.706951425628368        11.016829565594964        11.319605541778262        10.360763149625544        10.708951425628367        11.026521170508634        11.274629899708632        11.458995317022303        9.3860334947786832        10.404319926458950        10.509483844531399        10.608751759742038        10.708629899708633        11.024970959091934        11.128578192735972        11.222675694839005        9.8428582260131172        9.8591110650352753     
   22732.175485117328       -1.3868339999999999        2.8385077137682971E-002   7.9729966000000001        1.3050800000000000E-002   10.509183442242090        10.400827104871855        10.694220157782560        10.143871576421407        10.332117798011598        10.708539779612327        11.018328171382560        11.321060346867679        10.362531992761877        10.710539779612322        11.027981261957699        11.276089275557698        11.460418325332835        9.3880024586462696        10.406175655391642        10.511154513552068        10.610300883787463        10.710089275557696        11.026389396642816        11.129963402307975        11.224146081847717        9.8476169208240023        9.8618973758489972     
   22687.884364573936       -1.3904069999999999        2.8657236971168346E-002   7.9731779999999999        1.3048000000000001E-002   10.510889190105532        10.402620709376384        10.695748015563828        10.145833842180382        10.333996878384943        10.710157670834681        11.019855303563828        11.322543187928401        10.364332331638677        10.712157670834680        11.029469386190696        11.277576674190696        11.461868892817565        9.3900051835535141        10.408063850909530        10.512855703843242        10.611879041461547        10.711576674190693        11.027835406555267        11.131375687444431        11.225644568452990        9.8524402341591166        9.8647267121020246     
   22642.636784393653       -1.3940570000000001        2.8938006592191642E-002   7.9733628000000003        1.3045299999999999E-002   10.512605324236274        10.404426599467483        10.697282420173847        10.147812007351698        10.335890151676912        10.711784049005059        11.021388968973847        11.324031605758242        10.366145029689273        10.713784049005058        11.030963133580029        11.279069682380028        11.463324200586209        9.3920247451455179        10.409966304920486        10.514567247614485        10.613464762411239        10.713069682380029        11.029286123964424        11.132791816392389        11.227148819801817        9.8573408922594385        9.8675908833984618     
   22596.542875982279       -1.3977860000000000        2.9229289192661212E-002   7.9735512000000002        1.3042399999999999E-002   10.514378634830457        10.406291344278493        10.698870601534388        10.149852170201690        10.337843984299401        10.713465925382422        11.022976396734386        11.325572939610367        10.368016642505616        10.715465925382418        11.032509828237494        11.280615623437495        11.464831669340604        9.3941071482985805        10.411929351953653        10.516335951003331        10.615105152085530        10.714615623437496        11.030788985513475        11.134259305643713        11.228706150464621        9.8623578692744616        9.8705338276006636     
   22549.192803810834       -1.4016230000000001        2.9532516988611406E-002   7.9737448999999998        1.3039500000000001E-002   10.516187317221011        10.408193952013388        10.700489108836255        10.151934891950216        10.339838181653700        10.715180682428635        11.024594129236256        11.327143322040069        10.369926234765455        10.717180682428634        11.034085645592132        11.282190665992132        11.466367121148011        9.3962333347943350        10.413932869557836        10.518139973268944        10.616777219184510        10.716190665992134        11.032319777195941        11.135753617103887        11.230292826344201        9.8674981702666535        9.8735441468177960     
   22501.579266125053       -1.4054899999999999        2.9842962018509184E-002   7.9739401000000001        1.3036600000000001E-002   10.518003553824826        10.410104634892576        10.702114110489326        10.154026585806008        10.341841041982391        10.716902472757077        11.026218350089326        11.328719929355451        10.371843871270507        10.718902472757076        11.035667644933383        11.283771884533380        11.467908460577437        9.3983688117619479        10.415944952338258        10.519951598646895        10.618456007201132        10.717771884533381        11.033856505399505        11.137253515821492        11.231885683311312        9.8726640906636547        9.8765688121497135     
   22453.032242204812       -1.4094420000000001        3.0164899995740485E-002   7.9741394999999997        1.3033599999999999E-002   10.519862776413280        10.412060153928874        10.703778347382102        10.156166560398855        10.343890626005663        10.718665398897695        11.027881789382104        11.330334821624309        10.373806407367677        10.720665398897690        11.037287959063111        11.285391401063109        11.469487244744116        9.4005535067178485        10.418003784883265        10.521806196974481        10.620175010578699        10.719391401063110        11.035430665305313        11.138789972425119        11.233517002501909        9.8779381840917573        9.8796602712383539     
   22403.867731194034       -1.4134510000000000        3.0495497253563826E-002   7.9743414000000001        1.3030600000000000E-002   10.521739531711621        10.414034430649235        10.705457637036396        10.158327562602185        10.345960242709115        10.720444632774008        11.029560271436399        11.331964139167592        10.375787711126964        10.722444632774007        11.038922688445322        11.287025322845320        11.471079836654244        9.4027598767932616        10.420082610064572        10.523678348033894        10.621909684182931        10.721025322845318        11.037018652976514        11.140339619263170        11.235162796923049        9.8832727741944169        9.8827850977451170     
   22354.141723665602       -1.4175180000000001        3.0836187416841881E-002   7.9745463000000001        1.3027499999999999E-002   10.523648847495760        10.416042378848431        10.707167229190421        10.160524236284999        10.348064707869867        10.722255316143091        11.031269043990420        11.333623185714089        10.377802692379660        10.724255316143090        11.040587128845324        11.288688943645322        11.472701584100221        9.4050025218300988        10.422196223732332        10.525583089564527        10.623675215797988        10.722688943645323        11.038635826168985        11.141917854155118        11.236838368376553        9.8886788816265678        9.8859568316179889     
   22303.858439485986       -1.4216359999999999        3.1186032752226537E-002   7.9747535999999997        1.3024400000000000E-002   10.525574011252694        10.418067279973723        10.708890430610637        10.162739887288950        10.350187291621580        10.724080742531669        11.032991416210638        11.335295274650125        10.379834623446897        10.726080742531664        11.042264589323299        11.290365574923300        11.474335791235958        9.4072647429762952        10.424327892167923        10.527503710979524        10.625454901244325        10.724365574923297        11.040265490962785        11.143507978748616        11.238527004796474        9.8941395205277161        9.8891587168797130     
   22253.073378615591       -1.4258080000000000        3.1545994227867594E-002   7.9749634000000000        1.3021200000000000E-002   10.527530114648155        10.420124114290925        10.710642554562618        10.164989257988658        10.352342872721497        10.725936115005386        11.034742700962617        11.336995774341233        10.381898477103118        10.727936115005384        11.043970429953429        11.292070576353428        11.475997866144240        9.4095612361978453        10.426492476745889        10.529455312635960        10.627263990396198        10.726070576353429        11.041923064132046        11.145125448735055        11.240244060765622        9.8996658398182369        9.8924044091797576     
   22201.586001728112       -1.4300440000000001        3.1917034726598216E-002   7.9751764999999999        1.3018099999999999E-002   10.529489434282237        10.422185556278780        10.712395072289151        10.167245781991415        10.354504518555782        10.727793312285694        11.036494366289151        11.338695952290880        10.383966951998328        10.729793312285693        11.045675936010422        11.293775230010421        11.477658917731695        9.4118656242701384        10.428663073994873        10.531410156562696        10.629074176006966        10.727775230010423        11.043579640012151        11.146741193452968        11.241960861729968        9.9052441964785380        9.8956712867982191     
   22149.146720114393       -1.4343660000000000        3.2300594559247428E-002   7.9753935000000000        1.3014800000000000E-002   10.531509055268625        10.424309187828399        10.714204068149083        10.169568015032869        10.356730296303244        10.729708922708856        11.038302494149082        11.340451640869198        10.386097655913325        10.731708922708854        11.047436960954126        11.295535386954125        11.479374575759163        9.4142366962278281        10.430897788473093        10.533425309183702        10.630941815513896        10.729535386954122        11.045290829674240        11.148410616564206        11.243733299039050        9.9109492253701781        9.8990228243758018     
   22096.576900334574       -1.4387150000000000        3.2692885323873495E-002   7.9756115999999997        1.3011500000000000E-002   10.533532556439221        10.426436956238552        10.716016417640558        10.171894745612908        10.358960563062189        10.731628156639891        11.040113971240560        11.342210548140896        10.388232427614247        10.733628156639890        11.049201126716587        11.297298680316588        11.481093174992621        9.4166124829368787        10.433136827413575        10.535444424263526        10.632812865715918        10.731298680316590        11.047005042816926        11.150082776868649        11.245508830092282        9.9166667168699743        9.9023816862791296     
   22043.319731351017       -1.4431259999999999        3.3096297892696955E-002   7.9758325000000001        1.3008199999999999E-002   10.535575604931461        10.428585635468758        10.717845553856863        10.174244898824925        10.361213173724485        10.733565574394165        11.041942223856866        11.343985543588213        10.390388107750328        10.735565574394160        11.050981355869785        11.299078025869784        11.482827147882704        9.4190124268120012        10.435398138287626        10.537483122649890        10.634701376407081        10.733078025869785        11.048734665601136        11.151769609895625        11.247300478151354        9.9224514974263105        9.9057777473531932     
   21989.178260396009       -1.4476260000000001        3.3514656128208802E-002   7.9760574000000002        1.3004900000000000E-002   10.537842360162930        10.430968522977082        10.719853629450760        10.176871625286925        10.363693069919016        10.735714124544121        11.043948363448429        11.345927756371552        10.392787803916686        10.737704339206847        11.052959185188033        11.301022490369224        11.484726430234279        9.4216702991496497        10.437905217795894        10.539756375100207        10.636799073204514        10.735044133848429        11.050630659834280        11.153619838094674        11.249228007559733        9.9288527156978610        9.9095839624006636     
   21933.907114922280       -1.4522250000000001        3.3948934089168006E-002   7.9762873000000001        1.3001400000000000E-002   10.540991104001503        10.434271695530690        10.722569749646929        10.180583796922239        10.367059504978791        10.738697974546270        11.046658331483904        11.348532414676775        10.396148086815767        10.740638150624214        11.055724424368982        11.303620996513750        11.487282889154720        9.4253342714001853        10.441375123385924        10.542956077123556        10.639726732461192        10.737753182283903        11.053188038354719        11.156121945469643        11.251688987310615        9.9375765768670554        9.9149744657815049     
   21878.119996025467       -1.4568829999999999        3.4396772748704278E-002   7.9765195999999996        1.2997900000000000E-002   10.544165145320406        10.437601812602370        10.725306921218575        10.184327021539222        10.370453374971326        10.741705583708484        11.049389395653591        11.351157082810623        10.399535849406341        10.743595150869488        11.058511275657565        11.306239557245643        11.489858806771633        9.4290287455002257        10.444873531014292        10.546181656559401        10.642677625304508        10.740483317253592        11.055764885171634        11.158643005167654        11.254168333093645        9.9463797215951395        9.9204123050725457     
   21821.469828191846       -1.4616210000000001        3.4859146479207313E-002   7.9767558999999997        1.2994400000000000E-002   10.547380627150174        10.440975995880267        10.728078560361043        10.188120991576737        10.373892195944739        10.744752060234751        11.052154937668375        11.353814476417424        10.402968573252073        10.746590129155608        11.061333467840184        11.308890853724760        11.492466592538284        9.4327731076975905        10.448418609995690        10.549449581829320        10.645666506462943        10.743247914068375        11.058373616138281        11.161195085966474        11.256677848379999        9.9553133800857605        9.9259277379467914     
   21763.964056957564       -1.4664470000000001        3.5337509446281959E-002   7.9769959000000004        1.2990800000000000E-002   10.550654005184278        10.444410691057904        10.730901172395434        10.191982132668997        10.377392396978699        10.747853880955148        11.054971469617684        11.356521116909349        10.406462694200947        10.749639564189856        11.064207505560727        11.311591414131598        11.495122767344057        9.4365837831036998        10.452026782487032        10.552776305549571        10.648709861412108        10.746063486017682        11.061030750944056        11.163794715001014        11.259234051813472        9.9643933709404067        9.9315369974368153     
   21705.610226457258       -1.4713529999999999        3.5832365128737817E-002   7.9772395999999999        1.2987200000000001E-002   10.553968279385741        10.447888886874354        10.733757806229415        10.195893390314675        10.380936953563905        10.750994068465113        11.057822046113406        11.359260068282326        10.410001193447899        10.752726480407576        11.067116435886946        11.314324308166322        11.497810397024791        9.4404437190571375        10.455681014594981        10.556144825843278        10.651790720291567        10.748913087713406        11.063719355424789        11.166424965651247        11.261820012909718        9.9736020254565094        9.9372228293984595     
   21646.415977776269       -1.4763450000000000        3.6344219013106797E-002   7.9774871000000003        1.2983500000000000E-002   10.557339868150194        10.451426990202997        10.736664929186276        10.199871120359980        10.384542260232156        10.754189064483526        11.060723139979345        11.362047812741828        10.413600471025219        10.755867321268234        11.070076724001567        11.317106023534894        11.500545966326541        9.4443692739446874        10.459397690669668        10.559571559765484        10.654925532061299        10.751813191579341        11.066455914726539        11.169102330704320        11.264452221895965        9.9829550791074624        9.9430013866072997     
   21586.239934307530       -1.4814320000000001        3.6874534502310777E-002   7.9777389000000003        1.2979700000000000E-002   10.560775435142594        10.455032073706084        10.739628085050645        10.203923468781246        10.388215543588574        10.757445110545516        11.063680286433849        11.364889609319258        10.417267744971779        10.759068193496619        11.073094046499540        11.319941810702465        11.503334603470359        9.4483684629323488        10.463184309503164        10.563063307791493        10.658120394879825        10.754769330833851        11.069245559070358        11.171831799004666        11.267135547372559        9.9924735925898442        9.9488851503169524     
   21525.041626851624       -1.4866210000000000        3.7424301400342072E-002   7.9779949999999999        1.2975900000000000E-002   10.564260230801521        10.458689514248958        10.742632195488346        10.208036143726131        10.391942218458111        10.760747335682078        11.066678409652338        11.367770298742050        10.420988432622108        10.762314183144932        11.076153368025489        11.322816512906043        11.506161106204905        9.4524269511889880        10.467026369368403        10.566605363338665        10.661360397308931        10.757766429652341        11.072073086204904        11.174598127831755        11.269854701130617        10.002147032351720        9.9548610982777053     
   21462.830707701600       -1.4919100000000001        3.7994991709976264E-002   7.9782552999999998        1.2971999999999999E-002   10.567810624749786        10.462415666745798        10.745693693892278        10.212225451262864        10.395738621978538        10.764112138072889        11.069733950351839        11.370706334107680        10.424778878438097        10.765621691121034        11.079271119644137        11.325746590567242        11.509041929555828        9.4565610467110019        10.470940195822692        10.570214092901644        10.664661947580591        10.760820929151841        11.074954950755824        11.177417781463525        11.272626141652111        10.011990913388139        9.9609452804814680     
   21399.469146344814       -1.4973129999999999        3.8588561482691144E-002   7.9785206999999998        1.2968000000000000E-002   10.571433117429907        10.466217435331950        10.748817979659583        10.216499321172813        10.399611810515067        10.767545607668938        11.072852300930125        11.373702835152274        10.428646131785607        10.768996672744743        11.082452831783778        11.328737156422813        11.511982065828077        9.4607785518486178        10.474933110692918        10.573896135154103        10.668030994015284        10.763938218130123        11.077896148628076        11.180295617774421        11.275454609979684        10.022025816696656        9.9671498708593678     
   21335.164709354394       -1.5028100000000000        3.9203619381147629E-002   7.9787900000000000        1.2964000000000000E-002   10.575101397335505        10.470067933955324        10.751980364262455        10.220829362402313        10.403534653872025        10.771022051463564        11.076008799636394        11.376735533681163        10.432563089245971        10.772413620798979        11.085673634927044        11.331763969055107        11.514957423016575        9.4650512517377230        10.478977599827257        10.577624988000089        10.671442056172918        10.767093639636396        11.080872583016575        11.183207747725927        11.278316361687402        10.032204544376892        9.9734401886559745     
   21269.584202716091       -1.5084320000000000        3.9843567035897878E-002   7.9790644999999998        1.2959900000000000E-002   10.578847847551495        10.474000503983953        10.755210596132615        10.225251428923139        10.407540860260935        10.774572858159642        11.079233171652918        11.379833506538050        10.436563435781240        10.775903608842055        11.088963587450204        11.334856082058353        11.517996773220462        9.4694146956055487        10.483108009375806        10.581433354869082        10.674926184362358        10.770316913652922        11.083913031220460        11.186182615423176        11.281239564585286        10.042593351557509        9.9798622877607617     
   21202.691773827595       -1.5141830000000001        4.0510858057516544E-002   7.9793447000000004        1.2955700000000001E-002   10.582674234087550        10.478017030841231        10.758510138603002        10.229767675763364        10.411632350029821        10.778199688209030        11.082526885240588        11.382998143350656        10.440649096667409        10.779468254545277        11.092324193466760        11.338014889988242        11.521101467286902        9.4738709996996082        10.487326334319752        10.585323046551308        10.678485001182858        10.773609506440588        11.087018846086901        11.189221537860730        11.284225493959392        10.053197788697398        9.9864194682002125     
   21134.549746926794       -1.5200600000000000        4.1205554379318186E-002   7.9796296000000000        1.2951499999999999E-002   10.586561048064613        10.482097843881153        10.761859964182712        10.234358041491713        10.415789367605566        10.781883215705395        11.085870927511369        11.386210545276565        10.444800330934225        10.783088283723664        11.095736377764442        11.341221508605226        11.524252650094834        9.4784001463099834        10.491612713040372        10.589274498446347        10.682099247052324        10.776952409111370        11.090171168494830        11.192305718241759        11.287255378131366        10.063992208975680        9.9930898161089381     
   21065.220041142129       -1.5260590000000001        4.1927239830217899E-002   7.9799195999999997        1.2947200000000001E-002   10.590522224572648        10.486256720005336        10.765274472545673        10.239035821010368        10.420025618186138        10.785637563096078        11.089279711123730        11.389485234227958        10.449030856764193        10.786777866159163        11.099214491082588        11.344490472806012        11.527464894091043        9.4830154808734513        10.495980738281911        10.593301599909562        10.685783104737215        10.780360032723731        11.093384572491043        11.195449792532184        11.290343892217216        10.074984414918084        9.9998847880033033     
   20994.474086807288       -1.5321979999999999        4.2680310113374732E-002   7.9802147000000003        1.2942800000000001E-002   10.594689566875317        10.490638055241277        10.768877257256580        10.243953610332611        10.424485298754469        10.789588322022542        11.092877694583983        11.392934732131209        10.453484861427071        10.790672551808335        11.102872168670789        11.347935169458612        11.530850065018019        9.4878740318052088        10.500575054453456        10.597542336301700        10.689656848723558        10.783945346630194        11.096763211267820        11.198755220733240        11.293579923266265        10.086496816634551        10.007047770629871     
   20922.713105424711       -1.5384430000000000        4.3461474493290783E-002   7.9805142000000000        1.2938300000000000E-002   10.600372681669619        10.496681172942491        10.773910929218442        10.250617822205790        10.430602573437067        10.794985590891315        11.097916953206322        11.397685748828021        10.459596549449188        10.796134796998011        11.107839666311744        11.352691772815902        11.535530518733445        9.4945338550179095        10.506829066438339        10.603371369058767        10.694914984290047        10.788834298629290        11.101345168699464        11.203232762825483        11.297838991753874        10.101634422989914        10.016993037004728     
   20849.277031649766       -1.5448599999999999        4.4280446329958180E-002   7.9808203999999998        1.2933699999999999E-002   10.606189257527081        10.502866153968828        10.779062906011927        10.257438591859010        10.436863440137184        10.800509647253680        11.103074469236901        11.402548295763502        10.465851876912208        10.801725525397053        11.112923746268553        11.357559858988477        11.540320854395151        9.5013503102340344        10.513230041248907        10.609337266663779        10.700296482941955        10.793838178475230        11.106035596901926        11.207815093540052        11.302197924610024        10.117126718074385        10.027172158703220     
   20774.280916786476       -1.5514300000000001        4.5134435540600863E-002   7.9811316999999997        1.2929100000000001E-002   10.612114757770803        10.509167879986871        10.784309705621881        10.264389887194278        10.443242652670081        10.806136408237949        11.108326741363394        11.407499338230538        10.472225616928570        10.807420564779649        11.118101022280181        11.362516373972051        11.545198145947326        9.5082973782527684        10.519752528294999        10.615415249537230        10.705777479013031        10.798933740655452        11.110811774956554        11.212479586980708        11.306634447589554        10.132934042730456        10.037553875656057     
   20698.029424144126       -1.5581339999999999        4.6024025723591308E-002   7.9814483999999997        1.2924400000000001E-002   10.618145048510806        10.515580694990080        10.789649932528102        10.271463324423445        10.449734252765937        10.811862959807380        11.113672340677441        11.412538664774017        10.478711844616599        10.813216728633895        11.123370370101584        11.367561072923356        11.550162487798163        9.5153667098741028        10.526389992168307        10.621600576862514        10.711355633205008        10.804120197776387        11.115674270075603        11.217227185969273        11.311150453292365        10.149012146475757        10.048115925515456     
   20620.728300407813       -1.5649530000000000        4.6948356403110549E-002   7.9817686999999999        1.2919600000000000E-002   10.624266117141225        10.522089550439187        10.795071447444897        10.278642140470971        10.456322971738778        10.817676105142858        11.119099105909442        11.417654944311074        10.485295313274232        10.819100643577904        11.128719834209850        11.372682602775622        11.555202747411482        9.5225415568064236        10.533126781873413        10.627878810140409        10.717018145408218        10.809385829245713        11.120612258189155        11.222047324041799        11.315736000078473        10.165319931293752        10.058832154394022     
   20541.540021053454       -1.5719650000000001        4.7916730529894723E-002   7.9820962000000000        1.2914800000000001E-002   10.630518824489473        10.528739509184204        10.800607530278951        10.285978659491638        10.463054738763153        10.823613369373684        11.124640362982037        11.422878138266251        10.492021906060065        10.825110611849547        11.134181903003087        11.377910970969337        11.560348063087302        9.5298742115885542        10.540010441217957        10.634292514047365        10.722800897318875        10.814762225521063        11.125653824392936        11.226966733356631        11.320415290316708        10.182008658801164        10.069793257310844     
   20461.053927166049       -1.5791180000000000        4.8926868596828627E-002   7.9824285000000001        1.2909800000000001E-002   10.636896371769582        10.535520816133753        10.806256715114076        10.293458026425585        10.469919190206587        10.829670301478247        11.130294595477752        11.428209097186420        10.498881309842913        10.831241653187407        11.139755649404920        11.383246977550092        11.565599865113585        9.5373498600619104        10.547029487988580        10.640833691915249        10.728700575696253        10.820249108968410        11.130801231222373        11.231988501622434        11.325193211040252        10.198993898292636        10.080957452321245     
   20379.287680849327       -1.5864110000000000        4.9977941475068066E-002   7.9827659999999998        1.2904799999999999E-002   10.643363986540431        10.542398612136184        10.811984383668078        10.301045209584109        10.476881452455340        10.835812201263829        11.136027173092510        11.433613259815909        10.505838663030902        10.837459060158549        11.145406460773360        11.388656049240341        11.570923611496758        9.5449334841596762        10.554149023669206        10.647467539178736        10.734682502049962        10.825811895029775        11.136020016055442        11.237078117388171        11.330035319006287        10.216238580395023        10.092288946567310     
   20296.586314051281       -1.5938159999999999        5.1068635503108681E-002   7.9831073000000004        1.2899700000000000E-002   10.649914827517762        10.549364325147504        10.817786816744224        10.308728650895553        10.483932597233455        10.842033601973966        11.141834346969713        11.439088263025919        10.512885067007964        10.843757056234423        11.151130933283763        11.394135793251408        11.576317278539968        9.5526135498700597        10.561359465179862        10.654186513289659        10.740741875627560        10.831447560172325        11.141308642926568        11.242234527133103        11.334941614249768        10.233690414186519        10.103760417947232     
   20212.824257737466       -1.6013470000000001        5.2202498499385117E-002   7.9834516000000004        1.2894600000000001E-002   10.656540821516973        10.556410506628286        10.823654820636609        10.316502079912436        10.491065295170550        10.848325924947925        11.147706926632825        11.444624417263771        10.520013189174335        10.850127188293971        11.156919750890562        11.399676523259988        11.581771047921510        9.5603837803162257        10.568653734258859        10.660982785801497        10.746869873059612        10.837146662752087        11.146657148598184        11.247447539087151        11.339901518664149        10.251357895106988        10.115371352871659     
   20127.136873426512       -1.6090770000000001        5.3392841164941161E-002   7.9838046000000000        1.2889400000000001E-002   10.663318371348517        10.563617905381385        10.829656948009358        10.324453633650627        10.498361205307958        10.854762137242226        11.153713493479277        11.450286822572984        10.527304659838038        10.856643236498876        11.162840630352704        11.405343368042903        11.587349177846409        9.5683323065807073        10.576115167691185        10.667934534401667        10.753137738058996        10.842976003356210        11.152128805770232        11.252778897806529        11.344974199756887        10.269431449246454        10.127249592393326     
   20039.736188594099       -1.6169990000000001        5.4637448883426712E-002   7.9841651000000002        1.2884000000000000E-002   10.670249880742771        10.570987860199798        10.835797525240116        10.332582845376743        10.505821444811202        10.861345485897145        11.159858347965825        11.456080632320200        10.534760622085495        10.863308266582839        11.168898084154419        11.411141455045909        11.593057028908794        9.5764586830510350        10.583744489308307        10.675043729165582        10.759549120600040        10.848940337217305        11.157729311868847        11.258234543325996        11.350166249966071        10.287885575271220        10.139385010598579     
   19953.771748063551       -1.6248240000000000        5.5896988239035980E-002   7.9845202000000004        1.2878799999999999E-002   10.677617341192958        10.578740335000701        10.842248359769718        10.341212412358432        10.513789959942939        10.868370508985210        11.166310278969720        11.462187285161972        10.542566027066210        10.870197045642973        11.175310278969716        11.417422667704210        11.599298829304209        9.5849151106161923        10.591627946266209        10.682493502792957        10.766482897719699        10.855310278969720        11.163753850761973        11.264002372154225        11.355643151211991        10.306965458064058        10.152071302916889     
   19867.032397892559       -1.6327449999999999        5.7196459663401353E-002   7.9848756999999999        1.2873500000000000E-002   10.685553247409306        10.587024620617736        10.849139127784014        10.350495513172550        10.522403319955689        10.875960879800875        11.173199624984015        11.468728251775584        10.550875305688209        10.877461186062916        11.182199624984015        11.424288442713543        11.606167448313542        9.5938748250345931        10.599935802888208        10.690432253009302        10.774049697530401        10.862199624984015        11.170304771375587        11.270196381367153        11.361515196029199        10.327047717304346        10.165547151544178     
   19775.842746472255       -1.6411130000000000        5.8600198835903144E-002   7.9852508000000002        1.2867900000000000E-002   10.693902808068239        10.595740440282347        10.856389911425902        10.360262381082061        10.531466177453838        10.883947182254127        11.180448908225904        11.475611276011792        10.559616348124964        10.885103451482630        11.189448908225904        11.431514003583283        11.613396009983285        9.6033006567105677        10.608675344924963        10.698784814468235        10.782012277611505        10.869448908225904        11.177198298411790        11.276714646997680        11.367693925826190        10.348166829962119        10.179720846694012     
   19684.346443944942       -1.6495450000000000        6.0050305532998775E-002   7.9856268999999998        1.2862400000000000E-002   10.702514736321660        10.604719858145881        10.863899370848998        10.370049980194320        10.540562479267905        10.891947113795243        11.188204379151195        11.482999257326973        10.568604873345883        10.893252122097440        11.197204379151195        11.438751741424781        11.620389240722581        9.6132400036965144        10.617924979970098        10.707647267423855        10.789989507873219        10.876956863248999        11.184349294624781        11.283489127200557        11.374359044078535        10.369853863593590        10.194176503109183     
   19591.559162817910       -1.6581340000000000        6.1555353247339670E-002   7.9860081000000003        1.2856700000000000E-002   10.711371319203993        10.613949114952723        10.871637931957808        10.380000188050177        10.549816682366318        10.900083295120135        11.196292192692939        11.490714396944211        10.577837179752722        10.901737555855265        11.205292192692939        11.446116103809080        11.627405875473949        9.6235425135853081        10.627526910701450        10.716857677139126        10.798103792506540        10.884693899557808        11.191724330609082        11.290482340460352        11.381334935046754        10.392074864558216        10.208959273583647     
   19498.266411083136       -1.6668099999999999        6.3115611471017241E-002   7.9863913999999996        1.2851000000000000E-002   10.720279269782719        10.623231769738386        10.879421769915716        10.390014276937897        10.559129457826561        10.908271957959560        11.204421769915715        11.498469269960047        10.587129457826563        10.910271957959562        11.213421769915715        11.453523704360048        11.634469269960046        9.6338988512497217        10.637183892226563        10.726116344050208        10.806265401071382        10.892475826848223        11.199142286092556        11.297516770004382        11.388346532448711        10.414426972142412        10.223832629029065     
   19403.407294701581       -1.6756730000000000        6.4740730746593270E-002   7.9867806000000003        1.2845300000000000E-002   10.729681024257941        10.633014517479134        10.887680544594362        10.400893485980982        10.569274702738591        10.917274223075013        11.212680544594358        11.506347051373163        10.597274702738593        10.919274223075012        11.221680544594358        11.461399928973167        11.642347051373166        9.6444217903215215        10.647327580338592        10.735542821819676        10.814908282615553        10.900712991832625        11.207009355411431        11.305013558151972        11.395468554530778        10.437870989442105        10.239672349018230     
   19308.076017344843       -1.6846190000000001        6.6424135810314061E-002   7.9871732000000000        1.2839500000000000E-002   10.739143113770202        10.642859502500825        10.895993947578342        10.411841502764036        10.579485195702793        10.926336029510933        11.220993947578341        11.514277558847722        10.607485195702791        10.928336029510932        11.229993947578341        11.469328866047720        11.650277558847721        9.6550105807620650        10.657536502902792        10.745028580498856        10.823607721908962        10.909005866449688        11.214930327319069        11.312561170117098        11.402639552586480        10.461445248803168        10.255604402190754     
   19211.310885711213       -1.6937430000000000        6.8171589046669506E-002   7.9875692999999997        1.2833600000000001E-002   10.748914508399771        10.653027236981295        10.904754163885460        10.422983146295604        10.589885763505663        10.935717724066983        11.229607102352674        11.522502068695516        10.617878068581291        10.937717724066985        11.238754163885460        11.477544096571151        11.658494373771148        9.6659334234956020        10.668082547838445        10.754969819256925        10.832612690409828        10.917460040819883        11.223154009095516        11.320389340113994        11.410240171713994        10.485703503096033        10.271950845495773     
   19114.502545589428       -1.7029179999999999        6.9976505888300955E-002   7.9879667000000003        1.2827800000000000E-002   10.758920407030377        10.663440351352310        10.913980826995093        10.434150062587598        10.600322039456600        10.945356371717025        11.238464924881740        11.530971068264101        10.628295951752314        10.947356371717028        11.247980826995093        11.485993113759811        11.666944980559808        9.6771019293875966        10.678886074769956        10.765366130448019        10.841862515099386        10.925949022768389        11.231634135864098        11.328451123942166        11.418306724342166        10.510445841405076        10.288545387234588     
   19016.342903184381       -1.7122649999999999        7.1852142320721207E-002   7.9883698000000001        1.2821800000000000E-002   10.769088785822603        10.674020373070142        10.923359091448077        10.445494400244669        10.610924290330424        10.955151116295617        11.247467942721091        11.539579835133832        10.638880810670145        10.957151116295620        11.257359091448080        11.494582876273551        11.675536355473554        9.6884478794446665        10.689861959857407        10.775930372609864        10.851263008708358        10.934576793994111        11.240254189533832        11.336648247886291        11.426508685486290        10.535555102598856        10.305393114466341     
   18917.336974489433       -1.7217380000000000        7.3794938031290030E-002   7.9887746999999996        1.2815800000000000E-002   10.779718846121909        10.685034651547785        10.932530941313740        10.457294518028032        10.622275501249828        10.965057541917822        11.256891647939614        11.548290091611698        10.650245446725993        10.967057541917825        11.266545787989905        11.503620743713739        11.684560995837572        9.7002347701518694        10.700959695823951        10.786959695823949        10.861418248543700        10.943936549139615        11.249365822018397        11.344959439509655        11.434508930483776        10.561569376901552        10.323059848082504     
   18817.546591345013       -1.7313330000000000        7.5810800406586165E-002   7.9891832000000003        1.2809800000000000E-002   10.790502247314160        10.696200483956284        10.941712794375681        10.469254161818016        10.633843763190905        10.975042620044919        11.266454298217807        11.557069515141061        10.661832072983399        10.977042620044921        11.275744371368171        11.512799328775680        11.693724484583187        9.7121793176255284        10.712145526548779        10.798145526548778        10.871784123887048        10.953497565417807        11.258622766345647        11.353339701506437        11.442511663264314        10.587921711864334        10.340996720544824     
   18716.558671869585       -1.7410930000000000        7.7903200132358852E-002   7.9895953999999998        1.2803699999999999E-002   10.801543777171968        10.707641491182777        10.951272903532690        10.481486112309536        10.645558254382774        10.985410011859447        11.276272903532686        11.566216807921883        10.673558254382776        10.987410011859446        11.285308954834406        11.522216807921886        11.703133571121882        9.7244084426078174        10.723733638095297        10.809466107470250        10.882281813645207        10.963308954834403        11.267963754507644        11.361943710198560        11.450737842282599        10.614730140156880        10.359284499997358     
   18615.041124398565       -1.7509570000000001        8.0066123445681231E-002   7.9900092000000003        1.2797599999999999E-002   10.812888850815336        10.719410296671894        10.961410807462270        10.494027878922553        10.657330370271895        10.996349015312932        11.286410807462270        11.575929324805715        10.685330370271894        10.998349015312934        11.295429197108122        11.531929324805718        11.712849398405714        9.7369695260767077        10.735910168974298        10.820830497969487        10.892830753364676        10.973429197108119        11.277291173257462        11.370828080246755        11.459251465452647        10.641945619317463        10.377925595458640     
   18512.582204345745       -1.7609619999999999        8.2311111816071952E-002   7.9904267999999998        1.2791500000000001E-002   10.824332001359588        10.731279745310866        10.971634231780394        10.506678821307437        10.669203159710863        11.007382330176968        11.296634231780397        11.585724780629116        10.697203159710861        11.009382330176971        11.305636159011735        11.541724780629119        11.722648195029118        9.7496386012760983        10.748191123693482        10.832291781328246        10.903469024563014        10.983636159011732        11.286696596615160        11.379789072695219        11.467835547049928        10.669403615818974        10.396732425046695     
   18408.355805794745       -1.7711910000000000        8.4653364335173023E-002   7.9908484000000000        1.2785299999999999E-002   10.835982029409506        10.743701763907024        10.982368463343617        10.520263958381365        10.681995127883846        11.018602033576562        11.307368463343616        11.596038492966796        10.709981708827721        11.020968610353384        11.316368463343617        11.552051912022920        11.732612122446097        9.7628607752045458        10.760665157507022        10.844665157507025        10.914638639976561        10.994015305622918        11.296965280166797        11.389268733013155        11.476888737180209        10.698388022323742        10.416239839369107     
   18302.988211759024       -1.7815909999999999        8.7091071009893647E-002   7.9912751999999996        1.2779000000000000E-002   10.847766133778023        10.756314725868748        10.993274631841693        10.534105054712441        10.695032974621714        11.029950584409860        11.318274631841692        11.606521483888731        10.723005472406513        11.032738631562822        11.327274631841693        11.562548986103931        11.742691140550967        9.7762821083594744        10.773279826668748        10.857279826668751        10.925985483609857        11.004514086903932        11.307451685488729        11.398910490382804        11.486094941014635        10.727844008972106        10.436018223284336     
   18196.003010028206       -1.7922020000000001        8.9629014557324013E-002   7.9917050999999999        1.2772700000000000E-002   10.860304580884412        10.769278567678528        11.004514154638978        10.548108698798304        10.708219374872643        11.041846591758754        11.329722976204751        11.617331346279096        10.736186195272639        11.044839425364641        11.338730142598868        11.573357359484982        11.753082178719206        9.7900755191983020        10.786461376038416        10.870454209644302        10.937663783398866        11.015540167844867        11.318048999119208        11.408866190759321        11.495609856805318        10.757925252468128        10.456464967356498     
   18088.102068328702       -1.8029679999999999        9.2264937619412540E-002   7.9921372000000002        1.2766300000000000E-002   10.873544279789428        10.782533196126344        11.016037182819602        10.562205793979714        10.721490661263260        11.054238012672975        11.341664407009375        11.628421042292921        10.749459210063257        11.057217645136060        11.350684774546291        11.584432125956006        11.763741999366232        9.8041743427797172        10.800149336653028        10.884128969116119        10.949621872146288        11.027048266482691        11.328710548166235        11.419094407639548        11.505394997175948        10.788457232730668        10.477472908006682     
   17978.398394524014       -1.8139730000000001        9.5019521800278534E-002   7.9925759000000003        1.2759899999999999E-002   10.886966165789170        10.796138978632980        11.027796035723460        10.576665582317117        10.735193122695216        11.066879759367266        11.353766339323462        11.639652919279653        10.763079585832982        11.069852628926936        11.362793469763792        11.595739325701556        11.774709629301556        9.8185520454548847        10.814111848192644        10.897993179411079        10.961906889807603        11.038796035723463        11.339593526479652        11.429534250498081        11.515391017235844        10.819713904290706        10.498958995867584     
   17866.891496666212       -1.8252260000000000        9.7897871706820752E-002   7.9930180000000002        1.2753400000000000E-002   10.900511530935173        10.810576398961846        11.039998012895172        10.591961533171393        10.750066035158060        11.079979096921839        11.365970084895171        11.650961072868501        10.777520542961849        11.082966038738963        11.374983143078047        11.607493506881834        11.786465578881835        9.8334160409751838        10.828563340778970        10.911988108948510        10.974992155104719        11.050998012895171        11.350905216868501        11.440385841038040        11.525812420841827        10.852448991325712        10.521396693384755     
   17753.664150940040       -1.8367150000000001       0.10090108631782084        7.9934659999999997        1.2746800000000001E-002   10.914267536850840        10.825238223643321        11.052389914662122        10.607496789500797        10.765171678104558        11.093282193454602        11.378363778662123        11.662445363869644        10.792185951643322        11.096281810389609        11.387364161727117        11.619430707265881        11.798404571265880        9.8485110630395631        10.843237840578329        10.926200608247083        10.988282576519598        11.063389914662121        11.362393091869645        11.451408131538397        11.536396269077162        10.885689191824159        10.544183875840634     
   17638.311168673681       -1.8484920000000000       0.10404833191624163        7.9939191000000003        1.2740200000000000E-002   10.928630124372816        10.840512768325599        11.065787851126544        10.623673838576210        10.780474987823432        11.107608390977155        11.391338505596902        11.674929530773767        10.807910876450904        11.110172502349684        11.400327638899071        11.631929530773768        11.810458451848461        9.8646738385762092        10.858948656953075        10.941474987823430        11.001736613722208        11.076351962499075        11.375305905503410        11.462551484295680        11.547080405370373        10.920771894513727        10.567759819678923     
   17520.964109469140       -1.8605470000000000       0.10734254679888909        7.9943780999999996        1.2733400000000001E-002   10.943268093044471        10.856079778298747        11.079462064980289        10.640159429022999        10.796055404968717        11.122226889304534        11.404564637558101        11.687672867326013        10.823950946660871        11.124331347612381        11.413544035688131        11.644672867326010        11.822734236163887        9.8811594290229987        10.874975319990908        10.957055404968719        11.015435805920225        11.089566523288132        11.388502831948196        11.473900063309605        11.557961432147485        10.956518926670059        10.591770865086938     
   17401.272178446794       -1.8729260000000001       0.11080179547665227        7.9948458000000002        1.2726599999999999E-002   10.958937503347986        10.872311797834197        11.093378475003131        10.657328405206624        10.812677950513407        11.137114588982566        11.418785861282341        11.701024797316922        10.840665475520414        11.139521975261776        11.427765244482341        11.658016655509915        11.835996038709919        9.8983202633996186        10.891299322841203        10.973291181034195        11.030147680775560        11.103390949996129        11.400773879872293        11.485819446658283        11.569403918572068        10.993342358548357        10.617008805279248     
   17279.373811566464       -1.8856090000000001       0.11442416766168867        7.9953194999999999        1.2719599999999999E-002   10.975075112119066        10.888938894872799        11.107563815104127        10.674909846380265        10.829786155372533        11.152289180865596        11.433448519603862        11.714718754350395        10.857783955626536        11.155173885365334        11.442429797603863        11.671702232096395        11.849683510096396        9.9158933241262677        10.907936695126798        10.989920172872798        11.045310102611596        11.117566014850128        11.413029396597194        11.498052518089194        11.581151291335457        11.030940565537369        10.642891505447748     
   17155.050466665107       -1.8986330000000000       0.11822868532377118        7.9957979999999997        1.2712599999999999E-002   10.991942074293181        10.906311448073541        11.122446073406849        10.693635730473563        10.847284215720570        11.168172053673526        11.448446073406846        11.729093507626484        10.875284215720573        11.171172053673526        11.457435649053874        11.685709668787194        11.863319446300881        9.9342391243402268        10.925691246206885        11.007294640073543        11.061182478026499        11.132072658920531        11.426680093493143        11.510563890740148        11.593160900959784        11.070459171720852        10.670075490740338     
   17027.661183618478       -1.9120699999999999       0.12223999215111485        7.9962876999999999        1.2705500000000000E-002   11.009352891092638        10.924240603372374        11.137823525444743        10.713072010368952        10.865224111186583        11.184572537575795        11.463823525444743        11.743950662365007        10.893224111186582        11.187572537575795        11.472821882458950        11.700072870327899        11.877181872076582        9.9531678059034245        10.944129958637900        11.025225754172373        11.077574180561585        11.146947376393426        11.441031608699481        11.523391598317110        11.605474187637379        11.111319344135255        10.698176200682893     
   16898.143739495288       -1.9258299999999999       0.12644423106559441        7.9967828000000001        1.2698200000000000E-002   11.027185935327356        10.942593360369376        11.153576729687902        10.732951949224052        10.883987916611392        11.201773267213955        11.479978911658538        11.758779991475244        10.911987916611395        11.204773267213955        11.488978911658538        11.715195042245881        11.891787617203864        9.9729390804240516        10.963000785411392        11.043575248497994        11.094365842171939        11.162589598487902        11.455346828833225        11.536954655248447        11.618124553707169        11.153386387502241        10.727272731180388     
   16765.403104769750       -1.9400310000000001       0.13088192027318415        7.9972855000000003        1.2690900000000000E-002   11.045463573774807        10.961401961355726        11.169721550438769        10.753326373086136        10.903329490936649        11.219514997181534        11.496649749007336        11.773865822289281        10.931329490936648        11.222514997181534        11.505649749007336        11.730804878857850        11.906866491276929        9.9933155150861381        10.982340348936653        11.062380914343375        11.111576609600611        11.178732408438769        11.469905718708361        11.550968669102733        11.631090555965599        11.196611222078094        10.757206491542718     
   16629.760706669706       -1.9546539999999999       0.13554973682816329        7.9977969000000000        1.2683399999999999E-002   11.064744576811378        10.981706491158022        11.186829560518095        10.775233248290991        10.924174397544348        11.237773850064734        11.513824986505089        11.790361989757780        10.952174397544351        11.240773850064734        11.522348267718762        11.747361989757781        11.922881032584460        10.014747717104665        11.003183209944350        11.082688866358023        11.129773850064737        11.195834134531101        11.484909970211802        11.564948055865163        11.644462860304849        11.242350966291113        10.788885903397770     
   16491.190176472093       -1.9697110000000000       0.14046472286897654        7.9983157000000000        1.2675799999999999E-002   11.084518449304609        11.002588927892829        11.204419468622275        10.797755280575165        10.945610930201115        11.256476472810496        11.531384229328163        11.807320487939938        10.973610692786943        11.259511712104610        11.539425968408102        11.764355727234053        11.939285486059999        10.036790282455106        11.024617667401115        11.103575453492832        11.148441470930559        11.213384229328161        11.500250009351715        11.579179530763492        11.658102552389442        11.289349339304300        10.821424827163289     
   16349.482094899837       -1.9852270000000001       0.14564061901698630        7.9988397999999998        1.2668199999999999E-002   11.104819034640537        11.024023177881341        11.223017460579337        10.820871159942540        10.967618761995718        11.276212322220138        11.549415388958936        11.824215886518134        10.995615967901740        11.279814393840537        11.558019307285358        11.781817958138534        11.955616608991710        10.060470437468966        11.046623402795719        11.125013896281340        11.167613044693711        11.231415388958935        11.516011743277334        11.593807600036532        11.671601610089704        11.338547891280969        10.855310520730152     
   16205.558390783193       -2.0011169999999998       0.15106022996537410        7.9993691000000000        1.2660500000000000E-002   11.125809268808279        11.046164801682014        11.241922960223945        10.844720813392616        10.990162278082014        11.296451212334549        11.567922960223946        11.841569950950213        11.017982436656528        11.300451212334547        11.576923408835324        11.799569950950211        11.972572025938831        10.084540971967130        11.069165250293398        11.146804670219662        11.187275969497680        11.249745193787078        11.532214418076478        11.608681567377257        11.685681118765874        11.389066190136756        10.890098375693096     
   16058.574837809398       -2.0174759999999998       0.15676317662746567        7.9999031000000000        1.2652699999999999E-002   11.148090447676440        11.069621848973965        11.261262332032627        10.869922439320254        11.013621461373964        11.317558658778912        11.587262332032628        11.859731318335102        11.040855669910774        11.321558658778917        11.596262628818200        11.817731318335104        11.990731409149531        10.109156647857061        11.092622145759536        11.169089969262009        11.207793345730151        11.268496631383867        11.549199917037578        11.623903111876862        11.700902815091288        11.441909116197655        10.926470751646738     
   15907.758894802855       -2.0344120000000001       0.16280325898643047        8.0004457999999996        1.2644799999999999E-002   11.170937703644329        11.093673849285901        11.281092881540383        10.896137224569058        11.037676290423258        11.339570522423537        11.607461845961170        11.878722133919597        11.065046380106692        11.343201558002749        11.616461188023814        11.836722133919595        12.008984205078017        10.135137882506415        11.117044596906693        11.192678540948547        11.229201558002751        11.288091098340383        11.566615240657230        11.639876653878298        11.715767510090641        11.496849299966909        10.964145765364039     
   15754.477344141595       -2.0517770000000000       0.16913228029210939        8.0009905999999997        1.2636900000000000E-002   11.194137220939339        11.118097439786204        11.301226767822172        10.922998065479941        11.062105293622093        11.362159092715906        11.628208858445603        11.898240714798739        11.090087455209641        11.365177002092473        11.637204967009716        11.856240714798737        12.027276533551870        10.162001956915830        11.142083492809640        11.217105435550319        11.251177002092476        11.308222805422169        11.584294442928439        11.656326370245683        11.730379956447155        11.553142377804754        11.002653824925179     
   15599.080525823814       -2.0695459999999999       0.17576081039399571        8.0015377999999995        1.2628900000000000E-002   11.218199372225296        11.143400576818703        11.322180982741770        10.951375907902229        11.088012843771931        11.384998167631885        11.649180982741772        11.917363797851657        11.116012843771930        11.387998167631885        11.658174831541768        11.875963762404883        12.046363797851658        10.189778381205521        11.168610370468635        11.241809201321999        11.273394489735178        11.328571153645065        11.601556477505021        11.672339257168133        11.745731865927947        11.611962276040760        11.043443314636320     
   15441.056070173705       -2.0877819999999998       0.18272660894072146        8.0020890999999992        1.2620899999999999E-002   11.242627093017857        11.169326063775776        11.343448214421334        10.980448417808519        11.114570195895078        11.408163897979248        11.670448214421333        11.936968306582722        11.142334420175773        11.411397703462333        11.679439858021331        11.895959950182720        12.065730560627197        10.218454803972298        11.195561839495076        11.267105030620248        11.296161927743027        11.349204082302029        11.619267365588586        11.688545295866890        11.761065388028280        11.672479365656860        11.085389381277709     
   15280.620852225238       -2.1064840000000000       0.19005121457025201        8.0026457999999998        1.2612800000000000E-002   11.267364663925765        11.195986630499061        11.364977080970267        11.010309417988143        11.141874730290159        11.431620213943564        11.691977080970268        11.957211464588070        11.168997213699061        11.435488443601077        11.700966497770271        11.916200881388068        12.085324661063385        10.248310714254554        11.222864147090160        11.293120993374377        11.319610927009979        11.370088981179169        11.637580211081186        11.704935781841474        11.776170165459277        11.735064060400607        11.128717396267636     
   15121.260666272505       -2.1252439999999999       0.19757012662648241        8.0031934000000007        1.2604799999999999E-002   11.292800109219725        11.222817250289546        11.386710365210265        11.040830352699006        11.169344981224453        11.455776390290891        11.713710365210266        11.977152719605536        11.196344981224454        11.459261815074006        11.722704169469280        11.936654903340445        12.104624988670627        10.278321973223109        11.250847164959366        11.318806687078739        11.342746857739099        11.391182634275358        11.655607847600804        11.721565159330984        11.791522471061166        11.799123091449234        11.172625487391128     
   14963.011165147695       -2.1440570000000001       0.20527372557631554        8.0037301999999997        1.2597100000000000E-002   11.318169862400230        11.249598807618456        11.408282130363771        11.071399222466942        11.196761683757865        11.479873951721411        11.735427878091153        11.996971298884956        11.223613728418455        11.483034620248793        11.744279922751742        11.956956378084952        12.123808422745546        10.308411935654911        11.278892510685244        11.344478486267020        11.365740917182000        11.412119254224363        11.673379477527318        11.737920690709087        11.806757814569680        11.863534558522415        11.216639319133941     
   14806.076876253977       -2.1629040000000002       0.21316589307837569        8.0042597000000004        1.2589400000000001E-002   11.343173527826263        11.276483566511217        11.429519372856358        11.102048705550402        11.224276297806199        11.503622142836292        11.757281848482059        12.016950949066391        11.250500605311217        11.507401657261994        11.765506155987076        11.976933910266389        12.143158217771408        10.339052527481122        11.307021734631903        11.370728734746947        11.388863489141311        11.432726641561374        11.690848179086451        11.753504062801504        11.821711331506517        11.928698575905244        11.261096901640052     
   14650.316259537845       -2.1817959999999998       0.22125062400705009        8.0047806000000001        1.2581800000000001E-002   11.368315986566964        11.303493069052509        11.450923576795875        11.133196226554885        11.251910926414359        11.527127406450854        11.778513344203459        12.036708249510328        11.277910926414359        11.531127406450851        11.786513344203458        11.996696751879762        12.161906906725497        10.369805116362473        11.335279041345641        11.396714721528811        11.412138904081418        11.453513344203460        11.708512044624781        11.769296717339232        11.836487749784974        11.995303731942103        11.306348008277405     
   14495.860468382056       -2.2007189999999999       0.22953378097317351        8.0052924999999995        1.2574399999999999E-002   11.393426695479082        11.330439342803100        11.472310788593777        11.164486777279333        11.279492927984965        11.550398541635204        11.799310788593775        12.056240294749902        11.305476369858493        11.554398541635205        11.807311139129315        12.016256502340834        12.180244906623429        10.400507947279333        11.363472108520504        11.422427046014619        11.435381632973193        11.474294230467304        11.726174062244016        11.785103217864599        11.851070101611658        12.062442887276706        11.351863002314659     
   14342.636771172731       -2.2196829999999999       0.23801846116872855        8.0057966999999994        1.2567099999999999E-002   11.418983492434638        11.357248401462972        11.493577322027473        11.196176682586586        11.307501304095876        11.574132915487567        11.820577322027475        12.075680371480406        11.332871851180567        11.578132915487569        11.828591917026333        12.036295229396856        12.199074105365096        10.432199869386583        11.391492712294731        11.447998087433493        11.458488867573404        11.494947869112163        11.743162559819165        11.800251014273240        11.864992108442625        12.130305812788677        11.398260365754002     
   14190.542541921584       -2.2387000000000001       0.24671081526063118        8.0062914000000003        1.2560000000000000E-002   11.444203944635838        11.384168459304234        11.514770980511528        11.228189084925486        11.335387108666978        11.598004475742670        11.841770980511527        12.095057491014586        11.360155263965090        11.601772631040781        11.849790160981101        12.056038310545013        12.217844826782269        10.463976420693172        11.419862768331605        11.473466940068150        11.481509635608468        11.515295320846899        11.760106171685329        11.815367516588388        11.879123701625648        12.198934534528931        11.444877820431444     
   14039.705563645733       -2.2577490000000000       0.25561538729874189        8.0067796999999992        1.2552900000000001E-002   11.469040510523163        11.411386716842744        11.535970632319620        11.260844534282542        11.363223587519203        11.622207946915660        11.862970632319618        12.114447099083366        11.387405221504830        11.625389580901286        11.870974939388576        12.075442792014409        12.236633040137948        10.496030475337124        11.448905943010038        11.498908807068579        11.504521284355869        11.535288276828782        11.777082388101698        11.830531736065447        11.893667746588990        12.268997554498400        11.492028493103591     
   13890.024123524599       -2.2768480000000002       0.26473866521809725        8.0072560999999993        1.2546000000000000E-002   11.494349503355364        11.439080092978971        11.556814018843470        11.293495991361501        11.391092860914286        11.646029792837661        11.883814018843468        12.133921443896350        11.415109117378970        11.649058817237661        11.891814018843467        12.094494308325766        12.255497796855130        10.528525015761501        11.477959899990774        11.524805663325951        11.527589889331759        11.555374115337566        11.793721926366841        11.845813094955036        11.907489895907966        12.340089719245105        11.540360618085527     
   13741.558782818214       -2.2959860000000001       0.27408551328644454        8.0077279000000008        1.2539200000000000E-002   11.519707623040796        11.466779049773093        11.577437504090978        11.326056684802976        11.418909168527042        11.669606328434616        11.904470225233586        12.153305297884797        11.442841638789586        11.672669961177226        11.912470225233589        12.113368930627407        12.274271533016067        10.561053831534247        11.506913065521884        11.550741387909524        11.550572563565884        11.575436460364861        11.810170238409887        11.861038032203707        11.921001414066252        12.411352695876422        11.588904703515995     
   13594.367307857496       -2.3151600000000001       0.28366523532821097        8.0081939999999996        1.2532500000000000E-002   11.545127510222510        11.493982730596688        11.598147264073948        11.359711836982488        11.447842290765458        11.693259917916798        11.925749390774047        12.172246895768239        11.470597229228321        11.696894820616897        11.933749390774050        12.132881798468336        12.292624364999668        10.594122082213918        11.536452449602500        11.576750040991080        11.573637387148228        11.596126860005480        11.826756772693958        11.875856404388248        11.934644118851107        12.485043929245251        11.637885265033781     
   13448.349897549959       -2.3343799999999999       0.29348372386257110        8.0086537999999994        1.2525900000000000E-002   11.570535692488441        11.521362094127642        11.618882889210038        11.393303940454654        11.476541230851947        11.716716442363744        11.946855425524546        12.191029023885346        11.498334630442148        11.720716442363745        11.954648825114745        12.152235624295145        12.311021872370841        10.627331404140147        11.565954431671546        11.602542844002944        11.596509841953946        11.616442224704944        11.843202622246142        11.890348756921451        11.948369069092440        12.559172018445761        11.687295352338861     
   13303.594533476229       -2.3536370000000000       0.30354955163094255        8.0091093000000004        1.2519300000000001E-002   11.596093326553717        11.549235814018097        11.639808351624957        11.427003535601170        11.505013624545253        11.739979464950398        11.967800540286017        12.209658052821634        11.526228002679158        11.743979464950396        11.975014918419919        12.171443674687730        12.329629426960576        10.661011346940107        11.595584868277442        11.628121952414777        11.619193843084300        11.636229296553825        11.859515565357253        11.904365266553935        11.962344452031818        12.634539684098954        11.737786569717922     
   13160.124563770958       -2.3729220000000000       0.31386905171692037        8.0095577999999996        1.2512799999999999E-002   11.621664868904043        11.577102875883705        11.660788854944714        11.460980932677787        11.533808135190428        11.763624594869293        11.988775110761603        12.228350847965048        11.554462377628623        11.767624594869295        11.995788854944715        12.190350847965048        12.347607357458328        10.694980932677788        11.625181381118454        11.654048857665851        11.642251348941267        11.656415609016685        11.875899096802273        11.918820591567526        11.975717599315887        12.711251089908304        11.789111742587076     
   13017.902065700284       -2.3922390000000000       0.32445066441259074        8.0099994999999993        1.2506500000000000E-002   11.647136930945805        11.604850497894599        11.681709797048214        11.494982811003787        11.562670147556293        11.787391753734205        12.009672663235509        12.246996230099416        11.582778889631797        11.791391753734207        12.016709797048215        12.208996230099416        12.365136582437721        10.728982811003785        11.654635673106196        11.680068186870297        11.665426228184305        11.676744271498308        11.892245529337917        11.933460354126321        11.988672314727427        12.788463451218195        11.840725821044249     
   12877.009022782375       -2.4115820000000001       0.33530118341538956        8.0104377000000007        1.2500200000000000E-002   11.673032268216112        11.633020663738360        11.702604593036277        11.530312153066912        11.591470876847229        11.811577587402734        12.030583382123044        12.266128701309665        11.611020663738362        11.815577587402732        12.037604593036274        12.228620665218536        12.383144773491924        10.763348765135934        11.684967979487073        11.706052808102879        11.688592988558526        11.696619994192069        11.908155706943209        11.947679815216599        12.001695887398856        12.867642916132343        11.893541823328665     
   12737.435563534991       -2.4309470000000002       0.34643021123427448        8.0108723000000008        1.2493900000000000E-002   11.698814011598877        11.661106603859018        11.723361691886140        11.565631672624360        11.620163630150738        11.835612980615437        12.051361691886136        12.285208732979399        11.639154675935718        11.839612980615438        12.058409763962835        12.248208732979400        12.401110403156839        10.797622718409340        11.715264145642458        11.731905572875576        11.711604026400416        11.716400809747817        11.923957444250100        11.961756413266656        12.014703969851634        12.946752807784883        11.946290178237742     
   12599.171859932680       -2.4503349999999999       0.35784505958790269        8.0113006999999996        1.2487699999999999E-002   11.724604371788493        11.689638865972841        11.744174558746069        11.601373592273339        11.649800288293379        11.859191121547413        12.072174558746068        12.304337349648259        11.668214907116111        11.863191121547414        12.079750599889339        12.267337349648260        12.419157995944724        10.832788211096071        11.746006913413916        11.758225615731762        11.734605740370144        11.737165218712066        11.940320786846913        11.975907536605837        12.028276952628568        13.027845222215420        12.000282906762225     
   12462.208127565924       -2.4697469999999999       0.36955525938800782        8.0117235000000004        1.2481700000000000E-002   11.750387956732938        11.718143794181620        11.765027449325315        11.637022272396456        11.679255156519622        11.882934454263731        12.093027449325310        12.323238895573157        11.697103989029882        11.886790375622256        12.100836476683837        12.286382974214630        12.437127533235158        10.868022272396454        11.776557491499092        11.784539124222674        11.757639208132522        11.757685309194100        11.956475969276211        11.990022466807003        12.041536248034324        13.109325011493253        12.054464302026963     
   12326.563008722662       -2.4891770000000002       0.38156799851326684        8.0121421000000002        1.2475699999999999E-002   11.776604997787530        11.747073737613075        11.786361266101544        11.673029018588167        11.708752611406851        11.907523753892200        12.114361266101543        12.341911346333333        11.726058863441743        11.910863700155758        12.121652643965103        12.305571400069773        12.455232472539556        10.904029018588165        11.807140107337069        11.811298745752637        11.781169952190652        11.777958895999994        11.972408912279121        12.004327668383791        12.054265244545800        13.193078839517788        12.110003945332103     
   12192.253952190897       -2.5086189999999999       0.39389339201114182        8.0125545000000002        1.2469700000000000E-002   11.802882492757133        11.776037413713317        11.807572650844767        11.709463558145975        11.738499382095787        11.931958555992187        12.135584250408881        12.360918316706945        11.755037413713316        11.935008773992186        12.142584250408882        12.324879698271060        12.473456348324470        10.940232573954740        11.837961350478258        11.837894092321248        11.804766190236835        11.798122282026410        11.988493793123640        12.018581455922812        12.067158105976221        13.277702504175609        12.165998373657606     
   12059.408314347211       -2.5280640000000001       0.40653918210354401        8.0129640999999996        1.2463900000000000E-002   11.829256311203732        11.805068144916785        11.828632643777620        11.746491323250705        11.768592878402007        11.956206844233286        12.156672177372368        12.380357866355030        11.784068144916784        11.959258700633285        12.163672177372369        12.344345543549785        12.491833132869811        10.976728956508094        11.869117611887230        11.864295844798480        11.828456800295921        11.818147443887145        12.004771343094117        12.032761409718425        12.080248999038449        13.363589529976178        12.222659359132567     
   11929.301086916184       -2.5473020000000002       0.41937302544728355        8.0133610999999991        1.2458199999999999E-002   11.880100623092765        11.842335704959183        11.905833325616278        11.749448566045068        11.800692381055967        12.015861276008927        12.233810446081240        12.470963133137989        11.820206379829713        12.019861276008925        12.241779881216281        12.433229358186384        12.589001896678610        10.981039374346839        11.895245024997010        11.914001862828258        11.892367061491328        11.900706000771834        12.108800365051977        12.141705438057016        12.183066394623307        13.574638560779213        12.178147533580233     
   11799.402065548651       -2.5667330000000002       0.43268792329730732        8.0137698000000004        1.2452299999999999E-002   11.915198173529188        11.877743915989058        11.940737136544076        11.784551756552013        11.836698767237920        12.050627779795150        12.268728398038306        12.506107741097704        11.856313693440189        12.054627779795151        12.276682057344075        12.468137957392056        12.623745497700217        11.016345912875426        11.931195650712116        11.949814291674553        11.927281210232785        11.935529597833018        12.139936795089593        12.170519147886662        12.208686878547038        13.697539256799200        12.218537477932895     
   11683.904539000067       -2.5841789999999998       0.44493010862515953        8.0141293999999998        1.2447099999999999E-002   11.947802919917827        11.910642555227412        11.973091747170223        11.816830421774874        11.869878625760915        12.082945590209391        12.301091747170219        12.538232309803711        11.889576531197591        12.086945590209396        12.309050171797530        12.500250743826438        12.655654142478305        11.048800898992305        11.964142484244590        11.982804236410892        11.959653211245556        11.967799577376049        12.169506276722572        12.196915746017236        12.231988431973654        13.818505650267312        12.254458448995553     
   11566.447741656460       -2.6020979999999998       0.45781873732109385        8.0144958000000006        1.2441900000000001E-002   11.982755871066860        11.945856528463153        12.007356363029650        11.850540982122567        11.905033351179803        12.117801502293933        12.335349030424915        12.571670458731514        11.924815864948414        12.121804156769720        12.343336273489921        12.533698365311260        12.688594256886219        11.082677983872074        11.998848372343197        12.018097144639739        11.994242188670341        12.001787062325533        12.199171998624827        12.222823576653902        12.254670513082580        13.969684319933158        12.288922464505863     
   11451.463680091198       -2.6198100000000002       0.47088312145993733        8.0148527999999999        1.2436800000000000E-002   12.017365780323463        11.980861184713032        12.041097080777632        11.884174428607949        11.940046560667071        12.152442537717540        12.369087550366910        12.604521022233222        11.959858792681928        12.156507284167162        12.376897494721625        12.566542393438048        12.721007898602238        11.116315475774943        12.033537895285988        12.053199057289376        12.028602952096051        12.035053819465780        12.228220898900190        12.247593469086844        12.276560017256479        14.132505118555102        12.323126217926927     
   11336.213067233357       -2.6377449999999998       0.48445082576094445        8.0152143000000002        1.2431599999999999E-002   12.052394947773672        12.016437449703568        12.075054624067642        11.918871908475692        11.975834271558819        12.187536157126226        12.403061795888140        12.637388942860889        11.995478885814196        12.191866746237134        12.410428070594259        12.599405825226073        12.753443108087128        11.150784221682452        12.069066615579979        12.088860996136605        12.063418310421172        12.068288801452022        12.256920097156064        12.271934163562088        12.298217323731480        14.311961629831218        12.358481991350809     
   11226.205813200919       -2.6550400000000001       0.49788768104355186        8.0155668999999996        1.2426599999999999E-002   12.085822717817809        12.050584223005103        12.107139994238860        11.952362739404112        12.010349411030848        12.220849366761559        12.435160453799352        12.668334262218256        12.029803480930507        12.225542505980133        12.442291512158430        12.630445680518356        12.783845483957613        11.184103372359427        12.103219788657515        12.123071030110861        12.096465918538666        12.099772787568870        12.283364898301958        12.294752452491984        12.318520907837136        14.495509682901716        12.392600499504805     
   11124.000507358149       -2.6712520000000000       0.51077640859651197        8.0158933999999995        1.2421900000000000E-002   12.117232849103006        12.082820385158540        12.136565987900182        11.984168080280606        12.043076766549740        12.251995163507617        12.464597964706725        12.696833097130716        12.062796301758356        12.256872967020842        12.472101518505367        12.659341074984761        12.811758898548939        11.216009786193100        12.135742418143225        12.155366226760792        12.127364950790858        12.128939755066897        12.308219601396749        12.315711216671682        12.337431503078941        14.686987987803869        12.425492400063648     
   11022.167333511077       -2.6875659999999999       0.52410217277407889        8.0162297000000002        1.2417100000000000E-002   12.148100001405094        12.114539397545578        12.165079496423019        12.015667474645245        12.075358933112259        12.282518619125934        12.493134487732018        12.724351260731915        12.095438116124992        12.287450980402561        12.500994497803614        12.687230465232265        12.838646866680467        11.247713491319264        12.167986432664019        12.187117087863555        12.157607491380908        12.157130828234106        12.332348899631480        12.335918133503096        12.355970179921442        14.891952596537028        12.458085232187056     
   10929.970756954568       -2.7024610000000000       0.53656145251320830        8.0165354000000004        1.2412700000000000E-002   12.175361599940784        12.142759522428916        12.189724083647727        12.045051022835901        12.104319756373281        12.308982053128050        12.517754419728975        12.747377684466391        12.124137565865871        12.313654321940595        12.525435327608532        12.710476362619053        12.861508059348521        11.277011807843012        12.197162722397250        12.214921082197256        12.183421819183684        12.180759644735323        12.351383077325801        12.353388961463144        12.371992093837560        15.119778953685381        12.489034681541041     
   10839.219223647886       -2.7172450000000001       0.54921856901183685        8.0168344999999999        1.2408400000000000E-002   12.202051409507504        12.170507762862385        12.213731868555143        12.074327635102637        12.132794009073205        12.334809472363759        12.541740263462383        12.769739572264882        12.152187649244922        12.339142317882022        12.549080927215194        12.733057360922615        12.883771149431155        11.306226894779737        12.225957845315321        12.242056630337714        12.208523226152941        12.203707794144165        12.369612683076262        12.370578880728061        12.387795002191584        15.356797574043732        12.520479609261109     
   10747.785738265171       -2.7322649999999999       0.56242249909942221        8.0171405999999994        1.2404100000000000E-002   12.228634185856849        12.198272024183359        12.237487092163628        12.103861001599968        12.161289738277238        12.360507988768370        12.565486806562154        12.791961980968759        12.180257499052528        12.364516524156391        12.572487092163625        12.755491669589736        12.905889223393535        11.335792767311075        12.254873093546648        12.269086128194003        12.233499131721432        12.226513944579400        12.388010015536876        12.387805851838833        12.403824132809143        15.604516782194255        12.552756119651830     
   10660.215887956218       -2.7467750000000000       0.57551653098778988        8.0174374000000004        1.2399800000000001E-002   12.254260908723577        12.225457667237784        12.259738397716749        12.133600380345701        12.189175940134135        12.384850727590845        12.587723138434658        12.813360528953531        12.208052598390942        12.389200073697506        12.594738397716750        12.776751366822804        12.926996623041873        11.365459568158979        12.283388843212105        12.295256020024986        12.257491591142671        12.248381472430015        12.407423122098397        12.404439700678434        12.419738898225614        15.870184129655950        12.586972994453401     
   10575.283045150920       -2.7609610000000000       0.58866231605414820        8.0177282000000005        1.2395700000000001E-002   12.278923967449053        12.251719346978454        12.280941848631500        12.162524717978879        12.216117082617249        12.408082308363312        12.608904985321640        12.833908909559455        12.234911348336080        12.412768480818659        12.615941848631497        12.797165077916034        12.947189337610020        11.394313513446320        12.310953611906420        12.320352655815508        12.280383440543915        12.269211587753631        12.425901196426203        12.420468005254829        12.435075739867425        16.136035228531398        12.620706051871700     
   10492.524694234335       -2.7749020000000000       0.60196068242286527        8.0180176000000003        1.2391500000000000E-002   12.302829212497747        12.277321429625713        12.301292270117484        12.190957384315402        12.242409282968998        12.430440398972669        12.629234826470922        12.853710480201149        12.261103323146260        12.435401762048967        12.636296006177174        12.816837312653094        12.966591329926898        11.422679439981936        12.337863205358216        12.344644390407835        12.302380596526545        12.289145392061050        12.443506035459889        12.436034251011149        12.449972867498440        16.404916614478701        12.654411593165468     
   10413.698506728908       -2.7882829999999998       0.61509623915075362        8.0182988999999996        1.2387499999999999E-002   12.325472860220776        12.302209281542007        12.320352951677629        12.219326731140358        12.268270290614597        12.451721494028989        12.648304985474907        12.871579052544108        12.286579905926727        12.456376287147625        12.655352935919991        12.834604279007552        12.984281921104534        11.450956258621728        12.364280491134993        12.368163449265777        12.323031066325180        12.307269365634598        12.458851130534379        12.450775217842240        12.464110035293347        16.687594278482749        12.689650845307606     
   10338.058847970635       -2.8012190000000001       0.62815695981777131        8.0185709999999997        1.2383699999999999E-002   12.346402112232681        12.325661857863931        12.337173009857935        12.247063773687515        12.293129503421969        12.470833993093507        12.665030009264196        12.887117762161139        12.310882006398202        12.475188862292768        12.672092155555347        12.850040133394831        12.999898345176824        11.478373663523222        12.389506186310140        12.390264166031422        12.341457609574686        12.323083576257247        12.472431359786903        12.464066988736192        12.476702742926221        16.957351224260989        12.727069895889645     
   10263.512131766014       -2.8140589999999999       0.64149495235664511        8.0188415000000006        1.2379800000000000E-002   12.367199077812444        12.348950552762638        12.353640084984285        12.274570796348769        12.318012928795653        12.489692267017247        12.681398806159336        12.902388652875992        12.335150879042004        12.493762325507003        12.688413812241556        12.865204789709281        13.015174174643910        11.505570532449347        12.414613388560255        12.412286936026032        12.359574091328646        12.338559981550993        12.485417079907410        12.476980258483376        12.488922442712557        17.221729857624464        12.764535746683450     
   10190.042609367543       -2.8268089999999999       0.65513526049493032        8.0191108000000000        1.2376000000000000E-002   12.388886611268823        12.373059209391872        12.370022928318878        12.303806532891198        12.344186702545912        12.508876624618740        12.697668259453447        12.917313898432962        12.360807384448112        12.513137063939663        12.704661757188827        12.880385999906164        13.029898245904203        11.534307707002963        12.440892785813272        12.435336846901745        12.378035794363626        12.354188600328389        12.498192960978695        12.488729911230156        12.499886966360823        17.460436378277262        12.804719715327295     
   10117.471740018846       -2.8394889999999999       0.66905265615266185        8.0193743000000008        1.2372200000000000E-002   12.410631546972080        12.397310091547148        12.386206229425774        12.333210507994146        12.370616556071901        12.527918913681233        12.713736492192343        12.931982131098614        12.386819962743683        12.532466132166682        12.720717194317540        12.895340429063772        13.044331116719054        11.563172054712375        12.467301982033767        12.458574890204972        12.396369652493153        12.369676266112492        12.510765220404352        12.499972037697880        12.510270557751820        17.689385782309536        12.845316319305454     
   10043.798702230311       -2.8524590000000001       0.68380392332581852        8.0196491000000005        1.2368300000000000E-002   12.432788232730218        12.422148337803918        12.402574378707463        12.363136788946271        12.397729493962295        12.547200679495184        12.729987825507791        12.946806730610938        12.413582974274540        12.552033561336877        12.736949801188501        12.910402910620022        13.058916779827790        11.592546312252168        12.494262987208621        12.482384294328480        12.414926491594066        12.385338215125635        12.523416661048500        12.511186471705457        12.520545112399702        17.919386726715771        12.886806401981517     
   9974.0375751222182       -2.8648370000000001       0.69845689705291070        8.0199189999999998        1.2364500000000000E-002   12.453505848776084        12.445401019347061        12.418052509456595        12.391275991382257        12.422838491992133        12.565556122937688        12.745432589246755        12.960722927230465        12.438289061712426        12.570524397776728        12.752388689151489        12.924568422869180        13.072353352474332        11.620344206054265        12.519576984573009        12.504397078140785        12.432458140443588        12.400184890358114        12.535314409292022        12.522009822268823        12.530591469898200        18.094724719162336        12.929141605012250     
   9908.3194489276757       -2.8765830000000001       0.71284378903094892        8.0201785999999995        1.2360800000000000E-002   12.472465935258201        12.466541285644125        12.432786278858325        12.417570361514302        12.445055699343678        12.583062640345071        12.760260534103098        12.973794465516791        12.459856253782876        12.587912777343996        12.767234433424507        12.937946436700125        13.084563941315126        11.646606990922317        12.542784970292837        12.523795388626253        12.449051223950713        12.414347626930761        12.546571845756580        12.532959019850912        12.541112255187430        18.198889473349958        12.973189236406862     
   9844.6209717001948       -2.8880390000000000       0.72733749671035308        8.0204328999999994        1.2357099999999999E-002   12.490807059975664        12.486947655381327        12.447240298934046        12.443339351722580        12.466336669162795        12.600051166217645        12.774809860837165        12.986585053686616        12.480415332226107        12.604735039205591        12.781797189306909        12.950993986232914        13.096510932559751        11.672340296488253        12.565143229850024        12.542304726148407        12.465255133239721        12.428199904092358        12.557564919466207        12.543849040357516        12.551643877627319        18.304685540505830        13.015432708325511     
   9781.8500261774861       -2.8994030000000000       0.74217724409054964        8.0206856000000002        1.2353500000000000E-002   12.508818690258426        12.506948453639680        12.461623015039006        12.468978035281761        12.487035887077710        12.616784263991587        12.789290525174216        12.999278209783522        12.500315182536823        12.621254458603367        12.796287256285787        12.963902209493291        13.108363688012751        11.697938765218016        12.587017146094826        12.560235230609734        12.481311908112914        12.441943318985842        12.568449493938814        12.554820053723724        12.562316613671058        18.413570732662663        13.056599901448187     
   9719.5464586908838       -2.9107550000000000       0.75744716416578661        8.0209370999999994        1.2350000000000000E-002   12.527311684604356        12.527512459039219        12.476432434939500        12.496063278215917        12.508361885744073        12.633890632907811        12.804211472134927        13.012213671107457        12.520838094637369        12.638297305506484        12.811179841122208        12.977108632222865        13.120373646201823        11.724795431262645        12.609484816613019        12.578729112346924        12.497865514320029        12.456145368818518        12.579644502784170        12.565766435846946        12.572979144440549        18.527640152624652        13.097626404027526     
   9657.7286720671527       -2.9220959999999998       0.77326726981806959        8.0211915000000005        1.2346299999999999E-002   12.546286170820803        12.548602138332793        12.491692591313093        12.524564040710615        12.530335955165636        12.651433913029528        12.819597435780494        13.025448874614412        12.542030445643057        12.655969771950208        12.826531423904832        12.990698607482614        13.132569444512797        11.752848005284697        12.632551276339345        12.597831455659438        12.514944961646165        12.470903002288548        12.591226445277261        12.576660927223195        12.583631433352252        18.648368156946326        13.138766321028715     
   9598.2487279250945       -2.9330769999999999       0.78922418014540852        8.0214432000000002        1.2342799999999999E-002   12.564395575790554        12.568651360614632        12.506456599424167        12.552063776847779        12.551148612092559        12.668303674865752        12.834487065411656        13.038264510097227        12.562037127150729        12.672963370325062        12.841425455243895        13.003851893234744        13.144342685754316        11.779879296712595        12.654506413027145        12.615877009208534        12.531414191080200        12.485229438870460        12.602436364632377        12.587274239204879        12.594099079498369        18.770656657826059        13.178161330175156     
   9541.6174390712658       -2.9436049999999998       0.80514430313958096        8.0216896000000002        1.2339299999999999E-002   12.581638889646308        12.587930090953483        12.519995256807794        12.577887458916967        12.571442487121990        12.684100424851890        12.848187167654148        13.050023541994987        12.581718034091876        12.688889373407724        12.855066069280445        13.015987931768679        13.155062585454482        11.805262385257711        12.675610121038266        12.633512568464964        12.546659881178071        12.498464700408574        12.612706245559421        12.596765472696747        12.603274523869024        18.870164009486970        13.216753709054094     
   9487.1987754830716       -2.9537789999999999       0.82102164969288505        8.0219292000000006        1.2335900000000000E-002   12.598537613891263        12.606909503614236        12.533072859113300        12.602817027733714        12.591345230304430        12.699490217761873        12.861447918543252        13.061382661307341        12.601128176865938        12.704333119058070        12.868237296426710        13.027740019389903        13.165355990569363        11.829835973523771        12.696327892635399        12.650926539376574        12.561450541096523        12.511220367244633        12.622511304045734        12.605780186916167        12.611841774023421        18.961876273730500        13.254386344763997     
   9433.0687571443013       -2.9639530000000001       0.83710693653666757        8.0221608999999994        1.2332600000000001E-002   12.616208955350739        12.626894368702711        12.546594536048769        12.628330166688542        12.612074724217177        12.715591178118874        12.875131731448615        13.073195105853920        12.621493269117916        12.720348250859814        12.881896735826036        13.039883647649976        13.175847957190808        11.855111584440348        12.718106971342870        12.669283906991819        12.576828243185734        12.524261446881130        12.632579509934001        12.614823146224829        12.620193727496694        19.056224559902002        13.293023093753796     
   9377.0881792756627       -2.9745279999999998       0.85424161922027098        8.0223984999999995        1.2329200000000000E-002   12.634404110033339        12.647403942270271        12.560615790547972        12.654752830910203        12.633319146787128        12.732240627145911        12.889323940290451        13.085451723857089        12.642318124426991        12.736908937084463        12.896095944628575        13.052443676745403        13.186768645598699        11.881291622039596        12.740514805549237        12.688035593572563        12.592768802593239        12.537789121881124        12.642979198302696        12.624248460014377        12.628985534623537        19.157270147536387        13.332712125516570     
   9321.0320224936695       -2.9851860000000001       0.87205573872089226        8.0226381999999994        1.2325800000000000E-002   12.652543441356181        12.667781159306367        12.574695413865806        12.681250614107659        12.654396434634256        12.748911995873572        12.903578207289224        13.097767520141895        12.662931650547760        12.753491423171821        12.910389799459454        13.065023461272114        13.197776607147260        11.907549650047402        12.762836474061290        12.706576515936527        12.608770157118530        12.551378122794896        12.653381066615209        12.633762413341772        12.637947902485410        19.261998531309487        13.372182809732438     
   9265.7803325208515       -2.9957490000000000       0.89023672562012923        8.0228753000000008        1.2322400000000001E-002   12.670353133529048        12.687718613617200        12.588621005795464        12.707416155178123        12.674988995803769        12.765352968289800        12.917679432412356        13.109957834941973        12.683024270581281        12.769844788510287        12.924561724393737        13.077434970375009        13.208706806566099        11.933482117103161        12.784733309749591        12.724629681895742        12.624589736185555        12.564823794262246        12.663631105925685        12.643223460826260        12.646946444709613        19.368708869309749        13.410830371970661     
   9211.3651792707515       -3.0062160000000002       0.90879419655739058        8.0231101000000002        1.2319099999999999E-002   12.688511002682233        12.708142744490605        12.602830157856925        12.734143560768331        12.696484578653461        12.782078365413888        12.932196820594772        13.122318275709766        12.703951706115646        12.786573073597982        12.938880751361744        13.090129947229432        13.219964643975636        11.959923650831264        12.807252100192937        12.743332042594524        12.640732504394812        12.578561254303054        12.674265513555106        12.652720245477312        12.655929430438945        19.477634969410310        13.450191536580533     
   9157.3117608030516       -3.0166689999999998       0.92766939737342469        8.0233399999999993        1.2315800000000000E-002   12.706762953628186        12.728703257765964        12.617209516389828        12.761146047229019        12.718163777481351        12.798919679954047        12.946935850495098        13.134800868168647        12.725044120055117        12.803479214081527        12.953277719883175        13.102970367497658        13.231374764114427        11.986644242986102        12.829977720017197        12.762154191253028        12.657025634364430        12.592468663125302        12.685121198670736        12.662252425596943        12.664964680124605        19.591397228002187        13.489766137123446     
   9102.5065475563133       -3.0273270000000001       0.94722512606680964        8.0235690000000002        1.2312600000000000E-002   12.725167894954396        12.749411014475683        12.631842757793208        12.788577967265347        12.739853994176293        12.815973672947635        12.961933204627982        13.147507513777327        12.746136173410928        12.820629446819712        12.967894690466800        13.116001978828386        13.242963195768038        12.013820860205328        12.852914425781549        12.780978545769873        12.673557795805756        12.606619925576037        12.696176955582349        12.671936517411151        12.674213594198193        19.712537784833636        13.529714448348457     
   9047.2376837954034       -3.0381360000000002       0.96754273807972790        8.0237990999999997        1.2309300000000000E-002   12.743664740687343        12.770191568931644        12.646693893516318        12.816336054722015        12.761470569244853        12.833189111919324        12.977150967744965        13.160412119392287        12.767146131622077        12.837972843340491        12.982694717019708        13.129195714303478        13.254708903676963        12.041352388609525        12.875977082829316        12.799736324524780        12.690281530882679        12.620981366100295        12.707415332297103        12.681761522477746        12.683669548688950        19.840660379775223        13.569859649460266     
   8992.2836976052731       -3.0489500000000000       0.98832018586811787        8.0240267999999997        1.2306100000000000E-002   12.762127165643745        12.790916137047978        12.661592855820478        12.844159231350437        12.782938186851046        12.850422698950437        12.992390599741666        13.173347091424132        12.787978312297922        12.855342360778218        12.997537485688200        13.142405231357328        13.266508666178522        12.068960448965120        12.898985453762434        12.818364605410485        12.707035227581985        12.635391144944057        12.718542205157410        12.691597270451785        12.693176432931798        19.973660896489378        13.609895613961465     
   8938.3015028165246       -3.0596369999999999        1.0094890792412654        8.0242524000000000        1.2302900000000000E-002   12.781220599212389        12.812440359269367        12.676547303223266        12.872405286732111        12.805651769807525        12.868044568263798        13.007478243560961        13.186227663185704        12.809863297048267        12.872945417407806        13.012600022369021        13.155723255438954        13.278652649343449        12.096813861332716        12.922641812816888        12.838078983773066        12.724013101854617        12.649827581849252        12.728792926003866        12.701330620310991        12.702383793973169        20.100236667805703        13.651240762480100     
   8885.5026349809577       -3.0701470000000000        1.0307688139741527        8.0244721000000006        1.2299800000000000E-002   12.799977558854030        12.833711277560733        12.690852465629289        12.899801587570712        12.828373613693456        12.885139910302483        13.021811203351282        13.198572252993396        12.831828253796308        12.889976619832444        13.027009359727115        13.168494129046811        13.290409540602264        12.123732284130186        12.945942003229545        12.857803629419402        12.740366958160008        12.663538740682045        12.738718646683191        12.710436315752100        12.710843606983252        20.209700427307823        13.692405976465073     
   8833.3207387741622       -3.0805920000000002        1.0522807699070995        8.0246867000000002        1.2296800000000000E-002   12.818469666970243        12.854652855553431        12.705017444038790        12.926932594739041        12.850641771623982        12.902062454073826        13.035997295344165        13.210796573277888        12.853383113327920        12.906829271892773        13.041270784051347        13.181136388333035        13.302021075733913        12.150391508116739        12.968886503169086        12.877144366730787        12.756550179106773        12.677081912368626        12.748565886265149        12.719427830226264        12.719231315287450        20.321393956366443        13.732971661328124     
   8781.4452912178840       -3.0910370000000000        1.0742116482206225        8.0248985000000008        1.2293800000000001E-002   12.836822368437224        12.875406049516668        12.719140098721782        12.953972418291384        12.872607847523154        12.918926473604172        13.050134490146450        13.222986919988587        12.874674316225514        12.923617221597075        13.055482723524092        13.193738816895843        13.313570841785205        12.176962814194150        12.991628159575859        12.896234456443805        12.772672629065971        12.690552175603949        12.758405790088842        12.728373160610110        12.727610411172551        20.435907495002326        13.773196473316629     
   8730.2966296932354       -3.1013929999999998        1.0964155644201141        8.0251066000000009        1.2290799999999999E-002   12.855256977621814        12.896265570048861        12.733298929404299        12.981105596970934        12.894661670930969        12.935914902960310        13.064347327508415        13.235283023291327        12.896169303644122        12.940499283216326        13.069766292468977        13.206356749378131        13.325144620783696        12.203702589809605        13.014534442129872        12.915437615205519        12.788873184776733        12.704037160977926        12.768555826805425        12.737281721493915        12.735849261905891        20.550667663577705        13.813620255788770     
   8679.8855748657497       -3.1116570000000001        1.1187599845922764        8.0253092000000006        1.2288000000000000E-002   12.873917113649746        12.917425369145391        12.747580480713182        13.008519665136262        12.917082722288843        12.953159670257296        13.078734761897877        13.247777035669845        12.918119872197757        12.957580453747898        13.084216502501349        13.219041513268145        13.336805314263621        12.230833878556446        13.037874986287569        12.934960861369955        12.805285319585394        12.717628911197963        12.779191044714736        12.746159685056035        12.743870072715321        20.666555608970867        13.854689694632455     
   8629.4079404356871       -3.1219869999999998        1.1414248879930928        8.0255072999999992        1.2285200000000000E-002   12.892536895872198        12.938512689914720        12.761945251147409        13.036040729176690        12.939368204116125        12.970455807043983        13.093179827011760        13.260319606862502        12.939869650943159        12.974687247784011        13.098720842412511        13.231778214369008        13.348488214081833        12.258068464910270        13.061181339144390        12.954312748670116        12.821783348436718        12.731274114790480        12.789874917790740        12.755052239539957        12.751933654375517        20.788689112098076        13.895722293842748     
   8578.8485320360123       -3.1323910000000001        1.1646216502144988        8.0257035000000005        1.2282400000000001E-002   12.911121479038192        12.959533195063534        12.776397666380843        13.063677364503119        12.961523873046700        12.987808399901033        13.107687011624487        13.272914471539371        12.961423950260842        12.991824728615759        13.113283737794172        13.244570738086756        13.360196813631132        12.285414750974303        13.084460076324246        12.973497994861445        12.838372347246091        12.744976927461535        12.800610756097020        12.763961980879239        12.760042395383612        20.917138851503459        13.936730050480238     
   8529.4101767049688       -3.1426229999999999        1.1880298071019011        8.0258967000000005        1.2279600000000000E-002   12.929242466418902        12.980001556316878        12.790603643177683        13.090781782385296        12.983039403426261        13.004815405960187        13.121921862767557        13.285272730142033        12.982288735026447        13.008596898085692        13.127569451423959        13.257125454403955        13.371664203860249        12.312231889746975        13.107171139707638        12.992077916880952        12.854667413255846        12.758422060626096        12.811153915562667        12.772688658019106        12.768014126402115        21.048681510383673        13.976752123738414     
   8480.9987656370104       -3.1526950000000000        1.2112439873789440        8.0260817000000007        1.2277000000000000E-002   12.947306937814000        13.000424325105426        12.804759147762697        13.117896746123280        13.004600143687751        13.021723878384181        13.136110538406635        13.297586891220140        13.003154120914269        13.025367366424833        13.141757185481266        13.269628160988669        13.383071654358142        12.338998173913302        13.129870400035687        13.010726349207472        12.870904146176999        12.771832336472043        12.821688608348042        12.781443238917332        12.775970588575875        21.180353260595858        14.016753820525425     
   8431.3477092599041       -3.1630739999999999        1.2348042121130438        8.0262606000000005        1.2274500000000001E-002   12.966344748320431        13.021974654620536        12.819641912154065        13.146627723718176        13.027506092209805        13.039424022351959        13.151084540371578        13.310549388546193        13.025286041115628        13.043099458328800        13.156637044634635        13.282793646955913        13.395135267938244        12.367271227359488        13.153879160547437        13.030602037262476        12.887936891802482        12.786003828981997        12.832739329277324        12.790825090231841        12.784427275508090        21.318530061541608        14.059162694008322     
   8379.6716206782257       -3.1739350000000002        1.2596101477940855        8.0264421000000006        1.2271900000000001E-002   12.986029687293295        13.044208045072386        12.835197975495371        13.176662740388055        13.051047148713943        13.057812621549351        13.166765231285575        13.324077128314658        13.047951608174495        13.061517646011788        13.172193556382210        13.296562806310304        13.407813256498978        12.396833408277752        13.178730242401455        13.050956033265861        12.905667554779010        12.800849158577437        12.844154514004364        12.800689196739102        12.793361401733110        21.471334651368309        14.103267369614722     
   8329.1560722816066       -3.1846220000000001        1.2847042631289518        8.0266213000000004        1.2269400000000000E-002   13.005138059011912        13.065742037950667        12.850462965020380        13.206146529764013        13.073757616215968        13.075748195493070        13.182181240124972        13.337330097723331        13.069737273051491        13.079478478461230        13.187462476823217        13.310081431992014        13.420319868539220        12.425858768369320        13.202881167940397        13.070518274025872        12.922996202154433        12.815448451672044        12.855221547440348        12.810422922452350        12.802218478839944        21.629575202139126        14.146341236698376     
   8279.5932155567316       -3.1951589999999999        1.3096332118850027        8.0267935000000001        1.2267000000000000E-002   13.023714721938052        13.086914657669158        12.864709965654551        13.234640105787616        13.096367166650328        13.092854898153202        13.196675245444194        13.349704355255856        13.091579441039286        13.096684930274083        13.201774247164575        13.322737047953570        13.432007878825647        12.453963635561983        13.226441158520025        13.090134251174526        12.939400267641094        12.829148736893103        12.865376564632800        12.819292352693282        12.810187106106508        21.756497821380467        14.190087116130897     
   8229.3777872092123       -3.2058949999999999        1.3348007634364936        8.0269598999999996        1.2264600000000001E-002   13.043029445517623        13.108958829904500        12.879367886407605        13.263896278544836        13.119946050256500        13.110582553842638        13.211589377849604        13.362539029808561        13.114466923958242        13.114449751467161        13.216526933918123        13.335919416263179        13.444112470824875        12.482885246715524        13.250809740229242        13.110638725667533        12.956332758562274        12.843254473305342        12.875912470502447        12.828349057475902        12.818271142074364        21.880247506757996        14.235391546930886     
   8178.9395808668514       -3.2167390000000000        1.3604180148541836        8.0271232999999995        1.2262300000000000E-002   13.063125738889763        13.131884320491089        12.894545214365447        13.293926975184995        13.144520214007962        13.128955602655751        13.226995135798195        13.375931917162742        13.138430125370480        13.132806484637292        13.231800388817618        13.349702060042624        13.456734522985016        12.512636618609928        13.276035068958411        13.132038141865987        12.973824525118744        12.857816074422924        12.886919194616439        12.837676263775879        12.826511114870851        22.003530289602228        14.282158186514149     
   8129.3533316181592       -3.2274609999999999        1.3862745235219940        8.0272839000000005        1.2260099999999999E-002   13.082843897688287        13.154349186965325        12.909612941189993        13.323534266479337        13.168480076480831        13.147074200260780        13.242255976905044        13.389179186017421        13.161761389065452        13.150933754461706        13.246959374898202        13.363307430603109        13.469199007621947        12.541940987964848        13.300785842917504        13.152908339056770        12.991104682567565        12.872212316172861        12.897764333601414        12.846898311988367        12.834667795321137        22.133509693731767        14.328029681985937     
   8080.2351547893832       -3.2381449999999998        1.4121718826879754        8.0274394000000004        1.2257900000000000E-002   13.102352430391328        13.176544514198348        12.924696173488016        13.352958332268010        13.192033276849074        13.165090734970178        13.257499751465936        13.402394410132736        13.184664653074499        13.168982914480374        13.262129768679028        13.376852991283648        13.481614560205262        12.571037370120550        13.325269737016605        13.173431788331943        13.008317962905426        12.886565667383806        12.908545210476831        12.856098784661398        12.842816448999521        22.270858506168160        14.373379562273136     
   8030.5261381555347       -3.2490160000000001        1.4382915295289873        8.0275897999999994        1.2255700000000000E-002   13.122063456285028        13.198940148467807        12.940112268311781        13.382825478169151        13.215678459391471        13.183385515793590        13.273047162016395        13.415854363462104        13.207624495647154        13.187334950858025        13.277630725680771        13.390622679112310        13.494240760639224        12.600544967269157        13.350005904123650        13.194041932764714        13.025827412617732        12.901177438276056        12.919486024945515        12.865467855521006        12.851124648602271        22.418562497660751        14.419176723098753     
   7980.4981269205491       -3.2600210000000001        1.4648663709943490        8.0277373000000001        1.2253699999999999E-002   13.142346284076277        13.222038529741157        12.955979913159437        13.413413392171764        13.240150484172959        13.202219216351532        13.289022514860880        13.429690631772411        13.231377219678459        13.206242716572445        13.293610340461170        13.404760085317955        13.507158091562298        12.630789261477988        13.375559416307704        13.215401159171202        13.043866358365774        12.916214718957848        12.930704850377362        12.875048499403809        12.859605903329546        22.567728256663429        14.466102900930592     
   7931.0009153244309       -3.2709730000000001        1.4917533324214074        8.0278825999999999        1.2251600000000000E-002   13.163218602509447        13.245848974998397        12.972173146756111        13.444566021773126        13.265571010844679        13.221581814269856        13.305345535719306        13.443864900855649        13.256046357957244        13.225615743196430        13.309981227561130        13.419263747074185        13.520347471221649        12.661665419455923        13.401946370632492        13.237588059830726        13.062408279826736        12.931658812231374        12.942246887765686        12.884828188339137        12.868268389271366        22.713964602080928        14.513936252807889     
   7882.3188743417059       -3.2818120000000000        1.5187339602878560        8.0280243000000002        1.2249599999999999E-002   13.183735682953738        13.269161440403948        12.988179239328893        13.475345554200203        13.290346002902261        13.240725065126298        13.321509592005995        13.457892054272225        13.280041920915192        13.244688542449193        13.326192049136974        13.433638407321794        13.533429806953968        12.692173033476521        13.427826548045090        13.259148822793957        13.080754693595505        12.946958325583068        12.953705372270896        12.894526356223587        12.876901701565270        22.870101607701528        14.560848681289990     
   7834.6030989451010       -3.2924989999999998        1.5458212282501818        8.0281631000000004        1.2247700000000000E-002   13.203834937389825        13.291909745220657        13.003944646932169        13.505649303603565        13.314411326582466        13.259584454792524        13.337459001094899        13.471724422767061        13.303304245421522        13.263401355976498        13.342186996317636        13.447833937202414        13.546358962001452        12.722210261646438        13.453124018786390        13.280031081874249        13.098843143639716        12.962060266626366        12.965039361739667        12.904109041644233        12.885473385314466        23.034987314165598        14.606702298868143     
   7787.7858374324542       -3.3030409999999999        1.5727077782376682        8.0282965999999991        1.2245799999999999E-002   13.223562142137562        13.314148652492703        13.019503917680629        13.535529105292225        13.337830358446089        13.278197680879755        13.353226878534622        13.485393510992948        13.325897690411642        13.281796308046891        13.357999274231309        13.461880961928896        13.559163738529405        12.751828560840769        13.477895331259168        13.300295549652558        13.116709782735489        12.976996551056216        12.976275548266804        12.913602003470798        12.894005904739918        23.208182113047897        14.651586243841150     
   7739.9115911716526       -3.3138839999999998        1.5997191138212574        8.0284250000000004        1.2244000000000000E-002   13.243951359305230        13.337147138300049        13.035627005652175        13.566474460318146        13.362037882389975        13.297456775231579        13.369588110965813        13.499621673724677        13.349275939655408        13.300848724956550        13.374377064458036        13.476450648653097        13.572542097021993        12.782463566326170        13.503512854338149        13.321216148593431        13.135193081617727        12.992513844744982        12.988010219473464        12.923483104974713        12.902886653301172        23.388100561547439        14.697892666855244     
   7690.1887611667298       -3.3252060000000001        1.6277889025386529        8.0285536999999998        1.2242100000000001E-002   13.266061281210943        13.362372446257753        13.053062287093441        13.599835587272336        13.388902859196934        13.318038257923758        13.387279280176342        13.515261700462021        13.375439202614507        13.321573024075144        13.391948807576577        13.492172572380463        13.587325991690955        12.815350659639643        13.531495506121141        13.344501060110128        13.154914089304130        13.009348085477216        13.000921577889480        12.934302758824876        12.912455957809742        23.548564509659450        14.748128697195606     
   7640.9261109083691       -3.3365030000000000        1.6564107628769993        8.0286822999999998        1.2240300000000001E-002   13.288065051942731        13.387636773573174        13.070079500544853        13.632599400775586        13.416271701363527        13.338064632630918        13.404517632820681        13.530629925114642        13.402281304824211        13.341881061184683        13.408974471535640        13.507565415595767        13.601851486041216        12.847642261084228        13.559477712963183        13.368273555401569        13.174065633635522        13.025785618266209        13.013333365661229        12.944703211698442        12.921347665624474        23.680722500836527        14.798297969006335     
   7592.4860037911458       -3.3476770000000000        1.6850667517888174        8.0288082999999997        1.2238600000000001E-002   13.309722618326017        13.412437123223672        13.086980440668643        13.664897269198523        13.442998170973706        13.357921468436931        13.421609300612371        13.545796172844430        13.428483115563676        13.361964832557071        13.425883800945925        13.522809270524728        13.616182360675563        12.879475802018018        13.586950561448202        13.391520620647771        13.193068761785799        13.042060017224070        13.025589398814457        12.954981493402940        12.930178926402739        23.825009948601267        14.847410266726076     
   7545.3606007598573       -3.3586160000000000        1.7137672090846363        8.0289319999999993        1.2236800000000001E-002   13.330850336614471        13.436562022392664        13.103620150308139        13.696433500653228        13.468860692850750        13.377433932424278        13.438409175900411        13.560640609196238        13.453828746730291        13.381650599970097        13.442531743055930        13.537779933915910        13.630207625130151        12.910560308211011        13.613675425649749        13.414052267182495        13.211756973332431        13.058036432721085        13.037599579017400        12.965067599947428        12.938892133641467        23.979065874030656        14.895018723514486     
   7500.2372265729291       -3.3691510000000000        1.7418217642515632        8.0290502000000004        1.2235100000000000E-002   13.351105949776807        13.459631707133772        13.119707340069917        13.726708141577030        13.493468342184078        13.396269098511018        13.454626304870485        13.574909357302586        13.477935402379041        13.400607945254533        13.458626885525780        13.552216355933149        13.643685940179020        12.940402414520724        13.639234621089757        13.435520508595024        13.229808790923768        13.073438858070267        13.049151638096040        12.974777325803030        12.947319573027476        24.139199382253295        14.940418576151151     
   7453.1352101075045       -3.3802050000000001        1.7693991973630592        8.0291586000000006        1.2233600000000001E-002   13.373493510829084        13.485389150837987        13.137153893066921        13.759571232498489        13.521620398207004        13.417163111226989        13.472042871341108        13.590325820275714        13.505431433391399        13.421389689824951        13.476042871341106        13.567997875647793        13.658362857723800        12.972822363248083        13.667814496719755        13.460295870211665        13.249730931995797        13.090143150959365        13.061523081885424        12.985404751045605        12.956387934319570        24.265110022332649        14.990191658743102     
   7400.2774068147528       -3.3926820000000002        1.7994985724414736        8.0292694000000004        1.2232099999999999E-002   13.398621319165033        13.514197055487019        13.156841131742832        13.796621286164234        13.552953138848261        13.440747805493485        13.491754762959873        13.607760037750227        13.535960459689486        13.444835727378889        13.495754762959871        13.585813075665913        13.674945722384065        13.009379152646540        13.699828060386933        13.487830848845599        13.272224200314726        13.109023117044361        13.075546804277680        12.997468374478212        12.966767771419102        24.422150349246557        15.045920229515334     
   7348.8942844896337       -3.4048989999999999        1.8308074023465923        8.0293846000000002        1.2230400000000001E-002   13.423121378303438        13.542168667088237        13.176162094099627        13.832880004981345        13.583209349339608        13.463883291689644        13.511159690670095        13.624916837190057        13.565367576149352        13.467824669275718        13.515159690670092        13.603310158457571        13.691252793196135        13.045162467704692        13.730953570983697        13.514387338708563        13.294298767932890        13.127585387777799        13.089396375775383        13.009408432940294        12.977139217578312        24.591166351393579        15.100026537127750     
   7303.3817173708849       -3.4157899999999999        1.8617766514570044        8.0294840000000001        1.2229000000000000E-002   13.444828409058029        13.566863391501055        13.193372174304816        13.865141608707255        13.609787785608699        13.484493232275550        13.528493488478123        13.640231309770488        13.591138071499859        13.488295014706974        13.532493488478124        13.618901322535915        13.705796499199383        13.077006388298020        13.758472934830404        13.537682145028040        13.313969067300189        13.144144822361326        13.101788179955992        13.020105481756683        12.986503025289569        24.754273577618957        15.147841447066444     
   7256.2293306879019       -3.4271500000000001        1.8946091987682039        8.0295933999999995        1.2227500000000001E-002   13.467351062256224        13.592394944876176        13.211325464067645        13.898736942910386        13.637132410823579        13.505989760927175        13.546623751841100        13.656241752217316        13.617590346060535        13.509637120184337        13.550623751841098        13.635173963943540        13.720990568760204        13.110172418520829        13.786961684677365        13.561618230469417        13.334492152104641        13.161445135521763        13.114777433041443        13.031335489084412        12.996407409814086        24.936563118173925        15.197297654255863     
   7228.0974644123180       -3.4339559999999998        1.9174689623461891        8.0296494000000003        1.2226700000000000E-002   13.481430602690725        13.608533529973304        13.222309784189918        13.919265043367673        13.654651718927148        13.519108657493909        13.557730919223509        13.665993018639920        13.634768615537489        13.522856701393131        13.561663453433447        13.645109476159014        13.730203605328850        13.130430672603040        13.804869825138866        13.576991524085408        13.347038972506184        13.171930496243775        13.122756416320502        13.038040878251891        13.002323105374266        25.020928709772832        15.228134481464764     
   7197.1739604676477       -3.4414769999999999        1.9434398079037227        8.0297237999999993        1.2225700000000001E-002   13.497101319074620        13.626507594936317        13.234544962981101        13.942073428139295        13.674197846972010        13.533632268526258        13.570092141541135        13.676832949919234        13.653965522542819        13.537543179658702        13.573920277621507        13.656171130439677        13.740445813269652        13.152936565492293        13.824808036992270        13.594126076911248        13.360967475340193        13.183572869986271        13.131672849268973        13.045482230771373        13.008909027498223        25.106629298108867        15.262460003270665     
   7177.1000431626362       -3.4463729999999999        1.9600660481235599        8.0297663999999997        1.2225099999999999E-002   13.507245725176734        13.638114710570047        13.242516862947891        13.956922703591555        13.686791451699968        13.543050757841023        13.578140172791102        13.683890038732059        13.666307217658268        13.547061648726409        13.581894813687867        13.663377095113486        13.747119866047104        13.167588675811668        13.837703201965770        13.605142808476646        13.370019117063329        13.191155007084415        13.137491145015900        13.050339627158341        13.013222505520002        25.163492527667696        15.284718992607605     
   7152.4857297917297       -3.4523929999999998        1.9800167557900117        8.0298198999999997        1.2224300000000000E-002   13.519675211805568        13.652302837580310        13.252344361916213        13.975197787422230        13.702152706420881        13.554610188695191        13.588054894671343        13.692586089111321        13.681332537605615        13.558737510837473        13.591713268750011        13.672260989410715        13.755351597035249        13.185621150527306        13.853484676219393        13.618558294910462        13.381149629443163        13.200499290374323        13.144678826081579        13.056345464942792        13.018573636311816        25.234563316518944        15.312008192002837     
   7123.5913846607955       -3.4594830000000001        2.0039581938816222        8.0298782000000006        1.2223500000000000E-002   13.534211899556716        13.668854888983692        13.263913675208414        13.996704363493258        13.720030509063690        13.568153769670271        13.599718002823685        13.702813547242339        13.698777943201566        13.572409111205399        13.603254736486054        13.682716395587097        13.765041488907922        13.206841720413163        13.871926785209023        13.634134789159507        13.394219106220323        13.211493923479587        13.153150485022994        13.063424741937833        13.024901547736629        25.319840516945010        15.343995708464060     
   7088.8045123931561       -3.4680629999999999        2.0326881994531338        8.0299513999999999        1.2222500000000001E-002   13.551677684815207        13.688676731824668        13.277931587970809        14.022715609203942        13.741374946936499        13.584464280305351        13.613836514664257        13.715196472650302        13.719547353741934        13.588861357744623        13.617214438270988        13.695384379904755        13.776787964042779        13.232506907247195        13.894052247924641        13.652684009133701        13.410000925870779        13.224809334865071        13.163440858037017        13.072031596322095        13.032628415379509        25.425200861233815        15.382481164773591     
   7053.0506069586190       -3.4769169999999998        2.0651333017687827        8.0300217000000007        1.2221500000000000E-002   13.569626685504572        13.709077836677862        13.292295959246120        14.049431792658238        13.763394892796269        13.601152095393351        13.628282466898961        13.727902816644965        13.740989013897353        13.605701403374622        13.631493132473542        13.708383807699809        13.788855029198404        13.258866574637166        13.916809193076931        13.671836599518917        13.426153449729481        13.238466681062038        13.173987820883026        13.080844289662492        13.040510890733932        25.533964322457749        15.422211107579225     
   7005.7397490067488       -3.4887109999999999        2.1040661210069014        8.0301227999999991        1.2220000000000000E-002   13.593544662609236        13.736516787733979        13.311046176995543        14.084492416761332        13.793271461686114        13.623146837784599        13.647122463650870        13.744553615736205        13.770273657196061        13.627921730369483        13.650154366355139        13.725389972901130        13.804674242867634        13.293460196431997        13.947226114315608        13.698043038963849        13.447338103401378        13.256359601497071        13.187679552222203        13.092283469804126        13.050567969514578        25.680104826926542        15.475474615518653     
   6983.1279568104928       -3.4943580000000001        2.1300065933919683        8.0301536999999996        1.2219600000000001E-002   13.605267688892205        13.750363157192016        13.319650115525718        14.101557777434817        13.808779312148388        13.633749201237002        13.655808466853340        13.752316052910246        13.785613990421304        13.638568216302460        13.658822813377085        13.733255824503722        13.812054403561326        13.310334003533185        13.962579238111175        13.711648583005505        13.457281532174022        13.264658660694973        13.193953817759660        13.097588361524558        13.055112290268895        25.735580434610391        15.503343525268086     
   6953.6527630448791       -3.5017689999999999        2.1611371399537065        8.0302181000000008        1.2218700000000001E-002   13.620788326492029        13.768789707794944        13.330877614993405        14.124045795709527        13.829549648505775        13.647745676707117        13.667160717773335        13.762512764281325        13.806199247523317        13.652591087287593        13.670177878981519        13.743558777964889        13.821758702985495        13.332582358728601        13.983005212921174        13.729879285016267        13.470320465539071        13.275530131502180        13.202195914186326        13.104612903873271        13.061137105272117        25.801640192095348        15.540707033913307     
   6930.8739417293336       -3.5075129999999999        2.1824955965947352        8.0302635999999996        1.2218100000000001E-002   13.632780774557967        13.782971563561192        13.339620650965701        14.141431580245113        13.845488271179990        13.658600985267151        13.676002803875479        13.770447716351169        13.821973138796901        13.663458397794317        13.679021231838158        13.751576736893869        13.829312247889080        13.349779814510287        13.998728231648352        13.743865411664606        13.480455360650170        13.283993134895200        13.208634225115221        13.110114353764496        13.065898447780137        25.854206485952609        15.569453275209012     
   6903.5265591240586       -3.5144299999999999        2.2081281870831155        8.0303123999999997        1.2217400000000000E-002   13.647192330865881        13.799946543547527        13.350210129971746        14.162327850843287        13.864509310553998        13.671694434117018        13.686714276387459        13.780053828904503        13.840771401187205        13.676556566530646        13.689733172082672        13.761283557332394        13.838459439367455        13.370446450558955        14.017548723159990        13.760554270575941        13.492706515389639        13.294240812414188        13.216459405324986        13.116819407608347        13.071752307780532        25.919078581955485        15.603830559926283     
   6867.3154948937899       -3.5236380000000000        2.2388865520421697        8.0303828999999993        1.2216400000000001E-002   13.666317289412705        13.822356594690321        13.364406637329312        14.190054978896699        13.889523044864541        13.689152851696180        13.701077453443540        13.792926295206838        13.865448333347979        13.694004991591184        13.704095200404732        13.774291072102494        13.850722620145374        13.397863568583981        14.042394424550894        13.782499968710022        13.509087537697846        13.307975376402323        13.227000585917418        13.125885330221239        13.079753875269136        26.007954313475643        15.649144108098350     
   6840.1716465965692       -3.5305599999999999        2.2672667736181067        8.0304257999999997        1.2215800000000001E-002   13.680649517345637        13.839069169151793        13.375144281211407        14.210846461331043        13.908107741603532        13.702295282050551        13.711943972665500        13.802654870966338        13.883749155127562        13.707127737104544        13.714959521970771        13.784122235681805        13.859993147667987        13.418418345206332        14.060926545706087        13.798800236594262        13.521450818452346        13.318359768013847        13.235001238009490        13.132785795856572        13.085903202069561        26.076771460388052        15.682916348438704     
   6803.6975602925286       -3.5399200000000000        2.3013240162449380        8.0304962000000000        1.2214800000000000E-002   13.699972660248633        13.861480624401572        13.389770924373977        14.238863919062851        13.932928388494723        13.720099051962400        13.726748981781839        13.815903647326902        13.908146298370752        13.724888692243518        13.729759778176764        13.797510557065252        13.872624833827146        13.446111787818189        14.085774720063199        13.820571667056839        13.538245872142312        13.332502359128938        13.245955268719385        13.142269497789528        13.094440768100228        26.172267487505970        15.728109422363623     
   6777.4449703359169       -3.5466769999999999        2.3284108230548135        8.0305399000000008        1.2214200000000000E-002   13.713881646503417        13.877533506264115        13.400395419981010        14.259040464660590        13.950638868334998        13.732971505875170        13.737505668692734        13.825520624724781        13.925521911925912        13.737718638847621        13.740511752900808        13.807229273987787        13.881796379793364        13.466051047060276        14.103575322349691        13.836102441432676        13.550419605927438        13.342771817908364        13.253939239821324        13.149200570108771        13.100735485104437        26.243111646210124        15.760452799434461     
   6741.8176233064169       -3.5559010000000000        2.3609133136608631        8.0306070999999992        1.2213200000000000E-002   13.733291703832863        13.899887600846926        13.415350781239100        14.286433898482622        13.975356328174838        13.750971820239601        13.752605818518619        13.839057053858392        13.949855248102503        13.755691195531265        13.755591749526127        13.820923418201774        13.894718986506097        13.493104407387507        14.128213784378827        13.857960355969270        13.567503824009000        13.357216299671494        13.265290259262523        13.159084898557262        13.109738554668235        26.341231776715667        15.804217739162171     
   6713.1291128236544       -3.5633590000000002        2.3899888196259109        8.0306546000000001        1.2212600000000001E-002   13.750094132453821        13.919372677116936        13.428329411871378        14.308296430816839        13.997267908364840        13.766450053518014        13.765587608988088        13.850830864312286        13.971723481114864        13.771265181174897        13.768530112128747        13.832866777954948        13.905980978331691        13.514658483935886        14.149339717867889        13.877769852807553        13.582263547361293        13.369731799941416        13.275350263224244        13.167876404244197        13.117652036471267        26.418507183483698        15.839744319493118     
   6673.8585852978067       -3.5736219999999999        2.4248768829069514        8.0307259999999996        1.2211600000000000E-002   13.772932672379929        13.945814183694742        13.446071083035184        14.338245568328711        14.026976751640246        13.787466457261266        13.783312597167454        13.866995548742286        14.001328999347313        13.792414788560931        13.786210533757098        13.849246617723077        13.921455477085074        13.544188047103413        14.178074519108284        13.904552308401930        13.602341187690369        13.386854610002748        13.289227697059735        13.180099593851066        13.128723555869522        26.523586753810449        15.889057375026779     
   6647.2344998357839       -3.5806010000000001        2.4554390601038540        8.0307639000000002        1.2211000000000000E-002   13.788275497869719        13.963553956552975        13.458049083544321        14.358531145693455        14.046895542314275        13.801568099401422        13.795265553103221        13.877951584543471        14.021148503539571        13.806608054534884        13.798143043023359        13.860337471081870        13.931950334680593        13.564190912151052        14.197400250236640        13.922454900204151        13.615835848957929        13.398422906139388        13.298671199151229        13.188475339867416        13.136351447472396        26.594334673468502        15.922902252616563     
   6608.8059476279077       -3.5907399999999998        2.4921106711947405        8.0308299999999999        1.2210100000000000E-002   13.810245012015153        13.988918785599944        13.475289899825873        14.387807551666464        14.075355447272239        13.821736584484940        13.812450469784979        13.893785163838361        14.049424100912626        13.826910840512165        13.815312367826971        13.876349751775409        13.947128181773573        13.593061591155051        14.225098485452685        13.947958514467638        13.635170098480716        13.415086516179914        13.312377264126434        13.200717635130433        13.147561559166954        26.695763552064527        15.972374061650742     
   6578.0777144407921       -3.5988850000000001        2.5218147040022485        8.0308776999999996        1.2209400000000000E-002   13.827653917706048        14.008987780896437        13.489026705516725        14.411207516378969        14.097856340780954        13.837697608674198        13.826125852628131        13.906454042834685        14.071742396339996        13.842980911557309        13.828987099672119        13.889148094489531        13.959281050924478        13.616139079121353        14.247071241780628        13.968056084221427        13.650499648046353        13.428373716728878        13.323391778386370        13.210627233891476        13.156685925982554        26.776275394692920        16.012451385659535     
   6538.4679609707509       -3.6094420000000000        2.5574591941257037        8.0309430000000006        1.2208500000000001E-002   13.849890691452840        14.034581905018056        13.506672443275802        14.441360629738481        14.126529618911599        13.858057222512718        13.843670409885460        13.922798648615972        14.100134476545177        13.863483347266465        13.846546303912470        13.905641922725527        13.974971593183943        13.645878971993669        14.275168943841932        13.993579623835506        13.670091892232852        13.445455613291847        13.337665984414498        13.223563583464701        13.168662854925925        26.879280240175973        16.064800880811475     
   6501.2969034309090       -3.6194039999999998        2.5948259329827215        8.0310012999999998        1.2207700000000000E-002   13.870541472750295        14.058310134488563        13.523160579352206        14.469640226711311        14.153090434229460        13.876935354664822        13.860041059604503        13.938142886675200        14.126384261221903        13.882497782479744        13.862946546104551        13.921108137593050        13.989713379449716        13.673773223896289        14.301297696508710        14.017131266726532        13.688297616914872        13.461430647260746        13.351130840299158        13.235861433805630        13.180114472469723        26.975134598368285        16.114627089021603     
   6453.1981406358918       -3.6323799999999999        2.6396675872211581        8.0310773999999991        1.2206600000000000E-002   13.898933811440726        14.092375121751678        13.543730448993921        14.504999078559299        14.193439634800816        13.901433801326279        13.880510022922357        13.957914430450709        14.168033992048480        13.907532348226534        13.883481085340422        13.940915426489147        14.008978591677261        13.708548242368925        14.338142646097465        14.053245803568833        13.711314678512833        13.481605375270069        13.369802654938189        13.253260958466994        13.195813461548097        27.106402078007235        16.192768393511955     
   6416.2754516147979       -3.6424029999999998        2.6795039707657615        8.0311307000000003        1.2205900000000000E-002   13.919049075657774        14.117308652777833        13.557275119354021        14.532610349536778        14.223826600472716        13.917895912983578        13.893912220273510        13.971213570878074        14.199396679859358        13.924435064647167        13.896911121220885        13.954158116315700        14.022243284343272        13.735530840183305        14.365701369793051        14.079580765539252        13.726611160210080        13.494894368618002        13.384427922951094        13.268582640261730        13.210110274141076        27.210425866402790        16.262564595798903     
   6362.5322987161990       -3.6570939999999998        2.7273078557125077        8.0312137000000003        1.2204700000000001E-002   13.943906976436777        14.150570056810190        13.571046254147943        14.575543456950198        14.266538607097877        13.935967828195109        13.907211747013323        13.985463071833918        14.243344969436832        13.943153503895408        13.910204087301684        13.968059206028583        14.037549773057902        13.777068571985710        14.404575808233821        14.114041511770635        13.742825778016831        13.508306406689085        13.407045691880535        13.296357625068245        13.235609034301040        27.367732554785420        16.388488973326723     
   6334.2033262857522       -3.6648830000000001        2.7623703844192344        8.0312491000000001        1.2204200000000000E-002   13.955939264851128        14.167235351539386        13.577064371696327        14.599029080863005        14.288471647665855        13.944115003079798        13.912900068958834        13.991967464425780        14.265791067471774        13.951608187784743        13.915887096722425        13.974296887964787        14.044919462524572        13.799707869779528        14.424739479744471        14.130954490428767        13.750025217050396        13.514144321785473        13.419758366556941        13.312550893949407        13.249805065681297        27.449743072506404        16.460279273971256     
   6290.4251640237972       -3.6769970000000001        2.8044468292060469        8.0313151000000005        1.2203300000000000E-002   13.973133739918406        14.191865902296662        13.584733233367999        14.636533835152616        14.321632809194757        13.954885998832058        13.919948907035064        14.000706581959601        14.299558031080998        13.962809326922144        13.922925185947275        13.982510931048228        14.055414701573511        13.835754211727700        14.455508394600667        14.155447132393345        13.759374192214228        13.521547283794284        13.440533935386942        13.339740895954048        13.272825646092738        27.575300364319705        16.578633564792472     
   6254.9522693105428       -3.6868729999999998        2.8378655215196580        8.0313645000000005        1.2202599999999999E-002   13.985796969831878        14.210800219887286        13.589472401347784        14.667979708571583        14.347824978506416        13.961972518574608        13.924087709977105        14.006595291247525        14.326073557545474        13.970204139486782        13.927053013368994        13.987873945536275        14.063098408648177        13.865884611228335        14.480068409400687        14.173805202054076        13.765346175581701        13.526081831236130        13.458346366591218        13.363671358927231        13.292414640904692        27.675962273265352        16.681092263949619     
   6211.9793018320343       -3.6989060000000000        2.8779695309176927        8.0314233000000002        1.2201800000000000E-002   14.003739573503676        14.238735078337609        13.595530937780971        14.708222255958550        14.386794186428524        13.973257326967783        13.929367415495161        14.013440335159061        14.367163130788942        13.981764415944639        13.932236996396906        13.994133390662057        14.072287840476736        13.904321137681340        14.515531734102321        14.202711047134745        13.774506290627940        13.531495943515967        13.479122916276371        13.389423746577776        13.312988100579833        27.804003575839797        16.813099226104093     
   6167.0291325019998       -3.7115879999999999        2.9226583347774402        8.0314902000000004        1.2200799999999999E-002   14.022436097064771        14.268358857076992        13.601490069731147        14.753294101747118        14.428257069518468        13.985162258647462        13.934522146364893        14.019860080660985        14.410453596273806        13.993846792140802        13.937301252869966        13.999941356019493        14.081151162005982        13.947412298489967        14.554041873239631        14.232579715145976        13.784112359394216        13.536592490123473        13.500600102072861        13.415532620439061        13.333641392562688        27.934265212549761        16.953441322243080     
   6128.7795469452749       -3.7224550000000001        2.9641909716180583        8.0315484000000001        1.2200000000000001E-002   14.037857742473001        14.293222793688557        13.606063118903208        14.793977990620718        14.463212080425940        13.994914359180644        13.938418516824274        14.024606709586791        14.446417803485623        14.003663996647859        13.941138280538148        14.004154997487312        14.087976359388563        13.986347873605787        14.587293445676782        14.256767450766041        13.791935957044828        13.540317654862303        13.518787495733534        13.437520898460377        13.350876044819508        28.041158839455036        17.074304466897498     
   6088.2993820461179       -3.7340309999999999        3.0034981764108353        8.0316118999999997        1.2199099999999999E-002   14.053709647159366        14.319211122884060        13.610424442368039        14.839384817422818        14.499896316874423        14.004876060299178        13.942071572268905        14.028933154338997        14.483623663108883        14.013608666749104        13.944746187245109        14.007904996927731        14.094501710059856        14.029841557546430        14.622984701188930        14.281154931505707        13.799884565108087        13.543667747378311        13.537966770054734        13.460581894295505        13.368794404202539        28.150350970786061        17.203673445345181     
   6059.6703652476599       -3.7422540000000000        3.0383073953988422        8.0316460000000003        1.2198600000000000E-002   14.064601507652219        14.337359656753657        13.613185201975282        14.872924583163313        14.525618100109332        14.011671215049629        13.944336407979320        14.031533523107170        14.509375295700680        14.020338518173729        13.946990057222513        14.010090128809177        14.098656281042539        14.061989460815608        14.648506608429431        14.297622695707568        13.805273427706739        13.545642787568474        13.551458312124398        13.476729397356786        13.381236095057185        28.225107897824081        17.296032302873797     
   6015.7946066003215       -3.7549310000000000        3.0800786901224821        8.0317024000000004        1.2197800000000000E-002   14.080823468229642        14.364845137137774        13.616937316672232        14.926664401834806        14.564725947753185        14.021724422944306        13.947336364021009        14.034822153844907        14.547984230602328        14.030206029327243        13.949975479662545        14.012730047342121        14.104325943855621        14.113533514393865        14.688115155066104        14.321650085404492        13.813199506300215        13.548077361768183        13.572064930938776        13.501265477030010        13.399980574352870        28.335750776730553        17.439025474542742     
   5976.0331787022888       -3.7665009999999999        3.1159902324243300        8.0317504000000000        1.2197200000000000E-002   14.096231609280572        14.391238738219723        13.621129202722031        14.979946169849541        14.602118077539011        14.032142274888038        13.950835466774603        14.038265607205624        14.584722698541810        14.040386367660290        13.953465309087541        14.015579774241740        14.109590282174914        14.164792692440983        14.726798062038483        14.344199222354014        13.821535488717082        13.550925040087130        13.590874104756509        13.521793542323476        13.415906314418436        28.435085896164921        17.574180129158165     
   5933.5417155029290       -3.7789489999999999        3.1590817753223623        8.0318012999999997        1.2196500000000001E-002   14.114019155320690        14.420913561211876        13.627362192230446        15.039471601836919        14.643607658040487        14.045152641640744        13.956401383191867        14.043270465498203        14.625265930483319        14.053154687004305        13.958983534246226        14.020001922011947        14.116174077675083        14.222267382074989        14.770195433101069        14.369338987270527        13.832314218032497        13.555588167650544        13.611749627848855        13.542869744323969        13.432505573799855        28.540337904534869        17.716836565357024     
   5886.0507188078927       -3.7929659999999998        3.2081624716799113        8.0318577999999992        1.2195700000000000E-002   14.134731313912653        14.454417647356436        13.635718158457358        15.106845027495019        14.689924050055925        14.060814503212079        13.964140846038468        14.049783010772902        14.669931807269375        14.068569620899694        13.966622385234572        14.025938014759010        14.124254225734909        14.287501481997161        14.819192531384481        14.397185788264629        13.845658379654786        13.562057988887709        13.636013722962218        13.566732106062176        13.451254498245156        28.654441886281802        17.868757828656967     
   5840.8627338176093       -3.8064060000000000        3.2578105526295333        8.0319103999999992        1.2194900000000000E-002   14.155257657449347        14.486631179595303        13.645034429495972        15.171781414298984        14.733943676692729        14.076818433543409        13.972996941625809        14.056884276318875        14.711800158266897        14.084361713423039        13.975336418996619        14.032564062607612        14.132654025771856        14.350551883171008        14.866300086209865        14.423439712029563        13.859630054983590        13.569450796010074        13.660018707339738        13.589741159243651        13.469290489638436        28.759555613299128        18.005950085297258     
   5793.1530189431496       -3.8207080000000002        3.3106590713803099        8.0319661000000000        1.2194099999999999E-002   14.178812711283417        14.521679290509109        13.657520984846311        15.239570561642932        14.780481711988774        14.096233613891716        13.985156592533219        14.066547263737490        14.755874074643923        14.103625142563427        13.987303448210863        14.041856121621986        14.143293117711668        14.416585334805806        14.916231849140740        14.452418363180545        13.876994108228214        13.579842368956960        13.686145637787615        13.615041705179276        13.489429225373666        28.877198872045046        18.139017695414051     
   5748.3737829881966       -3.8342399999999999        3.3632592923523470        8.0320160999999999        1.2193400000000000E-002   14.205485944008974        14.557311427086521        13.675114488019464        15.297123366979335        14.824158034963016        14.120607800995678        14.002616438053796        14.081340522914022        14.798570951467692        14.128021643706298        14.004599070237791        14.056550154444235        14.158131515295892        14.472834491541075        14.961786181610353        14.485328693385444        13.899240395326547        13.595764252209914        13.710758532032248        13.641887876865287        13.511872963012177        29.027104698359938        18.244771872701183     
   5700.0543934599600       -3.8489589999999998        3.4185318693511579        8.0320709000000008        1.2192700000000001E-002   14.237473226839402        14.599160230212032        13.697993928035029        15.363483079968209        14.874543938963722        14.151475086621897        14.025522796597947        14.100841419463922        14.848115786301317        14.158623685548200        14.027306384638820        14.076117797436016        14.177354420738286        14.537476187667725        15.014548928686882        14.524899639272924        13.927650207148869        13.616979911036072        13.737490145640322        13.669898604878892        13.535777335347230        29.198929829455761        18.361852554891936     
   5658.6521799287693       -3.8616549999999998        3.4712532160969394        8.0321060000000006        1.2192200000000000E-002   14.264796070670728        14.634544138981036        13.717848430446017        15.420395057960272        14.916898189756816        14.177841050682966        14.045426752270858        14.117819159592594        14.889455455074151        14.184786047581591        14.047042808392805        14.093179164583971        14.194108592251871        14.592960149109798        15.059195618396695        14.558038046475280        13.952045958383026        13.635435452618340        13.760764008523063        13.693911483125918        13.556149150461424        29.344040362489885        18.462200318459701     
   5616.6970526459772       -3.8746280000000000        3.5295909406933386        8.0321493000000004        1.2191600000000000E-002   14.292437059094993        14.669987318323066        13.738237756631889        15.478148874888113        14.959079580252173        14.204515587854740        14.065891340165241        14.135309484515648        14.930331539995596        14.211276410806470        14.067340470273791        14.110779350427851        14.211385589200283        14.649308523446432        15.103941613814644        14.590928363371166        13.976851629823024        13.654432156576824        13.784730524399691        13.718294563063129        13.576725032482358        29.489124192559160        18.563935117923990     
   5566.5228994493827       -3.8902679999999998        3.5923721366321799        8.0322014999999993        1.2190800000000000E-002   14.325423790126909        14.711820592553980        13.762970124301312        15.547317756938867        15.008541666572778        14.236350500691827        14.090746817165286        14.156596736266110        14.977866583774453        14.242920415287870        14.092000099734367        14.132231087050481        14.232435413043294        14.716851573297784        15.156789615244854        14.629342570488504        14.006620194509910        13.677532213132825        13.813888674738259        13.747510032423687        13.601233212368999        29.660029632868142        18.685661099709730     
   5527.6813544882170       -3.9024690000000000        3.6478097608637690        8.0322393999999999        1.2190299999999999E-002   14.350875960000090        14.743759289217044        13.782344677618719        15.600907354862406        15.046065136760609        14.260913881462086        14.110241401865091        14.173320713690147        15.013624606213847        14.267357974722339        14.111345911550645        14.149107136132004        14.248988889040783        14.769223605234155        15.197172641300471        14.658360799925513        14.029710004266478        13.695667934876761        13.836799931494932        13.770135478584491        13.620099498929152        29.790357149273255        18.779909411914161     
   5476.9149890639446       -3.9185479999999999        3.7108921266195130        8.0322904000000008        1.2189600000000000E-002   14.385574748990825        14.787466021030665        13.809118905801617        15.674136933171374        15.097248989607577        14.294893135439688        14.137258542357690        14.196470504247989        15.062569282026152        14.301198731387563        14.138205138047352        14.172577727116083        14.271630158439292        14.840838673078379        15.252378183082930        14.698199982113058        14.061595521886700        13.720769057608711        13.866275992836721        13.799740042939552        13.645014082693050        29.969999883293461        18.907559243032644     
   5439.0618825665297       -3.9306310000000000        3.7651171543956514        8.0323262000000000        1.2189100000000000E-002   14.412740481097233        14.821862157236788        13.830278994975819        15.731588311756257        15.137491157059602        14.321860239330428        14.158684274216592        14.214754374550091        15.101224419153448        14.328052007161601        14.159530546270547        14.191175512352617        14.289240584346997        14.897029697896889        15.295825649044327        14.729648799708622        14.086839989513715        13.740626427375409        13.887618099219120        13.821783517868150        13.663828394445931        30.112441023823678        19.006818857217041     
   5388.5510298096924       -3.9468890000000001        3.8273245638563420        8.0323753000000000        1.2188400000000000E-002   14.448936102794836        14.867171078869166        13.858768940679578        15.808385557588526        15.190274249102526        14.357685060997234        14.187585398915818        14.239374298792111        15.151468770970343        14.363696648938063        14.188273130525271        14.216189738313954        14.312908659091274        14.972145294500574        15.353197256758627        14.770526300644736        14.120557087044535        13.767406438880446        13.916314149235291        13.851163868341029        13.688835811458187        30.299576529841470        19.139517612824260     
   5351.3456069324711       -3.9589590000000001        3.8807539712142818        8.0324095000000000        1.2187900000000000E-002   14.475550465255164        14.900107275382165        13.879932589640145        15.865044826387876        15.228477132409001        14.383948875492329        14.209093326965789        14.257664063179831        15.187493903098485        14.389807077705374        14.209646254117335        14.234751934732348        14.330458541546786        15.027565958052953        15.395007526246989        14.799834023662203        14.145407925938645        13.787331346804809        13.937602898875486        13.872772116308322        13.707176569861492        30.435263516965644        19.237438088157543     
   5302.6138276909005       -3.9748969999999999        3.9419451335059557        8.0324553999999999        1.2187300000000000E-002   14.510343988776198        14.942679320644148        13.907875894451111        15.939368316293665        15.277640853061465        14.418184071109499        14.237540774690002        14.281813080853800        15.233410191911394        14.423814826131229        14.237894014072223        14.259234742602358        14.353588565821338        15.100267262353865        15.449188382018834        14.837185792253512        14.177971507711165        13.813678794475569        13.965675514181184        13.901027521500756        13.731092151205578        30.610216856886495        19.365911789552271     
   5263.6135954819465       -3.9877560000000001        3.9961713827564171        8.0324902999999992        1.2186799999999999E-002   14.538146825745589        14.976297582314512        13.930432504368799        15.998952331251747        15.316284174371621        14.445458946508761        14.260544269338954        14.301308655940542        15.269131933368552        14.450886002548859        14.260718819758178        14.278978595834079        14.372228014867989        15.158553103119289        15.492085533914842        14.866244280104176        14.204054838750533        13.834980000821407        13.988307614141018        13.923612751175053        13.750155417816305        30.747981559844600        19.468921663981586     
   5217.3383247764068       -4.0031379999999999        4.0557459700255976        8.0325322000000003        1.2186199999999999E-002   14.573368704349143        15.019258407907731        13.959311950774694        16.075058171472264        15.366932907609190        14.480267939128129        14.290011101702955        14.326034845922781        15.316231683739918        14.485498945520089        14.289944851414138        14.304090588448293        14.395630123845255        15.232995103953954        15.547953461953856        14.904027099695572        14.237355461507132        13.862282063322915        14.015538763458451        13.951741270616655        13.774350065824581        30.918405086851681        19.600725731818688     
   5175.0911080674614       -4.0172990000000004        4.1117530722732525        8.0325691999999993        1.2185700000000001E-002   14.606335134159258        15.059366661027807        13.986557445361973        16.146683372612252        15.414713298169117        14.512752922447566        14.317828141446190        14.349211440440156        15.360469401004240        14.517863040589480        14.317533616305040        14.327679319331532        14.417454057998976        15.303039483264625        15.600662605712584        14.939168952008535        14.268563209821670        13.888030770490976        14.040470447050827        13.978018805345725        13.797144466698496        31.071702142292800        19.725006748538092     
   5131.4724311654581       -4.0320419999999997        4.1696128689283913        8.0326065000000000        1.2185200000000000E-002   14.641227283801584        15.102959150937387        14.014496081699669        16.219787169039265        15.466608716725077        14.547719649067034        14.346099298274094        14.373305099181437        15.410310705846989        14.552706705835618        14.345616900959122        14.352099157466032        14.440468684930181        15.374485812318397        15.656463063404882        14.979921510696272        14.301441108352549        13.914342736392161        14.063754425023262        14.004341804204262        13.825768715846092        31.291777330541876        19.854395320786516     
   5088.0573755997211       -4.0468380000000002        4.2274521685532536        8.0326429000000008        1.2184600000000000E-002   14.675887418239764        15.145904135033916        14.042463458692506        16.292693258716326        15.517150423927582        14.582630332711666        14.374425576870244        14.397460432840283        15.458689038885780        14.587467008037372        14.373760521675134        14.376595333758765        14.463515994012450        15.445717854940035        15.711211730668445        15.019897120962302        14.334316144995984        13.940721832411104        14.086571665592267        14.031200524737521        13.856616677174330        31.516245179736480        19.983874600627395     
   5045.0561015533394       -4.0616170000000000        4.2852575135589595        8.0326775999999995        1.2184199999999999E-002   14.710012738376740        15.187710751518850        14.070298877267099        16.365081908206122        15.565757847722374        14.617121428616500        14.402669823329717        14.421498445878512        15.504866530658383        14.621782387391754        14.401823832460970        14.400997647635954        14.486390818526260        15.516424907759856        15.764430970922614        15.058385006467986        14.366915074261943        13.967021996985075        14.108971582484983        14.058503818313902        13.889083351211688        31.738180186166964        20.112703492239795     
   5000.0690281090128       -4.0772130000000004        4.3431148685948813        8.0327134000000004        1.2183700000000000E-002   14.745547282129522        15.230722005728072        14.099614727251243        16.441053900960704        15.615112243515622        14.653164359146661        14.432470246661776        14.446818303642196        15.551372761311708        14.657612957512040        14.431434944795217        14.426727103795731        14.510423650553609        15.590612630471021        15.819084777741367        15.097521715358237        14.401110669136482        13.994772028721197        14.132244446630075        14.087867045473988        13.925142970832706        31.969997594414192        20.248153970959603     
   4959.0444377528593       -4.0915559999999997        4.3989510944065193        8.0327456000000002        1.2183200000000000E-002   14.778991668876143        15.269581378778705        14.129300888423126        16.520011535974234        15.655759658472283        14.689645270695459        14.462935045226240        14.472255523791054        15.588439883185222        14.693521257116613        14.461828715902390        14.452767795404936        14.533915262289652        15.667812227849408        15.868845737670375        15.131085654321835        14.435868911573939        14.023187761269901        14.154183220291499        14.123912740577699        13.980682829390991        32.204155451396765        20.389434264845519     
   4916.7598896120435       -4.1064639999999999        4.4559935432956426        8.0327783000000004        1.2182699999999999E-002   14.812530080231021        15.307142684616867        14.160246499649485        16.602336089773036        15.692299816621880        14.727167785868186        14.494783664188546        14.498514968946271        15.620441479604185        14.730333676701072        14.493587801685738        14.479691395568761        14.558026308843921        15.748324616979833        15.916749898926614        15.161884228667610        14.471860163482440        14.052785348547101        14.176781399706602        14.164219705729263        14.047416444851454        32.440955097633235        20.536950838721790     
   4874.4991612751037       -4.1214930000000001        4.5128975726554037        8.0328105999999995        1.2182300000000000E-002   14.845085760168637        15.342139470369094        14.191507592321493        16.685538226203590        15.723375783348992        14.764567864838817        14.527048651059026        14.524782301363192        15.646122062212278        14.766903037262203        14.525746573508087        14.506664905880733        14.582002598090153        15.829715685775394        15.961176049767147        15.188800934582815        14.507977954824405        14.082659790069371        14.199335755853941        14.207673935136057        14.123686993767361        32.672957538877611        20.686263705105887     
   4833.3027558890171       -4.1362699999999997        4.5694674503907811        8.0328417999999999        1.2181900000000001E-002   14.875913294552365        15.373827093228609        14.222320612988831        16.767552595745443        15.748451195172350        14.800947546603474        14.558937821525518        14.550428878808699        15.665111269136503        14.802356505024303        14.557516119692330        14.533040666486620        14.605277442301613        15.909964673379822        16.001182265044068        15.211341079087713        14.543346330571936        14.112083198591691        14.221310968535466        14.253101872477615        14.207265452131502        32.894657755818216        20.833642858866320     
   4793.2049594208738       -4.1507719999999999        4.6260064142640838        8.0328718000000006        1.2181400000000000E-002   14.905075948869735        15.402386594596519        14.252651529649830        16.848258159431758        15.767930133671042        14.836300744257278        14.590408633774990        14.575448249815244        15.677882740229384        14.836697850657570        14.588855263793809        14.558808437673198        14.627857167113016        15.988951999874855        16.037010681363149        15.229792491081016        14.577941429722115        14.141025658111451        14.242707555453121        14.300244112974463        14.297379707842550        33.106244372673117        20.978841320001202     
   4751.8311481344199       -4.1658619999999997        4.6828159850057869        8.0329017000000000        1.2181000000000001E-002   14.934254342721946        15.429453713980099        14.284257640478625        16.932399162808196        15.782893703588382        14.872679661585714        14.623286463205648        14.601281385700215        15.685115358998925        14.871918658014064        14.621581498371444        14.585453743221553        14.651037478826154        16.071320130136815        16.070722229602257        15.245184655744513        14.613771996627317        14.171162013288559        14.264751581030456        14.351869621656338        14.399380335113708        33.320184798687890        21.130429205136362     
   4710.0010072035529       -4.1812509999999996        4.7393691370996400        8.0329315999999995        1.2180600000000000E-002   14.968131060168304        15.463160036816276        14.318785950532266        17.026581602603759        15.808587340692949        14.912802872285965        14.659242420529619        14.629154725717935        15.702139517767126        14.911041384466444        14.657160931324153        14.614484271290507        14.675910712555186        16.163491884384797        16.113533983009511        15.267679158504770        14.653088095791993        14.203829106263505        14.287372208131856        14.401282076876925        14.487391713379189        33.507021295466828        21.299055701871069     
   4670.2486115633728       -4.1960020000000000        4.7954419942829469        8.0329595000000005        1.2180200000000000E-002   15.000918713161541        15.495986862204967        14.351784327516063        17.116443751339098        15.833351743383330        14.951513685309726        14.693625803757056        14.655747139323493        15.719054586667026        14.948894596971614        14.691174519790829        14.642219661238355        14.699587414223037        16.251451206570735        16.154444553256745        15.290377713627704        14.690861441170091        14.235016300969038        14.308524760685104        14.446814786985753        14.567558383833513        33.682375623524351        21.460185901152727     
   4627.4421699951781       -4.2120270000000000        4.8517200820253858        8.0329887000000006        1.2179799999999999E-002   15.036642564974191        15.531843910859457        14.387398314468236        17.213179850442515        15.859753834842525        14.993671867197978        14.730758267727015        14.684404338064883        15.737459136593944        14.990221950089659        14.727905842717771        14.672140583227680        14.725044854213841        16.346157760878715        16.198234482185509        15.315854730161352        14.731838423122131        14.268649948040608        14.330892565162511        14.494458130255151        14.650965312337931        33.870048560043742        21.633967386916698     
   4590.3521095833348       -4.2260340000000003        4.9065058493564528        8.0330136000000003        1.2179400000000000E-002   15.067960146426394        15.563353777049841        14.418337878890171        17.296986307825570        15.882424467967610        15.030611175136439        14.763036197007022        14.709267013607686        15.753581841576704        15.026519078259135        14.759833730656432        14.698125826132703        14.747084759330541        16.428222029348778        16.235971182989747        15.338812361808614        14.767610263530912        14.297848494486107        14.349943915986508        14.534588324358964        14.720796701111286        34.031704318869103        21.784783303390618     
   4548.1208920227673       -4.2421150000000001        4.9627677399772612        8.0330414999999995        1.2179100000000000E-002   15.103992427308338        15.599692567986125        14.453619520641755        17.392357478403149        15.907969168109119        15.073096657345673        14.799867299167332        14.737574034125657        15.772102638577408        15.068361205387195        14.796263473327329        14.727742191904081        14.772120936078224        16.521627973366357        16.278669615716872        15.365913034009381        14.808603632887660        14.331119412973145        14.371225241971118        14.578939851243987        14.797509111200895        34.214645476854230        21.956737890029380     
   4509.9320653413288       -4.2567899999999996        5.0177497782634193        8.0330663999999992        1.2178700000000001E-002   15.139993217264525        15.641842024928980        14.484219246203264        17.475656058679707        15.951360830381088        15.111839645594944        14.831453627458206        14.762855336858035        15.812325478951170        15.106836809200193        14.827573699861265        14.754021058843716        14.794921378071631        16.603082914795390        16.330373608018135        15.404258653713111        14.845117937416564        14.360032416742271        14.389564714274581        14.604594604728415        14.836481666284232        34.450020394765616        22.107348884784908     
   4469.9122760534592       -4.2723009999999997        5.0736943822594904        8.0330920999999993        1.2178300000000000E-002   15.181833289211562        15.693142094414677        14.518267953917759        17.569601366520345        16.009102654118358        15.155620492821926        14.866659499298956        14.791468727007606        15.867318259028737        15.150293923640239        14.862532343666286        14.783549633862636        14.820680700101052        16.694864891539147        16.394904962069056        15.452739136010516        14.886225061741145        14.392478518965854        14.409580990837457        14.626335086145902        14.863798404498665        34.758010176982253        22.274866997993612     
   4424.9870087769623       -4.2898769999999997        5.1295485599260067        8.0331206000000002        1.2177900000000000E-002   15.230051406989222        15.752587102906862        14.557382310952992        17.677723834679451        16.076700781946304        15.205953890542169        14.907154214500377        14.824409657862073        15.931777486373051        15.200242215599449        14.902753261169440        14.817509638071176        14.850245028285503        16.800474575326252        16.470011437666191        15.509090324475626        14.933505684662389        14.429834399196615        14.432392897654985        14.650041731202403        14.891952558335134        35.116094242199708        22.466830412062659     
   4386.6097542036869       -4.3050319999999997        5.1806259407186932        8.0331448999999999        1.2177600000000000E-002   15.271277309258046        15.803430563704381        14.590836713192260        17.769980657022842        16.134606631649604        15.248966336851399        14.941787749654317        14.852567643262912        15.987004654205101        15.242943279918475        14.937152925132239        14.846555755725767        14.875480780478952        16.890579576966452        16.534245682138433        15.557323453936114        14.973915686290816        14.461786680054132        14.451852282515663        14.670159402124433        14.915649728190381        35.419073000105627        22.630653282099750     
   4347.8244452896761       -4.3204820000000002        5.2338926531844479        8.0331689999999991        1.2177300000000000E-002   15.312981384565502        15.854879773349372        14.624691651593805        17.863125549662428        16.193284711929259        15.292456817031185        14.976834319981373        14.881048519355220        16.042978095789138        15.286135531011260        14.971963155329041        14.875950661898449        14.900973014312354        16.981544791769288        16.599239391841280        15.606165015801841        15.014781088291860        14.494123566897523        14.471499155326581        14.690372254563949        14.939274412250525        35.722551752132318        22.796074851723475     
   4309.8980786742131       -4.3357270000000003        5.2870397196576455        8.0331922000000002        1.2176899999999999E-002   15.353820180594699        15.905272465331979        14.657860010797823        17.954136960278998        16.250834965794709        15.335023860266009        15.011167886006362        14.908941083607363        16.097886070981918        15.328426949643202        15.006065632111227        14.904753006608981        14.925908767978608        17.070419948373768        16.662887618353626        15.654037386300889        15.054786097458514        14.525807533721721        14.490711611173303        14.710041673128348        14.962080178038303        36.016683753568103        22.957713442252658     
   4272.3320584415405       -4.3509589999999996        5.3403472592377303        8.0332147999999997        1.2176599999999999E-002   15.394292101937932        15.955231447081292        14.690739131498692        18.044179149115198        16.307970002315844        15.377189484407630        15.045201108687916        14.936574304623036        16.152406337476052        15.370335159022748        15.039869977195110        14.933302947549709        14.950579788470574        17.158341442486694        16.725986900178537        15.701528806380491        15.094418824013221        14.557216403403483        14.509706500424979        14.729395171651884        14.984345400019990        36.305425895061802        23.117664382769991     
   4235.0349623348347       -4.3662130000000001        5.3939139425363267        8.0332366999999998        1.2176299999999999E-002   15.436096764431650        16.006947210302496        14.724932718733449        18.137611237965672        16.367547984958726        15.420926108654406        15.080569528617453        14.965378336170602        16.209304277021211        15.413781219575206        15.075034046963737        14.963119064903523        14.976342052458225        17.249603234201786        16.791659229051987        15.750965373448498        15.135440898899947        14.589938240578896        14.529337774792019        14.748789664834572        15.005962575371896        36.604623329632723        23.283081169963459     
   4197.9668038395394       -4.3815049999999998        5.4477798542723415        8.0332580999999994        1.2175999999999999E-002   15.480036327109156        16.061435332325452        14.761190581212849        18.236540256009370        16.430850145236995        15.467181467799543        15.118050266032201        14.996016713624842        16.269824476713566        15.459667093765114        15.112333377259576        14.994896268062627        15.003824191068388        17.346284769030021        16.861340122050834        15.803418400692722        15.178685884391884        14.624717139336392        14.550016356386310        14.768417691089800        15.027004210271416        36.922711309355570        23.457526366846622     
   4161.1943486738901       -4.3968080000000000        5.5019586440455006        8.0332790999999997        1.2175699999999999E-002   15.523668255678103        16.115526921018166        14.797196378022381        18.334659677099619        16.493695671471098        15.513115188181331        15.155286375651443        15.026422670164852        16.329922905687891        15.505219361675326        15.149372295066751        15.026431936227020        15.031067003421338        17.442174663920976        16.930481146569207        15.855506023749257        15.221618360290474        14.659258063084625        14.570532758647133        14.787827422569787        15.047771252226354        37.237056976560282        23.630696704109436     
   4124.6965174291190       -4.4121340000000000        5.5564363497135698        8.0332995999999994        1.2175399999999999E-002   15.567016523503003        16.169252065611882        14.832969853896088        18.432026329241399        16.556119443199083        15.558752467412294        15.192297907766662        15.056613340587198        16.389632559384783        15.550463351767899        15.186171136996958        15.057743850755042        15.058086564253980        17.537328461272185        16.999121560570423        15.907256828892496        15.264262149156771        14.693579865671747        14.590898669841696        14.807031402151551        15.068278073734174        37.547869701742115        23.802689231584434     
   4088.4717380823704       -4.4274779999999998        5.6112161962592557        8.0333196000000004        1.2175200000000001E-002   15.610064207139724        16.222594392097399        14.868493902594894        18.528627066460693        16.618105228837528        15.604076392213637        15.229067430256963        15.086571947879245        16.448936800303514        15.595382466758773        15.222712842560897        15.088815284057192        15.084866671454657        17.631732917914761        17.067246124359215        15.958654024554653        15.306600540090814        14.727665331365893        14.611097081014160        14.826014005923474        15.088510117630276        37.855172986801129        23.973491139452456     
   4052.5277742978510       -4.4428380000000001        5.6662979348778402        8.0333392999999997        1.2174900000000001E-002   15.652836814983008        16.275577277287610        14.903795804959664        18.624477156253850        16.679674285731661        15.649111896104710        15.265621579067105        15.116327535681908        16.507857182728191        15.640002061245490        15.259024478893974        15.119675045853615        15.111437753318487        17.725403781504777        17.134875482771641        16.009721079732198        15.348659444562312        14.761542005818715        14.631159276616490        14.844808246485826        15.108501154166415        38.158965101729592        24.143098474352552     
   4016.8813148524800       -4.4582069999999998        5.7216668961942210        8.0333583999999991        1.2174600000000001E-002   15.695295673028683        16.328157453335983        14.938840476924115        18.719515081637653        16.740779167879857        15.693819156632644        15.301924290483671        15.145848185996586        16.566347175348426        15.684282850767781        15.295070490460395        15.150290701544487        15.137770124561458        17.818280529265024        17.201960159021930        16.060415258534547        15.390400758055025        14.795175411589875        14.651058102637995        14.863389008286669        15.128226541622995        38.459115288977507        24.311413043676019     
