  #       Teff 			 log(L/Lsun) 		 tcool(gyr) 			logg(CGS)		  R/R_sun		       G3      			Bp3    			Rp3     		    u      			g      			 r      		 i       		z     				g		       r       			i      			 z       			y  
   79629.868768227316       0.75804800000000006        4.9321382279299546E-004   8.1091745999999993        1.2566300000000001E-002   8.7560577969380748        8.5616789612127580        9.1301249638475053        7.9435007549337993        8.4871735222874438        9.0553464428453641        9.4585454986758339        9.8218873212779716        8.5641896858591142        9.0618039907968733        9.4701088002758329        9.7689451839526580        9.9882708429831251        7.2015007549337984        8.4833533021822891        8.8304413186432260        8.9757669776736950        9.1789660335041621        9.6316126655852639        9.7709383246157326        9.8922269705230246        6.4616180079660399        7.1126401029329660     
   78927.255217945218       0.74065199999999998        5.0775282044736509E-004   8.1111754999999999        1.2537400000000001E-002   8.7694987534336200        8.5752208952150220        9.1431296432611902        7.9572681819528377        8.5008324409964295        9.0685143575208009        9.4715266400861822        9.8346972238265700        8.5778801461714345        9.0750186288239973        9.4830819380861833        9.7818640676079731        10.000986946173359        7.2152681819528404        8.4970980166496410        8.8437884757804071        8.9889113543457917        9.1919236369111736        9.6441575299137519        9.7832804084791327        9.9042960125663093        6.4780700754278442        7.1274921664291178     
   78225.077124017946       0.72313899999999998        5.2258634953346924E-004   8.1131644999999999        1.2508699999999999E-002   8.7829079956562364        8.5887299789275122        9.1561038669469692        7.9710016307739853        8.5144572781987886        9.0816506845058438        9.4844761816430481        9.8474767060841710        8.5915376215027077        9.0882004914895216        9.4960235236430481        9.7947513473554491        10.013671528492656        7.2290016307739844        8.5108097977903068        8.8571028180647158        9.0020229992019249        9.2048484963391299        9.6566720529337804        9.7955922340709858        9.9163349229205924        6.4944855126863938        7.1423085060716378     
   77524.504658313381       0.70553699999999997        5.3786133799832219E-004   8.1151391999999998        1.2480300000000000E-002   8.7962538744035754        8.6021744060506151        9.1690167086856960        7.9846689231659909        8.5280160512976551        9.0947242330669020        9.4973632548643963        9.8601951736831879        8.6051300619189561        9.1013183287797759        9.5089026980643965        9.8075762621302260        10.026294170327724        7.2426689231659935        8.5244564978531230        8.8703528710481088        9.0150707792456046        9.2177098010430996        9.6691260891465127        9.8078439973440084        9.9283143560073341        6.5108276739772712        7.1570551482913913     
   76812.871381491364       0.68752800000000003        5.5387163694399532E-004   8.1171279999999992        1.2451800000000001E-002   8.8097583313132191        8.6157779242365891        9.1820821980805967        7.9984979188836647        8.5417345411599612        9.1079519918658178        9.5104013892802648        9.8730630834950439        8.6188838619602919        9.1145898959273381        9.5219328772802641        9.8205511884184133        10.039063561832862        7.2564979188836638        8.5382655508221426        8.8837588096510380        9.0282711830654847        9.2307205804799324        9.6817252560476419        9.8202376294620883        9.9404312900146827        6.5273728636955148        7.1719794918729463     
   76084.641741103798       0.66896199999999995        5.7076427537231216E-004   8.1191473999999992        1.2422900000000001E-002   8.8235401523558235        8.6296600325049564        9.1954157722772454        8.0126098051058730        8.5557330918540924        9.1214505986522649        9.5237057599745985        9.8861943439995752        8.6329196937567385        9.1281321221755132        9.5352291703745973        9.8337908137487080        10.052092795871038        7.2706098051058721        8.5523580503826278        8.8974386042272879        9.0417405863496203        9.2439957476719510        9.6945813798960199        9.8328833620183484        9.9527938083147927        6.5442633316129193        7.1872111868174589     
   75345.097636621518       0.64995499999999995        5.8839251341476033E-004   8.1211845000000000        1.2393800000000000E-002   8.8375011622439210        8.6437217639104169        9.2089225853957402        8.0269038700495869        8.5699118415769107        9.1351239392985697        9.5371816825895586        9.8994955906867261        8.6471374823830907        9.1418485267287259        9.5486969445895582        9.8472009303532211        10.065289197644208        7.2849038700495861        8.5666334966194277        8.9112947692014011        9.0553830364923904        9.2574407797833764        9.7076031057413736        9.8456913730323627        9.9653141500870106        6.5613781344605790        7.2026413350248113     
   74592.987278379238       0.63047399999999998        6.0705033028034445E-004   8.1232363999999997        1.2364500000000000E-002   8.8516569519038502        8.6579788725351516        9.2226174161117473        8.0413963045107710        8.5842866843664485        9.1489870924152061        9.5508438253987169        9.9129812034952582        8.6615532206794743        9.1557542029743377        9.5623508797987160        9.8607960697265558        10.078666911510071        7.2993963045107737        8.5811080307516381        8.9253426599186643        9.0692135017021780        9.2710702346856895        9.7208042896066100        9.8586751313901235        9.9780052719014751        6.5787382810120665        7.2182880429523397     
   73824.582571492108       0.61041599999999996        6.2688486907148901E-004   8.1253062000000007        1.2335100000000000E-002   8.8660352259407844        8.6724595573899350        9.2365256353773830        8.0561165227247855        8.5988863384390868        9.1630662837693819        9.5647173329408304        9.9266754597488287        8.6761958656756377        9.1698755230756817        9.5762161081408337        9.8746010159979818        10.092249615569429        7.3141165227247882        8.5958109578184860        8.9396093817613824        9.0832579813328316        9.2849090305042807        9.7342077423774285        9.8718563419488774        9.9908873997774705        6.5963874490594172        7.2341864385738468     
   73015.825566233645       0.58913000000000004        6.4833721005743425E-004   8.1274572999999997        1.2304600000000001E-002   8.8811006396019412        8.6876315716822727        9.2510972787047248        8.0715396802493533        8.6141821621626011        9.1778167990284327        9.5792510342983004        9.9410216847745954        8.6915382357690216        9.1846689720653867        9.5907412050983023        9.8890624460549272        10.106477022924798        7.3295396802493524        8.6112169948124002        8.9545559777521415        9.0979705546220107        9.2994047898918790        9.7482476734010870        9.8856622502709595        10.004378409697454        6.6148923993346198        7.2508484565369553     
   72208.612493820561       0.56770900000000002        6.7052602908961490E-004   8.1295663999999999        1.2274700000000000E-002   8.8960525933007464        8.7026888043899095        9.2655572196584952        8.0868467617803095        8.6293615466790730        9.1924543038982751        9.5936716844464218        9.9552563346066396        8.7067653474911477        9.1993479074368185        9.6051534188464220        9.9034108112958013        10.120591660643948        7.3448467617803121        8.6265079550417649        8.9693879193380557        9.1125687686862040        9.3137861492343479        9.7621763108041666        9.8993571601523147        10.017758870749843        6.6332745754423375        7.2673909153781242     
   71348.853687701339       0.54470399999999997        6.9492115804979453E-004   8.1317626999999995        1.2243700000000000E-002   8.9118403148353451        8.7185875339393242        9.2808216241752177        8.1030108807057601        8.6453888546433042        9.2079069071104236        9.6088927156167365        9.9702803818815262        8.7228448140017854        9.2148431131831749        9.6203656648167346        9.9185546517855059        10.135486358691818        7.3610108807057628        8.6426558270330140        8.9850462916456344        9.1279779985519447        9.3289638070582548        9.7768740249566086        9.9138057318629187        10.031872324138000        6.6527132395652444        7.2848697046469582     
   70505.500519559413       0.52196200000000004        7.1946548899069285E-004   8.1338474000000005        1.2214400000000000E-002   8.9271432824593617        8.7339984671275488        9.2956116272509561        8.1186817724918185        8.6609244309957312        9.2228808722671829        9.6236386912230500        9.9848340566068217        8.7384327566236344        9.2298573861873265        9.6351033016230545        9.9332246308750101        10.149911670630878        7.3766817724918177        8.6583114273716788        9.0002208964834125        9.1429079362392827        9.3436657551951505        9.7911070360146475        9.9277940757705139        10.045531665578338        6.6715958260376347        7.3018292564326188     
   69601.403953492030       0.49732199999999999        7.4709892538237454E-004   8.1360673000000006        1.2183200000000000E-002   8.9440910492870938        8.7511437840561808        9.3119310840003724        8.1360862860701335        8.6782235032654835        9.2394577148189736        9.6399310840003718        10.000918208835932        8.7556880532561845        9.2464178552143235        9.6513686495508590        9.9493557743864169        10.165921737941558        7.3941261456747842        8.6757589532747854        9.0169714704731430        9.1594178552143273        9.3598513647910710        9.8068906975276047        9.9433552475183031        10.060805161365105        6.6923042954329102        7.3205774764903797     
   68737.858857040192       0.47353400000000001        7.7444119583464045E-004   8.1381683999999996        1.2153799999999999E-002   8.9609063058074945        8.7682493561592985        9.3280508283877488        8.1534173041021880        8.6955017843878899        9.2558976640449337        9.6560508283877482        10.016833992150236        8.7728020297593012        9.2627714499306357        9.6674416958823706        9.9652248596448594        10.181847288453778        7.4115435182164831        8.6932015390164814        9.0335276634646071        9.1757714499306360        9.3757984001591588        9.8225739933108933        9.9588742386822986        10.076131321451872        6.7126241037025487        7.3391487097112496     
   67824.406165763256       0.44808900000000002        8.0472675391843036E-004   8.1403762999999998        1.2122900000000001E-002   8.9786649772280356        8.7863168057034073        9.3450751243023262        8.1717234630536808        8.7137519244702553        9.2732608462360204        9.6730751243023256        10.033640855210376        8.7908783109034090        9.2800432868525959        9.6844182204440017        9.9819839513520527        10.198667617277152        7.4299410224371023        8.7116255380371044        9.0510122990777653        9.1930432868525962        9.3926400055354762        9.8391379495268829        9.9752643359600377        10.092322085801648        6.7340920206735078        7.3587684447467119     
   66918.777732517745       0.42255399999999999        8.3604503465232940E-004   8.1425563000000007        1.2092500000000001E-002   8.9962361387674807        8.8041957541060949        9.3619196385851193        8.1898392199863412        8.7318119985595910        9.2904414518921126        9.6899196385851152        10.050268145473252        8.8087659793060968        9.2971333296653622        9.7012169902167411        9.9985654971048756        10.215311421363245        7.4481473422130886        8.7298580178130916        9.0683117720872328        9.2101333296653625        9.4093033941316211        9.8555275050830016        9.9914814858295014        10.108346319297629        6.7553425971225298        7.3781881798191886     
   66012.776564009007       0.39671099999999998        8.6869052075900296E-004   8.1447187000000003        1.2062500000000000E-002   9.0137478134535698        8.8220170412012742        9.3787056218780869        8.2078977090320713        8.7498144858884714        9.3075638868524813        9.7067056218780827        10.066835116473978        8.8265959160012706        9.3141651645088821        9.7179588350513910        10.015088329647288        10.231898014764194        7.4662964313756710        8.7480330557756680        9.0855516464227684        9.2271651645088788        9.4259081771908875        9.8718595973333940        10.007641027446198        10.124317443822520        6.7765374918580399        7.3975528825593635     
   65040.669043960581       0.36863000000000001        9.0560529977511801E-004   8.1470292000000004        1.2030400000000000E-002   9.0325284016806791        8.8411316339526920        9.3967091376054448        8.2272669660395046        8.7691235001439019        9.3259285195878583        9.7247091376054442        10.084601838429034        8.8457197507526892        9.3324325864922564        9.7359167542950438        10.032809455118635        10.249689238503834        7.4857628991351071        8.7675272495351066        9.1040406023938658        9.2454325864922566        9.4437172714142363        9.8893776728170231        10.024973923425815        10.141453307599001        6.7992721571856407        7.4183254623631605     
   64146.800558114854       0.34247300000000003        9.4105415746588504E-004   8.1491444000000008        1.2001200000000000E-002   9.0497468834039534        8.8586588768040553        9.4132145030737941        8.2450285262366219        8.7868295166924337        9.3427660500505478        9.7412145030737936        10.100887829617880        8.8632554544040563        9.3491807301063599        9.7523817942971416        10.049055120841230        10.266000887208767        7.5036138461808104        8.7854035789808105        9.1209909235713891        9.2621807301063566        9.4600438631854171        9.9054380825761985        10.040864020287822        10.157166884413675        6.8201284138832197        7.4373790390227956     
   63214.833733173931       0.31485800000000003        9.7989148431497602E-004   8.1513372999999998        1.1970900000000000E-002   9.0676799383341837        8.8769155293113791        9.4304054249911893        8.2635296823914288        8.8052725625647454        9.3603034438979194        9.7584054249911887        10.117848350640674        8.8815208785113811        9.3666249272712356        9.7695322986616553        10.065975224311142        10.282991313008292        7.5222081990181096        8.8040242466181091        9.1386443884541357        9.2796249272712359        9.4770483917378243        9.9221664615282421        10.057414777474879        10.173538278659596        6.8418563675253203        7.4572289562621314     
   62285.649854519543       0.28695900000000002        1.0205001629547609E-003   8.1535107000000000        1.1941000000000000E-002   9.0855102130432090        8.8950701266032031        9.4474971632286273        8.2819282604468452        8.8236129966323009        9.3777407748868189        9.7754971632286232        10.134708684683178        8.8996841694032032        9.3839693398722712        9.7865853795304272        10.082796900984983        10.299884637901334        7.5406996954613934        8.8225418238613944        9.1561959079995621        9.2969693398722715        9.4939542931995309        9.9387984184576883        10.073869591228592        10.189818976319453        6.8634723147560255        7.4769739591668714     
   61323.932932476106       0.25769100000000000        1.0647941786942853E-003   8.1557493000000001        1.1910199999999999E-002   9.1039450096706691        8.9138423519399321        9.4651690546589027        8.3009531832601890        8.8425775653534391        9.3957704898859138        9.7931690546589056        10.152139319096390        8.9184653491399342        9.4019028831791633        9.8042189673011588        10.100189231738648        10.317352745487655        7.5598207899669401        8.8416897815669433        9.1743421895504103        9.3149028831791600        9.5114338412454007        9.9559959197673980        10.090883703553894        10.206657823573908        6.8858274291965227        7.4973941993037290     
   60408.770969907331       0.22945499999999999        1.1092427070191774E-003   8.1578637999999994        1.1881299999999999E-002   9.1214197959831740        8.9316398974367477        9.4819191538006340        8.3189914453457749        8.8605581432427645        9.4128612798126721        9.8099191538006369        10.168658175250075        8.9362713526367461        9.4189021569096614        9.8209342188421704        10.116673240291606        10.333910338636153        7.5779505682487827        8.8598449338487857        9.1915424272741451        9.3319021569096616        9.5280009079946186        9.9722958803271258        10.107009089721105        10.222620982742702        6.9070349261511002        7.5167618987324492     
   59461.655988134124       0.19983400000000001        1.1575262787247879E-003   8.1600336000000002        1.1851600000000000E-002   9.1407666031305581        8.9513805526334700        9.5004676774168573        8.3397804641627005        8.8803805526334685        9.4317626118216040        9.8284676774168602        10.187069065518692        8.9558440957268921        9.4377238655234379        9.8395753462192275        10.135069065518692        10.352457003121064        7.5986727953603257        8.8801710934429607        9.2103746742192314        9.3507238655234346        9.5464289311186903        9.9907372719210628        10.125407582527103        10.240937943921065        6.9305894447875112        7.5387863425769375     
   58533.703050662181       0.17041200000000001        1.2074382538326631E-003   8.1621307000000005        1.1823100000000000E-002   9.1605944420027559        8.9716355119717139        9.5194738330426407        8.3616647927027170        8.9006355119717160        9.4511147834223781        9.8474738330426437        10.206019281853417        8.9758005899812030        9.4570117094331518        9.8587670924325099        10.154019281853417        10.371609586843286        7.6203715333128503        8.9011600267311852        9.2295244784325075        9.3700117094331521        9.5653707590534172        10.009906632443284        10.144642266654701        10.260149246443286        6.9547959621595741        7.5617758262419219     
   57589.459165510503       0.14008399999999999        1.2608941196167508E-003   8.1642080000000004        1.1794799999999999E-002   9.1806678370352266        8.9921406654644400        9.5387069002961518        8.3838380868471667        8.9211406654644385        9.4707006206299518        9.8667069002961547        10.225198288200737        8.9959987252260625        9.4765351765345329        9.8781890084630497        10.173198288200734        10.390994060367635        7.6423559786802677        8.9224122661320315        9.2489048484630523        9.3895351765345332        9.5845414562007356        10.029307724367637        10.164115776343696        10.279591884367637        6.9793269450407749        7.5850739038485528     
   56665.274900041972       0.10995300000000000        1.3162756156780801E-003   8.1662344000000004        1.1767300000000000E-002   9.2002987147109216        9.0121911353499726        9.5575121458100334        8.4055304305526910        8.9411911353499711        9.4898512230500138        9.8855121458100292        10.243953615210966        9.0157456511090572        9.4956277548509469        9.8971790908300257        10.191953615210966        10.409950435430961        7.6638634855326977        8.9431939778299387        9.2678544028300216        9.4086277548509507        9.6032886776109656        10.048280310630958        10.183165256852813        10.298604998630960        7.0033209567907235        7.6078671630726404     
   55762.726462300117        8.0084000000000002E-002   1.3734365922729239E-003   8.1682129999999997        1.1740600000000000E-002   9.2194601248010066        9.0317594253287510        9.5758643543759661        8.4267108350661637        8.9607594253287495        9.5085407077910489        9.9038643543759690        10.262259963263304        9.0350146110263303        9.5142634646783861        9.9157118090835077        10.210259963263304        10.428453121970847        7.6848633803586210        8.9634763921589098        9.2863475490835086        9.4272634646783864        9.6215871112633060        10.066798825970846        10.201764646453061        10.317163085970847        7.0267433697819683        7.6301227113114010     
   54860.403812026714        4.9761000000000000E-002   1.4341466293455482E-003   8.1701926999999994        1.1713800000000000E-002   9.2417023021180853        9.0543876863573942        9.5974342979539671        8.4510722283060211        8.9833876863573927        9.5303551536804889        9.9253784594787788        10.283814846155678        9.0571910703642793        9.5359979112770645        9.9373594528770610        10.231767920316372        10.450251232832581        7.7091280667812114        8.9869593700256942        9.3076104740600982        9.4490638437180863        9.6430402236770618        10.088603861796699        10.223693100036005        10.339083742203549        7.0522670719745939        7.6549613936463210     
   53968.705357173130        1.9332999999999999E-002   1.4979659108304872E-003   8.1721537000000009        1.1687400000000001E-002   9.2802012436692145        9.0931723059486238        9.6360199288469381        8.4921922192107679        9.0221723059486223        9.5686835995406518        9.9636074109898054        10.322539191397780        9.0947149124532700        9.5740881484389639        9.9754653780389653        10.270190899518372        10.489470971805755        7.7506047370678957        9.0273536025011047        9.3434693899230616        9.4875784732692168        9.6811539928389649        10.127783975428031        10.263198111707439        10.378795181231400        7.0887212812596019        7.6933183325137726     
   53093.456526771712       -1.0999000000000000E-002   1.5643068766161151E-003   8.1740815999999992        1.1661500000000000E-002   9.3181106341369642        9.1313648053422369        9.6740117331209774        8.5326933490578369        9.0603648053422390        9.6064256518423150        10.001249115731685        10.360669901231610        9.1316617159371170        9.6115909476210533        10.012983600421052        10.308023077226331        10.528090686731531        7.7914559664471312        9.0671341857366521        9.3787765421586897        9.5255032869369600        9.7186799268210535        10.166367546147516        10.302103349352791        10.417911239390044        7.1246153723532579        7.7310937417689338     
   52235.769884348920       -4.1186000000000000E-002   1.6336138296868512E-003   8.1759752999999993        1.1636100000000000E-002   9.3553816205680675        9.1689158131702975        9.7113609224121049        8.5725224200530477        9.0979158131702960        9.6435326757449396        10.038255230365841        10.398157873791199        9.1679841361173544        9.6484582789867446        10.049866081386746        10.345215878788974        10.566060517216556        7.8316281120993096        9.1062492810694948        9.4134869711741196        9.5627894229680699        9.7555699825867457        10.204304622572522        10.340358321174747        10.456380724488909        7.1599034486226074        7.7682386216800019     
   51396.080421186525       -7.1201000000000000E-002   1.7057415372890431E-003   8.1778382000000001        1.1611200000000000E-002   9.3919909993036779        9.2058018092761156        9.7480444627627687        8.6116539016580145        9.1348018092761141        9.6799815681879178        10.074602894931244        10.434979900019441        9.2036596947272837        9.6846674576745695        10.086090163274571        10.381746384447007        10.603356905107644        7.8710954694895410        9.1446741388564714        9.4475793128878376        9.5994137049036805        9.7918015160745693        10.241571558448550        10.377939132420986        10.494179249075243        7.1945635738917968        7.8047294835854988     
   50572.916526409703      -0.10107400000000000        1.7808398230494049E-003   8.1796656999999993        1.1586800000000000E-002   9.4279881237423240        9.2420725308780334        9.7841118755960466        8.6501405145764529        9.1710725308780354        9.7158213698476033        10.110341042206613        10.471185517237039        9.2387364992814653        9.7202674005656178        10.121704726165618        10.417663784501329        10.640029992267472        7.9099113479658882        9.1824607330640404        9.4810991964417326        9.6354254493423213        9.8274233889656202        10.278218217213745        10.414895938349456        10.531356795377718        7.2286424601668813        7.8406152712348742     
   49763.280244346912      -0.13080800000000001        1.8593539797851690E-003   8.1813631000000004        1.1564200000000000E-002   9.4679971783282646        9.2829428906907552        9.8226975235965597        8.6955351747223233        9.2118741991248037        9.7550124714613062        10.148663177813585        10.509357746055620        9.2782457500283151        9.7592396751101731        10.159924727245425        10.455666639438594        10.678383721955569        7.9554061410370913        9.2250009174087921        9.5187627944102218        9.6745745443930957        9.8654264580579323        10.316078290197602        10.453040441916890        10.569801386323626        7.2744758886680998        7.8870601959019524     
   48971.454141441900      -0.16041400000000000        1.9409916893891363E-003   8.1831052999999994        1.1540999999999999E-002   9.5186390164148200        9.3358271025505459        9.8684187167599973        8.7583793784735136        9.2645257710337532        9.8032858000391450        10.194268051001600        10.553367643952718        9.3293670380617186        9.8073476696674362        10.205480586388283        10.499785888511113        10.721907201105818        8.0178172943716959        9.2799255852510321        9.5673432701143355        9.7223054713789310        9.9102395051430392        10.358006794056937        10.495197231441963        10.612435886025334        7.3491237770578763        7.9595158317534853     
   48194.446845918297      -0.18989400000000001        2.0261988709769979E-003   8.1848022000000000        1.1518499999999999E-002   9.5682507296802548        9.3876456569182700        9.9131953393183636        8.8199819089168017        9.3161117846061217        9.8505732790180076        10.238928403162291        10.596456336047538        9.3794558135792911        9.8544729595871914        10.250095019887546        10.542984063403615        10.764512043348503        8.0789927514990936        9.3337399255122975        9.6149388346862281        9.7690563942442310        9.9541228500082077        10.399039976233752        10.536452096539314        10.654152885225177        7.4223801034388401        8.0305906427305516     
   47430.969300971345      -0.21927099999999999        2.1151266459885961E-003   8.1864381000000002        1.1496800000000000E-002   9.6168898123233326        9.4384592500866873        9.9570771749832829        8.8804184351447013        9.3666929057628963        9.8969284726262465        10.282694002821387        10.638671294417257        9.4285701253488234        9.9006689140864417        10.293817616443476        10.585308714179153        10.806245228991767        8.1390076507031921        9.3865083304980850        9.6616034747119315        9.8148802684228436        9.9971249721223607        10.439222520587638        10.576849970305350        10.694998246518697        7.4943351912173206        8.1003730803915701     
   46685.068459761693      -0.24839400000000000        2.2076308898324442E-003   8.1880261999999995        1.1475800000000000E-002   9.6643422815687128        9.4880419180191371        9.9998760874814803        8.9394118101170346        9.4160446476499029        9.9421495917479970        10.325377452296864        10.679833970678635        9.4764927542306108        9.9457345006399525        10.336460996373434        10.626580501063250        10.846931393216733        8.1975872023163223        9.4379950166860009        9.7071328685018496        9.8595784535626674        10.039062520756628        10.478387911598501        10.616223668229980        10.734803218216369        7.5646453961198237        8.1685336063029954     
   45955.235922187167      -0.27731499999999998        2.3043066644705731E-003   8.1895740000000004        1.1455300000000000E-002   9.7107361124109310        9.5365255272503724        10.041711091706926        8.9971123517897098        9.4642986758819099        9.9863601161774902        10.367097666022698        10.720060654445504        9.5233521582791809        9.9897928673619276        10.378143842891365        10.666915784129738        10.886686312577250        8.2548810204743539        9.4883361344311190        9.7516506172301796        9.9032736551779088        10.080052901944885        10.516649301000061        10.654686964946958        10.773682931972083        7.6334792569629855        8.2352384461215173     
   45240.875417924020      -0.30604700000000001        2.4053063447589127E-003   8.1910904000000002        1.1435400000000000E-002   9.7560890253456556        9.5839291779907327        10.082596572321524        9.0535463481393812        9.5114741011586723        10.029576013199428        10.407869033905492        10.759364904126077        9.5691660191101668        10.032859826683012        10.418880385805107        10.706328080942111        10.925523548761568        8.3109151598905235        9.5375526596888669        9.7951724588475209        9.9459816481345378        10.120109909323414        10.554019418982154        10.692252976798954        10.811651294132936        7.7008684010055823        8.3005191795154865     
   44541.824252177641      -0.33458800000000000        2.5110786554447487E-003   8.1925773999999993        1.1415800000000000E-002   9.7945709353685011        9.6242322240774349        10.117117834044418        9.1021225873025813        9.5515578742995508        10.065987765439193        10.442347524444418        10.792452220662934        9.6083293889517343        10.069196408125034        10.453276937009012        10.739635490962062        10.957831822330139        8.3591479596892952        9.5792445353951976        9.8323678224073952        9.9820131378259056        10.153980983846161        10.584619517671644        10.722035142690157        10.840863728407797        7.7714458009729768        8.3607639195828654     
   43857.411935720418      -0.36294700000000002        2.6217772103526611E-003   8.1940384000000002        1.1396600000000000E-002   9.8292087029955724        9.6605543743948168        10.148089880293433        9.1462424490167109        9.5876712438920109        10.098608245247707        10.473313726693434        10.822079703409852        9.6437525022277342        10.101780938802733        10.484136361925554        10.769536738635566        10.986531232964833        8.4029581073460271        9.6167325736205740        9.8660056196606050        10.014323903577022        10.184399656242014        10.611509351152733        10.747603788669146        10.865379107811275        7.8428881589420811        8.4178403480371848     
   43187.692450443836      -0.39110699999999998        2.7377042178881083E-003   8.1954680999999994        1.1377900000000000E-002   9.8630858071730305        9.6960781529512143        10.178378409264676        9.1893857000110746        9.6229938209228028        10.130509819783610        10.503596536864679        10.851050984624814        9.6783996409732485        10.133648884524360        10.514313138214012        10.798775907644634        11.014592816914684        8.4457998417320059        9.6534003084219169        9.8989057689444042        10.045923961504540        10.214146690825034        10.637801754426588        10.772601819386724        10.889344934966685        7.9127611612104989        8.4736542759290696     
   42532.410813145900      -0.41907400000000000        2.8593108420546967E-003   8.1968733000000000        1.1359500000000000E-002   9.8962519550221835        9.7308540313669916        10.208031849309531        9.2316065756969259        9.6575757753368983        10.161741556557981        10.533244356109531        10.879414053632185        9.7123206929500405        10.164849187461616        10.543855714168522        10.827401089306928        11.042064304666955        8.4877271709258224        9.6892984469106054        9.9311174678642224        10.076862151786877        10.243270284760047        10.663543696884769        10.797075874007422        10.912807593604821        7.9811299954817976        8.5282655256542235     
   41890.543976523484      -0.44686900000000002        2.9867529416491151E-003   8.1982500999999992        1.1341499999999999E-002   9.9287344039328147        9.7649118304197700        10.237072072636654        9.2729469692923203        9.6914464759538461        10.192327767492998        10.562279072236656        10.907188891420319        9.7455440195303709        10.195406035862383        10.572785912262574        10.855432673829707        11.068964384218063        8.5287814552523145        9.7244583884007980        9.9626664334693302        10.107162253452994        10.271791507417873        10.688751067326407        10.821039887710072        10.935779490103126        8.0480773595444539        8.5817355126820623     
   41261.688871890787      -0.47449100000000000        3.1207802150765929E-003   8.1995991999999998        1.1323900000000000E-002   9.9605513950607261        9.7982708664653941        10.265515246066144        9.3134313745550266        9.7246249484453600        10.222285589573602        10.590716849266141        10.934390958107130        9.7780882405172562        10.225336461676399        10.601119918137726        10.882886282558374        11.095308053624979        8.5689869222065767        9.7588999675015806        9.9935702347841691        10.136841137225154        10.299726200363651        10.713437713594693        10.844507012835678        10.958273239727909        8.1136441652169680        8.6340967754238811     
   40645.081619697790      -0.50196799999999997        3.2615507820727314E-003   8.2009179000000003        1.1306699999999999E-002   9.9917375092896652        9.8309676554339358        10.293391948867578        9.3531054654380927        9.7571473308947798        10.251647424580304        10.618588277267582        10.961049439338522        9.8099887409144824        10.254672754148759        10.628888292423069        10.909791406690642        11.121123552437647        8.6083888276544211        9.7926608392553884        10.023862281525696        10.165930786796638        10.327104342563340        10.737629765817315        10.867501942688255        10.980312415311323        8.1779066458242493        8.6854096722694489     
   40040.639029927050      -0.52928200000000003        3.4098173913980644E-003   8.2022034000000001        1.1290000000000000E-002   10.022277311425889        9.8629870374280948        10.320686394661529        9.3919555714171352        9.7889982730860119        10.280397674589700        10.645877581061526        10.987148491595413        9.8412300985159398        10.283399228515670        10.656075341341545        10.936132235983443        11.146395018711345        8.6469733809550675        9.8257258086261601        10.053526946393752        10.194415484127639        10.353910092285467        10.761311047715122        10.890008399049009        11.001880681170928        8.2408546269281580        8.7356624246306609     
   39447.001808128545      -0.55646600000000002        3.5660379212015415E-003   8.2034414000000009        1.1273900000000000E-002   10.051747583682438        9.8939438447621200        10.346615828931210        9.4295196153159360        9.8199438447621183        10.308088589106823        10.671802063331210        11.011830807704236        9.8715255873270138        10.311088589106824        10.682213303183914        10.961107306800173        11.170464043912361        8.6842431162199993        9.8575871076499268        10.082052827151401        10.221760596367659        10.379525564235273        10.783618814936752        10.910863850657073        11.021571619873328        8.3013184739799790        8.7833086912115093     
   38865.566292939155      -0.58346900000000002        3.7306719551518769E-003   8.2046469000000002        1.1258300000000001E-002   10.080549799863855        9.9242044717315050        10.371924610021489        9.4662419054798956        9.8502044717315069        10.335146498742672        10.697106022421488        11.035915667236649        9.9011485502537280        10.338146498742672        10.707751751504302        10.985482884090180        11.193962645929586        8.7206746886263655        9.8887247098921005        10.109926661532546        10.248476381718424        10.404538805567958        10.805377932408403        10.931179023340752        11.040728743526634        8.3604036258310881        8.8298174629585571     
   38296.757077447357      -0.61026199999999997        3.9047758284768861E-003   8.2058312000000004        1.1242900000000000E-002   10.108756925067389        9.9538383571737725        10.396714142732076        9.5021944641138489        9.8798383571737745        10.361647196299735        10.721890817932074        11.059510546894977        9.9301613290592243        10.364647196299735        10.732768654201358        11.009362168356251        11.216983979172419        8.7563428426525718        9.9192165463576032        10.137228275491566        10.274645114446461        10.429039196470796        10.826697575204761        10.951086117498384        11.059502956453279        8.4182227591388283        8.8753359519119499     
   37739.748354576579      -0.63688199999999995        4.0889629915411658E-003   8.2069986000000004        1.1227800000000000E-002   10.136654548700395        9.9831555545841653        10.421287426798067        9.5379569454994559        9.9091331722139557        10.387873793764125        10.746459432398066        11.082938929107218        9.9587651771160317        10.390766050311623        10.757459432398068        11.032938929107221        11.239698174868874        8.7916966938540320        9.9494816699048023        10.164178810149970        10.300486301259124        10.453199180752645        10.847660053250312        10.970795538759464        11.078233155691333        8.4751277354609691        8.9206737036645762     
   37194.609201700812      -0.66330800000000001        4.2844453383015660E-003   8.2081461999999998        1.1213000000000001E-002   10.164269008085615        10.012182487212151        10.445671495826605        9.5735797637225275        9.9381150698813627        10.413852835690715        10.770838911026608        11.106228129430011        9.9869744010147024        10.416517557622356        10.781838911026608        11.056228129430007        11.262120041101770        8.8267743729242305        9.9795584362779621        10.190793061150590        10.326014864353994        10.477033520228307        10.868268592769301        10.990322980772699        11.096947479375256        8.5311421557827494        8.9659044440235540     
   36660.974083441884      -0.68954199999999999        4.4919923649242716E-003   8.2092753999999992        1.1198400000000001E-002   10.191331219790017        10.040624948771095        10.469569025280352        9.6084765255594764        9.9665158861814138        10.439314142040340        10.794731923680351        11.129053871847235        10.014616409896258        10.441753691671744        10.805731923680350        11.079053871847234        11.284099168782715        8.8611374996429166        10.009031039614529        10.216871293136267        10.351030342903153        10.500392897763794        10.888467804854125        11.009463956221010        11.115292518946175        8.5859906492308600        9.0102040496889249     
   36138.489819299946      -0.71558999999999995        4.7129740756103045E-003   8.2103880000000000        1.1184100000000001E-002   10.217837377841835        10.068480181576138        10.492974241040191        9.6426488840270963        9.9943327052935835        10.464252847299736        10.818132689040191        11.151409668678792        10.041687916305090        10.466469568491942        10.829132689040190        11.101409668678787        11.305628375125185        8.8947873738463947        10.037897277654984        10.242409310045549        10.375527841684146        10.523271178859492        10.908249594057846        11.028209677696449        11.133258964425398        8.6396886338432211        9.0535805484719027     
   35627.143250309768      -0.74144399999999999        4.9484681092391725E-003   8.2114884000000004        1.1169900000000000E-002   10.244240971600064        10.096330823229131        10.516311923901924        9.6768949234402655        10.022019067074289        10.488964691596152        10.841465970301925        11.173533828427697        10.068800256724600        10.491276447750991        10.852465970301921        11.123906685177388        11.327160971678008        8.9288662048202632        10.066768443928513        10.267803350900685        10.399903591001305        10.546121832172236        10.928167729208933        11.047142641529554        11.151429310005021        8.6935371135433428        9.0972340249495431     
   35126.752440896205      -0.76710100000000003        5.2000062574594497E-003   8.2125720999999992        1.1155999999999999E-002   10.270235574175164        10.123789949207840        10.539295512020541        9.7106865673859062        10.049268981472920        10.513244575362936        10.864445223620542        11.195262104722779        10.095545445513821        10.515765543097853        10.875445223620542        11.146135352281888        11.348388857163677        8.9626211997412710        10.095237021126046        10.292788502256954        10.423892295538749        10.568637343706072        10.947853458441731        11.065872907768160        11.169413324829506        8.7466887757006724        9.1403735361185952     
   34637.058252215422      -0.79255200000000003        5.4692780935241105E-003   8.2136350000000000        1.1142400000000000E-002   10.295678568551013        10.150668267041050        10.561791838064307        9.7437578323949925        10.075940462920473        10.537007399187084        10.886937298064305        11.216529943694846        10.121722981172690        10.539735203307659        10.897937298064308        11.167892885442628        11.369167001947060        8.9956587056416755        10.123103230536623        10.317243605055447        10.447372261559876        10.590673483069837        10.967124509950390        11.084206833208137        11.187016960586460        8.7987020431913283        9.1825886682356401     
   34157.729895772514      -0.81780299999999995        5.7579829568184665E-003   8.2146772000000006        1.1129000000000000E-002   10.320604575934071        10.177001237969877        10.583833537708708        9.7761486196264702        10.102068959994641        10.560286778846150        10.908974828908706        11.237369153648137        10.147367981090413        10.563219056821390        10.919974828908709        11.189211423752363        11.389526883543910        9.0280184713495988        10.150403195778333        10.341202618125616        10.470376786717162        10.612262707081355        10.986011216154354        11.102174241822775        11.204269545466433        8.8496298591929818        9.2239257483084334     
   33688.680414433031      -0.84284199999999998        6.0682808388178274E-003   8.2156979999999997        1.1115900000000000E-002   10.345486848643585        10.203149297376353        10.605737687337399        9.8086663373431371        10.128262241631440        10.583534438094102        10.930874895337400        11.258117954142332        10.173066772277025        10.586513080325254        10.941719235544618        11.210117954142333        11.409650974763981        9.0602178097575710        10.177631822571424        10.365138625472451        10.493378778301317        10.633700783751834        11.004695658238433        11.120091470860078        11.221642943274514        8.9006159102795799        9.2655053687993920     
   33229.973887102933      -0.86765899999999996        6.4023460831029982E-003   8.2166969999999999        1.1103200000000001E-002   10.370044635031300        10.228887776672819        10.627305889297473        9.8408526426126546        10.154170213010717        10.606482755636163        10.952439101297470        11.278565324374503        10.198482110538544        10.609431467276886        10.963054088241021        11.230565324374504        11.429410285205156        9.0919494044997560        10.204495129595790        10.388771006805507        10.516097742579715        10.654802287184575        11.023048918507191        11.137760667337846        11.238857429224948        8.9510229031499176        9.3067043045326994     
   32781.286995550458      -0.89224700000000001        6.7626697528776845E-003   8.2176705999999999        1.1090700000000000E-002   10.394084524899984        10.254080790331521        10.648421525571063        9.8723508905142268        10.179532545792920        10.628948346984409        10.973550843171061        11.298582861180350        10.223364349868056        10.631869546463999        10.983941486668840        11.250582861180348        11.448754791673675        9.1230028599097750        10.230790137122234        10.411905734091086        10.538338990482185        10.675461447766615        11.041019852139915        11.155062465033240        11.255714434428789        9.0003385029512195        9.3470147599418141     
   32342.381827509133      -0.91661000000000004        7.1523647376282046E-003   8.2186163000000008        1.1078700000000000E-002   10.417558995060482        10.278681550074591        10.669035546539291        9.9031177836723394        10.204302270395075        10.650882866256765        10.994161081339289        11.318121080290943        10.247666142639705        10.653778821873882        11.004332272253045        11.270121080290945        11.467634653032206        9.1533346306998489        10.256470481522936        10.434494828315497        10.560054057170522        10.695628997966804        11.058557754131858        11.171945792073121        11.272162639100628        9.0485292302343687        9.3863983572016743     
   31913.761858708698      -0.94070900000000002        7.5742683997771674E-003   8.2195392999999992        1.1066899999999999E-002   10.440650875335754        10.302952708830274        10.689258282372675        9.9333763705826090        10.228746888552619        10.672470884641237        11.014374871424371        11.337286372619443        10.271579666018338        10.675311176518891        11.024380125172675        11.289329491690088        11.486189626981551        9.1832114087119638        10.281845894854149        10.456684219330830        10.581384646499947        10.715410476083081        11.075733339112988        11.188525258171696        11.288274058159763        9.0960519990840947        9.4251926252980294     
   31495.100608065426      -0.96455299999999999        8.0326044590339624E-003   8.2204458000000002        1.1055300000000001E-002   10.463800210989126        10.327567358860895        10.709309586740053        9.9637094656376686        10.253553531161645        10.694151279917355        11.034397959744835        11.356283771860218        10.295573576172993        10.696810457216605        11.044427803540051        11.308536221556180        11.504719184877844        9.2133387991417006        10.307727406636699        10.478804239904507        10.602646380525419        10.735011277152898        11.092641058100542        11.205017941908606        11.304142376020705        9.1442273773853255        9.4643421966635106     
   31086.011261339230      -0.98816099999999996        8.5319398290338317E-003   8.2213399000000003        1.1044000000000000E-002   10.486416940149205        10.351615900734519        10.728896085443843        9.9933411995583299        10.277791224286553        10.715332619963895        11.053958335826550        11.374840394397197        10.319015636826528        10.717813375211861        11.064010725843847        11.327297388766524        11.522821625623937        9.2427695647890005        10.333013945750501        10.500413639119852        10.623418631225231        10.754158987487887        11.109155810303889        11.221127181165230        11.319641557657238        9.1912905009860104        9.5025873530875060     
   30686.757403947850       -1.0114980000000000        9.0771934571812381E-003   8.2222199000000007        1.1032800000000001E-002   10.508527038956395        10.375123388042578        10.748045888328576        10.022293295953137        10.301484804519319        10.736041810270212        11.073084044707290        11.392985022638445        10.341931283348501        10.738347032593474        11.083157008728573        11.345641643936471        11.540525851999824        9.2715255542551134        10.357729754630736        10.521539137287551        10.643728567674160        10.772881922511239        11.125307689258186        11.236883326262131        11.334802341968050        9.2372520343279234        9.5399443544915172     
   30296.398179795324       -1.0346029999999999        9.6741023566829093E-003   8.2230866000000002        1.1021800000000000E-002   10.530157592662395        10.398120199033112        10.766779285079775        10.050609229109245        10.324664993308762        10.756302639891679        11.091795239245318        11.410735587729260        10.364349489102803        10.758434884816033        11.101886938679772        11.363587388639363        11.557848587040144        9.2996497745991427        10.381908043693727        10.542205594746338        10.663599038071474        10.791199291025112        11.141109925028235        11.252298669608034        11.349635613277723        9.2821957053368536        9.5764765667679974     
   29915.275034158247       -1.0574500000000000        1.0328630046015860E-002   8.2239404000000000        1.1011000000000000E-002   10.551344722984904        10.420674791253393        10.785159770229132        10.078306239404217        10.347370907648273        10.776110061521539        11.110083876858173        11.428114072131610        10.386381589487552        10.778110061521538        11.120179283663294        11.381114072131606        11.574669083623842        9.3271261076332515        10.405616250950917        10.562555050029307        10.683025336555698        10.809103390292332        11.156595040497280        11.267321352165595        11.364208282170715        9.3265726829697364        9.6124438769844183     
   29542.823510824466       -1.0800540000000001        1.1047590239603550E-002   8.2247796999999991        1.1000299999999999E-002   10.572260510230267        10.443043095674129        10.803417679093199        10.105536916546251        10.369786572586969        10.795532685473566        11.128006623116862        11.445247912025673        10.408384156784956        10.797532685473564        11.138061383804024        11.398247912025672        11.590766861183825        9.3540249793699193        10.429111981541661        10.583013736315413        10.702075508984391        10.826650327827688        11.171907268892634        11.281892034714284        11.378745033001445        9.3716370299138365        9.6486100334864648     
   29178.636922356400       -1.1024280000000000        1.1838670462383676E-002   8.2256072000000007        1.0989799999999999E-002   10.592717180134915        10.464922491064371        10.821277782010291        10.132168208454861        10.391709918845496        10.814529299024347        11.145536560313769        11.462008835177361        10.429905985586728        10.816529299024346        11.155553990132649        11.415008835177364        11.606509886306672        9.3803294155583394        10.452093866697300        10.603028247895029        10.720707935946702        10.843812768436127        11.186884589970266        11.296144292614979        11.392966580033857        9.4157086372006304        9.6839784935183069     
   28822.921571112674       -1.1245490000000000        1.2709692470210541E-002   8.2264201000000003        1.0979600000000001E-002   10.612561396926603        10.486158689075571        10.838427728295505        10.157899653721961        10.413307504766765        10.833107779273361        11.162522047895505        11.478085132208845        10.450970049875570        10.835107779273363        11.172522047895503        11.431085132208841        11.622051728275681        9.4058829517553821        10.474584043991120        10.622461936131137        10.738930700844472        10.860422587100038        11.201360116526713        11.309911640068938        11.406723000868935        9.4594894006155510        9.7185813105064529     
   28475.148655077501       -1.1464380000000001        1.3669557255661971E-002   8.2272204000000002        1.0969500000000000E-002   10.631862118296901        10.506822581661805        10.854936662737522        10.182810979045236        10.434642223936862        10.851330859047348        11.179027781137520        11.493544345502755        10.471640344861804        10.853330859047347        11.189027781137522        11.446544345502758        11.637448698273182        9.4307631554304479        10.496648631841495        10.641380561737193        10.756806007702423        10.876546224577815        11.215397116508278        11.323256295418432        11.420074058618432        9.5030527756119056        9.7525004087984328     
   28134.940432528674       -1.1681020000000000        1.4726893231694873E-002   8.2280067999999993        1.0959500000000000E-002   10.650762215475863        10.527058379233429        10.871105657336090        10.207195235980036        10.455536451056053        10.869178907861132        11.195193630136091        11.508686424233678        10.491882433633426        10.871178907861131        11.205193630136092        11.461686424233674        11.652534220809043        9.4551191342677168        10.518254699103315        10.659909026996074        10.774313848293657        10.892340441656303        11.229150084251474        11.336331992316529        11.433156046716531        9.5456920185742202        9.7856986558219727     
   27802.381604700615       -1.1895330000000000        1.5891007205387952E-002   8.2287797999999999        1.0949800000000001E-002   10.668949373786484        10.546389241379869        10.886425450628790        10.230377292950626        10.475332217375167        10.886158900205286        11.210691175816601        11.523183201430703        10.511219479779870        10.887978055817475        11.220510331428789        11.476199975438190        11.666815821435405        9.4782756381431366        10.538925072561069        10.677734981383699        10.790961281809986        10.907312713033489        11.242488691437318        11.349025347854207        11.445838812246718        9.5884384173945865        9.8182387487796579     
   27476.663811787796       -1.2107660000000000        1.7170676797084582E-002   8.2295406999999994        1.0940200000000001E-002   10.686595588135500        10.565044750668438        10.901131074041590        10.252666468643678        10.494322575256650        10.902502243382653        11.225693419061500        11.537205247696864        10.529881076268442        10.904021735562740        11.235212911241593        11.490248076065168        11.680518237108654        9.5005418030753788        10.558892583821287        10.695029423578987        10.806978907194438        10.921689575053378        11.255510573563928        11.361424892355803        11.458218389587500        9.6310485099546312        9.8501952408168378     
   27157.700841935795       -1.2317959999999999        1.8574636553940253E-002   8.2302865999999995        1.0930799999999999E-002   10.703868523333474        10.583304131928555        10.915524391710894        10.274478360029933        10.512909870286618        10.918499326701218        11.240379126148069        11.550931082273875        10.548146424728555        10.919723445864042        11.249603245310896        11.503997500594769        11.693931075915811        9.5223330881090416        10.578436767760811        10.711959805854518        10.822657027543153        10.935760946152831        11.268258912878791        11.373561879283555        11.470337753762665        9.6727752996208576        9.8814816614882997     
   26845.283827824682       -1.2526320000000000        2.0110973902733122E-002   8.2310221000000006        1.0921500000000001E-002   10.720308522298247        10.600720248719124        10.929298527720846        10.295190094393053        10.530790201511298        10.933689657609545        11.254298527720845        11.563910290804319        10.565556680766949        10.934765569209546        11.263374439320845        11.517129173824319        11.706746722852142        9.5428952997730541        10.596956662435648        10.727934923106073        10.837546686189544        10.949065006976493        11.280282574335615        11.385270829583440        11.481888378611266        9.7142694465044457        9.9113849617383103     
   26538.843902399887       -1.2732960000000000        2.1786820980059133E-002   8.2317441999999996        1.0912500000000000E-002   10.735911808640269        10.617289603920964        10.942441629459472        10.314811118390908        10.547959171422219        10.948067184249870        11.267441629459471        11.576131184366671        10.582109882427021        10.949140207449874        11.276514652659474        11.529631688570324        11.718951462872726        9.5622375909872570        10.614454002613764        10.742950148339018        10.851639703246216        10.961592340464273        11.291567994579923        11.396534319485975        11.492854093788376        9.7555478955568429        9.9399262275152598     
   26241.279076521940       -1.2935880000000000        2.3591278682833946E-002   8.2324477999999992        1.0903599999999999E-002   10.751086908725821        10.633399400467400        10.955227767737998        10.333882384187753        10.564652947028783        10.962052025031909        11.280227767737998        11.588021813767561        10.598205713981827        10.963122233831911        11.289297976537995        11.541797474605467        11.730828127281988        9.5810365145498437        10.631464936837837        10.757552526964439        10.865346572994003        10.973780534691038        11.302551964511558        11.407498695625982        11.503529348302507        9.7956596596412595        9.9676577246541882     
   25954.221099898397       -1.3133779999999999        2.5508966332443719E-002   8.2331293999999993        1.0895100000000000E-002   10.765424612048053        10.648626341878307        10.967346207307346        10.351921801719323        10.580362590818405        10.975284186077703        11.292303517677292        11.599319042637093        10.613423894678307        10.976348579207654        11.301367910807246        11.553322131907146        11.742073905807041        9.5988116296892674        10.647564320648664        10.771375743877906        10.878302800307553        10.985367910807243        11.312982348006843        11.417911776336789        11.513752018766843        9.8342507080569934        9.9939250522722016     
   25675.919180757493       -1.3327690000000001        2.7544721773571382E-002   8.2337924000000005        1.0886800000000000E-002   10.777913508332814        10.661929570901398        10.978121494039071        10.367731114052864        10.593712269879683        10.986920255585941        11.302818423508972        11.609517152511442        10.626735079701396        10.987964075696800        11.311862243619826        11.563538162800585        11.752019590781343        9.6143632131227701        10.661728332448268        10.783568417224428        10.889639994877554        10.995862243619827        11.322371429142860        11.427285588453712        11.523394167783811        9.8712381292261551        10.017067775598891     
   25404.988344656264       -1.3518440000000000        2.9703435583052114E-002   8.2344389000000007        1.0878700000000000E-002   10.790065443744881        10.674875686967434        10.988608034725862        10.383114041352487        10.606700781654395        10.998243372635370        11.313050059213994        11.619443219671693        10.639688953767434        10.999268580891892        11.322075267470519        11.573480255815172        11.761698510959830        9.6294938214406240        10.675511024876949        10.795433395946057        10.900673569236547        11.006075267470516        11.331508487649140        11.436409207105664        11.532780449417524        9.9072397362151339        10.039582791908822     
   25140.389388535237       -1.3706630000000000        3.1989239704638406E-002   8.2350721000000000        1.0870700000000001E-002   10.801941476096847        10.687528690806253        10.998860289778086        10.398144094559413        10.619392501856229        11.009311315537463        11.323052007891604        11.629149451430166        10.652349556006254        11.010319698412477        11.332060390766618        11.583200780155153        11.771162034743689        9.6442761010729328        10.688979716565633        10.807030536760394        10.911460087801011        11.016060390766619        11.340442813520760        11.445331773195772        11.541960920282250        9.9424080751057460        10.061571479282435     
   24881.353414937559       -1.3892819999999999        3.4405649022290104E-002   8.2356975000000006        1.0862900000000000E-002   10.812794110579622        10.699038191520883        11.008139441069249        10.411628584344649        10.631042418105940        11.019380960824437        11.332196651069252        11.637908935670259        10.663866561520882        11.020499607409500        11.341315297654313        11.591966145670254        11.779794515670256        9.6576217965735207        10.701167852462136        10.817625041765693        10.921380960824434        11.025078004484188        11.348780940127993        11.453554661314064        11.550332609085194        9.9749651552392020        10.081254945944353     
   24627.311294740353       -1.4077420000000000        3.6955705650052718E-002   8.2363312000000004        1.0855000000000000E-002   10.822600498641593        10.709366252881610        11.016419041610037        10.423483643601665        10.641629591186872        11.028427757325817        11.340473716810036        11.645694041029019        10.674202227281613        11.029800446031077        11.349846405515295        11.599748716229017        11.787584690629016        9.6694632667721638        10.712022656721627        10.827193511565833        10.930427757325818        11.033101028104776        11.356543936970022        11.461082274694258        11.557883950723754        10.004771090835318        10.098480587300608     
   24378.108183687502       -1.4260699999999999        3.9641958797213474E-002   8.2369886999999995        1.0846800000000000E-002   10.832301950409091        10.719578100525675        11.024622644711217        10.435187228875426        10.652095901941985        11.037384229760155        11.348674689911215        11.653411227562552        10.684421964925674        11.039006121576465        11.358296581727531        11.607463272762550        11.795307137162551        9.6811548623914678        10.722750160242258        10.836660379876738        10.939384229760153        11.041052798094904        11.364242404194632        11.468548788462281        11.565372974146237        10.034074140772924        10.115448146869861     
   24132.927044869251       -1.4443029999999999        4.2466270685316207E-002   8.2376628000000007        1.0838400000000000E-002   10.841905782342083        10.729682717262195        11.032752693411298        10.446753754022525        10.662451092617326        11.046255214676693        11.356802042211301        11.661061336510885        10.694534670862192        11.048122287631822        11.366669115166433        11.615110685310887        11.802962638910886        9.6927109650126742        10.733360954582304        10.846032149596804        10.948255214676694        11.048934969256168        11.371877060891189        11.475954079345909        11.572799473155756        10.062945683570307        10.132189350709814     
   23890.816907779903       -1.4624779999999999        4.5430123035084646E-002   8.2383206999999992        1.0830200000000000E-002   10.850801855297213        10.739066938681653        11.040510821763842        10.457557846106617        10.672077586645518        11.054635753548279        11.364552438235485        11.668339172779401        10.703926787081652        11.056531671184416        11.374448355871621        11.622489972343264        11.810245738379400        9.7035060281782641        10.743238587666095        10.854895736204366        10.956531671184418        11.056448355871620        11.379043120887179        11.482897422051675        11.579861352815538        10.089635301759518        10.147657746131070     
   23651.680299789139       -1.4805889999999999        4.8534245535923219E-002   8.2389550000000007        1.0822300000000000E-002   10.858868300671766        10.747609120072187        11.047836744042421        10.467478889509096        10.680853691008043        11.062445023442844        11.371865535278069        11.675184284642000        10.712476580072185        11.064112092506988        11.381532604342212        11.629561395577856        11.817095924642004        9.7134193207447410        10.752261579472609        10.863170454078912        10.964112092506987        11.063532604342210        11.385659244941788        11.489297522770290        11.586497913706147        10.113801408229449        10.161652001941391     
   23414.991259399507       -1.4986809999999999        5.1779269626049312E-002   8.2395750000000003        1.0814499999999999E-002   10.866846546890045        10.756058264371244        11.055084430939278        10.477294521950366        10.689535478247361        11.070171048420480        11.379101736074794        11.681956113458074        10.720933164371250        11.071610434544361        11.388541122198678        11.636558427334194        11.823872713458076        9.7232284270858820        10.761186581852446        10.871358371037196        10.971610434544363        11.070541122198680        11.392204304717477        11.495626385705844        11.593061899581958        10.137703081155106        10.175496960269541     
   23180.777584221945       -1.5167520000000001        5.5165006167128584E-002   8.2401824000000001        1.0807000000000001E-002   10.874695593944951        10.764373309176507        11.062212854713701        10.486963339679219        10.698081819600327        11.077772758745260        11.386219953921747        11.688613680282147        10.729255497976508        11.078985707521438        11.395432902697925        11.643440001905967        11.830535139482146        9.7328918980872619        10.769972483608059        10.879418302784858        10.978985707521440        11.077432902697923        11.398637376266370        11.501843225834508        11.599512465858327        10.161297911721649        10.189150815131358     
   22949.065209574423       -1.5348029999999999        5.8691463514204539E-002   8.2407815000000006        1.0799500000000000E-002   10.882956770337913        10.773095513918761        11.069618043934280        10.497024224322391        10.707037704878651        11.085695222136096        11.393568987313316        11.695554926522892        10.737984891918764        11.086781152757059        11.402653039764818        11.650505869901927        11.837430243732470        9.7429523544918553        10.779160509499611        10.887797091716948        10.986730217966631        11.084603983143857        11.405307439111503        11.508342434942040        11.606198695280966        10.185750251877337        10.203546321235720     
   22719.355123395319       -1.5528670000000000        6.2358485673218465E-002   8.2413709999999991        1.0792200000000000E-002   10.892821787143706        10.783417592896914        11.078122775361198        10.508668860679418        10.717604376512078        11.094885991252450        11.401851817223154        11.703605688346549        10.748314044896915        11.096191465390493        11.411147604622638        11.658334730208505        11.845256011469946        9.7546095154179788        10.789944366650122        10.897447281005658        10.995910820513888        11.092876646484594        11.412916021331899        11.515940850593338        11.613822160070459        10.213866829886470        10.220878160901730     
   22491.788966206408       -1.5709400000000000        6.6166646809176541E-002   8.2419530000000005        1.0784999999999999E-002   10.902598631675353        10.793647241742939        11.086549894066099        10.520210987352190        10.728075247073487        11.103993792870728        11.410058041329062        11.711582018295271        10.758550677742939        11.105517833607763        11.419565723769345        11.666090165558234        11.853009431261476        9.7661629696489456        10.800631475810526        10.907010214938314        11.005009622573969        11.101073871032309        11.420453202524438        11.523469032227684        11.621372996821197        10.241735691411282        10.238059787713251     
   22266.092042409171       -1.5890310000000001        7.0115248319649312E-002   8.2425268999999997        1.0777800000000001E-002   10.912317300541336        10.803815008856517        11.094927836936254        10.531682750861602        10.738481177884342        11.113047837738794        11.418215867248893        11.719511851691305        10.768725331656515        11.114789699826154        11.427935791066023        11.673799882003944        11.860718158933711        9.7776449043318330        10.811252932371701        10.916515653653978        11.014055791868561        11.109223821378666        11.427946404446356        11.530954358576121        11.628878665516584        10.269408402446288        10.255130005250212     
   22042.203114006355       -1.6071519999999999        7.4203731348362278E-002   8.2430918999999996        1.0770800000000001E-002   10.921939505239326        10.813882731411315        11.103218023976712        10.543046331073931        10.748784097323981        11.122009683608020        11.426286693317390        11.727356528831397        10.778799834211316        11.123968646667340        11.436219190150037        11.681425198172075        11.868343467145404        9.7890175325006048        10.821770692783304        10.925925277380006        11.023010849781347        11.117287859490720        11.435356871686079        11.538358037859407        11.636300440712755        10.296851241852092        10.272052348890409     
   21820.213719567568       -1.6252940000000000        7.8431675383764804E-002   8.2436483000000003        1.0763900000000000E-002   10.935345973481176        10.828085957608835        11.114757871551355        10.559255786825020        10.763214930289266        11.134755801039876        11.437958496837716        11.738273894104125        10.793189523489268        11.136576014759445        11.447762439345425        11.692474519390487        11.879218512710054        9.8050505937445891        10.836599909650133        10.939474946161607        11.035225577786719        11.128608059864991        11.446193105910055        11.548662882656899        11.646432282776466        10.334220650202070        10.295756067550236     
   21600.062112644311       -1.6434580000000001        8.2798797867615917E-002   8.2441970999999992        1.0757100000000000E-002   10.949543776475931        10.843157456427090        11.126976830287997        10.576486442904116        10.778510971114446        11.148297539613868        11.450390696577088        11.749832723024198        10.808487759514446        11.149897601726511        11.459986113486263        11.704246589313289        11.890777016625933        9.8220632934167575        10.852334058489159        10.953897291163290        11.048116292348332        11.140609387198911        11.457753805025934        11.559572557760397        11.657126196673044        10.373657351142644        10.320884214057589     
   21381.294726018306       -1.6616810000000000        8.7304954794176409E-002   8.2447365000000001        1.0750500000000000E-002   10.963632047582603        10.858114896457696        11.139097780337607        10.593591706755834        10.793691493731675        11.161733823760660        11.462724513390750        11.761296798736499        10.823670439731675        11.163115118486679        11.472110806558447        11.715923531789645        11.902241664515660        9.8389519474818528        10.867949958279638        10.968208644856585        11.060903760380395        11.152513155284463        11.469220610515663        11.570390547135393        11.667729733861414        10.412837379440440        10.345842073514984     
   21164.499368603858       -1.6799160000000000        9.1949945222373347E-002   8.2452684999999999        1.0743900000000001E-002   10.977616291014421        10.872961406855055        11.151131524016805        10.610568677799119        10.808759055486455        11.175071937120233        11.474970137963254        11.772678686807566        10.838740129486453        11.176236436488836        11.484147336701756        11.727517300754013        11.913625022122616        9.8557142511677220        10.883448982749243        10.982413939645816        11.073597060595944        11.164330762070360        11.480606096122617        11.581131219598326        11.678257866966934        10.451698371405580        10.370605489104630     
   20949.226870702154       -1.6981990000000000        9.6733700371677681E-002   8.2457908999999994        1.0737399999999999E-002   10.992376835000545        10.888630700647035        11.163903631344283        10.628356450303301        10.824697719268919        11.189090151390772        11.487903631344281        11.784800966319672        10.854581046283748        11.190091006227487        11.496919612907568        11.739800966319670        11.925649765697791        9.8733396139032976        10.899766183634931        10.997444708459142        11.087072196224760        11.176835757885687        11.492582156168496        11.592564201002482        11.689328290522006        10.492045215267865        10.396641505051001     
   20735.618787115065       -1.7165189999999999       0.10165669113587496        8.2463055000000001        1.0731100000000000E-002   11.009812464627689        10.907134370692113        11.179202115524401        10.648966389795394        10.843629670092316        11.205464909588827        11.503202115524402        11.799449398860180        10.873093943717674        11.206468816614390        11.512212986498838        11.754449398860181        11.939880209459975        9.8939516117953978        10.918912736330764        11.015311671053457        11.103226177350376        11.191702909098634        11.506601050247092        11.606362318008646        11.702279144182668        10.537681228728498        10.427083591588104     
   20523.621654673174       -1.7348760000000001       0.10671934404352515        8.2468122000000008        1.0724800000000000E-002   11.027132602432999        10.925514494159632        11.194400395775286        10.669437968817341        10.862435674054730        11.221731282701921        11.518400395775288        11.814003439943747        10.891482314955191        11.222737357097479        11.527407072579727        11.769003439943749        11.954018504048651        9.9144252176173424        10.937930877995612        11.033059856723654        11.119274332361037        11.206473141484633        11.520529374503326        11.620072424162444        11.715147482776693        10.582989041616138        10.457313119102380     
   20345.670182386522       -1.7504260000000000       0.11109519844978410        8.2472346000000005        1.0719599999999999E-002   11.041658202398420        10.940929851486491        11.207144265356998        10.686609712527915        10.878209149987004        11.235371668045065        11.531144265356996        11.826207222769444        10.906903904621199        11.236378905979773        11.540148089022289        11.781207222769446        11.965872616268928        9.9315986509279135        10.953881779339330        11.047944738833650        11.132732223492741        11.218857728921773        11.532207224851316        11.631567780298994        11.725935575763248        10.621007615123400        10.482675699338134     
   20225.953292693823       -1.7609640000000000       0.11410508841152114        8.2475179000000001        1.0716099999999999E-002   11.051433102491419        10.951303336027951        11.215720177263687        10.698165187255686        10.888823887597233        11.244550697200218        11.539720177263685        11.834420137296441        10.917281235873279        11.245558382245548        11.548722420618358        11.789420137296442        11.973849943727156        9.9431552588556862        10.964615547749869        11.057961339106033        11.141788822247580        11.227191940649075        11.540065968619853        11.639304093667217        11.733195735083321        10.646587411055837        10.499741550591768     
   20126.302690697699       -1.7697760000000000       0.11664893043013330        8.2477526999999995        1.0713200000000001E-002   11.059568392427371        10.959936878973883        11.222857251574199        10.707782857827054        10.897658441352634        11.252189781320711        11.546857251574201        11.841255273406441        10.925917765213734        11.253197635160566        11.555858386934348        11.796255273406443        11.980488765027689        9.9527738686270499        10.973548981701791        11.066297808645976        11.149326208571557        11.234127835355595        11.546606078518389        11.645742505769233        11.739237591971877        10.667878458855272        10.513945966454960     
   20026.774143852857       -1.7786230000000001       0.11923222741045350        8.2479876999999995        1.0710300000000001E-002   11.067695774994966        10.968561904275699        11.229987448523051        10.717390968747608        10.906484423898434        11.259821381003789        11.553987448523053        11.848084084865050        10.934545590365261        11.260829214693352        11.562987664033493        11.803084084865048        11.987121319242316        9.9623829195476077        10.982473532644143        11.074626128307258        11.156856419858080        11.241057095210760        11.553140044186172        11.652175083040461        11.745273914905432        10.689145489606386        10.528135210530380     
   19929.619171950333       -1.7873000000000001       0.12179342898432458        8.2482158999999999        1.0707500000000000E-002   11.076493474797054        10.977495483860018        11.237670314060459        10.727425690596618        10.915755597972218        11.267925300835621        11.561670314060457        11.855403063548259        10.943760725309254        11.268930428172656        11.570390799811225        11.810405072611225        11.994111285561992        9.9721370308844151        10.991767861709253        11.083199687747822        11.164932437235620        11.248684586860456        11.560381654348259        11.658827753186827        11.751539093474626        10.711053003674774        10.543062075392232     
   19830.515319042857       -1.7961910000000001       0.12445133563869717        8.2484471999999993        1.0704600000000000E-002   11.085815159486053        10.986819370299052        11.245799976914562        10.737927720870537        10.925478675422880        11.276457281651396        11.569799976914563        11.863134460590736        10.953480675809878        11.277459282038393        11.578126249003738        11.818138671403737        12.001452521092911        9.9822435709467072        11.001486887009879        11.092129009175224        11.173463492851397        11.256812399314565        11.568115826990738        11.665770371556079        11.758086221632254        10.733856864509221        10.558718079867308     
   19727.179668349054       -1.8055079999999999       0.12726699798613306        8.2486873999999997        1.0701700000000000E-002   11.095502602249116        10.996689936038852        11.254244509469306        10.748935503492056        10.935583382775722        11.285410841659040        11.578244988732784        11.871255010269309        10.963674184838847        11.286502122985642        11.586341041195912        11.826259781405831        12.009254051742353        9.9929307323555356        11.011679914502327        11.101588633175719        11.182416092059039        11.265255010269311        11.576147977742703        11.673157999279226        11.765152748879228        10.757783479606854        10.575010357074778     
   19623.162487700418       -1.8149350000000000       0.13015262129090627        8.2489282999999993        1.0698700000000000E-002   11.105240696987604        11.007257508977812        11.262731507240009        10.760323650676206        10.945739473436802        11.294731172030215        11.586733682148200        11.879740080840008        10.974244648577809        11.296238522079413        11.595243144089210        11.834742192731817        12.017735731023627        10.004321538784396        11.022251110286000        11.111743760236806        11.191735458830216        11.273740080840010        11.584219870390811        11.681226269082622        11.773221982282621        10.782501011958743        10.591396878974777     
   19517.581431076065       -1.8245480000000001       0.13312657633788569        8.2491716999999998        1.0695700000000001E-002   11.115116719990235        11.017976301544818        11.271337636763151        10.771875408496209        10.956039767865933        11.304183965517732        11.595340716959962        11.888344263163150        10.984966361944815        11.306113639793425        11.604270624238845        11.843344496166340        12.026338102769531        10.015875175493024        11.032972755341627        11.122043081065934        11.201187278717734        11.282344263163148        11.592404649287454        11.689408195490644        11.781404882290646        10.807581680715282        10.608021327201373     
   19411.182823601532       -1.8342890000000001       0.13618167366792586        8.2494171000000005        1.0692699999999999E-002   11.125402675387992        11.028757944093588        11.280698304432288        10.783851729410369        10.967108549599182        11.314045075082397        11.604700636032288        11.897347698926698        10.995751777638102        11.316045075082396        11.613700636032288        11.852347698926696        12.034988595365618        10.027850901065857        11.044110881199181        11.132754784149071        11.210692137976803        11.291702967632293        11.601695144487774        11.697987767021100        11.789275726354429        10.833545285894967        10.625817668144169     
   19303.008414849945       -1.8442440000000000       0.13933838970391169        8.2496639999999992        1.0689600000000000E-002   11.135939075335560        11.039727041676162        11.290366115627602        10.796107068697964        10.978512320016765        11.324149764994960        11.614367459627601        11.906580837286999        11.006724068702926        11.326149764994963        11.623367459627602        11.861580837287001        12.043791241973164        10.040106009671202        11.055513664016765        11.143724638649402        11.220363142654360        11.301368803627600        11.611363712600838        11.706790182946399        11.797213965291963        10.860092485937773        10.644133506439605     
   19193.182816043740       -1.8544069999999999       0.14260301397885058        8.2499134000000005        1.0686599999999999E-002   11.147027475104895        11.051254743840719        11.300346440423308        10.808713438112370        10.990254051040719        11.334572669959133        11.624346708097420        11.916119785761595        11.018254051040717        11.336572669959136        11.633573976833244        11.871119785761596        12.053119439361595        10.052713091712370        11.067254476166614        11.155254051040718        11.230572937633244        11.311346975771531        11.620891210151658        11.715664634215834        11.805664634215834        10.887208960646380        10.662666624803986     
   19081.829015749034       -1.8647680000000000       0.14597638479514011        8.2501660999999995        1.0683500000000000E-002   11.158681776011136        11.063354242479349        11.310662842331336        10.821692301953355        11.002355571279352        11.345337519468337        11.634663289262541        11.925989493994329        11.030355788748139        11.347337519468340        11.644334861868337        11.880989493994331        12.062990158394332        10.065692301953355        11.079354459948142        11.167355788748139        11.241337519468338        11.321662177931337        11.630318585788533        11.724645901851531        11.814646119320322        10.914897515874486        10.681438304465615     
   18968.325779164676       -1.8753860000000000       0.14947332670383445        8.2504208000000006        1.0680300000000000E-002   11.170551488534953        11.075677972162103        11.321296411568271        10.835039547612125        11.014808035445443        11.356554428422564        11.645297881512077        11.936167818228734        11.042808035445441        11.358554428422563        11.655168244741125        11.891168031484929        12.073043017801586        10.078913063984976        11.091804669045443        11.179681551818296        11.252427944795420        11.332294515112077        11.640172654572543        11.734045957689203        11.823919687318247        10.943490557272876        10.700816670378904     
   18852.936293807266       -1.8862460000000001       0.15309926935453444        8.2506792000000004        1.0677200000000000E-002   11.182539797234039        11.088126453888105        11.332360570784498        10.848861333562414        11.027720142312873        11.368542034492624        11.656361689413789        11.946768000989017        11.055720142312875        11.370542034492622        11.665771197330432        11.901769599159724        12.083184061134954        10.092274676908350        11.104714708712873        11.192133485658811        11.263955377838560        11.343356255813791        11.650774553218309        11.744186298393540        11.833601239910184        10.973475822258688        10.721102334709208     
   18735.401307237891       -1.8973679999999999       0.15686054981691591        8.2509394000000000        1.0673999999999999E-002   11.194869455998163        11.100924093169212        11.343690514085019        10.862999549111308        11.040931608369210        11.380752885880256        11.667748689431875        11.957624604113967        11.068931608369212        11.382752885880258        11.676690514085017        11.912628361713971        12.093631899889779        10.106003306711308        11.117924312593402        11.204935146545019        11.275756424056063        11.354624823538160        11.661632119313971        11.754515549196064        11.843522625547678        11.004135359844859        10.741882766452843     
   18615.855533821054       -1.9087510000000001       0.16077009341143980        8.2512035000000008        1.0670700000000000E-002   11.208193978390753        11.114725742255469        11.355579430796606        10.877745943984898        11.054735370255468        11.393123405747161        11.680113425575481        11.969033224931888        11.082735370255470        11.395123405747164        11.688579430796608        11.924038038931890        12.105040269846050        10.120750757984901        11.131728325341307        11.218737601169629        11.288125636661320        11.366035808017728        11.673042852931889        11.764972280288298        11.853976742116615        11.036103490028829        10.763801656869795     
   18493.580412054886       -1.9204669999999999       0.16485484316124371        8.2514713999999998        1.0667400000000000E-002   11.221832733571105        11.128852677455392        11.367749964048265        10.892839443691457        11.068864448655390        11.405812940819324        11.692744229580775        11.980712514496489        11.096889975874664        11.407812940819323        11.700750115180774        11.935718400096487        12.116692872877216        10.135845178158952        11.145884090274663        11.232838921436120        11.300787413600048        11.377744078448266        11.684698607344707        11.775678814592926        11.864653136241145        11.068836325242323        10.786230353435659     
   18367.963173996799       -1.9325810000000001       0.16913515955708044        8.2517431000000006        1.0664099999999999E-002   11.236275785683770        11.143800643042045        11.380688053825995        10.908783923704330        11.083814587842046        11.419754610779759        11.705684763880253        11.993145961721982        11.112339052691798        11.421754610779757        11.713691736280257        11.948152934121982        12.128628469272229        10.151787213650071        11.161332080291796        11.247290122992293        11.314230145930008        11.390681081425992        11.696631759217968        11.787110584313954        11.875582437009943        11.103373788244280        10.809709423210261     
   18239.838976280949       -1.9450149999999999       0.17360494318150621        8.2520191999999994        1.0660700000000000E-002   11.251012771082618        11.159093402723922        11.393931154618642        10.925134567008552        11.099149872144569        11.433980203787744        11.718931154618641        12.005834041103117        11.128101807798146        11.435980203787743        11.726979547239292        11.960882433723764        12.140890182249539        10.168094251187899        11.177093730998148        11.262117961398147        11.327987952313517        11.403923077818643        11.708849866428888        11.798816970859786        11.886736010944258        11.138646543498318        10.833703912611043     
   18108.021438722168       -1.9578979999999999       0.17830287074738846        8.2523008000000004        1.0657200000000000E-002   11.266160981498853        11.175286356732315        11.408019926380248        10.942898067467649        11.115867450749043        11.448602270453740        11.733019926380251        12.018870918118406        11.144300786560695        11.450602270453743        11.741591817196976        11.974442808935137        12.154446785506757        10.185335379850915        11.193291583360697        11.278319192960694        11.342606247025358        11.418010723180249        11.721884097890026        11.811320160216532        11.898189558354694        11.175403426120035        10.858854093527587     
   17973.928096831030       -1.9710939999999999       0.18319643905424068        8.2525853999999992        1.0653800000000000E-002   11.281752628135822        11.191837311049271        11.422429423697791        10.960942470274622        11.132847652649270        11.463555473011242        11.747429423697790        12.032314794485115        11.160857994249271        11.465658682123143        11.756429423697790        11.988314794485115        12.168211585373216        10.202952811874622        11.209846574148495        11.294877598948494        11.357554394510467        11.432315872985891        11.735220848472439        11.824013351747867        11.909815118122511        11.213079921367433        10.884621413677438     
   17836.227372164245       -1.9847440000000001       0.18834272348564332        8.2528757000000006        1.0650200000000000E-002   11.298688670290545        11.209328290577020        11.437711895956518        10.979523443599707        11.150339793377022        11.479397527442991        11.762711895956517        12.047045302645174        11.178351296177020        11.482045082579202        11.771711895956514        12.003045302645173        12.182397747508965        10.221534946399707        11.227332258001887        11.312366766401887        11.373389992067857        11.447052838020305        11.749401714933832        11.837099069286282        11.921800391063591        11.253137422391820        10.912016394581194     
   17695.302855629910       -1.9988220000000001       0.19374205474167980        8.2531715999999999        1.0646600000000001E-002   11.316234930229847        11.227225019469255        11.453349865159336        10.998754521201700        11.168453718807328        11.496038738812960        11.778568653736816        12.062118390181855        11.196466405207328        11.498812815114295        11.787349865159339        12.018118390181858        12.197128300942449        10.240764431962287        11.245659820984809        11.330479091607327        11.389810039474888        11.462349865159336        11.763912288004374        11.850487397249413        11.934497308010005        11.294563945022094        10.940481062140048     
   17550.964993723512       -2.0133489999999998       0.19940918364562532        8.2534712999999993        1.0642900000000000E-002   11.334581394409444        11.245578563772920        11.469394003672495        11.018828131848235        11.187377534434550        11.513801970220857        11.795190143697599        12.077583978447390        11.215391419634546        11.516014054122707        11.803394003672494        12.033583978447385        12.212586809083913        10.260830962484757        11.265159789259652        11.349405304834548        11.407002999559229        11.478394003672495        11.778801723622284        11.864223328772070        11.948226159408595        11.337721049725520        10.970354288348084     
   17403.035255793624       -2.0283570000000002       0.20537728368317540        8.2537774000000006        1.0639100000000000E-002   11.353406972580665        11.265182690534317        11.486249256044186        11.040189311070797        11.207188550928315        11.532040083597835        11.812243395650189        12.093840427073367        11.235585659111145        11.534431331386671        11.820249256044185        12.049840427073363        12.228458428490534        10.281807312487967        11.285167580934317        11.369212909734316        11.425034223203838        11.495243395650192        11.794079818719712        11.878701208948890        11.961931351389236        11.382367000360986        11.001003806911172     
   17251.862972959352       -2.0438230000000002       0.21164268828432403        8.2540869000000008        1.0635400000000000E-002   11.372619569827648        11.285604666043973        11.503658151282611        11.062402608589007        11.227620891823424        11.550659595098939        11.829641925503157        12.110633029794997        11.256613561752136        11.553636039248193        11.837658151282614        12.066633029794996        12.244656707466287        10.303426286260294        11.305588318443970        11.389637361243974        11.443643369319485        11.512641925503161        11.809664281178673        11.893671854891057        11.975702984454184        11.428177253386803        11.032306934170354     
   17097.160946335393       -2.0597859999999999       0.21824286999137088        8.2544021999999995        1.0631500000000000E-002   11.393578211364158        11.307189567578817        11.522150395305523        11.085240113706753        11.249807767344162        11.570390716534838        11.848143551754834        12.127903230525519        11.278207176378814        11.573383872984152        11.856750986270868        12.084514586740177        12.261910074076205        10.326257722506757        11.327182724028127        11.410624194213469        11.462772516769494        11.531132786505523        11.826309483110862        11.909086770681540        11.991072083733606        11.476965979423785        11.066240603871982     
   16938.424005511861       -2.0763120000000002       0.22521231043422493        8.2547233000000002        1.0627599999999999E-002   11.415119133100198        11.329607087585789        11.541399114366342        11.109180614189960        11.272611741056103        11.590910615522247        11.867399114366343        12.145887613210437        11.300630634256105        11.593910615522248        11.876138570658703        12.102887613210434        12.279641309232485        10.350194853919646        11.349611741056105        11.432663767185787        11.482664311544294        11.550133917188390        11.843409244984215        11.924916637028311        12.006637200120672        11.527558514193654        11.101348888615156     
   16777.374544729413       -2.0932309999999998       0.23249898480007522        8.2550465000000006        1.0623600000000000E-002   11.437048718555605        11.352811746528008        11.561397399092360        11.134319553661019        11.295829722197769        11.612198588734522        11.887397399092361        12.164596209450192        11.323849908197769        11.615198588734522        11.895504686941035        12.121596209450193        12.297705707629110        10.375321763991256        11.372829722197768        11.455872304528011        11.503308086913439        11.569486711271278        11.860817416138268        11.941036412496103        12.022123514344781        11.579743026476716        11.137437898619417     
   16613.839094680334       -2.1105730000000000       0.24013763860753465        8.2553724000000006        1.0619600000000000E-002   11.459369614875710        11.376437412518269        11.581733765264749        11.160432366029822        11.319458902118269        11.633856246280869        11.907745469438312        12.183634692595755        11.348013331165985        11.636856246280869        11.916278408886027        12.140634692595755        12.316090048974475        10.400899426582106        11.396991841565983        11.479490177144703        11.524856246280867        11.589179336217034        11.878545405353199        11.957456118110640        12.037333637094518        11.633873531344802        11.174681522165121     
   16445.118224980088       -2.1286399999999999       0.24826891288149910        8.2557050000000007        1.0615599999999999E-002   11.482805385030098        11.401007101738600        11.602694948746546        11.187679830138919        11.344244439230259        11.656394160438360        11.928712759138122        12.203250884937965        11.373244439230255        11.659394160438360        11.937689939138124        12.160470412038045        12.335250884937963        10.427702650138919        11.422226628838683        11.504047732130175        11.547174633338283        11.609689939138125        11.896816840346229        11.974367766929220        12.052893091945908        11.690361842542423        11.213845835432011     
   16274.962628891741       -2.1470370000000001       0.25674731307373566        8.2560374999999997        1.0611499999999999E-002   11.507326899717443        11.426224637811925        11.623845479515376        11.215607885749661        11.370127198686310        11.679572489358625        11.949847890905330        12.223023441936460        11.399127198686307        11.682572489358625        11.958823740905329        12.180923591420898        12.355023441936462        10.455632035749657        11.448124787296356        11.529251199201878        11.569672339874193        11.630823740905326        11.915244881577644        11.991401105388681        12.068595983639911        11.748238613064713        11.254688987343838     
   16100.597752716370       -2.1660879999999998       0.26574587986898301        8.2563764000000006        1.0607399999999999E-002   11.532445142270817        11.452640360249084        11.646064969538443        11.244816488181456        11.397237969238219        11.703300935492546        11.972080211914275        12.243859488336007        11.425655602624914        11.706898544481682        11.981069948690109        12.201859488336009        12.375246636971038        10.484244384792319        11.475805093475685        11.555083499235781        11.593300935492543        11.652457097325140        11.934092166968604        12.008845937790333        12.084650719812068        11.809899131519110        11.297130310999179     
   15924.910491763014       -2.1854879999999999       0.27513442043017633        8.2567140999999999        1.0603200000000000E-002   11.558009535577515        11.479610251643411        11.668507745412775        11.274604899110681        11.424910609676360        11.727754823809089        11.994826893310243        12.265199320844349        11.452929399540881        11.731462532311621        12.003526535277299        12.223199320844351        12.395579814913933        10.513924047008150        11.503864963411832        11.581363606410463        11.617454465776142        11.674507745412775        11.953325103145506        12.026378382782138        12.101069958213717        11.872987161756704        11.340266055472167     
   15750.451219936383       -2.2049580000000000       0.28480169659382681        8.2570481000000004        1.0599200000000000E-002   11.583678942244584        11.506675332485093        11.690687966643312        11.304470715282219        11.452673527605347        11.752708990408225        12.017686212647456        12.286661630006948        11.480673578489240        11.755738936804073        12.025688017527203        12.244661630006947        12.415665188882544        10.544468961286364        11.531645284321458        11.607733522164837        11.641710795287965        11.696687966643312        11.972695237046183        12.043672408401529        12.117646071765167        11.936327747138323        11.383408179283160     
   15577.544479653016       -2.2244640000000002       0.29473355471923207        8.2573772999999999        1.0595100000000000E-002   11.609766484632530        11.534146128795307        11.713317374225593        11.335388674802243        11.480146128795308        11.777416349669753        12.040317374225591        12.307218398781426        11.508146128795307        11.780425502771990        12.048317374225594        12.265238754879189        12.436218398781424        10.574698852720857        11.559806441676695        11.634494969016156        11.665726527588365        11.718607196046438        11.991827551623121        12.060748932276724        12.133360135011710        12.001151294488018        11.428155607230007     
   15406.358517478753       -2.2439849999999999       0.30493867502083638        8.2577026999999994        1.0591200000000000E-002   11.635534107800252        11.561657805590505        11.735661278149825        11.366701066246977        11.508032371520590        11.801827327416040        12.062661278149827        12.327881335489659        11.535669346266465        11.804827327416040        12.070672818825789        12.285912146289656        12.456143744305448        10.605326500316890        11.588001560720594        11.660951025206296        11.689452761485958        11.740267442095702        12.010363801645275        12.077614669785104        12.148865537924936        12.066398551951226        11.473161574048676     
   15236.702923291774       -2.2635410000000000       0.31542542536111295        8.2580232999999996        1.0587299999999999E-002   11.661104168834150        11.589210545447813        11.757786745976119        11.398338823071782        11.536263733754648        11.826008790313651        12.084786745976121        12.348595087855625        11.563294119971680        11.829061978620487        12.092868613517020        12.306680369362454        12.475575699731756        10.636338823071782        11.616284828861481        11.687221543540986        11.713007083330680        11.761733557669288        12.028435522935126        12.094327439338489        12.164221062724824        12.132125710133927        11.518476872622106     
   15068.811493011817       -2.2831049999999999       0.32620344421319442        8.2583406000000004        1.0583400000000000E-002   11.687008160400094        11.616457668455997        11.779683815766159        11.429630197757497        11.564182422483949        11.849900623116234        12.106683815766157        12.368476191282301        11.591191605350168        11.853625377144187        12.115393573126550        12.327234307710253        12.494808979188129        10.667630197757497        11.644873814111904        11.713799639228046        11.736876443582453        11.782959061738207        12.046301929198442        12.110828241608754        12.179378733552849        12.199008798838992        11.564541423972457     
   14902.598465083551       -2.3026870000000002       0.33728175257927673        8.2586537999999994        1.0579600000000000E-002   11.712644149993253        11.643812968412252        11.801341128355258        11.461380621684352        11.592202574551916        11.873934168113919        12.128341128355256        12.388527300875925        11.618826454706696        11.877934168113921        12.136930393310038        12.347548429781479        12.514193438841811        10.698991015544689        11.673181445646360        11.740102986532918        11.760509946774253        11.803951522215591        12.063968876317265        12.126778928992710        12.194375836558599        12.266384738026307        11.610903855262560     
   14737.913390522559       -2.3222999999999998       0.34866969092293071        8.2589615999999992        1.0575800000000000E-002   11.738060899550216        11.671205938863945        11.822804934277006        11.493447591721470        11.620252552256105        11.898034166428644        12.149804934277004        12.408624048563279        11.646286665610351        11.902034166428646        12.157803201231257        12.367672395001186        12.533658161917526        10.730447591721468        11.701349245131922        11.766179205742372        11.783949973590733        11.824803201231255        12.081477276203795        12.142333969935816        12.209249777097906        12.334215838720237        11.657489600039145     
   14575.014651338864       -2.3419110000000001       0.36037762027630366        8.2592665000000007        1.0572099999999999E-002   11.763274409768240        11.698374233952176        11.844085883372639        11.525799557081594        11.648048231319084        11.921922714951219        12.171085883372637        12.427948993188703        11.674059353291351        11.925922714951216        12.179059939344906        12.387648934583350        12.552960115160975        10.762799557081596        11.730448114108373        11.792022539135150        11.807185707556574        11.846059939344908        12.098823224977039        12.157749344820839        12.224012337426196        12.404359091970981        11.704850021186157     
   14413.783681892381       -2.3615349999999999       0.37241559696569959        8.2595670999999999        1.0568500000000000E-002   11.788567687416702        11.725933951064235        11.865153630509688        11.558183060855630        11.675908880106427        11.945903027829651        12.192153630509686        12.447425631564830        11.701577212276185        11.949903027829649        12.200460227382123        12.407425631564831        12.572080766292398        10.795169863413438        11.759253745378857        11.817937623646941        11.830188226326982        11.866770496837262        12.116007902075104        12.173011574657814        12.238283575712956        12.474823511359268        11.752421558993959     
   14254.336273295099       -2.3811559999999998       0.38479403735130985        8.2598646000000002        1.0564799999999999E-002   11.813910675257068        11.753802520893975        11.886032090909330        11.590561361222461        11.703801836484347        11.969946049853055        12.213032090909332        12.467027322695690        11.728857955567902        11.973946049853057        12.221975287416152        12.427027322695691        12.591044667788873        10.827522587232087        11.787784491391166        11.843894014573513        11.852980055629791        11.887009977602512        12.133057244668413        12.188148738347953        12.252143970134318        12.545442423241260        11.800105620586136     
   14096.457944424081       -2.4007980000000000       0.39752300217120240        8.2601569999999995        1.0561299999999999E-002   11.839642867329092        11.780880480626772        11.907343689772967        11.623875326423272        11.732108817071380        11.993825315088715        12.234368642199501        12.486485509532594        11.757099540218308        11.997825315088720        12.242713845977201        12.447099677754894        12.609871341310287        10.860245482627507        11.817312201089452        11.870281987977934        11.876211146866412        11.907124630181430        12.150013161069912        12.203186331976463        12.265942319958393        12.617897452632635        11.849188903980865     
   13940.296147267274       -2.4204360000000000       0.41061362724542788        8.2604453000000007        1.0557800000000001E-002   11.865180844465225        11.808167909314502        11.928509136588705        11.657170079201773        11.760406724725431        12.017506179432431        12.255540939794262        12.505792690355914        11.785136106108947        12.021506179432432        12.263509136588706        12.466792690355913        12.628315059534053        10.893160101207325        11.846613736930809        11.896222625665224        11.899267364021501        11.927302124383328        12.166598613301257        12.218120982479398        12.279872189074023        12.690641321717838        11.898337498685979     
   13785.800838087251       -2.4400800000000000       0.42407744967947608        8.2607277999999997        1.0554300000000001E-002   11.890550894856180        11.835984226474476        11.949553318322625        11.690597283847946        11.788841023122128        12.041023416113227        12.276559463350313        12.524982928379668        11.812978081446783        12.045023416113228        12.284553318322622        12.485982928379670        12.646269335084366        10.926560517675643        11.875691674742086        11.921593806056180        11.922166619465575        11.947702666702664        12.182698945141414        12.232985351846114        12.294091789026155        12.764209388572958        11.947831085486872     
   13633.017745082989       -2.4597210000000000       0.43792719754081511        8.2610094000000007        1.0550900000000000E-002   11.916113060669849        11.863984776748522        11.970369628512506        11.724575991745203        11.817452705768188        12.064753311210849        12.297390234983505        12.543965841453504        11.840537454199852        12.068753311210846        12.305369628512507        12.504965841453503        12.664518518904833        10.960084631596532        11.905388563807525        11.947625027289517        11.945285382191178        11.967901699492840        12.199094125374829        12.247690338315826        12.307710442676493        12.839327696353626        11.998186644147237     
   13481.896849125480       -2.4793630000000002       0.45217491032878365        8.2612874999999999        1.0547500000000000E-002   11.941550934513645        11.891840584927637        11.990971633685662        11.758619236169617        11.845985410134633        12.088378846703153        12.318082657431065        12.562754395875166        11.867954878102088        12.092375577274103        12.325971633685660        12.523823539049618        12.682723863842620        10.993546823566115        11.935126965912582        11.973665227688096        11.968303164670607        11.987899221082161        12.215464745461174        12.262244238221635        12.321057532443684        12.914715381017979        12.048715932242013     
   13332.512514390315       -2.4989979999999998       0.46683304841084372        8.2615639000000005        1.0544200000000000E-002   11.966681509775867        11.919361309545621        12.011321910236354        11.793308197654888        11.874701209430498        12.111717915548549        12.338976137905682        12.581312060409040        11.896046526151501        12.115686926611993        12.346321910236355        12.542951021414922        12.700657377130042        11.027638247712446        11.965010120378818        11.999366726381744        11.991016976669552        12.007651960293920        12.231632260639284        12.276591421875409        12.334236255327092        12.991828387968035        12.100705757049052     
   13184.753053522545       -2.5186280000000001       0.48191409745608493        8.2618372999999998        1.0540900000000001E-002   11.992020972088740        11.947064923232380        12.031920712238589        11.827853448040260        11.903325911018291        12.135273000368139        12.359637090378426        12.599889118657822        11.924313553455418        12.139238008731011        12.366920712238590        12.561854127020693        12.718628130871911        11.061841090477389        11.994800537390111        12.025033329651611        12.013716033159190        12.027411094229640        12.247584179728273        12.290753867170542        12.347231891598723        13.069380182783496        12.152635732417556     
   13038.661180428589       -2.5382539999999998       0.49743180102318979        8.2621067000000004        1.0537599999999999E-002   12.017675025039798        11.975056446152939        12.052871244962523        11.862299438465071        11.931901801431225        12.159146448153949        12.380059338586213        12.618530761700368        11.952860863580236        12.163138959204941        12.387871244962524        12.580523272751362        12.736685406422081        11.096258500614082        12.024544085187797        12.050715962890786        12.036448248648368        12.047221472256942        12.263303985308943        12.304719492674087        12.360028782117515        13.147652657536495        12.204611670013639     
   12894.277128780159       -2.5578660000000002       0.51339912043267077        8.2623747999999999        1.0534399999999999E-002   12.043307099523203        12.003421556947602        12.073472509749477        11.897446755566156        11.960844448432480        12.182636466373877        12.400923967644166        12.637232401704649        11.981392990537790        12.186636466373875        12.408472509749478        12.599655293189533        12.754386618734893        11.130995297671463        12.054661664992429        12.076779490208084        12.059615533583687        12.067501076159287        12.279117944280257        12.318820703415808        12.372953987655860        13.228207642366312        12.257929783882295     
   12754.487132798231       -2.5770620000000002       0.52948435919316628        8.2626355999999994        1.0531199999999999E-002   12.068247082665373        12.031157340009411        12.093407712284268        11.931891415235093        11.989139391478218        12.205368512028301        12.421390670914917        12.655462465039690        12.009156432847568        12.209368512028302        12.428407712284269        12.618444516508497        12.771498362102076        11.164908456604444        12.084102587253987        12.102279676534181        12.082318876790147        12.087408619446109        12.294552207695652        12.332605146127392        12.385591407951619        13.307355355101503        12.310266519836922     
   12619.234185874580       -2.5958350000000001       0.54566999869061206        8.2628880999999996        1.0528100000000000E-002   12.093355035408743        12.058447288434751        12.113620500934006        11.966691656459547        12.017493414947753        12.228287369616512        12.441620500934002        12.673555213074222        12.036447288434752        12.232287369616513        12.448647466100228        12.636555213074223        12.789032149817723        11.198672495112769        12.113539541460755        12.127379622642520        12.104216655869736        12.106601339587224        12.309939896791713        12.345847643765707        12.397803895185151        13.386533669025136        12.362928156690328     
   12486.335500797401       -2.6144780000000001       0.56220457700506410        8.2631364000000005        1.0525100000000001E-002   12.118044416726612        12.085317706710661        12.133502821192558        12.000980699503248        12.045427022704285        12.250880442736182        12.461502821192553        12.691385648727653        12.063372364707476        12.254880442736180        12.468552494755318        12.654388520764890        12.806276332734029        11.232030373066010        12.142536338697909        12.152101946760659        12.125825784739369        12.125497836758509        12.325060572784025        12.358896598793592        12.409888742322309        13.464787731185325        12.414948387388421     
   12355.832152309229       -2.6329760000000002       0.57908624611839665        8.2633823999999994        1.0522100000000000E-002   12.142258084836168        12.112141441789984        12.153045381708178        12.035138651049547        12.073294784571512        12.273528070663879        12.481045381708181        12.709307159158133        12.090718113180746        12.277528070663880        12.488068042319302        12.672338028147013        12.823153816376607        11.266161311660671        12.171448127353035        12.176865625215811        12.147951399273115        12.144491370928538        12.339877999802432        12.372147985630146        12.422563105861624        13.544854864447817        12.467898821117018     
   12231.676881467949       -2.6507529999999999       0.59577668243741866        8.2636166000000006        1.0519300000000001E-002   12.165439263185720        12.137805725556360        12.171706338444436        12.067923938742412        12.099952310504618        12.295146093289210        12.499779630918566        12.726362694125138        12.116805725556359        12.299146093289208        12.506779630918567        12.689486461022055        12.839216109176883        11.298850646268283        12.199098895452876        12.200563030082636        12.168999508340951        12.162633045970308        12.354046706177284        12.384822836777685        12.434552484932516        13.621543079465292        12.518562467811028     
   12109.521984796855       -2.6684209999999999       0.61284466134619875        8.2638491999999992        1.0516500000000000E-002   12.189144907196106        12.163954467500169        12.190525786587980        12.101889663673170        12.127078291621796        12.316897258952856        12.519087698648793        12.743253869674778        12.142954467500171        12.320897258952858        12.526087698648791        12.706840050405543        12.855130045553157        11.332327751612358        12.227202115743420        12.224731087926866        12.189773434831228        12.180963874527169        12.368468578040666        12.397751713728180        12.446041708875793        13.699999392537169        12.570118497862421     
   11992.093335364551       -2.6855760000000002       0.62990062270490998        8.2640743000000008        1.0513800000000000E-002   12.233160831898989        12.194745166801983        12.261023415384138        12.097338915378320        12.152727602162972        12.369651936849856        12.588568025410847        12.825987486894160        12.172286690659643        12.373651936849857        12.596023415384138        12.787993248542623        12.943437904652082        11.328849248815768        12.246255115781278        12.267218676762372        12.246614984781186        12.255072606681690        12.464116505949171        12.498209094423476        12.540591558737940        13.907665074748039        12.518053436884404     
   11877.772423563925       -2.7024360000000001       0.64713714780821452        8.2642938000000008        1.0511100000000001E-002   12.263683913448524        12.225363067411628        12.290989680509803        12.127732182062637        12.183465547004204        12.399854329140613        12.618653698533784        12.856250012337160        12.203227166608176        12.403854329140614        12.625989680509804        12.818086868851715        12.973301995384816        11.359301436525676        12.277036977931843        12.298183669559414        12.276722627892550        12.285376111222973        12.490314921171997        12.523228360332013        12.563102371928352        14.021273717181973        12.553236024294911     
   11765.028945282136       -2.7192270000000001       0.66486809853394446        8.2645186000000006        1.0508399999999999E-002   12.294280445589216        12.256043422998186        12.321037452968763        12.157875792744601        12.214265074860716        12.429981781501304        12.648981119536547        12.886436461119420        12.234082144705969        12.433981781501306        12.656037452968761        12.848403774363160        13.003230172815094        11.389656684645669        12.307717111181752        12.329215537878259        12.306756638450853        12.315755685325097        12.516390394028051        12.548062668210630        12.585309617029946        14.138230349996672        12.587290909882775     
   11664.093706380354       -2.7343950000000001       0.68130111871155852        8.2647174000000003        1.0506000000000000E-002   12.322518895300229        12.284712631928832        12.348783493141811        12.186082202221895        12.243027413827550        12.458051049544009        12.676777188818692        12.913804858105225        12.262793873614394        12.462081683275210        12.684131891514381        12.876136195241118        13.031125284881606        11.417820843858502        12.336244978741584        12.357886590552377        12.334735594778708        12.343450624880896        12.543081163705510        12.570364921288496        12.605117689374604        14.257984991132696        12.618456213713900     
   11559.711623195786       -2.7502179999999998       0.69896050632238915        8.2649249000000005        1.0503500000000001E-002   12.352411832621941        12.315116294988405        12.378151059391525        12.215606069903744        12.273650836560380        12.488243936309994        12.706017531657706        12.942416364039476        12.293487227469059        12.492322146728247        12.713814063311441        12.904904758301713        13.060057113248158        11.447226769230882        12.366474810345993        12.388497747651703        12.364706786449831        12.372430987808167        12.570776200827661        12.592160982829528        12.624330849069770        14.405043845949075        12.649013261173772     
   11457.714594323961       -2.7658149999999999       0.71687636471297933        8.2651280000000007        1.0501000000000000E-002   12.382238432110896        12.345226962199376        12.407167091600222        12.244864093975089        12.304155595289025        12.518204056704015        12.735008912858440        12.970804458623764        12.324167722123992        12.522237005761880        12.742880737748763        12.933184076818094        13.087958929551142        11.476710987051973        12.396746602056712        12.418931256036537        12.394376035781910        12.400997949977516        12.596340092560848        12.613450351656962        12.643016050754021        14.560984033880228        12.679271954158246     
   11356.617535471982       -2.7814250000000000       0.73545905613176221        8.2653379999999999        1.0498499999999999E-002   12.412555370098930        12.375703068575868        12.436095133289333        12.274516429042217        12.335038158500295        12.548430766437621        12.764176927299269        12.999173314094888        12.355294119662259        12.552443719380081        12.771879788171274        12.961448813622519        13.115225033562838        11.506818648818674        12.427629848347399        12.449583033200375        12.424344416583645        12.429521603431221        12.619912451271899        12.634542314206380        12.661507845253370        14.730444885375720        12.709874528081039     
   11265.358060863286       -2.7956300000000001       0.75287259166613896        8.2655277999999992        1.0496200000000001E-002   12.439812193991616        12.403319579866539        12.461881973680919        12.301403823951643        12.362916903387267        12.575606142974076        12.790173371535120        13.024344044989713        12.383295318662428        12.579607479785052        12.797842064302481        12.986636541781595        13.139505685254038        11.533997893796412        12.455522892544986        12.477149363077372        12.451279352296959        12.454943405924370        12.640763349604919        12.653248341655841        12.677979689861766        14.889456377390976        12.737404852208643     
   11174.265861185362       -2.8099270000000001       0.77100508745406049        8.2657220999999996        1.0493799999999999E-002   12.467177707255633        12.431442676871907        12.487653355073114        12.329330480102293        12.391388974872935        12.602708276729853        12.816022320200691        13.049014649613962        12.411709017783888        12.606723404988916        12.823653355073116        13.011452095570203        13.163900546382546        11.561724438283168        12.483712462116355        12.505118751536163        12.478164614239802        12.480291962124983        12.661859754738892        12.671672080686658        12.694227049268097        15.066976770809195        12.766457675151624     
   11088.249766371922       -2.8235410000000001       0.78890738327800247        8.2659117999999996        1.0491500000000001E-002   12.492969517967133        12.457926380045038        12.511685281266814        12.355811918024163        12.418312891615155        12.628045569501307        12.840273524096311        13.071919904150239        12.438547739215892        12.632083886134858        12.847685281266813        13.034589886413361        13.186810960831053        11.588029498514974        12.510305972290194        12.531536684070442        12.503308134914089        12.503996158574651        12.681283484828210        12.688718816863190        12.709299654939066        15.243266099468588        12.794206412624437     
   11007.583789886436       -2.8363999999999998       0.80626845868904506        8.2660873000000006        1.0489399999999999E-002   12.516479087390485        12.482122406272284        12.533225575246247        12.380372102362950        12.443059965120137        12.650898393568818        12.862026918344386        13.092291803670244        12.463209003517163        12.654958805135648        12.869168856530495        13.055204863746637        13.207353409103620        11.612511937320834        12.534849089864911        12.555684585751001        12.525928547518168        12.525144572515897        12.698546245913560        12.703899145866879        12.723047168909767        15.425112816632963        12.820159178444916     
   10924.208990164207       -2.8497930000000000       0.82497973647801515        8.2662715000000002        1.0487200000000000E-002   12.540140034498833        12.506931599642687        12.554824684623195        12.406665468043268        12.468537927721375        12.673980419964334        12.883227854491533        13.112400108056612        12.488561898015682        12.678017130855213        12.890404692661615        13.075512697419207        13.227122247074835        11.638734809982967        12.560809277045902        12.579993858070505        12.548374091885648        12.545903625954267        12.715303315673385        12.719170187884369        12.737534151933311        15.649545414105937        12.848934272431919     
   10843.113406045797       -2.8629159999999998       0.84394952132483281        8.2664532000000008        1.0485000000000000E-002   12.563018420472693        12.531038500034866        12.575553634384390        12.432444036204130        12.493293592786499        12.696236645293913        12.903679477949721        13.131820793598346        12.513117259966576        12.700253334195081        12.910835334869004        13.095129180141965        13.246159212513314        11.664446986178005        12.586010641506645        12.603419847650274        12.569981552542279        12.565868332879068        12.731430999010874        12.734133056310641        12.751686541549473        15.876327434230502        12.877535946959766     
   10764.429059861921       -2.8757480000000002       0.86318059247609036        8.2666325000000001        1.0482800000000000E-002   12.585070788667920        12.554362130652716        12.595365423609444        12.457549081977113        12.517246698173821        12.717605163927050        12.923371466197715        13.150518004127925        12.536801787149631        12.721607299190545        12.930432378979976        13.114016366159621        13.264484284177165        11.689492937076363        12.610321779434923        12.625928672642488        12.590720596405944        12.585013017464593        12.746965199422231        12.748739543604543        12.765437106512955        16.102877460992691        12.905705423039791     
   10687.693729335961       -2.8883559999999999       0.88278116896161418        8.2668108999999994        1.0480700000000001E-002   12.606980782355770        12.577721588112404        12.614468984537524        12.483065264119084        12.541229516937491        12.738408220426884        12.942344783300737        13.168641303266988        12.560473454066681        12.742539701795664        12.949498195610161        13.132075710000628        13.282277523536216        11.714945027041360        12.634745315566700        12.648229712602358        12.611149516684449        12.603414419765631        12.763424721439939        12.763196784643974        12.779041234949972        16.344212138268674        12.935403111434283     
   10613.460306021840       -2.9006379999999998       0.90253225061851916        8.2669849000000006        1.0478599999999999E-002   12.628238777288807        12.600423251321430        12.632764002491079        12.508064726178439        12.564540923190012        12.758383011683442        12.960427919220812        13.185992385925005        12.583537912650200        12.762730846445720        12.967785519113232        13.149309088145138        13.299445366692922        11.739871560137523        12.658632824955703        12.669803696862171        12.630811498590774        12.621013741476141        12.779713218056209        12.777172659479035        12.792261180259239        16.586876249035498        12.964982851659300     
   10540.057982386857       -2.9128669999999999       0.92293352408716967        8.2671600000000005        1.0476500000000000E-002   12.649194432045530        12.622811442121421        12.650652390325998        12.532872514411583        12.587537073420762        12.777937409405400        12.978038482495347        13.202947577391893        12.606349113000302        12.782562863757970        12.985666139981799        13.166147892890141        13.316356991550261        11.764597566708122        12.682326421940157        12.691008114766916        12.650051546176510        12.638219264841776        12.795865900056757        12.790928089106508        12.805338291584761        16.832644929933373        12.994649916728310     
   10468.922866551400       -2.9248040000000000       0.94358965038258980        8.2673322000000002        1.0474400000000000E-002   12.669613049941194        12.644736696680752        12.667719443022065        12.557735528106104        12.610268322254218        12.796845952036605        12.994991985855357        13.219101804293082        12.628860851419994        12.801597466627058        13.002735636577377        13.182303510842921        13.332487653319333        11.789283540188670        12.705662908822809        12.711825770006413        12.668541937947836        12.654631736149987        12.811211693529472        12.804120610619449        12.818046887079255        17.084487620194089        13.025159204300223     
   10399.105878544800       -2.9365969999999999       0.96462665662101876        8.2675014999999998        1.0472400000000000E-002   12.689594841892083        12.666480007531485        12.683868729702661        12.583280526176575        12.633224964319995        12.815161305204002        13.011303082645766        13.234365711442495        12.651440989501213        12.819741039109305        13.018844896702648        13.197736755617976        13.347642571771972        11.814441941900499        12.728887642451030        12.732596278022891        12.686290188617585        12.670107749731008        12.825403916947023        12.816665248433891        12.830294071015127        17.344751227874703        13.057937410838010     
   10328.731787972341       -2.9485630000000000       0.98647919258104977        8.2676703000000007        1.0470300000000000E-002   12.709234514729911        12.688299006951695        12.699087474956254        12.609502561141927        12.656657018543878        12.832722080724352        13.026692959317433        13.248773732918334        12.674421636156165        12.837112526307411        13.033946186169686        13.212231719774362        13.361856843250617        11.840205478454575        12.752367003415433        12.753438481097934        12.703197912044917        12.684646721673463        12.838039394717836        12.828498939040951        12.841743802938272        17.599780108640328        13.093815136794635     
   10257.865491833174       -2.9606949999999999        1.0094795563337666        8.2678425999999998        1.0468200000000000E-002   12.729140365046710        12.710458656098769        12.714350875858788        12.636032011319969        12.680572230658367        12.850347999562210        13.042064667912097        13.263220355897150        12.697882283498309        12.854661946665690        13.049086664181079        13.226702411280804        13.376049524481626        11.866332598461565        12.776262109133228        12.774623254865780        12.720162104054793        12.699220958515745        12.850381164102057        12.840221882245451        12.853016235922244        17.854016850962882        13.130318517521996     
   10189.010270294288       -2.9725690000000000        1.0330047209799174        8.2680153000000001        1.0466200000000000E-002   12.749456137191506        12.733351969461806        12.729478554223755        12.663441193601054        12.705380180149385        12.868221918135129        13.057096572662170        13.276991741691690        12.722183509344623        12.872759011958562        13.064015912543654        13.240458030416699        13.389580836927655        11.893699259252331        12.801211664566560        12.796334062454973        12.737273190619161        12.713669399897215        12.860589083095215        12.850540443430143        12.862626875859059        18.075189444047474        13.168682837713773     
   10123.390740993827       -2.9839570000000002        1.0563893690885566        8.2681818000000007        1.0464200000000000E-002   12.769054689956729        12.755552292307399        12.743900083357047        12.689824409053653        12.729433752898366        12.885421479165910        13.071406251174615        13.290006457396863        12.745843993132745        12.890154623662170        13.078190067410034        13.253554952542260        13.402371287891008        11.920031745607147        12.825367728654506        12.817385637865321        12.753678281944893        12.727446228126055        12.870246419285067        12.860116996554638        12.871447462828840        18.280000484330145        13.205754843891512     
   10059.120252843995       -2.9951859999999999        1.0802826732669319        8.2683470999999997        1.0462200000000000E-002   12.788365286776429        12.777513201963369        12.757977030503238        12.715723228084510        12.753221839502675        12.902325585567123        13.085373507839659        13.302660376140860        12.769345156055458        12.907205137075064        13.091975717473570        13.266387471610923        13.414805346089306        11.945831663631008        12.849199035393134        12.838229365954469        12.769750959113505        12.740895330149275        12.879816714009127        12.869345822678685        12.879883263098950        18.477610553252855        13.242233133154492     
   9996.4546475815569       -3.0062069999999999        1.1045697094019786        8.2685101999999997        1.0460199999999999E-002   12.807252323804695        12.799047368825006        12.771672918718222        12.741024091112946        12.776529633589190        12.918859402323866        13.098966896498984        13.314919393534444        12.792436091647941        12.923842739254324        13.105373213941425        13.278894226079521        13.426806727368740        11.970979799433573        12.872527436902173        12.858671156897332        12.785433522145082        12.753981047102263        12.889324462838962        12.878276659818409        12.888015217886773        18.662123228375307        13.278321334002596     
   9934.5454275703578       -3.0171589999999999        1.1292485646092705        8.2686693000000009        1.0458300000000000E-002   12.825015738208421        12.818902943147254        12.785447215858529        12.766007722658909        12.797673711061350        12.935105429730132        13.112739532829252        13.327122315744202        12.812928995577590        12.940216570095142        13.119362339449935        13.291108769727177        13.437996160153336        11.995612736534778        12.894333793446343        12.877174958473173        12.801007086447452        12.767129098713472        12.899946590384648        12.888335561491573        12.897715728903346        18.758525696360014        13.319698774736597     
   9871.8148183675148       -3.0283240000000000        1.1551074887395454        8.2688301000000006        1.0456399999999999E-002   12.842910818556753        12.838906873695944        12.799498225952327        12.791558564004028        12.818703953051116        12.951562104066809        13.126835338598774        13.339534818060848        12.833338268569236        12.956753027448492        13.133631348827251        13.303625361768731        13.449286301328229        12.020766275461170        12.916271984571061        12.895621761246378        12.816828407012874        12.780545875128510        12.910857015151642        12.898721506193528        12.907837064062051        18.861930816244168        13.361180719733113     
   9810.0224216844545       -3.0393900000000000        1.1816942339646050        8.2689906999999998        1.0454400000000001E-002   12.860467690938098        12.858529890244498        12.813463328475777        12.816990852408853        12.839063560075868        12.967799618160679        13.140890218938949        13.351840458064327        12.853124143862338        12.973020198448523        13.147811512473421        13.316124203191148        13.460392548026334        12.045766103711212        12.937758788349726        12.913526782940316        12.832485268867575        12.793886551992383        12.921781178563297        12.909174424866688        12.918126299144749        18.969458213181039        13.401636860292225     
   9750.9515826754432       -3.0500419999999999        1.2085244588372026        8.2691497999999992        1.0452500000000000E-002   12.877158580503197        12.877185303530252        12.826901354149909        12.841520153418555        12.858169003871273        12.983319748648222        13.154456364044547        13.363649999059872        12.871716083359749        12.988523263968100        13.161455446311214        13.328202411919031        13.470968559917074        12.069844047646439        12.958157526049183        12.930369272435511        12.847492163602327        12.806727973041722        12.932361199789261        12.919345994391348        12.928231341417009        19.077487502741334        13.439907995887607     
   9695.8078471527533       -3.0600489999999998        1.2348544400637214        8.2693028999999996        1.0450700000000000E-002   12.894042746708156        12.896031469441393        12.840240007014014        12.866568945007952        12.877846652031717        12.998939305921006        13.168135166659919        13.375179840114054        12.890683869447397        13.004049175634339        13.174966968193200        13.340161216506754        13.481411723742891        12.094741111765064        12.978741802027312        12.947495319363188        12.862663629110802        12.819672362955895        12.942732342707004        12.928818033772433        12.937358182403283        19.182622650680923        13.476639773097634     
   9641.3089546183473       -3.0699839999999998        1.2608656129166642        8.2694466999999996        1.0448900000000001E-002   12.910647617073380        12.914464890472736        12.853515532003065        12.891405592410038        12.897064603136162        13.014400441382545        13.181784761449158        13.386662958656530        12.909086293323956        13.019416700524602        13.188415851036911        13.352035978694868        13.491825825997559        12.119464177366361        12.998935935032364        12.964148699107525        12.877722486608814        12.832598595225999        12.952917914443166        12.938329270907889        12.946560221176156        19.292398276488633        13.512857471786617     
   9584.1367110851934       -3.0804630000000000        1.2886265440177780        8.2695938000000009        1.0447200000000000E-002   12.927914323561328        12.933542067285170        12.867457285030135        12.917445098674829        12.916935077047267        13.030565991284096        13.196148167802793        13.398724821990267        12.927992092769124        13.035485717335153        13.202538788147638        13.364472906180932        13.502776978783107        12.145417312579479        13.019902833016051        12.981284831633435        12.893500916532371        12.846213024048165        12.963464944877956        12.948388052826186        12.956324353566018        19.412620697945361        13.550749922593567     
   9526.3821673118418       -3.0911140000000001        1.3176972697221072        8.2697433999999994        1.0445400000000001E-002   12.945406560303013        12.953161334572464        12.880937476174910        12.943278257774736        12.937778131244041        13.046539984098139        13.209849512017570        13.410319794787334        12.948054448209994        13.051389480207742        13.216103919209139        13.376468178586546        13.513417925170359        12.171136921757359        13.041397766846536        12.999210678333583        12.908880066109727        12.859324998554598        12.973680059512670        12.957681678249159        12.965104185850670        19.507648945939415        13.590269147131671     
   9469.7606005806101       -3.1016130000000000        1.3469443923831759        8.2698888999999998        1.0443600000000001E-002   12.963135756651255        12.973173056965297        12.894623921456407        12.969279734537118        12.958812142270787        13.062741648022673        13.223646268212111        13.422065570837361        12.968528378106363        13.067514584377143        13.229865682893497        13.388579549617326        13.524254896612476        12.196818404660377        13.063263189048563        13.017510133034293        12.924407900297265        12.872533001900862        12.983888604867417        12.967013543183700        12.973689865283941        19.602795230470065        13.629777960789049     
   9413.5189238887269       -3.1121070000000000        1.3767042238545231        8.2700320999999999        1.0441900000000000E-002   12.981192932682003        12.993606658429183        12.908580269194218        12.995675992168085        12.980203311472874        13.079256984035144        13.237675026673287        13.434040209456303        12.989459718691517        13.083966954176887        13.243892248262430        13.400870517144323        13.535328108190161        12.222766921970049        13.085636103457691        13.036217031369713        12.940203916176248        12.885969358424013        12.994061089827657        12.976430025499649        12.982190624269816        19.701107910350910        13.669686636809814     
   9357.9129296879964       -3.1225390000000002        1.4069677680190293        8.2701732000000003        1.0440200000000000E-002   12.998974368175833        13.013658767490064        12.922422505606672        13.021820442342783        13.001195887055641        13.095592647964242        13.251628301300496        13.445956406799414        13.009921933675077        13.100237553022883        13.257806818953913        13.413069361126272        13.546289538139117        12.248505228126877        13.107681231696937        13.054519394148269        12.955864925858929        12.899336825187419        13.004024441666864        12.985786365298448        12.990754106144141        19.803114726487298        13.708951081481569     
   9303.1709202444708       -3.1328689999999999        1.4375461336201856        8.2703115999999994        1.0438500000000000E-002   13.016411614777285        13.033254782089921        12.936093660131901        13.047605554034361        13.021711528118795        13.111682969934884        13.265447081124838        13.457763633589645        13.029841966170627        13.116261024626739        13.271552076401802        13.425125795855473        13.557095454714643        12.273925926119356        13.129312686844612        13.072351447784074        12.971326495911592        12.912578800870895        13.013743533102980        12.995043970226243        12.999340322210630        19.908207614117920        13.747419459034701     
   9247.5353469735437       -3.1434210000000000        1.4684201008158195        8.2704451999999993        1.0436900000000001E-002   13.034085806265857        13.053060177123783        12.950025198143198        13.073881342185409        13.042454769925456        13.128052339549292        13.279562740212747        13.469832809284878        13.049919122246756        13.132563286148276        13.285562740212747        13.437428265593503        13.568081279026138        12.299866621465306        13.151251179508552        13.090330798227004        12.987086749953217        12.926112319257342        13.023525771222907        13.004464711022038        13.008192229309913        20.019558896411247        13.786383600913112     
   9188.8254121168393       -3.1546219999999998        1.5011282785514155        8.2705809000000006        1.0435300000000000E-002   13.053850971798241        13.075351798000447        12.965354068007581        13.102913246858289        13.065864275998972        13.146238466059099        13.294996962528092        13.483179937073867        13.072881647875136        13.150737941403097        13.300996962528092        13.451197204788631        13.580190103032610        12.328527034750078        13.175605472713070        13.110766237574691        13.004512622222986        12.941006550426401        13.034444635309274        13.014400301734643        13.017647379994674        20.140004421277350        13.829323983559458     
   9131.8548541658965       -3.1655650000000000        1.5346972078988905        8.2707186999999998        1.0433599999999999E-002   13.072977728071056        13.096881363879216        12.980381370130239        13.131241004308343        13.088315114241173        13.163958312453016        13.310130121795400        13.496249292916179        13.094856718540139        13.168401345878451        13.316130121795400        13.464634190603601        13.592092937912156        12.356456133937439        13.199143507708389        13.130292692432239        13.021498108776985        12.955577198686807        13.045151612931338        13.024197735265936        13.026982002430369        20.264996921906469        13.870859479782435     
   9078.1216888061153       -3.1759460000000002        1.5671254136073780        8.2708486000000008        1.0432100000000000E-002   13.090920726858748        13.117046464752601        12.994643264320402        13.158050649992706        13.109201607158536        13.180687533138208        13.324495192046452        13.508633122596649        13.115256521894658        13.185036361183489        13.330495192046453        13.477327122931435        13.603408097556926        12.382855382201992        13.221209292328489        13.148386358920749        13.037537804449290        12.969377008495218        13.055301645796398        13.033530286201756        13.035881145868856        20.390158445832622        13.909865704059918     
   9024.6007970710216       -3.1863419999999998        1.5993328092529411        8.2709727999999991        1.0430600000000000E-002   13.108721379954043        13.137017719613516        13.008956265422833        13.184864867302577        13.129749055870709        13.197388467130592        13.338914220470903        13.521045315874799        13.135282572154308        13.201603865147669        13.344914220470903        13.490010859794472        13.614786185800240        12.409227674746601        13.243079946361972        13.166118662347406        13.053554992936155        12.983199567304604        13.065483173072883        13.042936676349234        13.044858875483216        20.521861127849419        13.948576732975452     
   8970.2180480052029       -3.1969669999999999        1.6325635117582555        8.2710971000000004        1.0429100000000000E-002   13.127263132782121        13.157756229096398        13.023799032193031        13.212758364392846        13.151371646160142        13.214696257900064        13.353967595876723        13.533913583903237        13.156122544402022        13.218861739052249        13.359965067885780        13.503219163089922        13.626535115536432        12.436742317823755        13.266077552205578        13.184725310673466        13.070275223307446        12.997491084644805        13.076614702405648        13.052668491377977        13.054024059553084        20.659139736629726        13.988978588472799     
   8943.1393935602664       -3.2022780000000002        1.6493075091935077        8.2711582000000003        1.0428400000000001E-002   13.136735902456063        13.168375064371080        13.031138118374965        13.226776565394776        13.162700819534273        13.223365754372715        13.361459271297061        13.540312792946555        13.167002336605790        13.227584588966256        13.367458890949656        13.509847034727873        13.632403424676500        12.450632083489086        13.277958090068896        13.194501360421988        13.078695469004234        13.004535528374891        13.082464580234141        13.057383790981309        13.058374442444880        20.721239640230952        14.009800597510523     
   8916.6146887954092       -3.2074989999999999        1.6658616368151313        8.2712176999999993        1.0427600000000000E-002   13.146103190398922        13.178933178279816        13.038189761634857        13.240400923914823        13.174075036897271        13.231815329795083        13.368657019309214        13.546497316682316        13.177997956001860        13.236109384031653        13.374655269404307        13.516258663878123        13.638131389435383        12.464147007027680        13.289733402116592        13.204364261113934        13.086872294669909        13.011285152511487        13.088155278712609        13.061829208862822        13.062420637882969        20.774589133142126        14.030468717976046     
   8890.1481840406341       -3.2127200000000000        1.6824442514226614        8.2712765000000008        1.0426899999999999E-002   13.155420572024646        13.189429978767624        13.045222596024320        13.253983869654562        13.185350495888834        13.240243007035509        13.375820050285984        13.552656783880494        13.188903827642505        13.244595090136492        13.381816169230319        13.522636536281954        13.643833839286444        12.477620735911195        13.301435733874392        13.214140614702863        13.095011510145220        13.018009193162257        13.093772097260135        13.066252638961302        13.066455309937417        20.829022478995824        14.051036134708568     
   8863.7398282470476       -3.2179460000000000        1.6990568789518206        8.2713344000000006        1.0426200000000000E-002   13.164708947467732        13.199886424656432        13.052257340362408        13.267546194325648        13.196548391621532        13.248669507337146        13.382969205171966        13.558811971779201        13.199741084868313        13.253062546796768        13.388962430390185        13.529001490391542        13.649531546606470        12.491074061374333        13.313086107259833        13.223851554818390        13.103133956745490        13.024728430321469        13.099336173823263        13.070674852853754        13.070499173045304        20.884552676230001        14.071523944315702     
   8837.2471293737817       -3.2232040000000000        1.7157936575015273        8.2713921999999993        1.0425600000000000E-002   13.173996804208446        13.210337291592545        13.059310348996995        13.281139468915775        13.207707451186494        13.257118696514887        13.390121452609414        13.564974482950106        13.210546515159997        13.261535821699066        13.396110998658450        13.535366256268915        13.655233631390676        12.504557968220098        13.324725728056769        13.233527798544067        13.111261847472669        13.031457518854246        13.104855888523453        13.075098097175236        13.074552454389806        20.941460378665532        14.092021040347497     
   8810.8336141303607       -3.2284609999999998        1.7325653331254649        8.2714488999999993        1.0424900000000001E-002   13.183269239702945        13.220760493720146        13.066380520015922        13.294722224485078        13.218801204888056        13.265580852859348        13.397275091424692        13.571148715995740        13.221295826139002        13.270005045042598        13.403260189802157        13.541733987716920        13.660947319673681        12.518031660738092        13.336325172220189        13.243152031489856        13.119387452478684        13.038197365642251        13.110339620576386        13.079537497117631        13.078632571578996        20.999436749342710        14.112443319147122     
   8784.7013187402881       -3.2336790000000000        1.7493958488344039        8.2715057000000005        1.0424200000000000E-002   13.192435791689745        13.231056947676359        13.073393688946807        13.308170656684785        13.229726171685295        13.273971170260202        13.404355654168336        13.577267530166177        13.231888003234941        13.278385708965031        13.410335579424762        13.548036237701913        13.666609015854897        12.531372174417745        13.347776539601858        13.252631832269065        13.127428879722006        13.044876497600926        13.115726566957507        13.083939198104206        13.082688230623601        21.057995796936318        14.132615594875459     
   8759.1910700567587       -3.2387850000000000        1.7660454474741811        8.2715609000000008        1.0423500000000000E-002   13.201379260266972        13.241095157460524        13.080259436826879        13.321310829478637        13.240344446380671        13.282181266463912        13.411272638390177        13.583252585348010        13.242189063818369        13.286570416826827        13.417246767183219        13.554192689447781        13.672146403919836        12.544406978713134        13.358933725257938        13.261847696888726        13.135283127632622        13.051409233534738        13.120950455042649        13.088247284218991        13.086667550238214        21.116313469688929        14.152278421772554     
   8734.4185638846611       -3.2437600000000000        1.7824555748032829        8.2716145000000001        1.0422900000000001E-002   13.210325650610251        13.251249267878411        13.087101469093458        13.334428546340519        13.251081179700780        13.290409687469147        13.418153367734643        13.589230298082047        13.252680567402610        13.294762061951708        13.424101469093458        13.560255654909660        13.677765219956957        12.557395391395659        13.370120054513361        13.271252585702921        13.143117568691356        13.057941033673643        13.125936023645014        13.092473069120743        13.090560769572487        21.171432522665395        14.171949466716288     
   8710.4381236155350       -3.2485879999999998        1.7988291706399058        8.2716660999999991        1.0422300000000001E-002   13.219139945337954        13.261305768783821        13.093844662281047        13.347364930568617        13.261713676208654        13.298529105729184        13.424937587760613        13.595128436258531        13.263096642429918        13.302849901687736        13.430844662281043        13.566198335081086        13.683365739876439        12.570186707558396        13.381160424736333        13.280603326237323        13.150844665189563        13.064392946421446        13.130752662145170        13.096605072016832        13.094360372746600        21.224974739630607        14.191340110721303     
   8686.3635117007034       -3.2534459999999998        1.8154410385296349        8.2717165999999995        1.0421700000000001E-002   13.227973731944646        13.271371306067726        13.100629203161484        13.360380365309036        13.272343430462827        13.306680582239176        13.431768746244453        13.601057266015646        13.273494431407274        13.310975758643162        13.437629203161487        13.572178604492153        13.689003062910574        12.583051031182285        13.392229028679163        13.289938338649458        13.158615718601487        13.070883769908351        13.135603039006954        13.100760825636124        13.098183036127219        21.280510898062445        14.210798443526242     
   8661.5376995110564       -3.2584659999999999        1.8327869805232138        8.2717661000000007        1.0421100000000001E-002   13.237063907834244        13.281715568708535        13.107637672753693        13.373828184600157        13.283254783127457        13.315083219057431        13.438830970044659        13.607175624097259        13.284151159876028        13.319358347187631        13.444637672753693        13.578357055333033        13.694828459261579        12.596337294838779        13.403623754925025        13.299506198412388        13.166640153942698        13.077587991203014        13.140616945446116        13.105050771970461        13.102130150399933        21.339647177424201        14.230851653122098     
   8635.5300544633010       -3.2637429999999998        1.8512958679778373        8.2718173000000004        1.0420499999999999E-002   13.246564143029223        13.292512063697282        13.114991376863044        13.387943058927467        13.294629331490148        13.323880671668006        13.446247163453199        13.613588457911360        13.295242174597808        13.328141728335714        13.451991376863040        13.584840513533022        13.700942710938390        12.610276702952879        13.415538248602365        13.309464197753270        13.175056735039048        13.084621468485095        13.145881091617822        13.109548149865189        13.106269089824876        21.403632843835439        14.251844436706419     
   8609.6797992240481       -3.2689970000000002        1.8703797216902391        8.2718661999999998        1.0419899999999999E-002   13.255990684538054        13.303209239399957        13.122319145507815        13.402006561008227        13.305884806178382        13.332626426904538        13.453643289753840        13.619972547861424        13.306198806685371        13.336880512403008        13.459319145507814        13.591302571854639        13.707038469824605        12.624159508445908        13.427364438286487        13.319302462814187        13.183439461381900        13.091629423351316        13.151131901932549        13.114028367651470        13.110393769153381        21.469299523414577        14.272701679222079     
   8582.8989613154718       -3.2744610000000001        1.8904525851332630        8.2719178000000007        1.0419200000000000E-002   13.265755071710334        13.314271310423770        13.129945747501747        13.416627641664341        13.317508196061926        13.341704166893695        13.461347265129422        13.626612560052852        13.317494701282040        13.345958401530872        13.466945747501750        13.598031527672521        13.713388650425983        12.638586791287601        13.439614858506619        13.329447914165449        13.192157430088773        13.098923085045538        13.156606735812655        13.118695973992953        13.114693809186736        21.539523722674748        14.294316399245591     
   8562.2716043685141       -3.2786810000000002        1.9070969137870581        8.2719555000000007        1.0418800000000001E-002   13.273234505159083        13.322737278432998        13.135803972203044        13.427884491681036        13.326394653569155        13.348667679455547        13.467269621799032        13.631704683183445        13.326116493113913        13.352927131211134        13.472803972203044        13.603197818530289        13.718263700323091        12.649689803769880        13.449009104749310        13.337189278014774        13.198855156202219        13.104523745704606        13.160807575819883        13.122268886313714        13.117984152999222        21.595091219249696        14.310928897527669     
   8536.8765259259308       -3.2838880000000001        1.9270712962086585        8.2720046000000007        1.0418200000000001E-002   13.282450321294817        13.333152149272969        13.143054155370852        13.441794584282082        13.337313057709444        13.357263786910824        13.474604170325357        13.638004278612001        13.336694222643096        13.361535760662495        13.480054155370851        13.609595491659917        13.724303408477581        12.663405058682521        13.460582315544485        13.346689858189983        13.207137566024024        13.111455475588556        13.166017260696165        13.126698137608962        13.122066169560206        21.665332462511984        14.331395523913642     
   8524.2661290106462       -3.2864749999999998        1.9380645640359269        8.2720239000000007        1.0418000000000000E-002   13.287000134556330        13.338291006128454        13.146640361590681        13.448693424223617        13.342696131236533        13.361512245112063        13.478234489213609        13.641115413185382        13.341902036206285        13.365792925928016        13.483640361590684        13.612758095142283        13.727288522117984        12.670204912073512        13.466302736820015        13.351365572186001        13.211235792872170        13.114883000804834        13.168590202868312        13.128880497808815        13.124076376992701        21.700926364242928        14.341534824377515     
   8516.8304195426008       -3.2880090000000002        1.9450531717738175        8.2720383000000002        1.0417800000000000E-002   13.289698142483960        13.341334369520158        13.148774026660096        13.452782091678273        13.345881703138797        13.364034517950923        13.480394850741504        13.642968007296385        13.344982377694844        13.368321113236430        13.485774026660099        13.614641903251016        13.729067740788384        12.674234523896398        13.469690992735213        13.354133024804145        13.213671205432984        13.116922919821384        13.170126394844868        13.130185453005101        13.125279902439384        21.722164818959119        14.347529567327062     
   8510.6552803411814       -3.2892800000000002        1.9509848428764829        8.2720509999999994        1.0417700000000000E-002   13.291923917892486        13.343845837596703        13.150533307635328        13.456165910685328        13.348510256685010        13.366115460008508        13.482176688690945        13.644493333990994        13.347522474158225        13.370407405198414        13.487533307635331        13.616193639008060        13.730532658795582        12.677568910104469        13.472489998906056        13.356413763122980        13.215680983911803        13.118604247037972        13.171389489416015        13.131255984565641        13.126266245881165        21.739919568192633        14.352493677901251     
   8503.1531263086690       -3.2908260000000000        1.9581035699594234        8.2720652000000001        1.0417500000000000E-002   13.294643072343288        13.346910714941714        13.152688389571299        13.460295822142903        13.351716134024333        13.368660022512532        13.484359649363736        13.646363534938708        13.350619581006573        13.372958999223027        13.489688389571302        13.618096515949262        13.732330118988568        12.681638288045502        13.475905569313618        13.359196371158038        13.218140275501764        13.120664505868888        13.172941752865796        13.132573651651480        13.127481692197627        21.761663278396806        14.358540199261785     
   8493.6624983307338       -3.2927860000000000        1.9666462877174389        8.2720839999999995        1.0417300000000001E-002   13.298209838130404        13.350941927699338        13.155462919910750        13.465625493041721        13.355986994580238        13.371959591677356        13.487155942520761        13.648771510455951        13.354759216888031        13.376256959470684        13.492456736641223        13.620576055257764        13.734613831332183        12.686900937155503        13.480368543695100        13.362904112273409        13.221307287116151        13.123300697705595        13.174940632546384        13.134299572907057        13.129023145499350        21.787411481482973        14.366439849876812     
   8482.2877261844769       -3.2951310000000000        1.9768965053386420        8.2721038000000000        1.0416999999999999E-002   13.302576345624868        13.355879485544417        13.158837970915599        13.472098960856162        13.361243809861225        13.375980123427549        13.490548864215999        13.651704058943480        13.359859601296034        13.380267813535951        13.495821856040394        13.623612039489778        13.737376687237511        12.693301103585295        13.485815809531172        13.367468763540696        13.225156078434310        13.126499185479172        13.177377220071975        13.136425904840383        13.130896866106976        21.817524504473912        14.376075524893484     
   8468.3149159733002       -3.2980260000000001        1.9891969443017381        8.2721315999999998        1.0416699999999999E-002   13.307918951399557        13.361919089799237        13.162974083352108        13.480046061190343        13.367666423593437        13.380902418571626        13.494707121358804        13.655296807420154        13.366083522741814        13.385176169563785        13.499947818723903        13.627331836424947        13.740758931450731        12.701160018219337        13.492481737692284        13.373039069543999        13.229871888062661        13.130418611681801        13.180358689715078        13.139030346608852        13.133193454004353        21.855171758884570        14.387895732036920     
   8456.9740894863789       -3.3003730000000000        1.9994448838667092        8.2721508999999998        1.0416500000000000E-002   13.312240512236116        13.366802718245122        13.166325701132546        13.486494786516673        13.372853459968933        13.384886668270955        13.498076879798759        13.658207578702420        13.371103991690216        13.389147438666452        13.503292859367846        13.630345711477570        13.743497202863210        12.707538662443707        13.497873879105978        13.377532675733615        13.233692181450788        13.133594539739502        13.182771671627226        13.141140614061428        13.135055850384770        21.886255548294908        14.397478665920023     
   8443.1985062745098       -3.3032309999999998        2.0117425730250060        8.2721782000000008        1.0416099999999999E-002   13.317515823130311        13.372756390010334        13.170433983226872        13.494369863204337        13.379166723403880        13.389756830537241        13.502207385462448        13.661780574579769        13.377208548701400        13.393999830752474        13.507395154227094        13.634043932657878        13.746858659669137        12.715330425994079        13.504445429574808        13.383001633995587        13.238367563630643        13.137489615434532        13.185738018949987        13.143743250760753        13.137359801365719        21.924701043512240        14.409149743758398     
   8432.1048851833239       -3.3055330000000001        2.0222185877334535        8.2721959999999992        1.0415900000000001E-002   13.321733226827829        13.377516583090729        13.173720499924572        13.500693643402068        13.384209328353711        13.393651645781786        13.505511962461847        13.664636179008438        13.382077983784162        13.397878734483475        13.510678444030999        13.637000371817104        13.749542329413314        12.721588544511951        13.509703368256078        13.387362710166398        13.242109015838151        13.140604608734650        13.188103492471823        13.145818988552326        13.139196919856102        21.956151118320285        14.418521482898621     
   8418.8738108917005       -3.3082880000000001        2.0347889506950940        8.2722224000000004        1.0415600000000001E-002   13.326769711982843        13.383196371351689        13.177657105986293        13.508257150989204        13.390217617869114        13.398307644781385        13.509470282224465        13.668059041895214        13.387873808862354        13.402513894533131        13.514613062965955        13.640543482504905        13.752758262850934        12.729075426974260        13.515976984730267        13.392556296274366        13.246586170244862        13.144336832101908        13.190939942399774        13.148313591931478        13.141409164342297        21.994285162741690        14.429709929129901     
   8408.5672126293521       -3.3104320000000000        2.0448466922194375        8.2722399000000006        1.0415400000000000E-002   13.330681204674768        13.387605898613693        13.180719678771201        13.514148330464195        13.394876733539547        13.401925985141659        13.512549912609312        13.670721565042715        13.392362941160108        13.406114595844070        13.517675489295499        13.643299667018759        13.755258203717531        12.734908176000900        13.520849227696161        13.396579376999725        13.250068270177138        13.147240348334304        13.193144269768524        13.150254415524344        13.143131722827462        22.024436877534391        14.438416922884901     
   8395.8563624535982       -3.3130869999999999        2.0569148122379191        8.2722651000000003        1.0415100000000000E-002   13.335510522869479        13.393045730680720        13.184511478020040        13.521432612435676        13.400616803800476        13.406397643219593        13.516362909520540        13.674020172344202        13.397887985667980        13.410562807554046        13.521468799004976        13.646713768862250        13.758354609571159        12.742121927369931        13.526859880631660        13.401533349882145        13.254375603835241        13.150836163902119        13.195876119447460        13.152664661768251        13.145274824218335        22.062188065561216        14.449164499565763     
   8384.4774300693534       -3.3154590000000002        2.0678727849186727        8.2722841000000003        1.0414900000000000E-002   13.339814134583937        13.397892403244283        13.187895160621890        13.527946615301166        13.405725129482642        13.410384726700753        13.519765731237188        13.676962500570715        13.402798754824763        13.414527314068375        13.524855416448800        13.649759482524642        13.761114353115440        12.748574210233057        13.532217720777231        13.405936362654428        13.258219056768196        13.154044568723814        13.198309497715114        13.154813282946813        13.147186194913656        22.096481498789281        14.458769963276476     
   8370.2802675127168       -3.3184320000000000        2.0810212275417705        8.2723112000000008        1.0414500000000000E-002   13.345207871188750        13.403959108980063        13.192152841180780        13.536114922896113        13.412108888191048        13.415388357913082        13.524047494219468        13.680669738550945        13.408929338635003        13.419500676488306        13.529118856023915        13.653595691887778        13.764591688505154        12.756667405770608        13.538922403964394        13.411438022817032        13.263048073534707        13.158083783022734        13.201379653099659        13.157532329888534        13.149611759603934        22.139987143040074        14.470783738128469     
   8358.0506759575765       -3.3209909999999998        2.0927210754519803        8.2723312999999994        1.0414300000000000E-002   13.349817623323402        13.409144462433714        13.195794437901936        13.543129656326448        13.417558957805943        13.419666373247102        13.527710026704652        13.683837365109055        13.414155353762892        13.423750748177808        13.532767278805240        13.656874408713184        13.767559420154528        12.763619111130870        13.544657507396662        13.416126373294096        13.267179771147665        13.161537388508185        13.203996627043585        13.159850567547741        13.151679429928988        22.178038324502992        14.481100491601337     
   8342.8224283237814       -3.3241900000000002        2.1067612457506386        8.2723603000000008        1.0413900000000000E-002   13.355580939328069        13.415619228448657        13.200365700307986        13.551906919847825        13.424352516943825        13.425022163182033        13.532307594092147        13.687818700947476        13.420662220678571        13.429069325446269        13.537349454422538        13.660994048899878        13.771289435268740        12.772320069891512        13.551817062759644        13.421969024907495        13.272358649704595        13.165874825566332        13.207289899597653        13.162776655417536        13.154296427592973        22.226242607941870        14.493975992912402     
   8330.3644111304147       -3.3268049999999998        2.1188643930936157        8.2723796000000007        1.0413700000000000E-002   13.360262544748068        13.420878480200592        13.204083265638896        13.559070139232155        13.429863602790174        13.429374970949606        13.536046884762744        13.691053852113779        13.425932397049447        13.433389696175862        13.541077937254993        13.664342342107076        13.774317006777107        12.779422649368929        13.557636733493180        13.426700192684251        13.276571105428243        13.169401310058490        13.209960164723913        13.165150496281761        13.156419794520485        22.266296077617799        14.504480690384785     
   8314.9185618455431       -3.3300570000000000        2.1333882156041519        8.2724083000000004        1.0413400000000000E-002   13.366048384895283        13.427450638048352        13.208545560225378        13.567852786128416        13.436839652805251        13.434699885266124        13.540534769510714        13.694937240083007        13.432657421007494        13.438684388387042        13.545561426396471        13.668351533821994        13.777936111916031        12.788119869638450        13.564876704292988        13.432730646479946        13.281689143504170        13.173638402130806        13.213138622181308        13.167944991922678        13.158888414068951        22.308085225942907        14.517832512492621     
   8302.6933868064971       -3.3326340000000001        2.1455118980624301        8.2724276000000003        1.0413100000000000E-002   13.370629120820777        13.432683526224427        13.212026449079826        13.574770449298367        13.442431112208652        13.438897901490893        13.544036694125513        13.697966392270985        13.438071163708226        13.442863317617803        13.549061699488053        13.671474043355765        13.780753498214484        12.794964881016593        13.570629602603507        13.437585285563461        13.285707940060341        13.176947427806962        13.215606661127193        13.170100683532691        13.160780471963367        22.337921433695332        14.528546706256041     
   8287.3751732918263       -3.3358690000000002        2.1600606927422077        8.2724557999999995        1.0412800000000000E-002   13.376350777747748        13.439219437341718        13.216380439705771        13.583427825254129        13.449410734620562        13.444150236456791        13.548419247978922        13.701751702663403        13.444825454452124        13.448091497016529        13.553439978672833        13.675376306707728        13.784272988911399        12.803531215610898        13.577821957183525        13.443644343901225        13.290735932080930        13.181088297340382        13.218685997180907        13.172788614028525        13.163140768201432        22.375866699296871        14.541950278045684     
   8274.9999533607188       -3.3384830000000001        2.1724663997043616        8.2724744999999995        1.0412599999999999E-002   13.380962565192414        13.444486665102337        13.219895837590249        13.590417465745100        13.455031864569188        13.448391182705331        13.551959516108154        13.704805499109407        13.450262366092323        13.452312733231226        13.556974998705618        13.678524591265750        13.787111654321167        12.810447294226401        13.583623463861693        13.448523945674063        13.294795839642378        13.184433307152750        13.221167077514950        13.174953480006240        13.165043115281813        22.406973147795554        14.552765277561468     
   8259.3714852657904       -3.3417979999999998        2.1873515519782312        8.2725033999999997        1.0412200000000000E-002   13.386815177375375        13.451164021243059        13.224374668926501        13.599280840407758        13.462150371399446        13.453786072117765        13.556472041395480        13.708698636486922        13.457145481699641        13.457682481228332        13.561478610540355        13.682537025249303        13.790732609682806        12.819217758979470        13.590980597651697        13.454708764166185        13.299962323574807        13.188699268356373        13.224333939663808        13.177720959367964        13.167481870417102        22.446886685430826        14.566448370646807     
   8246.7342556549684       -3.3444750000000001        2.2000904228891622        8.2725223000000003        1.0411999999999999E-002   13.391595486740544        13.456632216906767        13.228015586294523        13.606512191271692        13.467994736898069        13.458189358642825        13.560151008939057        13.711884365905183        13.462810595831071        13.462076968780805        13.565149978008717        13.685797073075912        13.793685668066606        12.826362086112232        13.597023257292316        13.459788379727874        13.304169248850831        13.192186615916958        13.226917592319415        13.179958925662730        13.169454079447073        22.478097193278103        14.577643914859740     
   8230.6285058558042       -3.3479009999999998        2.2153771551608443        8.2725513999999993        1.0411600000000000E-002   13.397993089108686        13.463987379286861        13.232837818684542        13.616079518040264        13.475907961961452        13.464059111320330        13.565053235711607        13.716195405077526        13.470543117575508        13.467976540456034        13.570047291113314        13.690123774577083        13.797657601990990        12.835775029606074        13.605186271785852        13.466685716365069        13.309745524613083        13.196869425769320        13.230415367309901        13.182932765481079        13.172084276001447        22.513267310264325        14.592526705551338     
   8217.4297494578514       -3.3507080000000000        2.2284861532000950        8.2725708999999998        1.0411399999999999E-002   13.403209107441576        13.469983198540184        13.236775095136970        13.623900947321658        13.482351294382340        13.468849911666496        13.569053614896887        13.719706592850113        13.476838122312611        13.472789547376852        13.574043857466918        13.693650277158991        13.800893565552812        12.843469940888582        13.611842112794015        13.472298761448606        13.314296060628934        13.200685503189725        13.233260284321950        13.185348117989882        13.174220660530672        22.542929653110292        14.604689164584073     
   8200.4748308635953       -3.3543270000000001        2.2442162683530595        8.2726009000000005        1.0411100000000000E-002   13.409918221512925        13.477687558789714        13.241857750196484        13.633967191813138        13.490617579960311        13.475022516296910        13.574214088180682        13.724232473333544        13.484913591960424        13.478987731939537        13.579199713118971        13.698199069587307        13.805069427420900        12.853373662312954        13.620391652079029        13.479501435036727        13.320160310588765        13.205603327788189        13.236930591063274        13.188466312730259        13.176984039960534        22.582199588290461        14.620312166055218     
   8187.2678735022164       -3.3571420000000001        2.2579391041045311        8.2726193000000006        1.0410800000000000E-002   13.415157878760798        13.483697385605872        13.245843136774340        13.641829917954684        13.497054996366966        13.479851841223645        13.578257564439848        13.727776787640067        13.491202122927803        13.483834686123377        13.583239816561925        13.701763783687415        13.808343853004441        12.861109791844459        13.627057755111441        13.485112658087754        13.324749694399486        13.209453175420347        13.239808670414266        13.190914122734746        13.179158198846565        22.613695027110271        14.632487820308395     
   8170.4316266713922       -3.3607510000000000        2.2744073064496435        8.2726485000000007        1.0410500000000000E-002   13.421819919566712        13.491334836320686        13.250922249083938        13.651845995864811        13.505224738006827        13.486000403981873        13.583407521472797        13.732284296275552        13.499181792489285        13.490002810299057        13.588385751033563        13.706300501699506        13.812510800815492        12.870964484227535        13.635529182249474        13.492232098308129        13.330592662723127        13.214350463945475        13.243467170415169        13.194023814715869        13.181922548181120        22.654974032094675        14.647982583711382     
   8156.5593384719677       -3.3637229999999998        2.2875503403922495        8.2726700999999991        1.0410200000000000E-002   13.427319918520466        13.497633112304660        13.255131507290303        13.660118159440335        13.511950785935502        13.491085424270958        13.587672450605057        13.736014704105381        13.505750971862993        13.495101494564599        13.592647605738390        13.710057696533342        13.815963550196271        12.879103673597767        13.642512400400426        13.498095208346085        13.335426147359820        13.218402278426735        13.246498270646368        13.196602492398723        13.184219611492376        22.689954538944320        14.660752424147544     
   8139.8612110290333       -3.3673080000000000        2.3033211403762954        8.2726957999999993        1.0409900000000000E-002   13.433927260053725        13.505194861932303        13.260201368331721        13.670072648806087        13.520014502235622        13.497202962466844        13.592806085360642        13.740498743669018        13.513625564903688        13.501232541313286        13.597777826372660        13.714577230703473        13.820116902876411        12.888898101393661        13.650895960648473        13.505123153957083        13.341241215765926        13.223273490509609        13.250140843803038        13.199700197389387        13.186981859140484        22.733198119732247        14.676101052477211     
   8120.5042876923908       -3.3714719999999998        2.3222464536458385        8.2727252000000000        1.0409600000000000E-002   13.441576318544135        13.513941435452059        13.266090271477418        13.681615873353620        13.529325271850920        13.504297500672228        13.598764490274666        13.745695659023388        13.522716686424635        13.508338722246696        13.603732666871805        13.719819736768406        13.824935306856558        12.900255778217508        13.660591569652974        13.513237263155728        13.347985540341439        13.228919630172184        13.254362710248385        13.203290046083472        13.190187654776244        22.784889893687414        14.693870330759212     
   8095.7669911423154       -3.3768140000000000        2.3449578832492306        8.2727641999999992        1.0409099999999999E-002   13.451375196252958        13.525129045998341        13.273674332923584        13.696413288766735        13.541206250906583        13.513408467598627        13.606430453812628        13.752375256262741        13.534316326187046        13.517458294359425        13.611394689615878        13.726564539360322        13.831138733140371        12.914816071801646        13.672986333882996        13.523595266577058        13.356649600927735        13.236173948136749        13.259796875404767        13.207915900271097        13.194330244243865        22.853434058725902        14.716582236748557     
   8076.9240670124782       -3.3808910000000001        2.3652227690835690        8.2727924000000002        1.0408799999999999E-002   13.458821882337045        13.533623131019745        13.279459993674010        13.707684029020946        13.550207661141329        13.520346776322757        13.612273292881476        13.757456805120249        13.543102943275194        13.524398434596076        13.617234995361201        13.731700987333149        13.835863259875879        12.925906191322952        13.682395672883377        13.531441333708983        13.363247988474299        13.241693753139089        13.263930225329890        13.211433080130803        13.197484981781841        22.907478286250125        14.733849846962620     
   8050.6509971498053       -3.3865919999999998        2.3895417592360082        8.2728368999999997        1.0408199999999999E-002   13.469242187730984        13.545488810629074        13.287601866524852        13.723460136981728        13.562750688420088        13.530080774247132        13.620487372744321        13.764595054599489        13.555345788978446        13.534128180234298        13.625446209925702        13.738923325816096        13.842511915678372        12.941430456146144        13.695531350312077        13.542380293661015        13.372508738845497        13.249443763626019        13.269747094208022        13.216390122949605        13.201944869507038        22.985548404227124        14.757941780497983     
   8036.4084198492565       -3.3896899999999999        2.4052526246704784        8.2728567000000002        1.0408000000000001E-002   13.474864556364135        13.551887378350997        13.292007418163244        13.731997550089449        13.569501790749449        13.535342078313587        13.624928407791547        13.768445885322759        13.561933807191640        13.539383858286996        13.629886029843682        13.742823419036657        13.846101339256219        12.949831345605368        13.702615400245111        13.548265156102840        13.377513850970988        13.253626569455694        13.272881930641969        13.219058528590153        13.204347749104738        23.029140557710026        14.770964806939293     
   8017.6298075485192       -3.3937870000000001        2.4241069157440895        8.2728883999999994        1.0407599999999999E-002   13.482305646455572        13.560344014893001        13.297863796329096        13.743294532347942        13.578407547688784        13.542318892746238        13.630827637397061        13.773559442711857        13.570624181902197        13.546349702821551        13.635784003513614        13.748005873334215        13.850874532755679        12.960948323598423        13.711972611946297        13.556032376167082        13.384153255170432        13.259178195171707        13.277051847705295        13.222613095480295        13.207556525559585        23.088048151843687        14.788152118585558     
   8003.9248070578515       -3.3967779999999999        2.4386330480823033        8.2729090000000003        1.0407400000000001E-002   13.487716867010146        13.566490744349657        13.302132590901497        13.751528863191247        13.584870752099178        13.547399746871001        13.635124882232827        13.777277892831485        13.576929922367100        13.551419990957982        13.640080593319404        13.751777441515671        13.854347666190165        12.969051283789483        13.718774300892328        13.561667215962967        13.388988134037497        13.263216620183861        13.280081864433804        13.225193766117751        13.209887906533503        23.132022147278015        14.800668075178599     
   7985.4243547079059       -3.4008289999999999        2.4560644944081349        8.2729394000000003        1.0407000000000000E-002   13.495394800425981        13.575269003989799        13.308103336587290        13.762968068106755        13.594288992374896        13.554519909805659        13.641131841765265        13.782478816370308        13.586132071246208        13.558548102459060        13.646038995415864        13.757099878824594        13.859275403448827        12.980368573539447        13.728463701464324        13.569876936450587        13.395806302598778        13.268871401324116        13.284346895110261        13.228793979226342        13.213120174335476        23.183386209587123        14.818239219514130     
   7971.1686901480507       -3.4039530000000000        2.4716334918556395        8.2729586000000008        1.0406800000000001E-002   13.501359912292921        13.582094940531585        13.312725365261125        13.771833569024979        13.601643475197116        13.560034069449964        13.645784112465785        13.786508045656442        13.593309155799220        13.564073133595203        13.650643705292724        13.761230274062525        13.863103322733560        12.989151387267215        13.736002895811124        13.576276075370822        13.401101054768317        13.273252490976249        13.287648807906153        13.231571816606246        13.215612209436882        23.222183817032921        14.831881875571769     
   7952.0847510394515       -3.4081470000000000        2.4903157605712511        8.2729894999999996        1.0406400000000000E-002   13.509372247097405        13.591243897134420        13.318953283460212        13.783749835889898        13.611483874712293        13.567447844610188        13.652056169409031        13.791949731676050        13.602896316726914        13.571501098692883        13.656851743922358        13.766803718406360        13.868271862739702        13.000956580118244        13.746114734638761        13.584829877692004        13.408232105316687        13.279161537839029        13.292109536515747        13.235331333470468        13.218996433197988        23.275800534173278        14.850157033436853     
   7938.2541663916800       -3.4111899999999999        2.5053453802039414        8.2730080000000008        1.0406200000000001E-002   13.515159701752772        13.597843799930182        13.323457266047868        13.792381821952240        13.618573307428584        13.572805197812560        13.656594756711684        13.795889148805948        13.609790932699461        13.576868459890520        13.661343691308950        13.770835999664619        13.872010708138838        13.009507797285220        13.753418238307617        13.590981368565181        13.413392423991418        13.283437038226207        13.295332774318737        13.238046662230886        13.221444997932039        23.315813015625523        14.863371407973798     
   7919.5590253503433       -3.4153150000000001        2.5233781925487357        8.2730378000000009        1.0405800000000000E-002   13.523009123878575        13.606776371541029        13.329584753666806        13.804096538265371        13.628152182953039        13.580078146791928        13.662772508763327        13.801260512869300        13.619091413019833        13.584154586151682        13.667458067462343        13.776329382879469        13.877107466076987        13.021112968045275        13.763309576914915        13.599285061717138        13.420409536701138        13.289259186712721        13.299729084402566        13.241756769955424        13.224801489246106        23.371503524235415        14.881245605872179     
   7903.1277109997000       -3.4189440000000002        2.5388529582107449        8.2730609000000008        1.0405500000000000E-002   13.529896625488794        13.614601555024306        13.334971179019702        13.814400613493925        13.636530743335198        13.586463660871845        13.668206427193491        13.805989012959914        13.627210982367368        13.590551334002226        13.672835968661973        13.781161801433756        13.881591297318119        13.031320417363352        13.771984749991285        13.606535867898414        13.426580157340846        13.294380559788101        13.303593948675948        13.245018873141555        13.227759414177411        23.421929762837507        14.896930299966600     
   7883.2808676666409       -3.4233400000000000        2.5574231171756110        8.2730894999999993        1.0405200000000000E-002   13.538201979941304        13.624021668210153        13.341478819560654        13.826856804201624        13.646600993171544        13.594168510990931        13.674775564072560        13.811710255154123        13.636950569151976        13.598269325841462        13.679337049198336        13.787004414802849        13.887012881054217        13.043659461259599        13.782440658833396        13.615235237416284        13.434037869254295        13.300572191804646        13.308263756880278        13.248961053265747        13.231342440313048        23.484688102309377        14.915844464566126     
   7859.4471874809988       -3.4286360000000000        2.5797067648919811        8.2731218999999996        1.0404800000000001E-002   13.548182810995458        13.635315395878708        13.349323081167308        13.841857139057881        13.658649026235581        13.603436652154224        13.682699650276094        13.818622119728461        13.648575720501311        13.607552624405946        13.687178830700011        13.794056037117580        13.893558916869450        13.058518488833434        13.794991450602661        13.625624418233370        13.443027186602253        13.308042943684848        13.313900998107735        13.253725124605326        13.235687144630864        23.562752831188526        14.938540584124938     
   7832.0418603649432       -3.4347379999999998        2.6047773805281795        8.2731572999999994        1.0404399999999999E-002   13.559645209263550        13.648252648741543        13.358358776310265        13.859138254588110        13.672417976842610        13.614090955582522        13.691835189104093        13.826601836965263        13.661823628613771        13.618223513654499        13.696218946389280        13.802188373428798        13.901109926495813        13.075636271844544        13.809391948029216        13.637468949087541        13.453385098480258        13.316657219115676        13.320398934015408        13.259219882916572        13.240715785138221        23.656134239269527        14.964590553149272     
   7804.8219494697605       -3.4408219999999998        2.6299065692761849        8.2731917999999993        1.0404000000000000E-002   13.571028899351560        13.661064384475583        13.367364005799065        13.876351061968908        13.686018046108671        13.624684093379908        13.700948113214782        13.834575324546666        13.674869350077426        13.628832231032465        13.705236258918116        13.810304892392704        13.908649080524579        13.092685947737305        13.823675873384243        13.649139649076407        13.463709480686717        13.325252416543702        13.326883581347293        13.264709033875651        13.245759006140123        23.752729873708599        14.990427985104130     
   7778.0548245707005       -3.4468239999999999        2.6558187982494719        8.2732270999999997        1.0403600000000001E-002   13.582222944923434        13.673626936809637        13.376250093419802        13.893325613663148        13.699319152111265        13.635112480553783        13.709948381604850        13.842463438358337        13.687589545254550        13.639275067330818        13.714141697737254        13.818325346587027        13.916101808068138        13.109499193851128        13.837704433620299        13.660526025912620        13.473898477038972        13.333743586688751        13.333291036977943        13.270138423885449        13.250766421312004        23.851458918325815        15.015801210481989     
   7752.2719611176808       -3.4526249999999998        2.6814804055469268        8.2732618000000002        1.0403100000000000E-002   13.593027737153225        13.685716365688133        13.384860819967937        13.909743708829620        13.712085595815214        13.645190792404900        13.718676847894830        13.850128448186386        13.699762890599622        13.649366475158114        13.722778059544577        13.826110041571312        13.923339683792907        13.125761079146510        13.851223129631659        13.671431785622385        13.483769529711292        13.341981688795705        13.339514290667008        13.275420398514026        13.255657435260993        23.950086275424187        15.040231802746518     
   7726.8058509570210       -3.4583789999999999        2.7067632131398875        8.2732966000000001        1.0402700000000001E-002   13.604250205364330        13.698525740886002        13.393706604532088        13.926594553379857        13.725742972247328        13.655752393735206        13.727578702253432        13.858079753542523        13.713058351703243        13.659869073265288        13.731663689438196        13.834163822898272        13.930928433429120        13.142380445836547        13.865469394044883        13.683314921889409        13.493824044452953        13.350483306948650        13.346081736756215        13.280965702443172        13.260508006400475        24.026013449271407        15.065562990771298     
   7702.0263484427978       -3.4639910000000000        2.7314083844601793        8.2733304000000008        1.0402300000000000E-002   13.615204865856503        13.711032473697474        13.402393667518369        13.943113039456827        13.739048464400257        13.666097550759700        13.736308776629054        13.865901570811262        13.726026470405179        13.670142489019129        13.740384411156947        13.842090389822951        13.938410336202731        13.158667098510294        13.879390902401054        13.694894055246577        13.503647943234766        13.358845636291912        13.352566315509632        13.286448277161730        13.265277568553545        24.099693395387987        15.090323139448730     
   7677.6798747097264       -3.4695250000000000        2.7556089251298417        8.2733641999999996        1.0401900000000000E-002   13.626017747504955        13.723477138377346        13.410815826963416        13.959240748711233        13.752439487595447        13.676174889364178        13.744774966940854        13.873488891541223        13.739200447221444        13.680181832176123        13.748841388510913        13.849801988574884        13.945669491996407        13.174571239341878        13.893197906466911        13.706622775798644        13.513151300909298        13.366992982314438        13.358826891945293        13.291723675021936        13.269700446983025        24.161276527429493        15.114843874734950     
   7652.5997633583875       -3.4752420000000002        2.7798709738037295        8.2733977000000003        1.0401499999999999E-002   13.637196970400144        13.736377440585731        13.419459250656583        13.975809108287830        13.766385649767070        13.686541502068888        13.753465753778233        13.881265182375998        13.752968370549869        13.690532839133741        13.757522881513964        13.857714641530787        13.953096912366242        13.190910512472428        13.907482104433317        13.718881753268331        13.522908719214630        13.375364812945641        13.365223901220975        13.297104423566086        13.274151015847455        24.222442333141966        15.140155361349457     
   7630.2540839134190       -3.4803530000000000        2.8034764067046507        8.2734258999999994        1.0401199999999999E-002   13.647158419818206        13.747852758605029        13.427188854118105        13.990586146429026        13.778770767015240        13.695799686246220        13.761236948922951        13.888208145954417        13.765181857838884        13.699782592670944        13.765285770029260        13.864779091645216        13.959717457448351        13.205482841734460        13.920189182581657        13.729770350862873        13.531636982977377        13.382845098988392        13.370933082426264        13.301907530667565        13.278144947062680        24.280588159689536        15.162653763755687     
   7603.8405276159683       -3.4864109999999999        2.8290403638641530        8.2734620000000003        1.0400700000000001E-002   13.658979277364104        13.761439309646686        13.436404956302397        14.008116185218739        13.793405988512227        13.706814447737784        13.770501461597881        13.896477339363237        13.779598641762931        13.710794041503078        13.774540442501227        13.873191875481485        13.967591478525748        13.222770165028201        13.935230179857847        13.742644801095814        13.542040972314581        13.391757587223573        13.377737991010715        13.307640678999547        13.282945391787123        24.353800979361900        15.189227565102712     
   7583.6625504942258       -3.4910510000000001        2.8510336279842412        8.2734868000000006        1.0400400000000001E-002   13.668003793888298        13.771795331059847        13.443464024979138        14.021514560001977        13.804543545482352        13.715241587702673        13.777596970743867        13.902800569015996        13.790557952011659        13.719223495058822        13.781628410193322        13.879624791256616        13.973602561569122        13.235982588049973        13.946696174898003        13.752443212327458        13.550012925054782        13.398578202338294        13.382938296807245        13.312021687671804        13.286631260919181        24.412959210349158        15.209473892909218     
   7553.9133711832019       -3.4979209999999998        2.8774267863189960        8.2735263999999997        1.0400000000000000E-002   13.681318191704309        13.787045417093074        13.453919190505529        14.041297057437250        13.820915007361913        13.727704309362176        13.788104988065188        13.912151170330441        13.806648675426581        13.731697285984874        13.792125282265763        13.889137092822095        13.982476758372668        13.255490070014181        13.963580939711425        13.766849751832586        13.561822551974815        13.408671524489177        13.390626541074392        13.318501148541914        13.292113268261973        24.505302872969843        15.239256598715402     
   7540.8968460815768       -3.5009280000000000        2.8955055886365124        8.2735391000000007        1.0399800000000001E-002   13.687155725023446        13.793719623648057        13.458520152681045        14.049972123743592        13.828068242386072        13.733180135574313        13.792728755529380        13.916261439864593        13.813672330143946        13.737180813428280        13.796744158328574        13.893318112860500        13.986372507830621        13.264044486002780        13.970969737144200        13.773146762210422        13.567019359495335        13.413110296191560        13.394006901983639        13.321352277437127        13.294538260215544        24.547632667876890        15.252271148888182     
   7520.1239693269536       -3.5057469999999999        2.9171982600321682        8.2735673999999992        1.0399500000000001E-002   13.696476334413184        13.804362524192758        13.465885496518993        14.063830188237496        13.839461073895620        13.741937182741907        13.800130068606485        13.922834411156806        13.824849915553937        13.745953775626553        13.804137656920638        13.900003980604897        13.992595492706492        13.277709594303960        13.982752156115904        13.783177641556097        13.575339643548894        13.420211957692160        13.399411842614576        13.325912231402700        13.298431086026309        24.617611609546039        15.273009215416771     
   7503.7265647495615       -3.5095589999999999        2.9330699060025798        8.2735871000000003        1.0399200000000001E-002   13.703854261963933        13.812772980713966        13.471735830330616        14.074797950149225        13.848450789629648        13.748882213496863        13.806008439066915        13.928051176883017        13.833662349036949        13.752914498338175        13.810009845448604        13.905309860885108        13.997529351163898        13.288524688968046        13.992061383096271        13.791096133542823        13.581947286284869        13.425849917133711        13.403703818984681        13.329536837144360        13.301540340966774        24.674967750952518        15.289368385768892     
   7483.1766943979401       -3.5143469999999999        2.9521171355068381        8.2736119000000006        1.0398900000000001E-002   13.713593302591473        13.823979840065061        13.479272538317037        14.088844337525178        13.860661365142427        13.757863865831080        13.813577732110634        13.934732695847853        13.845643677104505        13.761962142489235        13.817575605015644        13.912105182863854        14.003807758436917        13.302397596461972        14.004375696740180        13.801901461150134        13.590520642809761        13.433106746882185        13.409103370928317        13.334138006127855        13.305541726450766        24.729169384094828        15.310662875119849     
   7458.4056464624337       -3.5201349999999998        2.9749722352130066        8.2736403999999997        1.0398599999999999E-002   13.725453841241514        13.837631406424450        13.488431920946816        14.105877656515482        13.875567223677635        13.768776219130018        13.822776395742636        13.942841043247427        13.860258963671093        13.772948077554673        13.826770512371738        13.920351895457401        14.011430895947701        13.319233166002910        14.019370352913342        13.815082887584719        13.600945197995578        13.441919921828166        13.415645955531616        13.339723103926623        13.310426546241828        24.791619608980646        15.336505470739993     
   7431.7313168358714       -3.5263900000000001        2.9994615073660014        8.2736701000000004        1.0398200000000000E-002   13.738240948409466        13.852311531248201        13.498354672279770        14.124279284799005        13.891555317631589        13.780574652682507        13.832742271620067        13.951624939012827        13.875915939064061        13.784802092443851        13.836731509605119        13.929285613085785        14.019708906530749        13.337430554263459        14.035514166336142        13.829196641879843        13.612220794081058        13.451461958393292        13.422759587793205        13.345798608467213        13.315764536701696        24.861848617401652        15.364305321784556     
   7407.7957612702139       -3.5320220000000000        3.0243236759405510        8.2736956999999993        1.0397900000000000E-002   13.749702123482527        13.865439909253295        13.507284736005031        14.140817621750893        13.905819679954623        13.791177229917109        13.841711763405426        13.959526847267123        13.889867092082801        13.795433671476166        13.845695885705394        13.937322691622432        14.027171525903713        13.353793304468423        14.049971313026914        13.841763741213098        13.622356378887018        13.460043421103299        13.429176669556048        13.351277913776228        13.320596677404405        24.927470935578690        15.389199316026270     
   7378.4136657761655       -3.5389590000000002        3.0528761700313107        8.2737294000000006        1.0397500000000000E-002   13.763777032922052        13.881520721269547        13.518303184828190        14.161175468532358        13.923246263477724        13.804235064459283        13.852779557263455        13.969275146212352        13.906888403696660        13.808500127854662        13.856756439507171        13.947237863984510        14.036399533633636        13.373945545611610        14.067703102805728        13.857086986541626        13.634843769127029        13.470624931761995        13.437120313527460        13.358062337464863        13.326605575612023        25.011416932197072        15.419713798626011     
   7354.7175707902079       -3.5445750000000000        3.0766228480626614        8.2737563999999999        1.0397200000000001E-002   13.775122721144529        13.894451472757106        13.527224542248804        14.177628806374097        13.937223235147529        13.814790133940926        13.861741474487554        13.977165697168717        13.920521826317033        13.819040496630679        13.865711745018105        13.955263759124298        14.043885692669219        13.390241043587030        14.081981282312297        13.869351701437838        13.644941049677891        13.479186670429998        13.443569916575465        13.363570587868635        13.331503556713658        25.081829033331452        15.444277686719348     
   7329.5784914072565       -3.5505490000000002        3.1019835386547685        8.2737847000000002        1.0396900000000001E-002   13.787154769637123        13.908133226951449        13.536724307139352        14.195119157586809        13.951976737366259        13.826012336004567        13.871285017632466        13.985565588206725        13.934894549594013        13.830225974521586        13.875247517207256        13.963807984734210        14.051871411822500        13.407571729585989        14.097108082828516        13.882273104092498        13.655679803066548        13.488297856762898        13.450455231096218        13.369450921611623        13.336751270761184        25.159175650555689        15.470293826923236     
   7305.3495313968388       -3.5563289999999999        3.1271154511982777        8.2738124000000006        1.0396499999999999E-002   13.798773673124398        13.921311047782929        13.545941260241122        14.212037333772404        13.966150313481894        13.836878872210487        13.880544895302961        13.993716360696375        13.948685243242604        13.841036539093192        13.884499164434661        13.972098597632627        14.059637471226029        13.424343607350909        14.111693795899487        13.894665737770413        13.666082561911860        13.497133422851693        13.457160015854551        13.375180973796137        13.341886032751226        25.236327564341561        15.495352491992012     
   7281.3850874067612       -3.5620660000000002        3.1524949129773878        8.2738396000000005        1.0396200000000000E-002   13.810245069837862        13.934294346175228        13.555074260374401        14.228787422693635        13.980082582353926        13.847633303710019        13.889721060316511        14.001788907424462        13.962223462530780        13.851715748406043        13.893666472068681        13.980310167016942        14.067343466448136        13.440956320058454        14.126084259045278        13.906821856553062        13.676380380126066        13.505882562399925        13.463815634238436        13.380866580585948        13.346996777647920        25.315109981404234        15.520080196485232     
   7253.3895119997296       -3.5687880000000001        3.1789247861359620        8.2738709000000004        1.0395800000000000E-002   13.823655582164271        13.949433297277341        13.565800050744663        14.248411531220157        13.996284899734299        13.860240485128529        13.900498172401754        14.011268420069271        13.977946111663087        13.864210046878583        13.904432331765513        13.989952983678361        14.076412349405459        13.460429169880001        14.142885523040331        13.920930798425779        13.688456795082168        13.516151565359511        13.471656581901932        13.387566896682628        13.353043075113277        25.410294137849817        15.548930652248259     
   7233.2920426537657       -3.5736289999999999        3.2018111366251860        8.2738917999999995        1.0395600000000000E-002   13.833815085132851        13.961033370118695        13.573667279903503        14.262860155758354        14.008988403977472        13.869620591715137        13.908460336712483        14.018298234339955        13.990455119991388        13.873628475957489        13.912332991799740        13.997113944216384        14.083142740359058        13.474682313337652        14.155745259853713        13.932156492035826        13.697397788917378        13.523657461469721        13.477458978673891        13.392470616394856        13.357335478829874        25.463183007518747        15.570590501469120     
   7201.8653946938603       -3.5812290000000000        3.2292747132148816        8.2739271999999993        1.0395200000000000E-002   13.849866852507475        13.979357478095114        13.586090896220927        14.285658646591379        14.029085876270472        13.884404651363294        13.921049771005542        14.029458563969399        14.010269930036529        13.888511934460400        13.924811284244484        14.008474044828152        14.093822297537386        13.497137637401842        14.176076722824781        13.949953597874206        13.711504281432131        13.535516227719746        13.486664151356827        13.400275016436677        13.364136552885810        25.541334777092899        15.604752156348766     
   7187.9161128827827       -3.5846089999999999        3.2478575336822733        8.2739396000000003        1.0395000000000000E-002   13.856984720172850        13.987463510504419        13.591631245132906        14.295813473882095        14.037951305178989        13.890968268735044        13.926663330161059        14.034449445813170        14.018997846592633        13.895118891715232        13.930376299295393        14.013549584112578        14.098596135075766        13.507136520507945        14.185081787907148        13.957797962705090        13.717778801932958        13.540809880402868        13.490779920165398        13.403781064534712        13.367197277121573        25.576343635086371        15.619903709860175     
   7164.6338401528701       -3.5902710000000000        3.2701568446708524        8.2739659999999997        1.0394700000000000E-002   13.868842002266453        14.000942110457890        13.600900534639036        14.312797113325660        14.052659510924714        13.901911920614571        13.936054268101115        14.042817131668523        14.033460103514065        13.906133836290730        13.939687278469227        14.022053071012747        14.106596608826928        13.523854925289646        14.200071841307951        13.970801987994809        13.728255906464588        13.549672935542835        13.497677103036414        13.409677100758371        13.372350016821331        25.635201813072001        15.645162802617206     
   7153.4245361984067       -3.5929980000000001        3.2872141095638336        8.2739750000000001        1.0394600000000000E-002   13.874534266720522        14.007402462243340        13.605366915719602        14.320983401835603        14.059694892945108        13.907169495182574        13.940578980239922        14.046856298958117        14.040369699310352        13.911425252504314        13.944173977944073        14.026155167888588        14.110456749599527        13.531911300680134        14.207264812350969        13.977016874840229        13.733295975243164        13.553946187571425        13.501003831747200        13.412529171579008        13.374844245550888        25.663722120727591        15.657304616056086     
   7133.0620182357352       -3.5979749999999999        3.3076823261975261        8.2739981999999994        1.0394300000000000E-002   13.884887700885113        14.019130426986543        13.613526794325463        14.335909879187387        14.072439386415844        13.916741745655361        13.948844410570022        14.054251620478919        14.052873529995555        13.921058205735839        13.952371149633169        14.033660728177946        14.117523196207973        13.546598114860682        14.220331691006795        13.988270927479132        13.742484959846038        13.561759331662447        13.507097657337749        13.417773006400235        13.379438006972553        25.715877444117691        15.679368819432145     
   7118.1477774212763       -3.6016240000000002        3.3241161066740825        8.2740129000000007        1.0394100000000000E-002   13.892457097010537        14.027689573038097        13.619516903007321        14.346863884656317        14.081720019723464        13.923745992831806        13.954911503002068        14.059691098847319        14.061967878257862        13.928106261715991        13.958388903816148        14.039177612484957        14.122718770061182        13.557373571628267        14.229878183822317        13.996459903878959        13.749218173905307        13.567498821166504        13.511577828620299        13.421640619991235        13.382829497181069        25.754335626752855        15.695511678438345     
   7095.9900850277099       -3.6070650000000000        3.3438372847714519        8.2740367999999993        1.0393899999999999E-002   13.903667396109384        14.040343779669882        13.628423562144789        14.363157179800833        14.095410197071452        13.934127557216733        13.963932014938266        14.067794352734786        14.075365706960653        13.938551902827065        13.967337142107453        14.047390656496425        14.130454961775008        13.573396911789334        14.244009627775863        14.008528261758915        13.759212198799496        13.576038369891865        13.518246484024509        13.427414857101731        13.387896366867029        25.811861086851657        15.719452899542080     
   7084.0399222458509       -3.6100010000000000        3.3619669915005588        8.2740459000000008        1.0393800000000000E-002   13.909704166358852        14.047146101025321        13.633239131383201        14.371962684982494        14.102753353009037        13.939722833986112        13.968808740566638        14.072183858072991        14.082543412544377        13.944181228583348        13.972175394929488        14.051836789094681        14.134644151716236        13.582054485887694        14.251613861188554        14.014996714261054        13.764605966128629        13.580658529979404        13.521857573422286        13.430551309254133        13.390651337629629        25.843086978701322        15.732352847127588     
   7061.9233593094077       -3.6154579999999998        3.3837233850402844        8.2740703000000000        1.0393500000000000E-002   13.920886607556287        14.059742909701786        13.642175506334397        14.388290518509731        14.116340662491535        13.950087546750858        13.977856217152208        14.080347213789551        14.095820337393974        13.954612010679053        13.981154083999531        14.060099520352317        14.142432221723134        13.598105132195613        14.265692695108033        14.026968110346790        13.774604943199318        13.589239550295659        13.528575125737305        13.436404494269986        13.395797856190473        25.901233172990970        15.756294667550570     
   7049.9331682694637       -3.6184219999999998        3.4004543978821022        8.2740801000000008        1.0393299999999999E-002   13.926948549308614        14.066707357995542        13.646870377867488        14.396969675129037        14.123977230512667        13.955644111641414        13.982599549789105        14.084638504142331        14.103349579073987        13.960228853846770        13.985871099453620        14.064438771469254        14.146517129420518        13.606639552486799        14.273386189929886        14.033747904215369        13.779923974355826        13.593752377292565        13.532105991622876        13.439470767162701        13.398480283127165        25.932902510965157        15.769708842650703     
   7029.1045013618623       -3.6235830000000000        3.4205300175037703        8.2741027000000003        1.0393100000000001E-002   13.937441887432669        14.078754230242787        13.655015313980154        14.412021196689999        14.137170928869477        13.965283389487080        13.990824727418016        14.092071926685492        14.116348244924044        13.969964583367076        13.994054087220835        14.071955508680048        14.153593323730384        13.621444005841425        14.286699417769285        14.045453319744510        13.789155373305746        13.601577191139171        13.538233234827743        13.444797000905865        13.403153990570708        25.989203933609616        15.793006330951968     
   7015.1829250841784       -3.6270389999999999        3.4375008908692100        8.2741161000000005        1.0392900000000000E-002   13.944464752602306        14.086805353229545        13.660487260563643        14.422099338948778        14.145973814076997        13.971752358852159        13.996347534587356        14.097060878427966        14.125014633787876        13.976492170008351        13.999551177150922        14.077000146727629        14.158344398432392        13.631360078824949        14.295596963971571        14.053261456455511        13.795355080520610        13.606832404994970        13.542359554464086        13.448392199182246        13.406323168709720        26.027781289054758        15.808610514899813     
   6992.9592904509082       -3.6325750000000001        3.4578672309140437        8.2741395000000004        1.0392600000000000E-002   13.955110732987828        14.099686826625403        13.667925130636595        14.438556494361526        14.160666438442329        13.981123923482274        14.003798544532200        14.103734856865509        14.139565538160143        13.985976370077852        14.006980485916104        14.083739207102722        14.164687900083392        13.647494623312591        14.310065880436097        14.065911410683375        13.804135047148259        13.613904648606622        13.547937968708426        13.453243012206807        13.410615603539222        26.080109543009954        15.838260076004550     
   6976.8277360063094       -3.6366010000000002        3.4755543651554226        8.2741541999999999        1.0392500000000001E-002   13.962006345839985        14.109097792979103        13.671379885548721        14.451005596034708        14.172327884444517        13.986480359678986        14.007167669543815        14.106670634404349        14.151252744834132        13.991452583420553        14.010357242543876        14.086686179744376        14.167459363236166        13.659610983533749        14.320972368279872        14.075419107295321        13.808818658506066        13.617074681082070        13.550491404066154        13.455446385632310        13.412578075844287        26.102491605527074        15.866814401567982     
   6959.3551501878837       -3.6409760000000002        3.4967786563106293        8.2741703999999991        1.0392300000000000E-002   13.969590379558507        14.119314702024539        13.675352041931774        14.464433489909865        14.184901537021815        13.992447555110221        14.011055748713105        14.110094642388049        14.163849040531289        13.997543140555997        14.014250933028926        14.090124239499701        14.170705994926770        13.672690873785424        14.332767181933072        14.085724046256793        13.814083555306045        13.620747361194930        13.553492153838917        13.458066148029175        13.414929174876924        26.128095062037467        15.897243499193074     
   6934.5933693764919       -3.6471909999999998        3.5222482298783144        8.2741941000000008        1.0392000000000000E-002   13.980512736565258        14.133805203998827        13.681360588543880        14.483332541194555        14.202588045516178        14.001168103582158        14.016960577891913        14.115351283287703        14.181558285187636        14.006427168142229        14.020158990273933        14.095404217544433        14.175712345509536        13.691118818265563        14.349419151575164        14.100309502504649        13.821855951836360        13.626347385096812        13.558132771729200        13.462163627832721        13.418632111085204        26.166772480383884        15.939447978059382     
   6915.1562887174578       -3.6520830000000002        3.5462234564903237        8.2742114000000004        1.0391800000000000E-002   13.989219238905013        14.145178625869830        13.686378182763844        14.498050135057527        14.216352004262943        14.008219801500351        14.021909431482500        14.119799121415516        14.195332385656249        14.013597874760800        14.025106496973715        14.099873180406460        14.179964608902212        13.705484726169532        14.362427946033916        14.111732922873314        13.828202095737256        13.631057346486189        13.562083776560671        13.465685672548664        13.421833119182645        26.199087061931031        15.971812446135635     
   6881.6249533320106       -3.6605610000000000        3.5749940945443468        8.2742436999999995        1.0391400000000000E-002   14.004540545577681        14.164823733155094        13.695683566128990        14.523223179595268        14.239876798305628        14.020838281429549        14.031122400566160        14.128164059103417        14.218858848481544        14.026402406387346        14.034309138526536        14.108280344514140        14.187994076570659        13.730088529828675        14.384767392813265        14.131413752339528        13.839683467036695        13.639859046563677        13.569564429358392        13.472421027281397        13.427991128193844        26.258901472512392        16.026091736632480     
   6875.9862571008234       -3.6619860000000002        3.5936845676858931        8.2742433999999996        1.0391400000000000E-002   14.007138650902709        14.168114675123052        13.697313103338251        14.527414666262485        14.243789770406762        14.023000781202944        14.032739655721391        14.129640588353103        14.222770018425626        14.028593801088389        14.035923653932445        14.109764697840573        14.189414383449046        13.734188908280805        14.388495900963912        14.134704168113865        13.841664658740639        13.641407176451105        13.570888703710869        13.473619258595091        13.429089438220315        26.269446954713985        16.035012000801487     
   6854.1562412901321       -3.6675309999999999        3.6161138150492151        8.2742652999999997        1.0391100000000000E-002   14.017358919682483        14.180923108264352        13.703901685173324        14.543624690318492        14.258923991984812        14.031585777700602        14.039289490744647        14.135651703580525        14.237892358481126        14.037284162876066        14.042460216258970        14.115808028129102        14.195208693105041        13.750058992902535        14.402954587707139        14.147494437335983        13.849574926323548        13.647689973946985        13.576301948952729        13.478543018161915        13.433618049942215        26.311717181418988        16.069077346785537     
   6835.1492167234719       -3.6723710000000001        3.6315463273039730        8.2742828999999993        1.0390900000000000E-002   14.026371162813604        14.192067897001916        13.709903813133963        14.557626253515984        14.271987112903254        14.039240539215911        14.045269302006542        14.141169590203223        14.250938188396947        14.045022259903853        14.048424978365730        14.121356478439289        14.200538665288963        13.763780910223289        14.415480902499429        14.158601241108311        13.856677185150946        13.653437654140387        13.581287466567389        13.483100090445234        13.437820799013579        26.350278708273962        16.098042272500585     
   6819.2717884182648       -3.6764220000000001        3.6500667571731302        8.2742947000000004        1.0390800000000000E-002   14.033975533275601        14.201367486480120        13.715102009977976        14.569237757880106        14.282813051645206        14.045758266080490        14.050457003932138        14.145976449398262        14.261744680421451        14.051603604200483        14.053597616333931        14.126190666384019        14.205189139832747        13.775170452938514        14.425895182178607        14.167853178530294        13.862758313034412        13.658431683973937        13.585641103266830        13.487094190094769        13.441511634311794        26.383738413677463        16.121737550587412     
   6793.6473590899832       -3.6829860000000001        3.6722915303554182        8.2743184999999997        1.0390500000000000E-002   14.046450542565108        14.216412517424548        13.723902101398220        14.587869105962003        14.300175346297397        14.056570311807857        14.059255775276785        14.154170634549118        14.279066239575208        14.062506816046369        14.062367308268755        14.134432375890594        14.213132216634566        13.793465981800569        14.442663099701917        14.182791260029635        13.872913719235132        13.666918534483219        13.593088062147636        13.493957975438157        13.447871734054317        26.440196558767529        16.159072922526928     
   6785.7522598881214       -3.6850090000000000        3.6902907145563768        8.2743207000000005        1.0390500000000000E-002   14.050317665149862        14.221030489903271        13.726688492943918        14.593557268674456        14.305470914306134        14.059947697888351        14.062045658865156        14.156776470567682        14.284346761080801        14.065909423055924        14.065147037033629        14.137053727456532        14.215660904172836        13.799056213292292        14.447793334151289        14.187368453806993        13.876100648304249        13.669612348980884        13.595459367643169        13.496148726660667        13.449903938726536        26.458171966010216        16.170325167922357     
   6763.7103337828494       -3.6906829999999999        3.7118895449249640        8.2743426000000007        1.0390200000000000E-002   14.061284983724736        14.233990572162636        13.734768524739675        14.609412683565012        14.320232182129910        14.069603886285027        14.070145086228255        14.164368951577369        14.299060592136843        14.075628905142988        14.073215180240343        14.144691584054225        14.223039035962390        13.814652176764181        14.462135602923549        14.200196798394696        13.885255062072648        13.677444260462142        13.602388232282888        13.502572088842960        13.455875378854852        26.509936000861831        16.201221167488480     
   6750.1589571277018       -3.6941780000000000        3.7278891044816427        8.2743529000000002        1.0390099999999999E-002   14.068088313288344        14.241944079178802        13.739890979080316        14.619081649612285        14.329226808887606        14.075642311530460        14.075286550950500        14.169203100546222        14.308021676494272        14.081701023977546        14.078335245115303        14.149555194119772        14.227741912420329        13.824171753448587        14.470904682398308        14.208055393140208        13.891006690351171        13.682421454937773        13.606806962635519        13.506678614505029        13.459697750378867        26.542839887530114        16.219775409659640     
   6733.0524871420721       -3.6986010000000000        3.7470919857848468        8.2743678999999997        1.0389900000000001E-002   14.079579828524412        14.254283510202153        13.750042451922848        14.630026292385349        14.342523305166626        14.086686302876519        14.085512615255446        14.178892018280269        14.321653820163824        14.092822864486752        14.088563697485949        14.159348134391397        14.237154767803467        13.835161917802527        14.483389777356489        14.220992001095308        13.901817506279780        13.692482702760717        13.615688981654205        13.514900632174896        13.467041352876517        26.606694291970800        16.234828688630191     
   6710.9344993811801       -3.7043349999999999        3.7701332102413425        8.2743871999999996        1.0389700000000000E-002   14.094206479914208        14.270055820541183        13.762875350776442        14.644179234964154        14.359616786123746        14.100640170384290        14.098427094623306        14.191155386880274        14.339174699791501        14.106881213752944        14.101481638376034        14.171740745037903        14.249087928247826        13.849344058137605        14.499405071340915        14.237520534040259        13.915471809999934        13.705198945854567        13.627036329043820        13.525491881862225        13.476537279425598        26.687759529172986        16.255495037193327     
   6687.0566133519333       -3.7105489999999999        3.7941225997364163        8.2744076000000000        1.0389400000000000E-002   14.109691990917289        14.286849613578505        13.776335339265080        14.659513320806850        14.377948269945291        14.115272039877260        14.111955541922780        14.204038376938746        14.357953325149166        14.121630150552155        14.115013827664233        14.184755564366688        14.261650107058435        13.864668435730442        14.516544058298406        14.255099267224439        13.929780899000013        13.718531609003049        13.639096474867577        13.536863466257911        13.486785736379828        26.773071219830143        16.279494048492445     
   6668.6050965551121       -3.7153640000000001        3.8178777776636670        8.2744225000000000        1.0389199999999999E-002   14.121422345477068        14.299641758490953        13.786437164529328        14.671382813874722        14.392007828870238        14.126252246935355        14.122096330375154        14.213721198397831        14.372348224474596        14.132703851686376        14.125157509787453        14.194534788936348        14.271110367584630        13.876501113418406        14.529661922719434        14.268475528913438        13.940512115333167        13.728534044571997        13.648261470634463        13.545587154783451        13.494683754979899        26.837409060892949        16.299220294548338     
   6634.5427983964137       -3.7242890000000002        3.8463850170535272        8.2744520999999995        1.0388900000000000E-002   14.142537126487701        14.322832990641826        13.804400675060835        14.693340842597832        14.417720235512535        14.145774775591585        14.140099811469367        14.230972998994515        14.398656430958118        14.152405920725874        14.143166347582307        14.211951987089931        14.288009505608008        13.898324026939109        14.553589484935662        14.292693737194936        13.959576045233769        13.746311865002346        13.664828340902806        13.561547499801831        13.509216320072779        26.952549444075977        16.338343209348025     
   6626.8325993260642       -3.7263109999999999        3.8648961057573925        8.2744540999999998        1.0388900000000000E-002   14.147208237692707        14.327995044667878        13.808332410744006        14.698308746675286        14.423485314855808        14.150048468043460        14.144034909672184        14.234754388841621        14.404552015909578        14.156721478383941        14.147102647061276        14.215768618055355        14.291721323929208        13.903249307495456        14.558942553812207        14.298078804821126        13.963746073285312        13.750201071477997        13.668502535074376        13.565121511537937        13.512484802673091        26.977945734749113        16.347671647649264     
   6602.4177551065823       -3.7327439999999998        3.8871081147025541        8.2744756000000006        1.0388600000000000E-002   14.161830496348870        14.344222990983837        13.820549759069706        14.714127359185419        14.441703256311229        14.163320353556522        14.156248704730011        14.246523776608722        14.423173427069848        14.170129037781699        14.159320291688644        14.227643902173238        14.303296556091425        13.918903361278673        14.575834592025991        14.314990862099584        13.976690292479894        13.762283048928740        13.680054080598147        13.576448143042729        13.522885375510441        27.056845869190361        16.378475908805669     
   6588.3247779641661       -3.7364649999999999        3.9032055206050189        8.2744858000000008        1.0388500000000000E-002   14.170096469570982        14.353451078031885        13.827383623556702        14.723262061489077        14.452134857337356        14.170744144135465        14.163070868534202        14.253117585516460        14.433830741633177        14.177633229377310        14.166144673947617        14.234295063127039        14.309795815138365        13.927922738760234        14.585487013233422        14.324598094194993        13.983925240766705        13.769038044919256        13.686603823659826        13.582930989310693        13.528863082907069        27.101276960670805        16.397065489673679     
   6565.3064115883135       -3.7425670000000002        3.9225219685516697        8.2745046999999996        1.0388300000000000E-002   14.183353861929938        14.368335522842138        13.838232669114284        14.738218947292207        14.469071763458846        14.182526826659949        14.173885527161282        14.263604128181271        14.451125153300517        14.189550540112130        14.176962967025730        14.244869253623968        14.320155792853974        13.942659174584456        14.601129185525934        14.340077118512280        13.995399995397719        13.779757229681735        13.697148240272675        13.593465674878466        13.538618620801916        27.172128794426875        16.428737075664181     
   6550.2820383310564       -3.7465540000000002        3.9403777500024599        8.2745151999999997        1.0388100000000001E-002   14.191854072282757        14.377934835781707        13.845114705854185        14.748015991703182        14.480068473185414        14.189998441633998        14.180734957714533        14.270269078418229        14.462347645901191        14.197112222608025        14.183814766828833        14.251587435004273        14.326756594617136        13.952290915541196        14.611266239395354        14.350047936854187        14.002670944362444        13.786553747165312        13.703937035452322        13.600314409896638        13.544989742816162        27.217234329880839        16.450291440829339     
   6534.2538135171326       -3.7508219999999999        3.9618020927718618        8.2745260999999992        1.0388000000000000E-002   14.200752422794068        14.388038061406366        13.852246493735024        14.758461203843854        14.491712829472633        14.197741868292734        14.187823092934238        14.277186373346211        14.474226311596738        14.204953649812822        14.190905430793258        14.258558034303121        14.333621596552234        13.962541115913282        14.621980754345969        14.360533060313621        14.010200588663288        13.793593665176395        13.711061696896131        13.607560851333314        13.551753516114367        27.264324469319106        16.474018637454812     
   6503.0486047288205       -3.7591640000000002        3.9875142821513316        8.2745514000000000        1.0387700000000000E-002   14.217664620841216        14.407392079434427        13.865599805056352        14.778870098127509        14.514216960728984        14.212234416441159        14.201065052919844        14.290173148300834        14.497167244368622        14.219642682282643        14.204152334827544        14.271638167927666        14.346554695753056        13.982514958728618        14.642636722369257        14.380587676431663        14.024277806486932        13.806766303270290        13.724676625838928        13.621584707429339        13.564916741316811        27.353047597132882        16.522481332559675     
   6493.2032895487837       -3.7618019999999999        4.0056822448222400        8.2745563999999998        1.0387600000000000E-002   14.222388351040898        14.413271397002084        13.868752726389232        14.785296925937551        14.521779847618213        14.215696835923083        14.204109144242981        14.293599635273747        14.505178393438474        14.223185392781502        14.207190802808185        14.275002464984013        14.350218804496855        13.988693604107134        14.649203869747222        14.386888946146914        14.027571160657164        13.809931568196092        13.729101702120985        13.625943804392783        13.568535357690529        27.379630134524767        16.544783406600928     
   6467.9998326852765       -3.7685759999999999        4.0274862745133779        8.2745767000000008        1.0387400000000000E-002   14.233646373377834        14.427861701802360        13.875566919231535        14.801652553016844        14.541491542706023        14.223091298586166        14.210554467033116        14.301642407312979        14.526377568457360        14.230807519211428        14.213617112136546        14.282764841098878        14.359200035688975        14.004276709653418        14.665897443241299        14.402727543050279        14.034543655419572        13.816890923551398        13.740780961532916        13.637220833195574        13.577272488089850        27.446291215832449        16.610690704169908     
   6454.8328418117553       -3.7721269999999998        4.0441939210824787        8.2745846000000007        1.0387300000000000E-002   14.239383944959037        14.435312501900317        13.879021467773068        14.810160997537242        14.551653595621854        14.226744036319683        14.213808655390824        14.305797292552064        14.537303046642741        14.234580788041018        14.216863609925920        14.286761742876561        14.363876143507195        14.012366554589040        14.674479768302803        14.410784552614270        14.038010209777873        13.820442130810232        13.746970135995635        13.643221029255169        13.581893404534007        27.480780919492698        16.645963747200366     
   6436.6367423070242       -3.7770419999999998        4.0642418929854829        8.2745979999999992        1.0387100000000000E-002   14.247162829554354        14.445428186716279        13.883688421707022        14.821892687546006        14.565557077438475        14.231566159172589        14.218189964328923        14.311498553103755        14.552246095652974        14.239571285144949        14.221236837963042        14.292231576792686        14.370333025718631        14.023502664251319        14.686196746599856        14.421685799197926        14.042613735350391        13.825266225824828        13.755636475915006        13.651650828872755        13.588357474050648        27.528076571168491        16.695680954656986     
   6412.6568374504050       -3.7835440000000000        4.0883025284863006        8.2746157000000000        1.0386899999999999E-002   14.254575939526029        14.457567281714036        13.885097622470061        14.841926406059097        14.583685553096709        14.234515126910511        14.219098129951446        14.314046026323167        14.571249875744256        14.242727190184150        14.222115628227771        14.294319305758878        14.374268302688217        14.042495754359352        14.702466759540799        14.433744265644437        14.044813286796684        13.826576726387211        13.766194214576382        13.666225579738994        13.599888930326527        27.593255210385394        16.772025663730318     
   6389.6636849086090       -3.7898010000000002        4.1135139431437642        8.2746309000000000        1.0386800000000000E-002   14.261320416525331        14.469152291610337        13.885755875693187        14.862393743752184        14.601093248808583        14.237022641962897        14.219283831395439        14.315596043713059        14.589301122098194        14.245408637353863        14.222264342537814        14.295426037954281        14.377165708838769        14.061941760335637        14.718461998664649        14.444912446141737        14.046496317913652        13.827034133710827        13.776127767436590        13.680769442186760        13.611392577386576        27.655723156618890        16.845906969637696     
   6360.3497826003904       -3.7978090000000000        4.1407437986271622        8.2746521000000008        1.0386500000000000E-002   14.270153703497456        14.484176027777856        13.886852365010597        14.889230657372146        14.623401471042143        14.240656985056368        14.219821772595651        14.317599860758527        14.612259152973994        14.249231486525041        14.222747288874228        14.296899836240701        14.380815039910821        14.087505789198666        14.739259082101796        14.459172601292639        14.049051990310986        13.827800260730527        13.788822694075151        13.699335891583456        13.626003006658443        27.734504989452596        16.938494119437433     
   6336.5081821838539       -3.8043510000000000        4.1634997384482650        8.2746694999999999        1.0386299999999999E-002   14.277493405671290        14.496566291538613        13.887918368867187        14.911632536551519        14.641601415312493        14.243935969648444        14.220469803248353        14.319214050402497        14.630846595213900        14.252636328093342        14.223344112767169        14.298112000781945        14.383707758505796        14.108896579592173        14.756469284229606        14.470750080571985        14.051430938651780        13.828536184564950        13.799134152798835        13.714417493489119        13.637800977660138        27.797832136551040        17.012430882157108     
   6318.7620333591130       -3.8092320000000002        4.1878133893584186        8.2746799000000006        1.0386200000000000E-002   14.283042816145716        14.505883866741982        13.888809312683286        14.928636246007954        14.655176112094786        14.246560649642262        14.221070797493503        14.320402550608240        14.644627700035599        14.255338727701556        14.223903225006552        14.299018204125908        14.385813008794592        14.125161825596315        14.769446488647183        14.479351281819785        14.053372506892295        13.829145742084172        13.806796723555824        13.725627116602425        13.646528086778051        27.844529811434555        17.066661979374778     
   6289.0782739940878       -3.8174359999999998        4.2155690802833217        8.2747010000000003        1.0385900000000000E-002   14.292535027983746        14.521696793393659        13.890529988140436        14.957755126524262        14.677982521888040        14.251346706949469        14.222346754046708        14.322410293552398        14.667622677954000        14.260224273063475        14.225101932996324        14.300585964397762        14.389287906529979        14.153072275323805        14.791519389115031        14.493752670358678        14.056990669661737        13.830327551469594        13.819636779313033        13.744394964995031        13.661069686941325        27.921846342125995        17.155897397347328     
   6270.5263907249209       -3.8225799999999999        4.2372274367842611        8.2747130999999996        1.0385800000000001E-002   14.298565646682908        14.531688641128289        13.891717037057850        14.976347413457548        14.692263868629295        14.254554470107129        14.223281486219920        14.323642904474985        14.681922407084167        14.263474860098780        14.225983821396278        14.301564102174540        14.391395238491926        14.170926399017690        14.805511123765440        14.502727131031749        14.059452529819760        13.831134542302033        13.827640481613637        13.756099469325060        13.670086111352015        27.969629039554540        17.210691159935841     
   6244.8210808218209       -3.8297310000000002        4.2632163676737749        8.2747308000000004        1.0385600000000000E-002   14.307275961301345        14.546395913402376        13.893339986949497        15.004298834667084        14.713009179402627        14.259678043151292        14.224596138337793        14.324850443051686        14.702460392153123        14.268588579508270        14.227229329651616        14.302475388617248        14.393667031521369        14.197857653101304        14.826379042119628        14.515598828128946        14.063362461231707        13.832048634606759        13.838120257761902        13.771633931394001        13.682113602260651        28.034992830129902        17.285257341308210     
   6220.7249587155156       -3.8364630000000002        4.2877096605477467        8.2747466000000003        1.0385399999999999E-002   14.316366894523455        14.562801963078705        13.894500350855935        15.036735556950987        14.735641210910572        14.266182540489492        14.225527200217471        14.324394463476121        14.724419223410827        14.274911167887993        14.228128887522317        14.301873694441937        14.393807751959073        14.229288386006353        14.850394253284318        14.529261767682776        14.068174342639900        13.832064586496365        13.845900540053087        13.783779941966351        13.691871002130277        28.095100995394425        17.353255296551051     
   6193.8545125871824       -3.8440029999999998        4.3132430112722382        8.2747650000000004        1.0385100000000000E-002   14.326789025967791        14.581092650565154        13.896401505777796        15.072655541251230        14.760634632784317        14.273843203554421        14.227197903890666        14.324479176429989        14.748605542428752        14.282375955645271        14.229762747547852        14.301811619732383        14.394503754371058        14.264109236755036        14.876981223357348        14.544484193473533        14.074039693121406        13.832721788654553        13.855090090972677        13.797612953659915        13.702836141127953        28.161834487732783        17.427524719483788     
   6178.7838112334748       -3.8482449999999999        4.3359999387769674        8.2747750000000000        1.0385000000000000E-002   14.332744124349000        14.591327603096639        13.897726472139807        15.092663950424333        14.774518060797556        14.278306159870583        14.228405273741226        14.324778924385045        14.762010288199969        14.286732279405529        14.230948662967103        14.302036289680162        14.395121380133721        14.283511652462183        14.891781973898086        14.552994019648201        14.077538276006239        13.833363948222933        13.860459499979834        13.805482795163849        13.709003254022440        28.199105311307903        17.468439151973257     
   6150.7064460035508       -3.8561779999999999        4.3631077800059250        8.2747969000000001        1.0384800000000000E-002   14.344078724789522        14.610380450736404        13.900720224876423        15.129707264797407        14.800155918313131        14.286969385726351        14.231202280446617        14.325850195516892        14.786706352889532        14.295202985169510        14.233704173711018        14.302981572059380        14.396736999592818        14.319446015889174        14.919174224681512        14.568824400599425        14.084486346195384        13.835114062483989        13.870905655598243        13.820388968074333        13.720556311890768        28.268268770338089        17.543275967568473     
   6138.1429724430982       -3.8597399999999999        4.3814222680240320        8.2748059999999999        1.0384700000000000E-002   14.349252853869711        14.618900431796554        13.902282547961761        15.146184911861727        14.811532843792310        14.290993963020149        14.232685983115918        14.326547102385046        14.797640867663741        14.299144027284832        14.235168669132737        14.303627960833044        14.397657312994664        14.335435912328077        14.931355181430622        14.575899060974191        14.087777839890418        13.836131936172304        13.875767525366467        13.827162506997286        13.725753359875789        28.299103133350126        17.576177778872157     
   6113.1774156899783       -3.8668410000000000        4.4033973596342495        8.2748267000000002        1.0384400000000000E-002   14.359739243970855        14.635838053628104        13.905812401205706        15.178767082438226        14.833983451408008        14.299279980523162        14.236076890610134        14.328347607913189        14.819173670138513        14.307268793982301        14.238520225103391        14.305338821243241        14.399864726955821        14.367064347196463        14.955438632450852        14.589958047089132        14.094670151785126        13.838601897900924        13.885790140517384        13.840830556429799        13.736148765904124        28.360183083807776        17.640503659164757     
   6106.2277700434906       -3.8688180000000001        4.4183588851796021        8.2748307000000008        1.0384400000000000E-002   14.362684466109330        14.640532235062514        13.906873488795943        15.187775874437824        14.840173320920686        14.301632571306362        14.237103383848277        14.328925095629815        14.825098975363330        14.309577644564895        14.239535488246444        14.305893896571268        14.400546749963093        14.375811325944126        14.962091222189633        14.593849532178970        14.096649719607148        13.839373185390896        13.888643239505006        13.844661651283458        13.739035892421475        28.377118732020470        17.658137739629282     
   6085.1599743987554       -3.8748380000000000        4.4363109278982407        8.2748468000000006        1.0384200000000000E-002   14.371770068892001        14.654795482025143        13.910386273625424        15.215013103957908        14.858867363448805        14.308974501251416        14.240522194204537        14.330965711099044        14.842966551573166        14.316789941650161        14.242919502018125        14.307873336624596        14.402880905038213        14.402264624314480        14.982210247471794        14.605675093539499        14.102900531705579        13.842021280887003        13.897548427269118        13.856435519759032        13.747859818041565        28.428365175700026        17.710959214707483     
   6075.6815117863607       -3.8775510000000000        4.4529375076915665        8.2748515999999999        1.0384100000000000E-002   14.375916650789968        14.661210359700391        13.912093930480431        15.227212420540774        14.867224847151501        14.312362534551163        14.242192896511348        14.332008168517092        14.850940358751835        14.320121149577577        14.244574188687849        14.308891583742721        14.404044044858736        14.414116042101853        14.991219523795579        14.610991447840867        14.105817164760243        13.843346747719856        13.901662140133610        13.861791807483520        13.751845910332097        28.451358341929343        17.734393600822152     
   6049.9390585990805       -3.8849440000000000        4.4728899832361906        8.2748685000000002        1.0383900000000000E-002   14.387340663873143        14.678603766972490        13.917107575327567        15.260152960872698        14.889735298335278        14.321807642802089        14.247122907944885        14.335205852152637        14.872371310597785        14.329416500634299        14.249459548932126        14.312033906764373        14.407533649102103        14.446126712594346        15.015534242534567        14.625394910941107        14.114042991883540        13.847343686080375        13.913148617750803        13.876504933311434        13.762702230055371        28.513582750455594        17.796982690571571     
   6039.1108317951621       -3.8880650000000001        4.4899070102998948        8.2748741999999993        1.0383800000000000E-002   14.392226924536960        14.685917454772589        13.919390713922382        15.273934823087643        14.899131972236546        14.325896959010233        14.249378155189422        14.336721150251986        14.881297636848739        14.333444850106101        14.251695516180387        14.313530447686343        14.409156154540366        14.459523984016460        15.025704585316159        14.631448297372980        14.117646081526406        13.849208483117049        13.918127323573007        13.882775565094502        13.767291596334502        28.539670461064400        17.822859054116559     
   6011.5712666853124       -3.8960189999999999        4.5103278519982819        8.2748907999999997        1.0383600000000000E-002   14.404849593924453        14.704491109982655        13.925641692706641        15.308769065574950        14.922818121835249        14.336587395056405        14.255577682777577        14.341008456805071        14.903743939471816        14.343985579158215        14.257844664541015        14.317782152336125        14.413674410798308        14.493397553524321        15.051398015447759        14.646809218583858        14.127170974979599        13.854420308811399        13.931161842366510        13.898922859723328        13.779005148257806        28.605767359791002        17.887446476450975     
   5998.5460883969135       -3.8997929999999998        4.5277714564175557        8.2748972999999992        1.0383600000000000E-002   14.411028928240238        14.713396333483246        13.928932520507310        15.325221350999833        14.934064421301152        14.341941097885829        14.258859135403885        14.343347718032419        14.914397284096918        14.349267965734334        14.261101661114964        14.320118061262598        14.416082872428603        14.509410239261697        15.063597389020625        14.654229988265527        14.131988890477299        13.857227138868929        13.937517795919220        13.906603976025245        13.784554170861167        28.637147678206837        17.917292202017506     
   5975.2488916512002       -3.9065669999999999        4.5487038046433836        8.2749114000000006        1.0383399999999999E-002   14.424007450935937        14.731400893317032        13.936925428958409        15.355983686854179        14.956346246997187        14.354052956047154        14.266925425500828        14.349390345774010        14.935773657216151        14.361207960459302        14.269124765119566        14.326267086646558        14.421957337022375        14.539486906055009        15.087396980860307        14.670078985957693        14.142910659844011        13.864300895651189        13.949424880522697        13.919901749989831        13.794575985790351        28.696516098599865        17.969023481974084     
   5955.8945513751369       -3.9122150000000002        4.5699718270666594        8.2749225000000006        1.0383300000000000E-002   14.434837050248770        14.746240290867554        13.943768871719140        15.381414589617226        14.974616325774658        14.364166794258541        14.273845025332168        14.354618825526689        14.953220342138980        14.371179037926236        14.276009006313778        14.331588683033491        14.427035621925448        14.564362863219191        15.106971387856941        14.683059104161462        14.152087177227973        13.870395943706551        13.959484151620142        13.930999575802833        13.802891532421551        28.745225544277478        18.011556308850036     
   5927.4923206322146       -3.9205359999999998        4.5949490826778447        8.2749393999999992        1.0383099999999999E-002   14.450841364502276        14.767856795658881        13.954179361060449        15.418562439594853        15.001065687120290        14.379127714109531        14.284392256396190        14.362667947108809        14.978344379167988        14.385930471045731        14.286505197654686        14.339782226247921        14.434847042701756        14.600720459973354        15.135406280936069        14.701834444225538        14.165756976844124        13.879733135973906        13.974554833048158        13.947402868341280        13.815111890310616        28.815734763171022        18.073277537037526     
   5910.1975835054745       -3.9256229999999999        4.6167242931322381        8.2749489999999994        1.0382900000000000E-002   14.460661868062182        14.780936153416881        13.960742677689488        15.441092389185705        15.016970437897495        14.388316910525901        14.291053381269645        14.367798404991760        14.993373971085145        14.394992121940433        14.293135742079734        14.345005146589209        14.439822721294508        14.622783256471195        15.152561644468477        14.713118149641641        14.174209141928866        13.885657447452822        13.983921509383713        13.957469191824359        13.822572980849834        28.858113654532154        18.110466283597709     
   5884.0451969198029       -3.9333420000000001        4.6416249800449423        8.2749635000000001        1.0382799999999999E-002   14.475554168190280        14.800528441243648        13.970923833388090        15.474965814543312        15.040666309724690        14.402260398271215        14.301403356971383        14.375820047781380        15.015648473095849        14.408742754823129        14.303440190386921        14.353173112719501        14.447595848663939        14.655970471747137        15.178208472101991        14.729900746912557        14.187108800749938        13.894893236503043        13.998292428032107        13.972737601122750        13.833818157414731        28.921332133763990        18.166068025634338     
   5861.8675331583972       -3.9399120000000001        4.6649438741026437        8.2749758000000000        1.0382600000000001E-002   14.488286858211477        14.817031813884913        13.979863478057286        15.503570740537260        15.060490307585081        14.414193972025288        14.310505895928816        14.382935177445663        15.034174691831939        14.420512797663914        14.312504796835103        14.360418462936554        14.454486587573566        14.684012532834057        15.199743357163864        14.743932422374694        14.198223861723353        13.903050918661695        14.010738509208274        13.985793400416753        13.843383216771780        28.974190383093227        18.212685692964744     
   5834.5047802649069       -3.9480540000000000        4.6897502615327280        8.2749910000000000        1.0382400000000000E-002   14.504087392055194        14.837212734821744        13.991239718618854        15.538671058377378        15.084566771149809        14.429015502201480        14.322108069057279        14.392068919771003        15.056533063162195        14.435132580420373        14.324061024568476        14.369720629913740        14.463326218778771        14.718442482431815        15.226002099374277        14.760951167384899        14.212119829536437        13.913487319356651        14.026382123628593        14.001997878270842        13.855180942035812        29.038415344163884        18.269487537698073     
   5815.0573200071649       -3.9538650000000000        4.7125022234484231        8.2750012999999996        1.0382300000000001E-002   14.515376083531368        14.851432146406637        13.999555525934436        15.563486394505038        15.101419616910061        14.439613033358594        14.330601202330413        14.398796706236912        15.072086328003056        14.445586738018616        14.332522080754728        14.376573324416668        14.469833405844675        14.742797544127217        15.244453866998736        14.772847541936475        14.222116152015534        13.921151908708829        14.037691399917200        14.013577092029696        13.863561135615683        29.083393874450319        18.309376163242273     
   5784.5422834882820       -3.9630220000000000        4.7372126449902252        8.2750181999999999        1.0382100000000000E-002   14.534036035692736        14.874531186492106        14.013672335905127        15.600737298822484        15.128354118181065        14.457324081719840        14.344886309774793        14.410833941297909        15.097619608166323        14.463122991989458        14.346764496773254        14.388760289899061        14.481538330415802        14.779342818512909        15.273193557816697        14.793436647156923        14.238756286692038        13.934351297496487        14.054717106094401        14.031810497560528        13.878023303607506        29.174122212865669        18.371273588940433     
   5767.3591896226899       -3.9681999999999999        4.7575254548805077        8.2750275000000002        1.0382000000000001E-002   14.544883382928289        14.887844745959510        14.021990692238676        15.621089354467182        15.143710131215807        14.467694659425314        14.353250480277795        14.418154873605735        15.112459400565990        14.473418699716378        14.355104081714368        14.396143934339372        14.488675724355170        14.799293360962382        15.289301567041344        14.805798016092597        14.248468280541369        13.942195925247686        14.063976113891167        14.042139861381566        13.886691002984962        29.233556161450153        18.406089550012716     
   5741.2175003970897       -3.9761060000000001        4.7815917221322852        8.2750415999999998        1.0381800000000000E-002   14.561784292890227        14.908647346191334        14.035077943484009        15.653043979493699        15.167684496664098        14.483979693874442        14.366385687180543        14.429662767524874        15.135719422032910        14.489592405647681        14.368169589154352        14.407721370223260        14.499854590210891        14.830569683936414        15.314557630575198        14.825159193900870        14.263776003669964        13.954516777449768        14.078091308195074        14.057813894230300        13.899894109120705        29.326191321120941        18.460328814020141     
   5724.5453471994715       -3.9811679999999998        4.8042529590164396        8.2750500000000002        1.0381700000000001E-002   14.573062380592454        14.922660938409145        14.043885778282323        15.674629745428675        15.183875571909301        14.494997692218071        14.375195303874015        14.437368754029340        15.151564589699262        14.500539290302786        14.376902693571260        14.415444658818856        14.507295778914052        14.851647453407406        15.331681760624086        14.838307963196023        14.274171344726440        13.962768933949008        14.087011888420527        14.067614826626588        13.908321598869463        29.388249909198862        18.496447645557453     
   5693.8628245802538       -3.9905200000000001        4.8290046233705386        8.2750664000000000        1.0381500000000000E-002   14.593803858088339        14.948317702575579        14.060165986475258        15.714386714475037        15.213427114618472        14.515269792991266        14.391496331082269        14.451613753999712        15.180400249440517        14.520688803122159        14.393070289716466        14.429738116163481        14.521033128406771        14.890477860935935        15.363041707446552        14.862291105241550        14.293334412201776        13.978044028248210        14.103486435749986        14.085705352176326        13.923821836460217        29.501990109491356        18.562989135696871     
   5678.5048362652742       -3.9952179999999999        4.8489962624673977        8.2750742000000006        1.0381500000000000E-002   14.604156449128169        14.961072761421299        14.068326750567582        15.734279758041030        15.228076988636676        14.525391921513666        14.399676036867564        14.458752227000769        15.194653226170335        14.530753606123884        14.401186799176532        14.436908917822205        14.527907644912911        14.909911162229353        15.378641132792080        14.874168556740717        14.302919347146656        13.985710218532347        14.111738171524404        14.094763654194665        13.931553184570276        29.558671574601693        18.596308401349976     
   5650.0722321420162       -4.0039550000000004        4.8729842456329839        8.2750892999999994        1.0381300000000000E-002   14.623349331153971        14.984611433788661        14.083534557572069        15.771174351976157        15.255027142453098        14.544166088534624        14.414933937303250        14.472061088229633        15.220800657554197        14.549428743604008        14.416334021513169        14.450291862473097        14.540710417032148        14.945961757956635        15.407427405730740        14.896012194477994        14.320730588065647        14.000017427125403        14.127103128624039        14.111618240485161        13.945897464856529        29.663244384248120        18.658092486073212     
   5634.4820541724712       -4.0087619999999999        4.8937121784506123        8.2750971000000000        1.0381200000000000E-002   14.633862890946643        14.997451731168431        14.091903044873293        15.791415818786058        15.269684939683158        14.554454404349903        14.423338159316815        14.479384878759303        15.234980880344265        14.559666675526719        14.424681040413693        14.457664106812656        14.547747145377533        14.965744365264142        15.423135040027384        14.907884362174338        14.330508311704596        14.007900376764896        14.135551675351723        14.120881332232697        13.953754608428374        29.720358809964317        18.692000229174944     
   5605.8309888036156       -4.0176340000000001        4.9179667545781642        8.2751119000000006        1.0381000000000000E-002   14.653172503979011        15.020933557233157        14.107344531079256        15.828642996955391        15.296408738989960        14.573358153291657        14.438860609339422        14.492900002910424        15.260757860712317        14.578485056114523        14.440104793627306        14.471282760057527        14.560716987601204        15.002135526001535        15.451867782369519        14.929515438685865        14.348505872385900        14.022464846559515        14.151128835502625        14.137951749112663        13.968186599200354        29.824913009403772        18.754376743066857     
   5588.2007593075705       -4.0231149999999998        4.9386503161818798        8.2751207000000004        1.0380900000000000E-002   14.665039891647432        15.035301520417487        14.116879298667321        15.851561611829382        15.312708491278386        14.584980972119393        14.448455029246919        14.501245268757511        15.276430500193481        14.590059997362392        14.449642619511746        14.479701044013343        14.568715333639126        15.024544367188426        15.469454924369558        14.942698525553268        14.359591765808979        14.031469788538519        14.160739791681159        14.148479001396765        13.977055218108600        29.888979729596056        18.792793086618442     
   5562.4356524702243       -4.0311560000000002        4.9625418797598497        8.2751339000000002        1.0380700000000000E-002   14.682380927103779        15.056205400509231        14.130876686895078        15.885088350648417        15.336348934686761        14.601971716341289        14.462553079935439        14.513498611552222        15.299093484459441        14.606987144108267        14.463663629993526        14.492073866568767        14.580446042704629        15.057332514003946        15.495046979073813        14.961807695918164        14.375826204325193        14.044706363769588        14.174838416840064        14.163913474049778        13.990017566098235        29.982255732072083        18.848998452254321     
   5541.5850117504870       -4.0376870000000000        4.9849657332381829        8.2751441999999997        1.0380600000000000E-002   14.696389677240575        15.073017886013481        14.142236269498198        15.912226242829568        15.355300799235678        14.615703155319956        14.474005833918699        14.523441896392121        15.317201336680622        14.620672657833758        14.475058964721264        14.502124930337832        14.589952818273034        15.083878246962520        15.515639191586956        14.977112966357232        14.388970243605272        14.055461971285933        14.186271233586602        14.176424291893213        14.000485989772365        30.057411369587477        18.894515771738661     
   5516.8223595831842       -4.0454829999999999        5.0086933368628035        8.2751564999999996        1.0380500000000001E-002   14.713009261168768        15.092874792509804        14.155775582154657        15.944473914918529        15.377611028799745        14.632000585153200        14.487669414850735        14.535293454331654        15.338447605797615        14.636921982076888        14.488660075069671        14.514117380852380        14.601270179622148        15.115429117531374        15.539968432254792        14.995116131665373        14.404598716410245        14.068297608965842        14.199887343346440        14.191317313293709        14.012904790015565        30.146296722594176        18.948621730461756     
   5495.7250888374865       -4.0521459999999996        5.0316466824321981        8.2751667999999992        1.0380300000000000E-002   14.727449166243016        15.110176909663593        14.167551663365899        15.972522572952087        15.397092443705837        14.646229195273726        14.499578406083948        14.545601345431123        15.357014678296874        14.651115600430114        14.500512384269243        14.524572993329663        14.611087822177982        15.142896663092461        15.561189406767099        15.010836164054233        14.418206508532855        14.079475806132699        14.211487303157845        14.204055386718164        14.023619935860793        30.223056943532768        18.995588824306523     
   5470.6634724629248       -4.0601010000000004        5.0553192883721119        8.2751789999999996        1.0380199999999999E-002   14.745807778287993        15.132675630019097        14.182368565002829        16.008314869853070        15.422843539386982        14.664598626410925        14.514639014895824        14.558544155873026        15.381801625277905        14.669442970429976        14.515468720677834        14.537774374297175        14.623336222894910        15.178034348776404        15.588892020664016        15.031605114898934        14.435518986914378        14.093544860228683        14.224986246166829        14.219181133863355        14.036898582758123        30.319895524626308        19.055145238338564     
   5449.5294009207555       -4.0668340000000001        5.0778827440746195        8.2751891000000004        1.0380100000000000E-002   14.761274630310556        15.151524803803976        14.194910663823137        16.038514153718005        15.444341875494615        14.680064707151214        14.527398382284780        14.569493485273171        15.402400857442814        14.684866759858707        14.528140154176238        14.548942371116848        14.633693163119865        15.207682234030905        15.612104758934557        15.048903986619656        14.450123468086673        14.105461879189185        14.236395184086355        14.231998558039841        14.048134314201199        30.401082916490942        19.105411583440436     
   5424.4411265137542       -4.0748629999999997        5.1013669874256387        8.2752013000000009        1.0379899999999999E-002   14.779631038797223        15.173766911578291        14.209868667468900        16.074396063171548        15.469617686319928        14.698408471079599        14.542628274623194        14.582545990013205        15.426507119179501        14.703152213052700        14.543265656099209        14.562255199234581        14.646034336602646        15.242910328015586        15.639497381146622        15.069196893362960        14.467479723376890        14.119684463907124        14.249982104767849        14.247301174116121        14.061530685137246        30.496909341155945        19.165147036587914     
   5404.1450849529074       -4.0813839999999999        5.1236550981633640        8.2752108000000000        1.0379800000000000E-002   14.794451222437010        15.191627780948052        14.221997995449859        16.103423277454844        15.489844565287326        14.713209086973619        14.554988641025792        14.593122128376086        15.445706667851473        14.717899220219349        14.555541570297654        14.573042517793487        14.656028607272590        15.271409203032333        15.661501555108183        15.085394463208162        14.481509486047676        14.131224100574491        14.260981756523369        14.259723290656764        14.072387991035731        30.573967238417431        19.213497173155517     
   5379.9965850712715       -4.0891760000000001        5.1469867547718344        8.2752222999999994        1.0379700000000000E-002   14.812060781386476        15.212735379381181        14.236474031236424        16.137970441497792        15.513664427893572        14.730784515708086        14.569752496263119        14.605736533884075        15.468209592367819        14.735403359929398        14.570204939467375        14.585908877860374        14.667943195128247        15.305328438192317        15.687511631150270        15.104422319147575        14.498200407905371        14.145004633345946        14.274089702498584        14.274564147227833        14.085340531454134        30.665121887237603        19.271064536269805     
   5357.9295637393561       -4.0963269999999996        5.1697657109246524        8.2752324000000002        1.0379599999999999E-002   14.828135522828823        15.231892851242542        14.249750005440696        16.169555144426720        15.535202715875620        14.746817735545079        14.583303752388900        14.617298421107591        15.488454573889513        14.751364308400976        14.583664368987868        14.597701648976894        14.678858485387977        15.336339988566714        15.711123122912035        15.121583627200586        14.513456387865737        14.157650866306483        14.286092820122661        14.288189003057951        14.097214713880817        30.747921547204299        19.323713736889509     
   5334.4420304665446       -4.1039690000000002        5.1929522289871723        8.2752432999999996        1.0379400000000000E-002   14.845244950439820        15.252164023343862        14.263948381573375        16.203206745113466        15.557905438029291        14.763872158441156        14.597808015549713        14.629658789388554        15.509686423280090        14.768334324825073        14.598070890873846        14.610308452166638        14.690523153616173        15.369382236285094        15.736107837611701        15.139629726074773        14.529716097673028        14.171185062004820        14.298912490913974        14.302775121611457        14.109911066009378        30.835546532898984        19.379815278732369     
   5312.4150698333087       -4.1111659999999999        5.2160209025157656        8.2752534000000004        1.0379299999999999E-002   14.861253675765335        15.271025999188565        14.277290663768058        16.234760674262581        15.578951719570645        14.779819160885781        14.611449230063583        14.641264647114921        15.529264935143301        14.784195159769252        14.611620439584366        14.622146061873091        14.701469577629981        15.400365352351544        15.759364779326622        15.156310923411956        14.544948308594199        14.183910179184734        14.310939442326790        14.316496346319054        14.121835324125788        30.917212982345745        19.432450914653955     
   5289.1879519319573       -4.1187889999999996        5.2391386781752765        8.2752639000000006        1.0379200000000000E-002   14.878114182958351        15.290777922024068        14.291406108158979        16.268046626685788        15.600906272334411        14.796603954206129        14.625892544775313        14.653535728382314        15.549579102104717        14.800881740774061        14.625967091437454        14.634662195484013        14.713037961002671        15.433050069367434        15.783724434721831        15.173664618945965        14.561011342678528        14.197380821176461        14.323644447456838        14.331027431029939        14.134445621054200        31.002812887890293        19.487996409162939     
   5266.4140412947636       -4.1262960000000000        5.2621809027698969        8.2752742000000001        1.0379100000000000E-002   14.894626861604142        15.310008684219245        14.305293738153072        16.300697370299542        15.622196315083173        14.813031814545656        14.640114258086964        14.665601691764390        15.569168428343200        14.817205977464656        14.640094024954834        14.646969103973358        14.724407618679681        15.465111989115687        15.807446406157631        15.190445644173746        14.576763399462248        14.210642199024083        14.336125761807214        14.345338627768523        14.146847673156426        31.086229627743666        19.542501320726640     
   5243.9072302505811       -4.1337460000000004        5.2851549591340765        8.2752841999999998        1.0378900000000000E-002   14.911370684847912        15.329578425228506        14.319416040240194        16.333977679146251        15.644062967929750        14.829716787315958        14.654575909502485        14.677831018353595        15.589318307651405        14.833758611478038        14.654466701388033        14.659456596207766        14.735891053816628        15.497781972371550        15.831767811061836        15.207598288007569        14.592781532379375        14.224131440981191        14.348423760413981        14.359863504146803        14.159447108142791        31.170027895951641        19.598102277854515     
   5222.3984038261142       -4.1408920000000000        5.3080898051460741        8.2752937000000006        1.0378800000000001E-002   14.928423802695654        15.349888743917408        14.333779815182886        16.368307089290060        15.667430783938670        14.846780236624213        14.669271598487736        14.690154510460143        15.611090430720608        14.850634793637141        14.669086446859559        14.672080724790014        14.747363971736316        15.531456900941755        15.857486997488138        15.225756698978245        14.609166897122478        14.237841615312099        14.359976077768334        14.374571087153768        14.172248453633134        31.253637605771246        19.655576305310007     
   5199.5049979284613       -4.1485370000000001        5.3311224634965413        8.2753037000000003        1.0378699999999999E-002   14.946555942062904        15.371391045330260        14.349101068285385        16.404882193541720        15.692137658818680        14.864887970667755        14.684965462919148        14.703267440350363        15.633991909271689        14.868543860397693        14.684694340692246        14.685520086426738        14.759563164930139        15.567341188683944        15.884753310975100        15.244857096546404        14.626596711141534        14.252468499270115        14.372304770305583        14.390318188791575        14.185928014087342        31.340893604399685        19.716813261969957     
   5177.4152668966935       -4.1559400000000002        5.3541021537726339        8.2753133000000005        1.0378600000000000E-002   14.964035296006720        15.392027707903740        14.363918633701772        16.440210375982403        15.715817761905896        14.882309176718906        14.700161456736204        14.715918328372794        15.655825416957441        14.885774013480798        14.699802360257202        14.698492245468213        14.771324168003741        15.602008471665481        15.910958434168727        15.263067210937660        14.643406624704568        14.266617349041610        14.384234690605307        14.405605224307493        14.199182359302394        31.423391772747721        19.775964219674968     
   5155.2057127077260       -4.1634209999999996        5.3770677251162695        8.2753229000000008        1.0378500000000001E-002   14.981445707927691        15.412928548720441        14.378512543640380        16.475949128547011        15.739394925623476        14.900151212749023        14.715048603359723        14.728348809507967        15.678012543903861        14.903386913874787        14.714582264436537        14.711216863992352        14.782950708717689        15.637066439256365        15.937156281350450        15.282011541632791        14.660381955553863        14.280459516289451        14.395660088510279        14.421114467876766        14.219379217118682        31.533749064423720        19.836461093117709     
   5133.7888216046986       -4.1706599999999998        5.4000151244357530        8.2753320000000006        1.0378399999999999E-002   14.998018001568365        15.432722993100523        14.392548124091864        16.510612652036141        15.761129668242550        14.917497390115958        14.729352110479443        14.740277329426931        15.698496907035423        14.920489431261359        14.728776420443797        14.723427392663954        14.794099809014952        15.671062507621780        15.961771713265573        15.299939715804644        14.676829560524443        14.293737795108033        14.406441228904548        14.436680070129615        14.243416523467094        31.650423389521411        19.895364764371589     
   5111.4957025378962       -4.1782320000000004        5.4230370797406087        8.2753414999999997        1.0378300000000000E-002   15.015069300238954        15.452798488904039        14.407246677684720        16.546851931423419        15.782600496583024        14.935571577468869        14.744353025994515        14.752741865191149        15.718552611790836        14.938298266161143        14.743662892318985        14.736197213320816        14.805707954029200        15.706602097738839        15.986647343276134        15.317867001746764        14.694009172125336        14.307642520578129        14.417623027174288        14.453581512913141        14.271077289010053        31.772340219599492        19.956946728815737     
   5089.4282954086621       -4.1857540000000002        5.4460396507974949        8.2753507000000006        1.0378099999999999E-002   15.031770030890025        15.472161542359052        14.421907520907686        16.582904607314873        15.802717609919464        14.953503150934230        14.759336746250414        14.765150382535625        15.737154834346120        14.955955398889445        14.758532705769200        14.748919712491015        14.817223479308000        15.741957215965998        16.010542865330478        15.334897090661089        14.711096168887766        14.321512004338532        14.428673021654250        14.471035890915006        14.301131790981367        31.893515702737005        20.018197031511249     
   5067.3628128070413       -4.1933129999999998        5.4689998055101308        8.2753599999999992        1.0378000000000000E-002   15.048250394393026        15.490974468243749        14.436635703190579        16.619091486758407        15.821660663118042        14.971431420711511        14.774411234516151        14.777585712478746        15.754469634178864        14.973597536300787        14.773492677348038        14.761680727558502        14.828720846499309        15.777441679327701        16.033669926254994        15.351171835402447        14.728220665087598        14.335443358135443        14.439661584428464        14.489167111699111        14.333801397856444        32.015129205636889        20.079689990333108     
   5045.5904967188617       -4.2008029999999996        5.4919004796141273        8.2753691000000007        1.0377900000000001E-002   15.064318031619873        15.509020740645731        14.451256213938048        16.654952989102370        15.839223942667896        14.989140550058618        14.789396436543157        14.789903930700415        15.770315069810085        14.991012854418642        14.788364276220850        14.774331797613431        14.840069426157473        15.812605274392052        16.055759438383699        15.366512338442146        14.745176614492294        14.349272199335580        14.450465690993543        14.507742955905393        14.368623054180613        32.135587252053824        20.140629965607854     
   5023.7729131767692       -4.2083399999999997        5.5147656188741037        8.2753782000000005        1.0377800000000000E-002   15.080225707070385        15.526589406071091        14.465994500160457        16.691043551428287        15.855699450755933        15.006905175094856        14.804523075848094        14.802295377610390        15.784958346901893        15.008471618198191        14.803376469646294        14.787068241280258        14.851445240363978        15.847991674528634        16.077166945323306        15.381169035676100        14.762226263117663        14.363211762433435        14.461253615890980        14.527040104719072        14.406093360046041        32.256754081973611        20.201959306432556     
   5001.8884263816462       -4.2159329999999997        5.5375813296075567        8.2753873000000002        1.0377700000000000E-002   15.095987700772909        15.543693931447869        14.480865827270247        16.727400117030559        15.871094912746926        15.024743035877542        14.819806978355277        14.814772687224135        15.798404528712823        15.025991176720858        14.818544964693320        14.799903122322704        14.862859581547923        15.883637088762697        16.097908089743598        15.395150975376943        14.779386946374863        14.377276479582473        14.472035743563993        14.547082867376087        14.446269067061131        32.378753321602716        20.263740823658594     
   4980.9020343283773       -4.2232430000000001        5.5603239187307976        8.2753960000000006        1.0377600000000001E-002   15.112343841992672        15.561725558383905        14.496154729590852        16.765390044783189        15.887884565988941        15.043274021497012        14.835552069488372        14.827609746794273        15.813201770928707        15.044279236476761        14.834188726705609        14.813165801720153        14.874439988253737        15.920890275692951        16.120022750612048        15.409989073430673        14.797147630558481        14.391862962110977        14.482632107430604        14.566804655045264        14.484245692777201        32.522553390391266        20.328231549431187     
   4958.1196156339211       -4.2312200000000004        5.5830849588783211        8.2754054000000004        1.0377500000000000E-002   15.130235048248753        15.581380343682849        14.512914766211381        16.806962294142227        15.906044537506279        15.063568748043309        14.852815545676044        14.841673125747160        15.829150965327681        15.064313365960270        14.851349284236345        14.827703681666758        14.887108966359840        15.961657132257077        16.144062819783564        15.426114661040312        14.816609012928225        14.407869009813631        14.494112429438236        14.588166962034002        14.525171208226357        32.686093558227000        20.398862658617002     
   4936.7939365594957       -4.2387160000000002        5.6051837285530439        8.2754142999999996        1.0377400000000000E-002   15.146976826465325        15.599659534669302        14.528662821734359        16.845883763392941        15.922704279055472        15.082594565116070        14.869037807809795        14.854876774731464        15.843701013461724        15.083091094906015        14.867481168047894        14.841355654037690        14.899000266518568        15.999824717596072        16.166325557189381        15.441038795683481        14.834872609759847        14.422911889326068        14.504810004109233        14.608104646672489        14.563387031983394        32.843696528319157        20.465052511519133     
   4915.5826197425204       -4.2462039999999996        5.6275698410332149        8.2754230000000000        1.0377300000000001E-002   15.163622465440044        15.617725655245694        14.544382451843395        16.884602469903776        15.938948568715118        15.101544742037932        14.885231930362538        14.868046310089474        15.857808323690245        15.101790533119351        14.883591113656911        14.854975094776131        14.910857693730998        16.037793587929144        16.188237551437027        15.455718477761886        14.853081754253390        14.437930701573025        14.515402399295377        14.627877707180049        14.601307022126472        33.004788044355379        20.530958479615691     
   4894.6427609697603       -4.2536290000000001        5.6498788796631469        8.2754315999999992        1.0377200000000000E-002   15.180049053094404        15.635448255062034        14.559955879321258        16.922831586032320        15.954666249026172        15.120278386890995        14.901276545389784        14.881083368408962        15.871378633124248        15.120272754447218        14.899558221261753        14.868460201437603        14.922592781295553        16.075282472482488        16.209643042661330        15.470049701660603        14.871100575538801        14.452812845574591        14.525812613322184        14.647341352744792        14.638652622777091        33.168057194089315        20.596090439923227     
   4873.7696591762378       -4.2610609999999998        5.6721549722422289        8.2754401000000009        1.0377100000000000E-002   15.196417150428889        15.653003196292072        14.575533794406198        16.960944476955547        15.970018694259071        15.138977796051019        14.917326877682616        14.894114315125538        15.884553263128023        15.138717693801990        14.915536823072060        14.881941621757949        14.934319337854323        16.112657497987033        16.230756695391573        15.484176377792270        14.889103970586167        14.467702240329508        14.536143369548956        14.666686847330105        14.675790344885403        33.334997062306144        20.661083316171162     
   4852.9855702892255       -4.2684939999999996        5.6944232941560191        8.2754484000000001        1.0377000000000001E-002   15.212709430114536        15.670373127662110        14.591098979113859        16.998900459822593        15.984993312972207        15.157622756906285        14.933365169876033        14.907124870450492        15.897322389275686        15.157105455273257        14.931509176712702        14.895404548817282        14.946024558511429        16.149878765933401        16.251558675683359        15.498085379096963        14.907072276183474        14.482582395924673        14.546384224400821        14.685894039033482        14.712681060948192        33.505382523740259        20.725867176772873     
   4832.2901147150433       -4.2759239999999998        5.7166897002498089        8.2754566000000001        1.0376900000000000E-002   15.228926300441199        15.687559843250572        14.606651033152431        17.036700108718701        15.999594514715294        15.176213295990994        14.949390995079728        14.920114828540623        15.909690872798951        15.175436110418818        14.947474783803063        14.908848736477413        14.957708294771798        16.186946839140031        16.272052287378404        15.511779064717000        14.925005293349230        14.497452893508065        14.556535951400985        14.704963912197119        14.749326250975376        33.679163142831783        20.790442179513672     
   4811.6718351821883       -4.2833600000000001        5.7389634380038572        8.2754647000000006        1.0376800000000000E-002   15.245076831277670        15.704574237081216        14.622197904433845        17.074364249577854        16.013834264764078        15.194759391090679        14.965412528443442        14.933090947963917        15.921669905013205        15.193719540131555        14.963441720994892        14.922281147569555        14.969376664092776        16.223882138235169        16.292251618014916        15.525266985477190        14.942912435390701        14.512321297596776        14.566604720997161        14.723907553592722        14.785746830757047        33.856385339281388        20.854843243368236     
   4791.1194651731421       -4.2908039999999996        5.7612406618014553        8.2754726999999999        1.0376700000000001E-002   15.261169928706549        15.721426799119980        14.637747516421483        17.111913373239652        16.027723698842735        15.213270904550770        14.981437922362600        14.946059945285631        15.933269785938618        15.211965503785512        14.979418054845992        14.935708707218575        14.981035739438868        16.260704755506886        16.312170073471663        15.538558215031015        14.960803042573692        14.527195155751448        14.576596508453909        14.742735755516888        14.821963196722647        34.037103118674025        20.919104843052487     
   4770.6109425285240       -4.2982670000000001        5.7835207964611230        8.2754805999999999        1.0376600000000000E-002   15.277222922365432        15.738136535044219        14.653316106821531        17.149387701269347        16.041280315995930        15.231767485122177        14.997483901316805        14.959035441259722        15.944505867115637        15.230193396435098        14.995420414382735        14.949145496794667        14.992697790885231        16.297454132258018        16.331830857765034        15.551668332427816        14.978695963667260        14.542089976424300        14.586522391779063        14.761469026440384        14.858014502892722        34.221477649706003        20.983295404248032     
   4750.1573941581273       -4.3057379999999998        5.8058065984056411        8.2754884000000004        1.0376500000000000E-002   15.293227184950970        15.754695235059001        14.668894853588645        17.186766851774806        16.054499122782332        15.250238930311964        15.013541362857216        14.972010158272324        15.955374693566673        15.248393189537603        15.011439682368971        14.962583960162258        15.004356302710610        16.334110279866898        16.351224974674558        15.564591437785994        14.996581203800121        14.556997299746461        14.596377332272167        14.780097498972674        14.893881457851782        34.409379424514825        21.047379613347459     
   4729.7479756746397       -4.3132250000000001        5.8280941786057117        8.2754960999999998        1.0376399999999999E-002   15.309510999205092        15.770005989611818        14.686177750455116        17.229970714328534        16.062902903355834        15.270267690898734        15.031551536743237        14.986152361614501        15.959931070614314        15.268013184889298        15.029317584386447        14.977242255852481        15.016935122892079        16.376438949668078        16.368744109178145        15.574923237433701        15.016214982397141        14.573402381169895        14.606408374757606        14.804749065439914        14.943373027253251        34.491765547801428        21.120609232182460     
   4709.4262478355449       -4.3207120000000003        5.8503829552138793        8.2755036000000004        1.0376300000000000E-002   15.326031874873884        15.785971663125800        14.703321409311961        17.272717637508414        16.072782241482873        15.290243113891833        15.049401925600254        15.000225280832424        15.966226516252497        15.287604040895637        15.047030828481784        14.991820573064992        15.029476615806558        16.418313257859062        16.387162243401512        15.586234432270636        15.035741602883633        14.589684488121634        14.616374137823570        14.827949760817468        14.989261603366558        34.570240344933858        21.193242851467346     
   4689.1702393944943       -4.3282069999999999        5.8726723442037505        8.2755112000000004        1.0376200000000000E-002   15.342802896938972        15.802612955790496        14.720331674519075        17.315010244547537        16.084172023466905        15.310174336618855        15.067097360613127        15.014235114593896        15.974301620456986        15.307175355838774        15.064584884434895        15.006325330494382        15.041987018656661        16.459736087135475        16.406505132938513        15.598548640442397        15.055168738653519        14.605850045910506        14.626283792872792        14.849687929619302        15.031516621394063        34.645741359198155        21.265289287949280     
   4669.0336077712363       -4.3356930000000000        5.8949583765993854        8.2755185999999998        1.0376099999999999E-002   15.359775509959182        15.819875860870713        14.737164579352353        17.356741004601453        16.097020994449547        15.330008307802053        15.084592318993842        15.028145022543772        15.984110364084426        15.326674710668946        15.081934669317679        15.020718493313421        15.054433106349716        16.500602202456701        16.426708120698059        15.611819023573769        15.074445449186815        14.621857129985305        14.636111526110813        14.869925072547044        15.070073984027484        34.718106402099735        21.336563068152383     
   4648.9620392647121       -4.3431829999999998        5.9172472174362039        8.2755258999999999        1.0376099999999999E-002   15.376970365524965        15.837776010871490        14.753845621992262        17.398005787904857        16.111321721448860        15.349777273535882        15.101914349633869        15.041971789308441        15.995633590382493        15.346133128462871        15.099107404014653        15.035018272763462        15.066827339349736        16.541005143813013        16.447791240260255        15.626046176232155        15.093603254295008        14.637728819292644        14.645863172481658        14.888713785711470        15.105064415438076        34.787546646898988        21.407240145175304     
   4628.9767558218982       -4.3506749999999998        5.9395280912078539        8.2755331999999999        1.0376000000000000E-002   15.394407754573409        15.856328204715163        14.770399908848708        17.438806312053984        16.127083682497457        15.369501973511673        15.119088098344998        15.055742860246776        16.008880834588361        15.365571415099142        15.116127944146557        15.049251715508502        15.079198368050593        16.580947543107925        16.469763034224719        15.641245292492245        15.112664175372943        14.653490919680303        14.655570523694061        14.906091590725383        15.136531784672522        34.854060798915306        21.477291401756140     
   4609.0561609776332       -4.3581740000000000        5.9618071709974538        8.2755404000000006        1.0375900000000000E-002   15.412082195592596        15.875523471419179        14.786825232738884        17.479169268965542        16.144285855666944        15.389182536196799        15.136112239108350        15.069452352296068        16.023825494229371        15.384989129815914        15.132994850336090        15.063413534843669        15.091538501090628        16.620455161437473        16.492615386396174        15.657400309727723        15.131628251804095        14.669140210790111        14.665223404473828        14.922071713118392        15.164527810161069        34.917730001942090        21.546775694924023     
   4589.2318606087829       -4.3656699999999997        5.9840804305199269        8.2755475000000001        1.0375799999999999E-002   15.429962105141991        15.895322819923097        14.803096489480962        17.519034374646168        16.162882803159945        15.408787532989640        15.152960944826576        15.083078757261235        16.040422675976274        15.404354984984488        15.149682599985317        15.077481609897832        15.103828082322076        16.659469071948905        16.516300470290226        15.674473380738137        15.150465860396098        14.684652653984815        14.674806812000567        14.936645193375854        15.189049197358445        34.978485241115528        21.615586955029215     
   4569.4612629517369       -4.3731739999999997        6.0063437925546195        8.2755545000000001        1.0375700000000000E-002   15.448082531336592        15.915760785990283        14.819249446084495        17.558490700569170        16.182897556838608        15.428358816836496        15.169671433671876        15.096651498290232        16.058688294112155        15.423710063483156        15.166228116607325        15.091486409784498        15.116093366453345        16.698076516570186        16.540858356847504        15.692489766135893        15.169217825980422        14.700062231848669        14.684341554792457        14.949858488662468        15.210186736822880        35.036486685997147        21.683876868454650     
   4549.8072666807593       -4.3806719999999997        6.0286000413321119        8.2755614000000008        1.0375600000000000E-002   15.466382145404932        15.936763431129499        14.835233748269513        17.597416683291900        16.204247450759858        15.447833942476798        15.186191815928698        15.110127682445356        16.078542063903921        15.442992318472424        15.182580093023805        15.105383777149413        15.128295283689056        16.736158632954879        16.566198819596654        15.711379374187036        15.187825010979058        14.715320781531425        14.693797656293196        14.961686779627755        15.227916322982338        35.091583407855452        21.751432561815481     
   4530.1960806051366       -4.3881810000000003        6.0508485396261893        8.2755682999999998        1.0375499999999999E-002   15.485191283851051        15.959259080382257        14.850852140003891        17.636360805971684        16.228937556431962        15.467215099044974        15.202288930945851        15.123389435764004        16.102028683944557        15.462245963166559        15.198518042383707        15.119033365685176        15.140375886142042        16.774257485994674        16.593780332499268        15.732394035311106        15.206181893481599        14.730214908620589        14.703211314228337        14.971540726007337        15.240287751733700        35.154188283993605        21.819205341028795     
   4510.6798114913572       -4.3956869999999997        6.0730851676926081        8.2755750999999993        1.0375499999999999E-002   15.504181058316565        15.982493950471806        14.866149899994966        17.675369187054923        16.255433382610796        15.486437497390540        15.218027593473831        15.136426402369636        16.127422045528135        15.481382286432460        15.214111722929442        15.132438012830495        15.152290650946352        16.812421600822905        16.622561760188201        15.754500576496593        15.224285334018649        14.744787201552878        14.712550984634820        14.980483648318270        15.250111033028670        35.228157561680035        21.887161451802573     
   4491.2062535305431       -4.4032099999999996        6.0953057550727214        8.2755817999999994        1.0375400000000000E-002   15.523947174442217        16.006686461739253        14.882101871551974        17.716254582770699        16.283127890483097        15.506599584295884        15.234458195098430        15.150109308887114        16.153931660852294        15.501434105839760        15.230431077794087        15.146525293823832        15.164780625281121        16.852455800181559        16.652640990222050        15.777537317575412        15.243238410335991        14.760045676486325        14.722237625203466        14.989640719376904        15.260005532303257        35.342782123203293        21.958378828638271     
   4471.7652836379084       -4.4107550000000000        6.1175130906412001        8.2755884000000002        1.0375300000000000E-002   15.544647336514064        16.032034217908269        14.898844326580576        17.759423788234383        16.312262576237309        15.527885815707304        15.251724577242392        15.164568519455599        16.181783251086348        15.522580703775322        15.247622853248583        15.161429503170087        15.177964804093225        16.894758800068676        16.684285417502029        15.801692570228827        15.263212826132406        14.776129280067597        14.732330423846211        14.999045143094374        15.269974772321373        35.502853617539145        22.033656617184800     
   4452.3572074237618       -4.4183139999999996        6.1397100102457038        8.2755948999999998        1.0375199999999999E-002   15.565325379855414        16.057336158162521        14.915582894875291        17.802531262542232        16.341331153729442        15.549143648466922        15.268985692574438        15.179020106551780        16.209575208067896        15.543699147726683        15.264809489697578        15.176325820752174        15.191138745783126        16.936992949674547        16.715863282792562        15.825800706490375        15.283171126519926        14.792211086752973        14.742404361792792        15.008428901147523        15.279909974400836        35.663691791100341        22.108951360124124     
   4433.0231575042699       -4.4258829999999998        6.1618888086687287        8.2756012999999999        1.0375199999999999E-002   15.585916488916736        16.082517796303698        14.932261016643769        17.845464662030238        16.370251268455398        15.570307082113528        15.286183877755382        15.193412421191697        16.237227847152852        15.564723732389171        15.281933481612496        15.191161651679819        15.204253547725001        16.979047828191156        16.747286880975203        15.849789799223617        15.303049982508950        14.808235921556117        14.752417218367457        15.017751260983834        15.289769342541531        35.824927543903250        22.184081391673416     
   4413.7425751860765       -4.4334600000000002        6.1840523060556878        8.2756077000000001        1.0375100000000000E-002   15.606484298048805        16.107647795307571        14.948938058272283        17.888311339487117        16.399095687800596        15.591440413452471        15.303379057747652        15.207802473739349        16.264812548144839        15.585718606590198        15.299054675094840        15.205994474957471        15.217364903929791        17.021009942537507        16.778631597818219        15.873727280209650        15.322912227828141        14.824262448414309        14.762421503650614        15.027064045525183        15.299605400527245        35.986765417340493        22.259166860170438     
   4394.5256124705438       -4.4410470000000002        6.2061962622144922        8.2756138999999997        1.0375000000000001E-002   15.626996926747250        16.132692029738035        14.965584074906150        17.931027819956956        16.427828473144277        15.612511507014037        15.320541016797048        15.222161595931507        16.292293990167554        15.606651707847075        15.316142893157021        15.220795382271039        15.230444872078092        17.062836353929843        16.809860156499365        15.897579675810665        15.342726303049556        14.840261054747732        14.772391083514908        15.036341467098918        15.309392184935053        36.149090524690720        22.334146442912608     
   4375.3419450779802       -4.4486509999999999        6.2283235182933812        8.2756200999999994        1.0374899999999999E-002   15.647486629576344        16.157690006521229        14.982225145369744        17.973681292182221        16.456495039101654        15.633553541976541        15.337696653358153        15.236512312791954        16.319715586965252        15.627555997195815        15.333224918013281        15.235587595382638        15.243513984505460        17.104592917895673        16.841021868978046        15.921384644528823        15.362523332331650        14.856256793357639        14.782341640020915        15.045598176429083        15.319145256709783        36.312152932986535        22.409136962198232     
   4356.2319906106595       -4.4562629999999999        6.2504333844668496        8.2756261999999996        1.0374899999999999E-002   15.667889238232705        16.182568194720623        14.998805112051143        18.016160960378222        16.485014247344111        15.654501227436155        15.354788728481369        15.250803356658457        16.346998784682363        15.648366473849430        15.350243665694242        15.250318911562273        15.256523716950126        17.146170795705061        16.872030314365581        15.945071193907454        15.382240564459766        14.872194858002844        14.792231353989829        15.054793819940416        15.328823313546680        36.475580496887716        22.483958555471666     
   4337.1655547470154       -4.4638869999999997        6.2725251693022246        8.2756322999999998        1.0374800000000000E-002   15.688278740963906        16.207407786908881        15.015391826746143        18.058575651631848        16.513473159358423        15.675429461596472        15.371885908145217        15.265099030638332        16.374228656206895        15.669157819117686        15.367267686394086        15.265054326869347        15.269536386144111        17.187677470180986        16.902976446715321        15.968718667423971        15.401950865580250        14.888142079193983        14.802117714692429        15.063984833833683        15.338483671761608        36.639665469375657        22.558769826013766     
   4318.1626832887996       -4.4715249999999997        6.2945909754248222        8.2756383000000007        1.0374700000000001E-002   15.708612680132733        16.232161782885257        15.031946731741906        18.100859827345388        16.541821092068680        15.696295261392633        15.388949100730025        15.279363249753596        16.401355771906211        15.689887193648611        15.384257965270438        15.279757289039930        15.282517299275364        17.229048424030573        16.933806943278455        15.992281342723539        15.421612449846963        14.904060563226993        14.811969452131995        15.073140681810708        15.348095397853152        36.804206566636466        22.633470257209183     
   4299.2133730577898       -4.4791689999999997        6.3166408785256642        8.2756442000000003        1.0374599999999999E-002   15.728901633471111        16.256843227336066        15.048478313836249        18.143035638976720        16.570073106276595        15.717109531278048        15.405987064712157        15.293603363341717        16.428394511156810        15.710565429859905        15.401223222370497        15.294435374351245        15.295473172479021        17.270305404353781        16.964538138104668        16.015771667467178        15.441235498673027        14.919958453799595        14.821791759500670        15.082266214825179        15.357663693954219        36.969282054668845        22.708097902508463     
   4280.3472177203175       -4.4868139999999999        6.3386633397631531        8.2756500000000006        1.0374599999999999E-002   15.749092884381611        16.281392705795511        15.064939606831700        18.185016201449578        16.598164354296216        15.737818788850426        15.422952048020573        15.307776063012845        16.455281876564960        15.731139257595885        15.418115819141445        15.309044585855645        15.308362751653807        17.311363050264607        16.995101271769411        16.039132122669638        15.460768286583871        14.935789764971371        14.831548417715091        15.091326332954999        15.367152898470827        37.134603411695210        22.782513820481689     
   4261.5834776413558       -4.4944519999999999        6.3606648660911294        8.2756556999999997        1.0374500000000000E-002   15.769207501500041        16.305827057303418        15.081355327610275        18.226800359479689        16.626108252976380        15.758443647593069        15.439868260047771        15.321908508712479        16.482032453837224        15.751629428382923        15.434960038838149        15.323611631462359        15.321214572803978        17.352221268826789        17.025507184177286        16.062380808332811        15.480232488155714        14.951579843747865        14.841271353409788        15.100353715029165        15.376595426594854        37.300030054836036        22.856681890418791     
   4242.8629136992404       -4.5021069999999996        6.3826374576242504        8.2756614000000006        1.0374400000000001E-002   15.790060344717135        16.331171444477683        15.098509709940837        18.269999694486103        16.655136626452588        15.779932611282225        15.457539325085017        15.336660799159263        16.509844024029029        15.772978160191821        15.452545788987168        15.338825141788776        15.334630573377924        17.394463335040570        17.057054090281490        16.086579836986282        15.500482898802398        14.968070423851296        14.851294275924078        15.109580242438428        15.386128682357162        37.473621305174952        22.933135744891104     
   4224.2148600552282       -4.5097620000000003        6.4045876669541988        8.2756670999999997        1.0374400000000001E-002   15.812061403155910        16.357952743442873        15.116811705036911        18.315429566994162        16.685892268272184        15.802784957222814        15.476387694259005        15.352384771379016        16.539337826327156        15.795681344503260        15.471284316634497        15.355052602660136        15.348931447315612        17.438895692803271        17.090410748493539        16.112285622277440        15.521959288811734        14.985649021801430        14.861784813290727        15.119108423447523        15.395803138044259        37.660020588339705        23.013152654295162     
   4205.6197160646061       -4.5174329999999996        6.4265111179529733        8.2756726999999994        1.0374299999999999E-002   15.834017014302635        16.384664887598056        15.135096316420718        18.360735815018760        16.716556884222239        15.825597765535939        15.495221521218923        15.368107473691634        16.568741146167174        15.818345414064456        15.490004222500456        15.371277361919670        15.363230709191196        17.483206814660956        17.123663695020451        16.137926207964913        15.543400499240239        15.003216685883547        14.872272281451558        15.128626100063553        15.405465765918368        37.847301116836476        23.093085223621895     
   4187.1353521653473       -4.5250899999999996        6.4483996984649732        8.2756781999999998        1.0374200000000000E-002   15.855838037458916        16.411204064700620        15.153285597662460        18.405756768014520        16.747014498351493        15.848279118207500        15.513961092590549        15.383758816403578        16.597941974332659        15.840878913824824        15.508626205595203        15.387427767711660        15.377462756030283        17.527238133015260        17.156688967053793        16.163401105840734        15.564718875271623        15.020697643064842        14.882703098549499        15.138082845019142        15.415065699967890        38.034841088373298        23.172662180886583     
   4168.7226311196573       -4.5327510000000002        6.4702599936142748        8.2756836000000007        1.0374200000000000E-002   15.877549756020073        16.437605697062693        15.171396884809717        18.450567010546713        16.777308985048062        15.870855998274280        15.532624845261886        15.399350633096475        16.626981568756069        15.863308513723240        15.527168517969489        15.403516710204862        15.391636480735244        17.571062142418935        17.189535953943974        16.188743471544058        15.585938507304068        15.038107665086244        14.893078292481761        15.147477769253967        15.424602366325885        38.222996206649590        23.252029290855681     
   4150.4004357451322       -4.5404099999999996        6.4920912622295912        8.2756889999999999        1.0374100000000001E-002   15.899171826006118        16.463884750505649        15.189453306506373        18.495162576280364        16.807451441995926        15.893347067643006        15.551235285355446        15.414908522173043        16.655872358527059        15.885653027128967        15.545653847298773        15.419569279411160        15.405778988109716        17.614675898142632        17.222213195095989        16.213969350165932        15.607079446204828        15.055470544300476        14.903428996225518        15.156843162129952        15.434107926222541        38.411598663930619        23.331145172545099     
   4132.1207109040206       -4.5480820000000000        6.5138853168802182        8.2756944000000008        1.0374000000000000E-002   15.920740012062049        16.490089311821535        15.207481088812015        18.539639614831771        16.837500201363177        15.915790281753976        15.569820045481718        15.430452063706793        16.684669425239235        15.907950025041208        15.564109544419798        15.435606352669266        15.419906192945275        17.658172978486533        17.254785727573839        16.239124056665126        15.628176101420882        15.072810641116986        14.913761313415327        15.166182646634342        15.443586378459896        38.601107465530589        23.410195082457264     
   4113.9309686320357       -4.5557520000000000        6.5356450770354817        8.2756997000000005        1.0374000000000000E-002   15.942177412820213        16.516130544025678        15.225412342041848        18.583861871547818        16.867356554767717        15.938106376759686        15.588309741561629        15.445919732583041        16.713277342581748        15.930120623308744        15.582466606496476        15.451565121030574        15.433960300843074        17.701419675950810        17.287148346140313        16.264121470263341        15.649152702159133        15.090061805848526        14.924027464660236        15.175451113035313        15.452992256183281        38.790993660269649        23.488951627993217     
   4095.8024363415057       -4.5634300000000003        6.5573660161787934        8.2757048999999991        1.0373900000000000E-002   15.963559848618997        16.542091671383247        15.243317130320394        18.627941354638828        16.897109888034798        15.960372463545079        15.606775268643856        15.461377590847063        16.741783557938930        15.952241702635812        15.600795771067483        15.467512423321518        15.448005190291292        17.744526459926625        17.319394465024899        16.289043153308867        15.670084234946119        15.107292974178703        14.934285486021084        15.184705138166715        15.462382363457246        38.981582807893460        23.567579824975297     
   4077.7631789977900       -4.5711029999999999        6.5790473176439264        8.2757100999999995        1.0373900000000000E-002   15.984812440150945        16.567890833527080        15.261125758408669        18.671768092173217        16.926672581439014        15.982512197000366        15.625146012387605        15.476759627706747        16.770102423668341        15.974237142832349        15.619026687051031        15.483381492418852        15.461977085347277        17.787384874634022        17.351432657948450        16.313808848860525        15.690896418534278        15.124435443426707        14.944477581788187        15.193888620422252        15.471700404315053        39.172523109433243        23.645914376780944     
   4059.8033724602565       -4.5787779999999998        6.6006919342841632        8.2757152000000005        1.0373800000000001E-002   16.005988670775622        16.593584134867410        15.278889594750790        18.715408102571299        16.956102940648012        16.004579433061298        15.643473588617955        15.492115773513991        16.798291603891045        15.996160720840980        15.637210951724054        15.499222522688353        15.475925210174015        17.830060411337531        17.383322658034842        16.338474082568023        15.711642377121205        15.141540159525984        14.954651106949374        15.203048479335809        15.480993377303118        39.363940759568550        23.724038488407000     
   4041.9040531025885       -4.5864570000000002        6.6222915194820455        8.2757202000000003        1.0373700000000000E-002   16.027089989219260        16.619177904606246        15.296606293060488        18.758886686857547        16.985411356494769        16.026576470521139        15.661756198417205        15.507441043582137        16.826360212119045        16.018014583745963        15.655346662627249        15.515031041426514        15.489843141140174        17.872577356720779        17.415077511589438        16.363044088276968        15.732323009336643        15.158604032116724        14.964795788205805        15.212173480463871        15.490250197723565        39.556001692928589        23.802012390392161     
   4024.0929160901801       -4.5941320000000001        6.6438490129500218        8.2757252000000001        1.0373700000000000E-002   16.048062898986000        16.644611799065157        15.314227399271040        18.802115761878948        17.014531845593606        16.048448331327275        15.679944462353088        15.522690583313761        16.854244224016863        16.039743975455995        15.673384718538866        15.530761447638582        15.503688247591551        17.914849126060471        17.446627500414582        16.387460101021652        15.752885372076292        15.175579568391793        14.974874947057302        15.221228659474082        15.499435713239993        39.748373492075913        23.879692816755931     
   4006.3510410233644       -4.6018129999999999        6.6653635955018027        8.2757301999999999        1.0373600000000000E-002   16.068971591907129        16.669954872142483        15.331813330734983        18.845183305012682        17.043537506602277        16.070260060784058        15.698099346839351        15.537922183921411        16.882015462052046        16.061413789912244        15.691385979661321        15.546472043300545        15.517516882362921        17.956962684708373        17.478048368502414        16.411790082636379        15.773393114140353        15.192526446423061        14.984941086928588        15.230265553660397        15.508601609842396        39.941285556650463        23.957202677051747     
