  #       Teff 			 log(L/Lsun) 		 tcool(gyr) 			logg(CGS)		  R/R_sun		       G3      			Bp3    			Rp3     		    u      			g      			 r      		 i       		z     				g		       r       			i      			 z       			y  
   78893.822743989585       0.45344600000000002        4.7333599989799781E-004   8.5054891000000001        9.0151999999999993E-003   9.4592812345867046        9.2633942810793357        9.8367501023586996        8.6417261342561389        9.1894829424049362        9.7589493814098986        10.165619957000128        10.531553252074524        9.2675048988049369        9.7649518101769317        10.176641913400125        10.478553252074526        10.699356401790354        7.8997261342561380        9.1846155165305348        9.5340404715025322        9.6798411924513275        9.8866419134001262        10.345333609664753        10.487067625687949        10.608649539952577        7.1609515642289772        7.8124097853071817     
   77586.828559071248       0.42296400000000001        4.9265731101438349E-004   8.5069505000000003        8.9999999999999993E-003   9.4778492859175554        9.2820973121608841        9.8546705021970862        8.6608212635931618        9.2083108273049792        9.7771253344852749        10.183408092152236        10.549222379008141        9.2863386293049768        9.7831320435845139        10.194435894152234        10.496222379008143        10.716774255819194        7.9188212635931645        9.2035799464490697        9.5523455587286090        9.6978907264404182        9.9044358941522344        10.362644146675104        10.504003601242827        10.625072843765691        7.1850191170686930        7.8334755318537983     
   76303.067920233938       0.39254600000000001        5.1275569448411317E-004   8.5083847000000006        8.9850999999999993E-003   9.4960793483298378        9.3004614406043817        9.8722644210899571        8.6795705202283120        9.2267975950123589        9.7949702687059119        10.200873588148545        10.566570972540569        9.3048311338123586        9.8009826677724750        10.211907126948544        10.513570972540569        10.733877523991177        7.9375705202283111        9.2222008270203322        9.5703188221804520        9.7156129745644986        9.9219071269485450        10.379641985983200        10.520633522759271        10.641200687793928        7.2086524009314221        7.8541618562145228     
   75042.622009030572       0.36220300000000000        5.3365742339271096E-004   8.5097916999999992        8.9706000000000004E-003   9.5139463193718345        9.3184614736341640        9.8895067971763542        8.6979486870314542        9.2449180446332608        9.8124591059745487        10.217991309040487        10.583573904841389        9.3229572114332608        9.8184785224377773        10.229030475840483        10.530573904841388        10.750641012506422        7.9559486870314533        9.2404529492323579        9.5879350934368741        9.7329827846386809        9.9390304758404842        10.396301941907327        10.536932228910034        10.657007860976877        7.2318258901971380        7.8744433372811375     
   73805.376495919423       0.33194600000000002        5.5541459558598662E-004   8.5111716000000008        8.9563999999999998E-003   9.5314756676837522        9.3361228115765318        9.9064230423317117        8.7159811986277607        9.2626975875269455        9.8296172806325277        10.234786575123680        10.600256485573270        9.3407422739269439        9.8356449621749054        10.245831261523678        10.547256485573270        10.767089928814828        7.9739811986277598        9.2583617362773492        9.6052197381253119        9.7500254998244937        9.9558312615236790        10.412649212064421        10.552924884213200        10.672519402753940        7.2545654543432665        7.8943455018262529     
   72591.204052649016       0.30177700000000002        5.7807937915458751E-004   8.5125241999999997        8.9423999999999997E-003   9.5486931883897341        9.3534711836813536        9.9230388872160589        8.7336938224655540        9.2801619664760864        9.8464705496055309        10.251285026518207        10.616644340523472        9.3582120632760883        9.8525076653024115        10.262335123318206        10.563644340523471        10.783249793830880        7.9916938224655532        9.2759529428708198        9.6221984480971479        9.7667667857076772        9.9723351233182065        10.428709301436147        10.568636953051939        10.687760647169885        7.2768973438654889        7.9138942288834642     
   71399.800778730278       0.27170400000000000        6.0167822297344745E-004   8.5138482000000000        8.9288000000000006E-003   9.5655539881802696        9.3704616470139364        9.9393092813696349        8.7510417067803168        9.2972662741360672        9.8629739284138900        10.267441507559049        10.632692273236923        9.3753216669360633        9.8690215673254293        10.278496900359048        10.579692273236919        10.799075265104211        8.0090417067803195        9.2931816868581905        9.6388261944475566        9.7831615474033029        9.9884969003590491        10.444436816382083        10.584022935015703        10.702685887038736        7.2987778566211432        7.9330450373237653     
   70230.700466282491       0.24172900000000000        6.2623762918217096E-004   8.5151435000000006        8.9154999999999998E-003   9.5820877065709791        9.3871238130793468        9.9552636308041205        8.7680546029394630        9.3140401690327206        9.8791569167108637        10.283285303405746        10.648429521452377        9.3921007430327190        9.8852160932658588        10.294345877405744        10.595429521452372        10.814595412100628        8.0260546029394622        9.3100776729860879        9.6551324492192325        9.7992391633124871        10.004345877405745        10.459860778147254        10.599111710287138        10.717323741028649        7.3202385151675866        7.9518283027950343     
   69084.083432764630       0.21186800000000000        6.5183577199245230E-004   8.5164074999999997        8.9025000000000007E-003   9.5997892749955867        9.4052152604620503        9.9721221717417983        8.7867768327232518        9.3322472332792046        9.8964229083686952        10.300116160581368        10.664972645611197        9.4102092493016194        9.9024825272082602        10.311187801741799        10.611972645611196        10.831097894450767        8.0447768327232509        9.3285816270889441        9.6725084888649846        9.8164825272082616        10.020998607267924        10.476171219976887        10.615276518320165        10.733413789480597        7.3427613734175416        7.9721843647569521     
   67959.003175421909       0.18211600000000000        6.7852512730094358E-004   8.5176362000000001        8.8900000000000003E-003   9.6174714165336717        9.4233439618922219        9.9889091638740091        8.8055973563295282        9.3504919149459624        9.9136550178038405        10.316894765702731        10.681423556255361        9.4283295637209470        9.9197111644325631        10.327979708674007        10.628423556255356        10.847550247684079        8.0635973563295309        9.3471603606220555        9.6898447193150190        9.8337111644325645        10.037557111137815        10.492409829347885        10.631417364065427        10.749572851836703        7.3651702946256208        7.9925814433126590     
   66854.092819867146       0.15246000000000001        7.0630662033246950E-004   8.5188167000000004        8.8778999999999993E-003   9.6348007369996616        9.4411106884350637        10.005359278055558        8.8240455892164498        9.3683736905897312        9.9305423741276115        10.333335599818902        10.697542361264862        9.4460870101984078        9.9365939626909565        10.344434544855556        10.644542361264865        10.863669216628207        8.0820455892164489        9.3653690513071162        9.7068332866089690        9.8505939626909544        10.053781685182877        10.508317424155528        10.647228633837514        10.765402845674171        7.3871404025195666        8.0125767146319795     
   65773.810084890618       0.12300700000000001        7.3525870730061622E-004   8.5199701999999995        8.8661000000000000E-003   9.6517409462435122        9.4584775438664206        10.021439875111424        8.8420807761017581        9.3858540412010658        9.9470504702774694        10.349406115968288        10.713298020593756        9.4634437847232835        9.9530965919343348        10.360519755911424        10.660298020593755        10.879424023050619        8.1000807761017608        9.3831680198324623        9.7234393301258439        9.8670965919343327        10.069640758785267        10.523864549124459        10.662681572532948        10.780875093276086        7.4086169463438356        8.0321234444397742     
   64716.347749799410        9.3713000000000005E-002   7.6545998161680023E-004   8.5211045999999993        8.8544999999999995E-003   9.6683392139813957        9.4754924895345614        10.037196710581236        8.8597518883785060        9.4029810401064982        9.9632257530813160        10.365152106834325        10.728735847959262        9.4804478857876529        9.9692655677344053        10.376281128981235        10.675735847959261        10.894860081012352        8.1177518883785087        9.4006059504346435        9.7397095145594239        9.8832655677344032        10.085179794784283        10.539096420415399        10.677821310390380        10.796034750937290        7.4296547864853242        8.0512732345818758     
   63681.018383546543        6.4583000000000002E-002   7.9698918392477939E-004   8.5222198000000002        8.8432000000000007E-003   9.6845797868688948        9.4921400961123865        10.052613480775733        8.8770438102884341        9.4197392776771203        9.9790521942223123        10.380557318172642        10.743839382087707        9.4970839335092982        9.9850849108192250        10.391702359975731        10.690839382087706        10.909960977884616        8.1350438102884368        9.4176676887589679        9.7556279297808715        9.8990849108192265        10.100382401049352        10.553996535758237        10.692631275196593        10.810865196199682        7.4502411054549107        8.0700119803483830     
   62667.158059996553        3.5610000000000003E-002   8.2992521279594202E-004   8.5233142999999991        8.8319999999999996E-003   9.7005203680268721        9.5084783779721320        10.067747351674868        8.8940148511976105        9.4361867889968707        9.9945872312508683        10.395678967644130        10.758665629462129        9.5134099939413979        10.000612104420131        10.406840608874866        10.705665629462128        10.924783759831392        8.1520148511976096        9.4344115147481347        9.7712521314141298        9.9146121044201294        10.115305656456130        10.568621836212657        10.707168323618653        10.825423222049395        7.4704364345441476        8.0883989602828770     
   61675.403576267592        6.8199999999999997E-003   8.6437300251681389E-004   8.5243897000000004        8.8211000000000001E-003   9.7161031175619481        9.5244493011676834        10.082540999222962        8.9106064865494385        9.4522654157738142        10.009773278992457        10.410459785459205        10.773157524132086        9.5293680874039257        10.015789624028697        10.421638558022964        10.720157524132086        10.939271427968327        8.1686064865494412        9.4507791397371772        9.7865245248710711        9.9297896240286985        10.129892424974459        10.582915530119825        10.721375746877447        10.839652078241206        7.4901803263778657        8.1063748253789054     
   60704.515886718378       -2.1798000000000001E-002   9.0038595559276753E-004   8.5254455999999994        8.8103999999999995E-003   9.7313686608469574        9.5400940252240503        10.097034055956332        8.9268605390284606        9.4680164029036007        10.024650467201646        10.424939444288110        10.787354363854128        9.5449994135558285        10.030657637933423        10.436135838356336        10.734354363854127        10.953463316985907        8.1848605390284597        9.4668122188693644        9.8014854039447528        9.9446576379334246        10.144182129865456        10.596916738095029        10.735292536883701        10.853590713351920        7.5095186472545201        8.1239831699188336     
   59754.690320107147       -5.0228000000000002E-002   9.3809528987982556E-004   8.5264810999999998        8.7998999999999994E-003   9.7473652992915358        9.5564634231634944        10.112225914011644        8.9442149532592570        9.4845072882433410        10.040223310339732        10.440070927675665        10.802277579619533        9.5612541780354068        10.046218113483599        10.451326641555513        10.749272382763403        10.968427369099382        8.2022149532592596        9.4837087328433842        9.8170088683555132        9.9602181134836005        10.159171655219533        10.611739945443249        10.750161039371337        10.868538268219579        7.5296331195866291        8.1425609904830178     
   58824.873239921246       -7.8490000000000004E-002   9.7758072232410594E-004   8.5274964999999998        8.7895999999999998E-003   9.7659965804200013        9.5754666311240335        10.129931439659924        8.9652718819962054        9.5036758069776788        10.058317353862321        10.457586428307909        10.819780550809540        9.5798607449216355        10.064291504363954        10.469015576161556        10.766754701311175        10.986099712663190        8.2232718819962081        9.5036417578841146        9.8346856181615543        9.9782915043639555        10.176670564809537        10.629403821164825        10.768229679367220        10.886846361715971        7.5526696263732802        8.1645311452579179     
   57915.391972075624      -0.10654800000000000        1.0189740151392926E-003   8.5284897999999991        8.7796000000000003E-003   9.7842179272450540        9.5940517704562236        10.147247278417128        8.9858658265176583        9.5224211800091734        10.076014674480932        10.474716397611546        10.836896803958910        9.5980564559924186        10.081967162428301        10.486313725564495        10.783849291906273        11.003380172711859        8.2438658265176574        9.5231363784841481        9.8519718479644940        9.9959671624282986        10.193782844758909        10.646674538259225        10.785897771123027        10.904751594433884        7.5751954688211871        8.1860168816929448     
   57026.011851389201      -0.13440500000000000        1.0624072684612003E-003   8.5294600999999997        8.7697999999999995E-003   9.8020571301514554        9.6122467254109001        10.164200982402848        9.0060251801378453        9.5407714318500201        10.093342828452899        10.491488344373126        10.853653933982519        9.6158691985608495        10.099272737262291        10.503248731612240        10.800583842791911        11.020296480821637        8.2640251801378444        9.5422207135595105        9.8688952104122425        10.013272737262293        10.210536093582521        10.663579910831031        10.803193118481078        10.922281619692013        7.5972398400929730        8.2070469174958500     
   56156.625141009994      -0.16203699999999999        1.1080129477083317E-003   8.5304041000000002        8.7601999999999992E-003   9.8195152459300754        9.6300525958736696        10.180793487471083        9.0257512533634507        9.5587277873626260        10.110302704497519        10.507903196099283        10.870052945416445        9.6333001460472314        10.116209221014680        10.519821620388244        10.816959461933605        11.036849753305402        8.2837512533634463        9.5608959707326573        9.8854567711882435        10.030209221014678        10.226931329016443        10.680121119022564        10.820116801648998        10.939437292786478        7.6188046112047072        8.2276227611395978     
   55307.241733180381      -0.18942000000000001        1.1558979663536916E-003   8.5313131000000002        8.7510999999999995E-003   9.8365170832364193        9.6473941865431456        10.196949577369598        9.0449687595301462        9.5762151823493973        10.126818984123435        10.523885773316234        10.886018722269124        9.6502742749893073        10.132701428276324        10.535957273922488        10.832901166422015        11.052964970475383        8.3029687595301489        9.5790869448099620        9.9015815167224908        10.046701428276325        10.242893469869124        10.696223171828276        10.836593588182108        10.956143008729686        7.6398149077758255        8.2476692143498589     
   54476.977000725332      -0.21658500000000000        1.2062215287677277E-003   8.5322026999999991        8.7420999999999992E-003   9.8690222002448369        9.6804540928464480        10.228665221634460        9.0809116000610732        9.6092341516487796        10.158928327642935        10.555340675836939        10.917533668630222        9.6821504252478956        10.164590307643225        10.567456012434752        10.864327201634753        11.084952087029643        8.3391073350585909        9.6136182176470388        9.9317770912475911        10.078799516842937        10.274209122832703        10.728169286023070        10.869116421824680        10.988865080424533        7.6729174566614784        8.2824740840674860     
   53665.354185218508      -0.24353800000000000        1.2592472510161770E-003   8.5330788999999996        8.7332999999999994E-003   9.9099287325897940        9.7220317681339736        10.268816737076197        9.1259175337319327        9.6506678422633705        10.199491870971524        10.595185882042639        10.957479170128533        9.7220978453044076        10.204825697045614        10.607282878750286        10.904150563150285        11.125546886780359        8.3844160731654895        9.6570033078188438        9.9695924472936248        10.119359555371528        10.313848315094976        10.768705561303296        10.910337859247473        11.030266366410434        7.7125089711696653        8.3252511632352508     
   52871.910049287282      -0.27027499999999999        1.3151615783257996E-003   8.5339407000000005        8.7246000000000008E-003   9.9499769412532402        9.7627371963038811        10.308121316642307        9.1699833464273084        9.6912335986038087        10.239203684982883        10.634192100952095        10.996580132472019        9.7612094908024538        10.244216686202595        10.646270080662021        10.943134317862022        11.165282604432591        8.4287767993175216        9.6994767772855184        10.006618673840528        10.159067922182878        10.352650916781805        10.808380780762377        10.950684087013016        11.070788519003159        7.7512793353724589        8.3671402607454581     
   52095.954552119270      -0.29680800000000002        1.3742556649426944E-003   8.5347887000000000        8.7160999999999992E-003   9.9891729586080107        9.8025770173390132        10.346584765186217        9.2131180877121235        9.7309378758221339        10.278069672856160        10.672364814579764        11.034842311351243        9.7994906168432525        10.282768899877011        10.684423147007065        10.981283992207063        11.204165547709549        8.4721988835185744        9.7410467396970493        10.042859276306066        10.197930518056159        10.390622360744787        10.847201390191453        10.990162068122457        11.110438651212030        7.7892331238107122        8.4081484052034536     
   51337.297170168793      -0.32312500000000000        1.4367696337372706E-003   8.5356223999999994        8.7077999999999999E-003   10.027523974168478        9.8415585158445715        10.384214404443473        9.2553293416617244        9.7697878650908336        10.316097003224318        10.709711213123768        11.072273105053050        9.8369481309849114        10.320489432492383        10.721749323311538        11.018606833711541        11.242203267316913        8.5146900433814281        9.7817208414824286        10.078320724215121        10.235954513624318        10.427769913733346        10.885175108280229        11.028779608356320        11.149224596922291        7.8263767857603810        8.4482825325626543     
   50595.745572438449      -0.34922500000000001        1.5030227045075577E-003   8.5364424000000003        8.6995000000000006E-003   10.065087254464874        9.8797390592881662        10.421067614116620        9.2966748264483385        9.8078408400838946        10.353342921012608        10.746288544026839        11.108929960668629        9.8736390112330419        10.357435449641585        10.758305912345598        11.055160142745596        11.279453364210678        8.5563081269381236        9.8215568203100432        10.113059548440145        10.273197151412610        10.464150890578846        10.922359699566957        11.066594582790248        11.187204281675758        7.8627668662639500        8.4875997166136479     
   49869.383571732222      -0.37510900000000003        1.5733875108644355E-003   8.5372081000000009        8.6919000000000007E-003   10.102638479843925        9.9181752735374324        10.457158846523008        9.3393382831571117        9.8461491502517759        10.390216619282171        10.782158846523004        11.144543814303866        9.9106241518634945        10.394045551587816        10.794128835246056        11.090718769989515        11.315360951304289        8.5991149688914525        9.8616114620796189        10.148105705473043        10.309967181730855        10.499704442009083        10.957816381628184        11.102462733814725        11.223269713706486        7.9043743747106454        8.5306185223289290     
   49160.127433557958      -0.40079100000000001        1.6482121908562846E-003   8.5380046000000007        8.6838999999999996E-003   10.143302885478576        9.9609489863611529        10.493009213643525        9.3912343024243938        9.8887810118478683        10.428589758049213        10.818009213643524        11.178663947467314        9.9520162748617729        10.432295300352678        10.829815703913482        11.124983940380602        11.348488125874290        8.6506038957012805        9.9059487244073274        10.187487078058986        10.347791376812811        10.534697329763794        10.988790954558215        11.132919446934597        11.254081321607458        7.9721676535246004        8.5932896390215312     
   48466.872923308110      -0.42625400000000002        1.7280031692365014E-003   8.5387962000000002        8.6759999999999997E-003   10.183061959457845        10.002768941884163        10.528063539740092        9.4419659402586333        9.9304623164688266        10.466108369208676        10.853063539740091        11.212026081552278        9.9924874853382875        10.469694142597092        10.864709330720999        11.158487891767614        11.380879703644908        8.7009384628163744        9.9492970062528840        10.225991961119796        10.384774266351073        10.568913417648062        11.019077554011080        11.162695683746293        11.284201149577292        8.0384562574093543        8.6545587176315379     
   47788.676173312160      -0.45150299999999999        1.8132431379578834E-003   8.5395652000000002        8.6683000000000003E-003   10.221941703123909        10.043663942228401        10.562341651078009        9.4915738009218966        9.9712216774630615        10.502795473702937        10.887341651078009        11.244647959118387        10.032064759326174        10.506264941313175        10.898829393137097        11.191248484683721        11.412552105761021        8.7501587390014617        9.9916871154471156        10.263644798635871        10.420938147017159        10.602371540885981        11.048689880305384        11.191804424131503        11.313642549725214        8.1033009522307520        8.7144801389756612     
   47125.286116747382      -0.47653800000000002        1.9045219664854472E-003   8.5403157000000007        8.6607999999999997E-003   10.259956562726215        10.083649250293972        10.595856174002103        9.5400768574842427        10.011074307517324        10.538664761417808        10.920856174002102        11.276541618200296        10.070762730691472        10.542021272723160        10.932188514343450        11.223277823776945        11.443517018763741        8.7982834832362951        10.033134883637130        10.300459552136365        10.456296444393208        10.635083991742198        11.077638897431980        11.220256798692018        11.342417073493960        8.1667250978612014        8.7730763926250486     
   46476.241529750769      -0.50136499999999995        2.0026160610469644E-003   8.5410515000000000        8.6534999999999997E-003   10.297132287127996        10.122752044082072        10.628629629986976        9.5875086174552724        10.050047292388024        10.573740535566527        10.953629629986976        11.307728473201704        10.108607564054919        10.576987302329153        10.964809153836255        11.254597430895755        11.473795211343356        8.8453458808297984        10.073668518716621        10.336461109881549        10.490873047247002        10.667072707822678        11.105944005475935        11.248072158110419        11.370544545365876        8.2287715296968447        8.8303877532490507     
   45841.202345813399      -0.52597300000000002        2.1081752722085412E-003   8.5417602000000006        8.6464000000000003E-003   10.333487558315987        10.160992054301108        10.660678508844956        9.6338932051409003        10.088160294770269        10.608040468045154        10.985678508844956        11.338224375097472        10.145618252947614        10.611180605491754        10.996707811536680        11.285223175428307        11.503402058381610        8.8913698235258281        10.113308449940320        10.371667640938451        10.524685326899242        10.698353870059933        11.133619686841612        11.275264923361906        11.398039654844663        8.2894704425283834        8.8864428782183325     
   45221.607893402186      -0.55030500000000004        2.2219588472118658E-003   8.5424524999999996        8.6396000000000008E-003   10.368919766080353        10.198262468647425        10.691909743508216        9.6791059635168502        10.125306790226105        10.641466627586517        11.016909743508215        11.367939698699658        10.181690631939677        10.644503422917921        11.027791781334173        11.315065187120972        11.532249949750419        8.9362314020056175        10.151944741281937        10.405979040288479        10.557636387653965        10.728836052980299        11.160582679677901        11.301753275650320        11.424820225903382        8.3486640102478944        8.9410951676321631     
   44616.756989864276      -0.57437700000000003        2.3450730826930339E-003   8.5431334000000003        8.6327999999999995E-003   10.399797338692148        10.230717121916472        10.719210225637413        9.7180467158360475        10.157653697773691        10.670564949123007        11.044210225637416        11.393862714674357        10.213333878906335        10.673551724663765        11.055037692037414        11.341175321019170        11.557402823062196        8.9748934186319946        10.185579492934716        10.435915731277957        10.586321778857682        10.755495139886522        11.184061324035843        11.324154765270761        11.446637461452513        8.4070657096287764        8.9899394176549254     
   44026.382256056480      -0.59819000000000000        2.4788428286718158E-003   8.5438054999999995        8.6260999999999994E-003   10.427836484008235        10.260173166593699        10.744053282190940        9.7531184253865604        10.187012562894576        10.696969252174860        11.069053282190943        11.417419777003929        10.242199548849754        10.699935132325194        11.079878060190939        11.364950326251844        11.580251435711197        9.0097289782889831        10.216100900532798        10.463122975166712        10.612350961678828        10.779763340296661        11.205369585576946        11.344067022841145        11.465489732902050        8.4644030311597547        9.0350617074843917     
   43450.121979398798      -0.62173999999999996        2.6246561211934107E-003   8.5444669999999991        8.6195000000000004E-003   10.455220419096987        10.288940126346427        10.768317473785737        9.7873650231219376        10.215685285483060        10.722758027380054        11.093317473785737        11.440429272881167        10.270390248325826        10.725702892639303        11.104139605785738        11.388171957348655        11.602569419256445        9.0437450719136958        10.245907774783509        10.489694853868142        10.637772965826938        10.803466994505888        11.226184000402887        11.363519427894195        11.483907515457110        8.5203770604972480        9.0791150606317554     
   42888.119075154078      -0.64500900000000005        2.7842301039043916E-003   8.5451206000000006        8.6131000000000003E-003   10.481917609008811        10.316986123228443        10.791972004814642        9.8207534153042637        10.243639978511037        10.747900091486809        11.116972004814642        11.462860651047549        10.297874242303596        10.750823860019242        11.127791522414643        11.410809654349922        11.624326393937732        9.0769086629343256        10.274967991293163        10.515600010914028        10.662556731464335        10.826575390557363        11.246474538733136        11.382482255981071        11.501861352716347        8.5749498117727505        9.1220642376062173     
   42339.429319747513      -0.66801999999999995        2.9594835206435874E-003   8.5457640000000001        8.6067000000000001E-003   10.508020584621926        10.344405954254531        10.815104334948563        9.8533874367290881        10.270971246803770        10.772485337402509        11.140104334948562        11.484799318137297        10.324745383574276        10.775387930717217        11.150921278948561        11.432949195724108        11.645606633320993        9.1093232084569866        10.303378037478987        10.540929673669572        10.686791588309069        10.849175058953600        11.266323037552338        11.401035074605021        11.519429103380562        8.6282608957257967        9.1640292603176992     
   41804.593038757019      -0.69073899999999999        3.1528060966033991E-003   8.5463994000000003        8.6003999999999994E-003   10.533480083842004        10.371149060548984        10.837668093451288        9.8852115218591017        10.297628591129342        10.796465958723129        11.162668093451291        11.506200017309162        10.350953653587741        10.799347346750523        11.173482495851292        11.454545165721054        11.666365528955669        9.1409333590746051        10.331086390679221        10.565635318896263        10.710430102573778        10.871220103262655        11.285686275656438        11.419135910922062        11.536569775991826        8.6802348306602752        9.2049456305568427     
   41282.976276352179      -0.71317900000000001        3.3669605796678892E-003   8.5470252000000002        8.5941999999999998E-003   10.558324395420726        10.397245252357479        10.859688164913027        9.9162615782228762        10.323641682639959        10.819868463221717        11.184688164913027        11.527086245348208        10.376528228633831        10.822728628194511        11.195500064113027        11.475621320610458        11.686625816879832        9.1717747687334175        10.358123995860048        10.589744360607618        10.733498413960323        10.892734774616585        11.304585353598348        11.436804331688798        11.553301789786232        8.7309316414494198        9.2448601825063719     
   40774.721180879285      -0.73531500000000005        3.6052247890361287E-003   8.5476436000000007        8.5880999999999996E-003   10.582547208790988        10.422687877956875        10.881158979967733        9.9465297142349591        10.349003868188209        10.842686899692605        11.206158979967732        11.547452689360824        10.401462599137755        10.845525853697449        11.216968405567734        11.496172329293316        11.706382354777880        9.2018396027073130        10.384483954231293        10.613250669644213        10.755990686405976        10.913713598343772        11.323015481048166        11.454035857877432        11.569620930403016        8.7803384654099759        9.2837628291528951     
   40279.122437760030      -0.75716799999999995        3.8715645888323562E-003   8.5482531000000002        8.5819999999999994E-003   10.606205296769168        10.447535402918543        10.902133520733074        9.9760811643710099        10.373773464987778        10.864976064776577        11.227133520733073        11.567350790477825        10.425814525356301        10.867793827194895        11.237940508333072        11.516249916321041        11.725685737403133        9.2311928133461159        10.410225994930578        10.636210043382032        10.777961300657552        10.934208855952512        11.341025430941311        11.470877562373616        11.585572995161584        8.8285473219193449        9.3217309321514676     
   39796.419483444028      -0.77871400000000002        4.1705987472347057E-003   8.5488549999999996        8.5760999999999997E-003   10.629253040518224        10.471680093403608        10.922547087677165        10.005075115381180        10.397977303661888        10.886642298968555        11.247465189271159        11.586667188238051        10.449476512887051        10.889466770820830        11.258269769271157        11.535768978496327        11.744503391426035        9.2599733251228979        10.435384464694996        10.658494823189658        10.799364980562549        10.954167979012885        11.358481918024095        11.487250285138712        11.601038544105601        8.8753413302726489        9.3587232436460734     
   39326.382592668160      -0.79995099999999997        4.5078898494004564E-003   8.5494509999999995        8.5702000000000000E-003   10.651756580844573        10.495170437768056        10.942458273104247        10.033644789031065        10.421705050471722        10.907735728622576        11.267188086509400        11.605445243694739        10.472496820360725        10.910604546731399        11.277990282509400        11.554782052398402        11.762904870505047        9.2883079803273993        10.460052285286388        10.680146982247550        10.820267738027731        10.973653473805733        11.375421788174229        11.503205735250745        11.616056304436086        8.9207507914773743        9.3948182755483742     
   38867.982632436557      -0.82090700000000005        4.8899503798806023E-003   8.5500389999999999        8.5643999999999998E-003   10.673715314029572        10.518092638798805        10.961888750507971        10.061518405773782        10.444858803482589        10.928319261926880        11.286436031858301        11.623771685123174        10.494960621431243        10.931232395960990        11.297235875858298        11.573337693806955        11.780866247823830        9.3159523970900011        10.484122838217715        10.701277547362665        10.840666387277210        10.992669867174520        11.391956593687031        11.518779424917792        11.630715546182664        8.9650452309378430        9.4300309956547963     
   38421.206639398712      -0.84157300000000002        5.3244195736651964E-003   8.5506218999999994        8.5587000000000007E-003   10.695129803215970        10.540447232976415        10.980838976932663        10.088696761464544        10.467439117256713        10.948393423134167        11.305209423291604        11.641646861370401        10.516868439615813        10.951350778573410        11.316006935691604        11.591436258050702        11.798387754088285        9.3429073647842422        10.507596703977921        10.721886927373252        10.860561381893110        11.011217539011302        11.408086555767238        11.533971613606791        11.645016514485590        9.0082260743677054        9.4643624304341643     
   37985.425885831239      -0.86196899999999999        5.8200919085788887E-003   8.5512028999999998        8.5529999999999998E-003   10.716066294411450        10.562314828353957        10.999365907400259        10.115268839535991        10.489519639953956        10.968022572068945        11.323575021109702        11.659137742155187        10.538300254239784        10.971016777485678        11.334370209509702        11.609137742155182        11.815525504183929        9.3692615524789087        10.530542993599029        10.742042940766376        10.880015285011860        11.029355635395531        11.423861552458161        11.548838198813085        11.659015354658569        9.0504034650246030        9.4979232377292195     
   37560.036012923854      -0.88211499999999998        6.3869322285517146E-003   8.5517835000000009        8.5471999999999996E-003   10.736925032405347        10.584452058366574        11.017709412233140        10.142038962474162        10.511659192366578        10.987605140444119        11.342045396726180        11.676796766502280        10.560012094379500        10.990430724200829        11.352838262726182        11.626796766502276        11.832551088521663        9.3958189804806285        10.553364704097442        10.762219520674487        10.899385158450579        11.047398298739106        11.439435378317144        11.563729866586280        11.673102638362378        9.0923623707581545        9.5318414867539598     
   37144.028167706521      -0.90203900000000004        7.0357210570031296E-003   8.5523605000000007        8.5415999999999999E-003   10.757306794278401        10.606084151775280        11.035632275510890        10.168200761704258        10.533293593775282        11.006738878781521        11.360090426974539        11.694049237536200        10.581228179942988        11.009400531091623        11.370880984974539        11.644049237536199        11.849184163787760        9.4217727757881153        10.575667189749973        10.781933198303713        10.918310892865373        11.065025013142245        11.454649574600980        11.578275978626293        11.686863115187956        9.1333751589880752        9.5649918904007496     
   36745.147919993986      -0.92135800000000001        7.7595180175434137E-003   8.5529211000000007        8.5360000000000002E-003   10.776909335562134        10.626885576202156        11.052877986186921        10.193344448377395        10.554097260602155        11.025144779322119        11.377451464017280        11.710651207362091        10.601630724122145        11.027650169586938        11.388239779617280        11.660651207362090        11.865192298042082        9.4467170223373955        10.597112355026987        10.800894241137303        10.936517353282113        11.081984927537274        11.469298078866885        11.592282984442051        11.700117780986862        9.1727557275431479        9.5968346699278548     
   36372.152222359968      -0.93961200000000000        8.5387596877882863E-003   8.5534514000000001        8.5307999999999998E-003   10.795231692611910        10.646329041544835        11.068997210631476        10.216847540013472        10.573542847144832        11.042348149278993        11.393676897149486        11.726167611879614        10.620701193767193        11.044708246875576        11.404463091549491        11.676167611879610        11.880153451413154        9.4700336161246490        10.617158640296697        10.818615899460049        10.953534225390172        11.097835243771851        11.482988588876815        11.605372795724950        11.712504927255075        9.2095694123522982        9.6266005204625422     
   36019.526546540619      -0.95704000000000000        9.3771829939547895E-003   8.5539573000000004        8.5258999999999995E-003   10.812550407932324        10.664707657492702        11.084233801612108        10.239063314280212        10.591923486692703        11.058608987571947        11.409012423537757        11.740833540231378        10.638727184039244        11.060832472845757        11.419796594337758        11.690833540231377        11.894294488451191        9.4920730775534849        10.636107918873432        10.835365975751593        10.969618750845214        11.112816120884297        11.495929065764621        11.617744633583893        11.724213237877514        9.2443666802031288        9.6547355773879424     
   35683.381242255287      -0.97381399999999996        1.0279048639112503E-002   8.5544436000000008        8.5211000000000002E-003   10.829484850073433        10.682618005016669        11.099115112996968        10.260947405579605        10.609870255146665        11.074534993800198        11.423897338596968        11.754888017302603        10.656177552610052        11.076718292470202        11.434555730548093        11.705046326681474        11.908289090372607        9.5138235719307342        10.654845100711034        10.851633838157943        10.985218375042455        11.127397421169219        11.508621542271625        11.629681172437261        11.735731151019520        9.2785933481561624        9.6824537581101406     
   35359.409197937843      -0.99012999999999995        1.1248831425514439E-002   8.5549142000000007        8.5164999999999998E-003   10.845823580435988        10.699894654579330        11.113470366960767        10.282072075541228        10.627184666442174        11.089901808029799        11.438250710160771        11.768429576355613        10.673004123439080        11.092051109766954        11.448781113022582        11.718749871756645        11.921798534892771        9.5348221352030418        10.672935445184484        10.867322742031865        11.000261217227740        11.141460817621555        11.520867213147367        11.641186789467900        11.746844802140147        9.3116332250918372        9.7092120595144724     
   35044.672034947405       -1.0061190000000000        1.2291359309368345E-002   8.5553723999999995        8.5120000000000005E-003   10.861705417373559        10.716687093264293        11.127424672778817        10.302602252040495        10.644014380468713        11.104839433478398        11.452203183178819        11.781593373666185        10.689359898921134        11.106955125473975        11.462609827200717        11.732071037648710        11.934930555261760        9.5552303856623961        10.690518392376925        10.882573271843453        11.014884105513348        11.155132163218189        11.532772061805973        11.652373847502192        11.757649903528291        9.3437377915385955        9.7352146938244939     
   34736.815343324801       -1.0218980000000000        1.3411434433042999E-002   8.5558215000000004        8.5076000000000006E-003   10.877240518759788        10.733112333005188        11.141073813095108        10.322682951160662        10.660476644729812        11.119450964789760        11.465850527095110        11.794469279453420        10.705358581744800        11.121533225065136        11.476136674491396        11.745100871781759        11.947774825728796        9.5751923845569529        10.707716866646873        10.897490863446436        11.029187780133086        11.168505082163062        11.544416540826720        11.663317344634283        11.768218680528360        9.3751387320083950        9.7606476569278549     
   34433.803754346773       -1.0375600000000000        1.4614023001626123E-002   8.5562638999999994        8.5033000000000001E-003   10.892524112659224        10.749271516378293        11.154500583367412        10.342439519508240        10.676672812596181        11.133825523922262        11.479275527767413        11.807134981553279        10.721098462627705        11.135874338904372        11.489443614662477        11.757918079676106        11.960408852135387        9.5948326620033058        10.724637118192426        10.912166664567916        11.043259327676608        11.181660516539651        11.555870196570666        11.674082131592314        11.778613565310877        9.4060362993616238        9.7856717131892808     
   34134.142719531934       -1.0531809999999999        1.5904097115187865E-002   8.5567011999999991        8.4989999999999996E-003   10.907651664488217        10.765264448435961        11.167791318511743        10.361989533507913        10.692702845929620        11.148054092646813        11.492564513711745        11.819673065710575        10.736677255208917        11.150069304753149        11.502616372965175        11.770605994350809        11.972915082616911        9.6142681975613407        10.741382701237125        10.926693145127278        11.057188235366343        11.194683444324941        11.567209636588704        11.684741373974855        11.788905940907064        9.4366030674979022        9.8104304432224403     
   33836.544107286456       -1.0688279999999999        1.7286281887961080E-002   8.5571357999999993        8.4947000000000009E-003   10.922898776180872        10.781389143859013        11.181132004911845        10.381772405765119        10.708927958205372        11.162326680556376        11.505840412131874        11.832266278780061        10.752454231166301        11.164308002189983        11.515840412131880        11.783284957146449        11.985268316507380        9.6338561714387936        10.758273548357188        10.941324642829056        11.071226274243628        11.207658277872774        11.578549405629239        11.695514086623781        11.799287581151098        9.4675640000210137        9.8355864749467088     
   33539.686586526550       -1.0845659999999999        1.8765087771087492E-002   8.5575659999999996        8.4904999999999998E-003   10.938261482538540        10.797642422778960        11.194525656547047        10.401776714742358        10.725333107485699        11.176650385591383        11.519118232644228        11.844914345013361        10.768412373365489        11.178597388787463        11.529118232644226        11.795967341817281        11.997507135697070        9.6535996621328017        10.775306731116565        10.956057594907673        11.085367232080728        11.220604922426833        11.589895931456649        11.706382728532521        11.809745255216232        9.4989140900621898        9.8611152456955331     
   33243.366682690968       -1.1004090000000000        2.0344595427517063E-002   8.5579938000000002        8.4863000000000004E-003   10.953598273151410        10.813868173103341        11.207896470906348        10.421745200380691        10.741710440161992        11.190950056540828        11.532373939130249        11.857540937213077        10.784343514986030        11.192862296458276        11.542373939130247        11.808628697295628        12.009725722519665        9.6733083023459372        10.792311466879166        10.970765271234239        11.099483979799619        11.233529545730384        11.601223847367738        11.717233112509220        11.820185922615810        9.5302088362035455        9.8865987016334635     
   32946.554237840850       -1.1164140000000000        2.2028552614402598E-002   8.5584194000000000        8.4822000000000005E-003   10.968933128000776        10.830093465287254        11.221261614408027        10.441717977379176        10.758087543368335        11.205246067833217        11.545624297265663        11.870160644802626        10.800273697125094        11.207122984494506        11.555624297265661        11.821283728141344        12.021937237098106        9.6930212925557324        10.809317518231369        10.985469475537743        11.113596261613425        11.246447768164787        11.612543222211629        11.728073647829676        11.830616562525153        9.5615277278186550        9.9120961297178365     
   32649.384616441901       -1.1325799999999999        2.3820152580182736E-002   8.5588428000000008        8.4781000000000006E-003   10.984285112159991        10.846336958310665        11.234641050585079        10.461712000751572        10.774483008402445        11.219557958317537        11.558889319675085        11.882793769726185        10.816221714127106        11.221399010335755        11.568889319675083        11.833952717707970        12.034162165832630        9.7127557045497959        10.826343187151341        11.000189562211094        11.127723702643973        11.259379756309745        11.623874948481959        11.738925448624837        11.841058473531280        9.5928825388903469        9.9376219621291781     
   32351.468576277828       -1.1489250000000000        2.5721982249104984E-002   8.5592643000000006        8.4738999999999995E-003   10.999698586023996        10.862644180295163        11.248076562048094        10.481777722838423        10.790942560407025        11.233928726040972        11.572210637257943        11.895481119088789        10.832232706071444        11.235733327919263        11.582210637257944        11.846676517210497        12.046440777274917        9.7325616467364142        10.843435021376180        11.014969067854842        11.141909062207400        11.272366707712511        11.635258125803748        11.749826987746456        11.851549588732581        9.6243385987832859        9.9632338950989947     
   32052.949551389866       -1.1654469999999999        2.7736291879697915E-002   8.5596832999999997        8.4699000000000007E-003   11.015089772210493        10.878930923556320        11.261485331902447        10.501829141412015        10.807381915180626        11.248275095640354        11.585505486270220        11.908140239380918        10.848222606307710        11.250042682848273        11.595505486270218        11.859372652172999        12.058690809700083        9.7523532369554840        10.860508428869926        11.029724525321191        11.156069157623969        11.285326023029532        11.646610925154254        11.760696669889258        11.862008507008424        9.6558044176433580        9.9888432543033812     
   31753.602217195894       -1.1821630000000001        2.9864746923555969E-002   8.5600999000000009        8.4658000000000008E-003   11.030527430101939        10.895296240414565        11.274717848330910        10.521815347242763        10.823993820433158        11.262665037862126        11.598717848330912        11.920497855782498        10.864413441123167        11.264331056334937        11.608624266403721        11.871861454273899        12.070732257199692        9.7721729475513595        10.877850214490165        11.044613069264761        11.170207857443534        11.298201433983893        11.657688699288306        11.771289485649886        11.872436303322699        9.6889577503628299        10.015324949357096     
   31453.791237699697       -1.1990590000000001        3.2108494698316961E-002   8.5605139000000001        8.4618000000000002E-003   11.045955409379779        10.911660142111522        11.287890621262527        10.541770992260908        10.840624355628979        11.277043678711728        11.611890621262525        11.932767883775625        10.880629093330370        11.278594625175415        11.621683623326216        11.884283043756774        12.082705786213324        9.7919819990797592        10.895231933134731        11.059511093544863        11.184321520794271        11.311036250455381        11.668684212834957        11.781798793246665        11.882833850910359        9.7224739208523232        10.041985904366040     
   31153.511090962504       -1.2161329999999999        3.4468516661187665E-002   8.5609260999999996        8.4577000000000003E-003   11.061429166141611        10.928071779404565        11.301105681723829        10.561778078224165        10.857302530577762        11.291466454959981        11.625105681723831        11.945078806196719        10.896892239350045        11.292902652641303        11.634785583805154        11.896745755051235        12.094719726087682        9.8118422425696465        10.912662457250356        11.074455072595221        11.198479408186785        11.323912341878952        11.679719603577730        11.792346723678335        11.893270330159659        9.7560657138913882        10.068710273830519     
   30853.184768063824       -1.2333719999999999        3.6945591314099774E-002   8.5613376999999993        8.4536999999999998E-003   11.076877049275286        10.944458180988395        11.314294531835760        10.581758522518381        10.873955011803030        11.305863195963507        11.638294531835761        11.957363384539953        10.913130124172429        11.307185123564842        11.647861810237099        11.909182142955920        12.106707270908018        9.8316758165024147        10.930067400682869        11.089374089246018        11.212611715948874        11.336761679786523        11.690729438830846        11.802868529965640        11.903681159166975        9.7896359164433662        10.095410515672892     
   30552.798792869769       -1.2507770000000000        3.9540326574025841E-002   8.5617458000000006        8.4498000000000004E-003   11.092299716467773        10.960820037281751        11.327457774614297        10.601713284400519        10.890582487696294        11.320234512242815        11.651457774614295        11.969622204592904        10.929343419878188        11.321442645631842        11.660912891203319        11.921592788396469        12.118668969785775        9.8514836501969558        10.947447473914119        11.104268782038689        11.226719045028277        11.349584873014573        11.701714216746000        11.813364697742715        11.914066797531740        9.8231860412733543        10.122087862535155     
   30252.411560327531       -1.2683489999999999        4.2252750730356212E-002   8.5621516000000000        8.4457999999999998E-003   11.107745764607502        10.977205760761857        11.340644425709963        10.621690054516423        10.907233331166195        11.334629205068653        11.664644425709961        11.981904447590944        10.945580572942019        11.335724035284150        11.673987862325459        11.934026848210779        12.130654071951271        9.8713134730965901        10.964850908665378        11.119187836598828        11.240850241064313        11.362431000034954        11.712723367683084        11.823884754188244        11.924476797203740        9.8567611250938558        10.148788692695222     
   29952.494700581352       -1.2860579999999999        4.5082918154598049E-002   8.5625544999999992        8.4419000000000004E-003   11.123062775863723        10.993491128380391        11.353646242849965        10.641464001374576        10.923765119742413        11.348884641347063        11.677681861468376        11.994050796251130        10.961705727761981        11.349884641347060        11.686920192787365        11.946324746188530        12.142491840270701        9.8909525506935694        10.982134080278648        11.134015270564305        11.254825249366633        11.375098301550548        11.723647047671864        11.834313705754035        11.934778523135627        9.8904950183493980        10.175449793159459     
   29653.229581832220       -1.3039050000000001        4.8030740857533262E-002   8.5629551999999993        8.4379999999999993E-003   11.137929662014999        11.009481240483550        11.365888769055607        10.660430736665228        10.939907709291790        11.362629904346447        11.690148215469657        12.005691586619273        10.977473614869504        11.363629904346448        11.699312712265540        11.958115529829202        12.153761133796985        9.9098470542611086        10.999025193338055        11.148582891596833        11.268195809924160        11.387038357037442        11.734319413760650        11.844461376128434        11.944705571314389        9.9254103432305509        10.202202229937592     
   29354.656314085052       -1.3218790000000000        5.1095959512792263E-002   8.5633508999999997        8.4341999999999993E-003   11.152734808679860        11.025406054610269        11.378076633519871        10.679325455469417        10.955986523036767        11.376316966349446        11.702558444792537        12.017279138948041        10.993177646937603        11.377316966349447        11.711648315979289        11.969850821407462        12.164977070048877        9.9286687302561702        11.015848892868014        11.163089464993945        11.281508090250284        11.398924482633959        11.744939786277051        11.854559227718468        11.954584223645799        9.9602214108032356        10.228864602103208     
   29057.082067762571       -1.3399719999999999        5.4278437800708790E-002   8.5637425999999994        8.4303999999999994E-003   11.167489767203163        11.041275993169764        11.390224040375374        10.698155468492137        10.972011795894462        11.389958511636562        11.714926542145266        12.028828263710901        11.008828461799874        11.390958511636564        11.723941096382910        11.981545319718437        12.176154870416314        9.9474249931297880        11.032614687766474        11.177546849270927        11.294775177541974        11.410771181643137        11.755524004951839        11.864623614849714        11.964431053879826        9.9949191041802319        10.255436245930307     
   28760.670064663871       -1.3581719999999999        5.7578250725888978E-002   8.5641300000000005        8.4265999999999994E-003   11.181721582818216        11.056439572624225        11.402098776250540        10.716144886147561        10.987387069644548        11.403020783076869        11.726664319230217        12.039689809424207        11.023952612624225        11.404082175991885        11.735664319230217        11.992494682339220        12.186768392403884        9.9654014061475600        11.048609209515220        11.191365708777568        11.307586326056548        11.422168469294881        11.765484859618198        11.874128985577549        11.974015089682865        10.030633366842792        10.281615684336970     
   28465.839740715121       -1.3764540000000001        6.0995278701484697E-002   8.5645140000000008        8.4229000000000005E-003   11.195741703236466        11.071344184014320        11.413832096422057        10.733829540087429        11.002514669013733        11.415863118199328        11.738177723422639        12.050317186644785        11.038860296014322        11.417000961459197        11.747177723422640        12.003196973904656        12.197178925645369        9.9830875960874241        11.064324933532303        11.204949069237633        11.320208745199908        11.433385507163356        11.775230817866928        11.883438183868103        11.983470825607649        10.066406987943870        10.307560195347401     
   28172.474859033486       -1.3948280000000000        6.4529614217563133E-002   8.5648917000000004        8.4191999999999999E-003   11.209692252111031        11.086174827533933        11.425508148636061        10.751424814838073        11.017566255022137        11.428641718347164        11.749635854747856        12.060893712524956        11.053693961133929        11.429856516399925        11.758635854747856        12.013848943777715        12.207540552236749        10.000684381638075        11.079961738504073        11.218466797934616        11.332769424458958        11.444548762806887        11.784930270702054        11.892704816525642        11.992881445961087        10.102005548359868        10.333374219185137     
   27880.849363825804       -1.4132790000000000        6.8181406981252649E-002   8.5652659999999994        8.4156000000000005E-003   11.223079633857330        11.100437085765856        11.436666512651302        10.768376673491419        11.032078364402027        11.440926307195996        11.760666512651300        12.071167147378953        11.067959213765855        11.442244309948807        11.769754557345793        12.024255192073445        12.217658169437273        10.017606631549738        11.095024495732696        11.231570655915649        11.344895201254316        11.455286298015126        11.794331823470431        11.901822845528747        12.001995864834258        10.137687046692948        10.358490810173743     
   27590.971970016108       -1.4318029999999999        7.1951232786157698E-002   8.5656350000000003        8.4119999999999993E-003   11.235732336519249        11.113959420609206        11.447149804717363        10.784490192879055        11.045893528639184        11.452573536837299        11.771149804717364        12.081069208657397        11.081484500609200        11.454030332429298        11.780451446528357        12.034370850468388        12.227486902438407        10.033645346660066        11.109341658480162        11.244150030300261        11.356466150618310        11.465478236687382        11.803367204567444        11.910784898348453        12.010745796537460        10.173612125136955        10.382710080872620     
   27303.165399370075       -1.4503830000000000        7.5840237049414325E-002   8.5660000000000007        8.4084999999999993E-003   11.248271059226589        11.127361563028476        11.457536311090678        10.800465074434143        11.059586397629104        11.464115649493198        11.781536311090679        12.090878641889418        11.094889563028474        11.465708555424698        11.791049181356740        12.044391512155485        12.237222677554854        10.049545110099579        11.123532102495801        11.256615094892020        11.367931685158631        11.475575476490050        11.812316138087532        11.919660173752963        12.019411303486901        10.209257791611549        10.406729420514147     
   27017.552247825854       -1.4690150000000000        7.9849346707068919E-002   8.5663622000000004        8.4049999999999993E-003   11.260716668515588        11.140664011772110        11.467847768051946        10.816320655941674        11.073177357124283        11.475573905460646        11.791847768051952        12.100617423747600        11.108194909372109        11.477300222859064        11.801569426227246        12.054339081922897        12.246887531770724        10.065325315164799        11.137616014251755        11.268986776538711        11.379313115883768        11.485599871499772        11.821200978091078        11.928471086114200        12.028014876738904        10.244635073466398        10.430564828847217     
   26734.126579623717       -1.4876920000000000        8.3979827309040272E-002   8.5667191999999996        8.4014999999999992E-003   11.271967344755678        11.152623054121539        11.477372104233423        10.830671482409654        11.085617599114654        11.486165272867288        11.801372104233421        12.109573480592671        11.120156807721537        11.487703478094550        11.811105227433421        12.063377559240307        12.255308610551916        10.079476564436915        11.150420674382667        11.280163266108046        11.389437604674173        11.494839354013044        11.829380569379174        11.936381572758796        12.035915326358799        10.279191415011310        10.452104448196531     
   26453.186877596043       -1.5063970000000000        8.8232825828364780E-002   8.5670737999999993        8.3981000000000004E-003   11.283026266662164        11.164373291357299        11.486745387927739        10.844781652386862        11.097856800666070        11.496590818681318        11.810745387927740        12.118383466482930        11.131909881757300        11.497922417694953        11.820477092727740        12.072261878618972        12.263558135438123        10.093381546600495        11.163013730724513        11.291147854526129        11.399375604572549        11.503930279605337        11.837426324851760        11.944147806929356        12.043684397329356        10.313379784706120        10.473290376361247     
   26174.476236360559       -1.5251490000000001        9.2609764691994820E-002   8.5674246000000007        8.3946999999999997E-003   11.294001643303631        11.176032929718115        11.496048500721795        10.858780977914439        11.110000731607180        11.506937048538138        11.820048500721793        12.127127754794515        11.143572326518118        11.508064468812712        11.829778802321794        12.081080698832732        12.271746405667233        10.107178096589017        11.175509501009035        11.302048699265416        11.409238945049072        11.512953278558154        11.845413222741815        11.951857397378173        12.051396794178171        10.347293230830825        10.494306970054421     
   25898.046123699722       -1.5439440000000000        9.7112376230872627E-002   8.5677769000000001        8.3913000000000008E-003   11.304440210879676        11.187101903432279        11.504958081968887        10.871992433695663        11.121373011032276        11.516778518327076        11.828930441498173        12.135483066616288        11.154644118632277        11.517778518327077        11.838612660963303        12.089381112739989        12.279679860810703        10.120263541295664        11.187305811184878        11.312338257003375        11.418704204921490        11.521483066616288        11.853092481663687        11.959261635387385        12.058803850587388        10.379705389582526        10.514012786220697     
   25624.535404974195       -1.5627549999999999       0.10174241935278584        8.5681419000000005        8.3878000000000008E-003   11.314035653721696        11.197241447711747        11.513260670230117        10.883951413993373        11.131514015311744        11.525829859731644        11.837158330746565        12.143237173440063        11.164786582911745        11.526829859731642        11.846714977518641        12.096861708845040        12.287236615928592        10.132223981593373        11.197992376901798        11.321660189126668        11.427556734620168        11.529237173440066        11.860303947050014        11.966201050054988        12.065746185254987        10.409730980331091        10.531609667266189     
   25353.913248300869       -1.5815760000000001       0.10650190149929088        8.5685210000000005        8.3841000000000002E-003   11.323586327601541        11.207330333104936        11.521532975884297        10.895838682325580        11.141604417104938        11.534842322098141        11.845355893843044        12.150966718380902        11.174878501104940        11.535842322098143        11.854789887173853        12.104320631629202        12.294771797670451        10.144112766325579        11.208622506608338        11.330940240849843        11.436373317387696        11.536966718380901        11.867496796877498        11.973124794125804        12.072672962125802        10.439485689739039        10.549070844656699     
   25085.744809720840       -1.6004339999999999       0.11139299617063657        8.5689046999999992        8.3803999999999997E-003   11.333055333533405        11.217332606313963        11.529736043500449        10.907621743527478        11.151608225113964        11.543778060752846        11.853484057582008        12.158631914319891        11.184883843913966        11.544778060752847        11.862798155428607        12.111717659129610        12.302245263848050        10.155897362327480        11.219161116694522        11.340141078343127        11.445115791481008        11.544631914319890        11.874630260339330        11.979991623949054        12.079542861549051        10.468965313353920        10.566372952921427     
   24820.127035836267       -1.6193070000000001       0.11641806187933640        8.5692851999999995        8.3767000000000008E-003   11.341799600953088        11.226605065281412        11.537357249896431        10.918527191066396        11.161062079045578        11.551994136624756        11.860999936406643        12.165720363168106        11.194159346881413        11.552994136624761        11.870227227069456        12.118770213305289        12.309274644768102        10.166624458902234        11.228914961072554        11.348669578126110        11.453271277424761        11.551950086269454        11.881241889776962        11.986469180439776        12.086153484866756        10.495840595128939        10.582090764257181     
   24556.982458255745       -1.6381939999999999       0.12157930890388645        8.5696577000000005        8.3730999999999996E-003   11.350142675282527        11.235471448766013        11.544649235915550        10.928950092016478        11.170193097107759        11.559813901799039        11.868174464237946        12.172484570032061        11.203028710366013        11.560813901799037        11.877329656705875        12.125608008364132        12.316041831632063        10.176785705274735        11.238234045517434        11.356823096072851        11.461092532599039        11.559051025905873        11.887557865680641        11.992713058148574        12.092589898958245        10.521347496986969        10.596973713026131     
   24296.124256093073       -1.6571089999999999       0.12687986650984656        8.5700217999999992        8.3695999999999996E-003   11.358395831962731        11.244243409050547        11.551860416187104        10.939265355513989        11.179227371994450        11.567548254874918        11.875270746415715        12.179172577499290        11.211803583450546        11.568548254874919        11.884353687029456        12.132369724085549        12.322732751899288        10.186841566970081        11.247454013952101        11.364889102805083        11.468828342074918        11.566073599829455        11.893802234197736        11.998885174811477        12.098952078369123        10.546611144886942        10.611710458360406     
   24037.815640290399       -1.6760379999999999       0.13232302757937964        8.5703802000000007        8.3662000000000007E-003   11.366551283335195        11.252912610454615        11.558984066696354        10.949462904612872        11.188156315614322        11.575189956215773        11.882282111358030        12.185778177176935        11.220475652054613        11.576189956215774        11.891292757247339        12.139049052087628        12.329341218776936        10.196782241053160        11.256566104263339        11.372859973886179        11.476471477015775        11.573011236447339        11.899969245768208        12.004979891657516        12.105234242706533        10.571606532371579        10.626286351527934     
   23781.869957461411       -1.6949860000000001       0.13791213536775301        8.5707324000000007        8.3628000000000001E-003   11.375842716724927        11.262774833055685        11.566973280666547        10.960963100202283        11.198057762655685        11.583972315839846        11.890194494820863        12.193254090981471        11.230122562213149        11.584972315839847        11.899350909417722        12.146631719732641        12.336758234735788        10.208246029802284        11.266771748943908        11.382063930879243        11.484975399951624        11.580849849775182        11.907262378490104        12.011826118405027        12.112109048005026        10.598719365863404        10.642713367242079     
   23528.107727729177       -1.7139670000000000       0.14365071267236290        8.5710786999999993        8.3595000000000006E-003   11.385250446628898        11.272759767530456        11.575041134110531        10.972594731078100        11.208044082330453        11.592875291684358        11.898191282953519        12.200813034765989        11.239856504858182        11.593875291684359        11.907529009268778        12.154300909924235        12.344247498408979        10.219879045878102        11.277081510959736        11.391400595471886        11.493553548255075        11.588772802196505        11.914681962051965        12.018738177507426        12.119022492307426        10.626002751510971        10.659334954521050     
   23276.463680361278       -1.7329870000000001       0.14954207686854665        8.5714181000000007        8.3561999999999994E-003   11.394594593445383        11.282677015641578        11.583055889890272        10.984146536273247        11.217962688041577        11.601718865606106        11.906134867933350        12.208323144850993        11.249524824121941        11.602718865606107        11.915651709896071        12.161918964856795        12.351687795294076        10.231432208673251        11.287321573918138        11.400673571488465        11.502074307329547        11.596642501176436        11.922052445737155        12.025605373097878        12.125891045497880        10.653084635052235        10.675839304568253     
   23027.298992798973       -1.7520169999999999       0.15559053642993556        8.5717534999999998        8.3529999999999993E-003   11.403836385973765        11.292486938795047        11.590980716130883        10.995576292452018        11.227773952795051        11.610465011959366        11.913988551324000        12.215748300116477        11.259088265787849        11.611465011959364        11.923682073524322        12.169449657509919        12.359043149309596        10.242863306452019        11.297451804609132        11.409844221166889        11.510500146145283        11.604422358517120        11.929337998502717        12.032392596488314        12.132679610488314        10.679900191359128        10.692176857422918     
   22780.434327532636       -1.7710720000000000       0.16180010719790222        8.5720831999999998        8.3497999999999992E-003   11.416840479534104        11.306274151736632        11.602176903856583        11.011565224373969        11.241938307896442        11.622695140131578        11.925240211841706        12.226229874039179        11.273007075023978        11.623695140131579        11.934795621354366        12.180161106911646        12.369454898854054        10.258790249188840        11.311932848754035        11.422903787519234        11.522631832146450        11.615224414896774        11.939367408294247        12.042304100309119        12.142153301764184        10.716782741731793        10.715696685775834     
   22535.852942378700       -1.7901490000000000       0.16817518174455312        8.5724076000000000        8.3467000000000003E-003   11.430184803086956        11.320422044957777        11.613666911487694        11.027968604374326        11.256505538375063        11.635237191616135        11.936801342585650        12.236984839914829        11.287331021717439        11.636237191616136        11.946181996225985        12.191159356572449        12.380140039216872        10.275123803676369        11.326814486130640        11.436319234184911        11.535102760518175        11.626293787670406        11.949635806599584        12.052501375501627        12.151862711786386        10.754584819619549        10.739891565254460     
   22293.538164959144       -1.8092480000000000       0.17472056657455209        8.5727270000000004        8.3435999999999996E-003   11.443419411900258        11.334453404804890        11.625063148255958        11.044235272719767        11.270951721075463        11.647676326995629        11.948268663655465        12.247652854750832        11.301536167240421        11.648676326995627        11.957476809219934        12.202068408585873        12.390738247351326        10.291320665320256        11.341572790310011        11.449624927299766        11.547470811596121        11.637273923985383        11.959821747080753        12.062616231681243        12.161494216011164        10.792054923530820        10.763879411804556     
   22079.030529845179       -1.8263259999999999       0.18071169839975540        8.5730087000000008        8.3409000000000001E-003   11.455129054044939        11.346868882790428        11.635144357483810        11.058630110756841        11.283733901395713        11.658681260099453        11.958413312618834        12.257089414273345        11.314104966725559        11.659681260099450        11.967469263483700        12.211718348943503        12.400112493938323        10.305653190421818        11.354631791200891        11.461398009179963        11.558412304964428        11.646987304078525        11.968831544933035        12.071562589798013        12.170012685657706        10.825222504465270        10.785110925336710     
   21928.251319232804       -1.8384270000000000       0.18502879063091779        8.5732069000000006        8.3389999999999992E-003   11.464596337900618        11.356883332623687        11.643314205886936        11.070179646906118        11.293976091298445        11.667551432090773        11.966586023492946        12.264785122250641        11.324197170217678        11.668551432090775        11.975636762179720        12.219513304644634        12.407662634883101        10.317107898225350        11.365098578665988        11.470981924175378        11.567115107129238        11.654949629606170        11.976299028769878        12.078761226434791        12.177033044040803        10.850990933550380        10.801998855450028     
   21821.972291887967       -1.8470070000000001       0.18812211795669281        8.5733453999999991        8.3377000000000000E-003   11.472217663605512        11.364929774437961        11.649902853378244        11.079419730081042        11.302160032199922        11.674673136718802        11.973144004924393        12.271023158600052        11.332275386091808        11.675673136718800        11.982269802578653        12.225782007053905        12.413719333237680        10.326241702372933        11.373463857562296        11.478741302967471        11.574023699702579        11.661431444070129        11.982431894091942        12.084530861767195        12.182772013313347        10.871046905454619        10.815415040751262     
   21724.310428737102       -1.8549270000000000       0.19101163335539137        8.5734727999999993        8.3364000000000008E-003   11.479249121667186        11.372351879952239        11.655985466293485        11.087938793575058        11.309708592262430        11.681245587749798        11.979198334754562        12.276783483640768        11.339726793891165        11.682245587749799        11.988393001586898        12.231570615179697        12.419313127237173        10.334663104003793        11.381178948666028        11.485899725177378        11.580400317407273        11.667415885522223        11.988095576469510        12.089860972462310        12.188073840923382        10.889504801504946        10.827771709593234     
   21626.239087714672       -1.8629130000000000       0.19395021008297847        8.5736001999999996        8.3351999999999992E-003   11.486283216574961        11.379778260224104        11.662066841363693        11.096466856170828        11.317262056647976        11.687818848325122        11.985251206652109        12.282541122315251        11.347182696535690        11.688818848325120        11.994514932052809        12.237356757026838        12.424903636002270        10.343093095258542        11.388899542960960        11.493061413798834        11.586776925700548        11.673398679651406        11.993756163002967        12.095186789576999        12.193371154865410        10.908013243312347        10.840153567261538     
   21527.866916932122       -1.8709600000000000       0.19694608529337801        8.5737278999999997        8.3339999999999994E-003   11.493338534597417        11.387227066929693        11.668166618089682        11.105020829166374        11.324838437535700        11.694412018305020        11.991322292166739        12.288316069717535        11.354661216052630        11.695412018305017        12.000655187726867        12.243160395640476        12.430511041074343        10.351548696083309        11.396643466178894        11.500244816803427        11.593172840538884        11.679399573406613        11.999433759834471        12.100528790948079        12.198684465025135        10.926578105316359        10.852573256928967     
   21428.757986073226       -1.8791059999999999       0.20001040079987153        8.5738564000000004        8.3327999999999996E-003   11.500444965698732        11.394729933754439        11.674310453874176        11.113637248222345        11.332469935283077        11.701052940743809        11.997437119959462        12.294132542717682        11.362194118869150        11.702052940743810        12.006839602458681        12.249005876632394        12.436158818204541        10.360066006208418        11.404443659796220        11.507480392827366        11.599615031115954        11.685443786260249        12.005152151903756        12.105909277277471        12.204035943362760        10.945280281328165        10.865084446280198     
   21329.319512371509       -1.8873130000000000       0.20313180096314845        8.5739853999999998        8.3315000000000004E-003   11.507600660936404        11.402283382886917        11.680500455116714        11.122308051307428        11.340152545631142        11.707741682354857        12.003597914460116        12.299993989797230        11.369777806743514        11.708741682354855        12.013070112691150        12.254896530453831        12.441851111078574        10.368637370819798        11.412295424349804        11.514765765280629        11.606104379779602        11.691533833029084        12.010915192509604        12.111333493472284        12.209430952815687        10.964070277988935        10.877663072581534     
   21229.218157481126       -1.8956160000000000       0.20631865577616429        8.5741134999999993        8.3303000000000006E-003   11.514776404592348        11.409859531962427        11.686704179527501        11.131009185590473        11.347858815165283        11.714447450740098        12.009772132167159        12.305866878639600        11.377384487322766        11.715447450740095        12.019314412649338        12.260798925999945        12.447553816314906        10.377238403747954        11.420171877489979        11.522072141795208        11.612609433055058        11.697636943684982        12.016689004797081        12.116766426147693        12.214834378787353        10.982957880167058        10.890298178809049     
   21128.856814200488       -1.9039740000000001       0.20956986366236310        8.5742432999999991        8.3291000000000007E-003   11.521970558172264        11.417455130915464        11.692923886093816        11.139732733738803        11.355584980280810        11.721170521622813        12.015962153114270        12.311754777156871        11.385010810295007        11.722170521622811        12.025574590120527        12.266716510136419        12.453271196964820        10.385861590553006        11.428068560472862        11.529397380737606        11.619131262051216        11.703755769708017        12.022477580371074        12.122213446786965        12.220251713807421        11.001894310910806        10.902966024164527     
   21027.759440207967       -1.9124380000000001       0.21289585149950047        8.5743735999999995        8.3277999999999998E-003   11.529241892141929        11.425130854381095        11.699213733865996        11.148544803860798        11.363392331062879        11.727967419864957        12.022221992144008        12.317710281664628        11.392717584903085        11.728967419864958        12.031904996581808        12.272702023386621        12.459055036667039        10.394572563301008        11.436047576060471        11.536800863223707        11.625725444345374        11.709943998906201        12.028333029904839        12.127725045509653        12.225733303787660        11.020994037637596        10.915751421814679     
   20926.615751864963       -1.9209440000000000       0.21627620382004023        8.5745035000000005        8.3266000000000000E-003   11.537508896754044        11.433853948461394        11.706477040272691        11.158331506476067        11.372247216242851        11.735716133980045        12.029528554987504        12.324734243776422        11.401523360709529        11.736738003513366        12.039179026272695        12.279682729061609        12.465885489280151        10.404331506476069        11.445074101205801        11.545178309002178        11.633366605265234        11.717105642024556        12.035153858098663        12.134334748783882        12.232063081324664        11.042005109944949        10.930005195890278     
   20824.567959177512       -1.9295690000000001       0.21975024313015717        8.5746356000000006        8.3253000000000008E-003   11.546262146264130        11.443086932565738        11.714209283455904        11.168609660476463        11.381613280909061        11.743929696957512        12.037332341594219        12.332261334574259        11.410859449406558        11.744982070860015        12.046910741055900        12.287138276435936        12.473209012892614        10.414609660476465        11.454613228688206        11.554034663104947        11.641508096419191        11.724735309015077        12.042436871056797        12.141455233610966        12.238805879350178        11.063963563766041        10.944978076754300     
   20720.584399187839       -1.9383960000000000       0.22333888196915694        8.5747684000000000        8.3239999999999998E-003   11.555175635144511        11.452489147318943        11.722082405536391        11.179077059556690        11.391151202349384        11.752293138510819        12.045278255307569        12.339925427134766        11.420366710119751        11.753376704340447        12.054783331936392        12.294729577363583        12.480665669533138        10.425077059556692        11.464327394121376        11.563053197945322        11.649798215139640        11.732503916335574        12.049852459191591        12.148704985531516        12.245670888957896        11.086332531590827        10.960229250794050     
   20616.360512749106       -1.9472910000000001       0.22699731614966578        8.5749011999999993        8.3228000000000000E-003   11.564083455878265        11.461886713082670        11.729947456205757        11.189542395387029        11.400684897601771        11.760649527810159        12.053216155461158        12.347580967631252        11.429869562169920        11.761764468042010        12.062647851405757        12.302312268375850        12.488113293456752        10.435542395387028        11.474037631544419        11.572066304965514        11.658081223754760        11.740264211918504        12.057259139233203        12.155945224082252        12.252525606365097        11.108726708757182        10.975489416600567     
   20511.149496147500       -1.9563100000000000       0.23075334407672296        8.5750349000000003        8.3215000000000008E-003   11.573099379048596        11.471396908173173        11.737910734410068        11.200130601006382        11.410332621671710        11.769108682334647        12.061252861519236        12.355332754202365        11.439486037877025        11.770255405729333        12.070610594810070        12.309990627093196        12.495655192794661        10.446130601006384        11.483863459684731        11.581188508752447        11.666466415625482        11.748121744306218        12.064759928680179        12.163277770986955        12.259469092366231        11.131356497760049        10.990917863783597     
   20404.877883167817       -1.9654710000000000       0.23462074372909114        8.5751706999999993        8.3201999999999998E-003   11.582203381414104        11.481000049013833        11.745951477445779        11.210822702366585        11.420074796915095        11.777650193445510        12.069367656578180        12.363159867612119        11.449196536730664        11.778829136429941        12.078650794645782        12.317743688479716        12.503270306178450        10.456822702366587        11.493785415364329        11.590399869130934        11.674933331513110        11.756055672528948        12.072333752830481        12.170681427544785        12.266479882061887        11.154211370633426        11.006499002540863     
   20296.913459007355       -1.9748209999999999       0.23861046063718852        8.5753068999999993        8.3189000000000006E-003   11.591447647578109        11.490751291211735        11.754115554568182        11.221680442092998        11.429967394424063        11.786322881001810        12.077606852037837        12.371106926286197        11.459056832952728        11.787534670073144        12.086814326968183        12.325615628816537        12.511001980804211        10.467680442092997        11.503860550834711        11.599753189319097        11.683530355932151        11.764111240427185        12.080023700005890        12.178198262922225        12.273597705829589        11.177425319764483        11.022323650578658     
   20187.800300332579       -1.9843240000000000       0.24272010534214666        8.5754452000000008        8.3175000000000002E-003   11.600813410990632        11.500629303213842        11.762389633193955        11.232676817685643        11.439988389988635        11.795110867817169        12.085956726618498        12.379161672194623        11.469045064513509        11.796355974092293        12.095087852393956        12.333594578770079        12.518839053595286        10.478676817685646        11.514065902312844        11.609229172290298        11.692241993592628        11.772275652694290        12.087818847245870        12.185818215795955        12.280814523272408        11.200909159397145        11.038339784670342     
   20076.962138863568       -1.9940279999999999       0.24696525069817335        8.5755839999999992        8.3161999999999993E-003   11.610296027814385        11.510632149545284        11.770763313203020        11.243815899731430        11.450136590981202        11.804006442933918        12.094407283489375        12.387312565480748        11.479159859406423        11.805285510508703        12.103460977203021        12.341668595194395        12.526768825758477        10.489815899731433        11.524401263128695        11.618823737675520        11.701060136647566        11.780537939341883        12.095706259046906        12.193527422036205        12.288114338166441        11.224732814612551        11.054577977343705     
   19965.629146162071       -2.0038279999999999       0.25131434640999961        8.5757245999999991        8.3149000000000001E-003   11.620191657186055        11.520930402292592        11.779476308540001        11.255272225032112        11.460632039001410        11.813261232261887        12.103215053646537        12.395774671831187        11.489632039001407        11.814618327064167        12.112077570231186        12.350173410140002        12.535035926724650        10.501176385123298        11.535067885707946        11.628797453986056        11.710219588755351        11.789173410140002        12.103944621924647        12.201545883615836        12.295711298600480        11.249122813092661        11.071362407831685     
   19855.507867552969       -2.0135740000000002       0.25569468076910634        8.5758620000000008        8.3134999999999997E-003   11.630832760176377        11.531704695570804        11.788795406587015        11.267228737765739        11.471714176706167        11.823155654511227        12.112667341981441        12.404785925451653        11.500714176706166        11.824686304252163        12.121089373451651        12.359491958587013        12.543913990057225        10.512826152630383        11.546282664100593        11.639439656176377        11.719980271116802        11.798491958587013        12.112824334057224        12.210118300921865        12.303843780392073        11.274298825659388        11.089045776652986     
   19737.857081713057       -2.0240440000000000       0.26046074533982172        8.5760067000000006        8.3122000000000005E-003   11.642150777174955        11.543199348848102        11.798764374119017        11.280015536157901        11.483518142738461        11.833710259101807        12.122715802445867        12.414411775645867        11.512518142738458        11.835420999392163        12.130798178701806        12.369411775645865        12.553377971063078        10.525304795867545        11.558247920521246        11.650807402448102        11.730372427719015        11.808460347319013        12.122323856045867        12.219260517282361        12.312530739499572        11.301276536717914        11.107936227618467     
   19618.644607718386       -2.0347149999999998       0.26539369554828424        8.5761538000000002        8.3108000000000001E-003   11.653641121133287        11.555166542702413        11.809445714191394        11.293552091606156        11.495631209298775        11.844724929964162        12.132920292622270        12.424615677422270        11.524631209298779        11.846580366160524        12.141811084364161        12.379615677422269        12.563250307249508        10.538696655409790        11.570691964271539        11.662775773102414        11.741054944591397        11.819141098991398        12.132529523022267        12.228844050056779        12.321783295084018        11.329787015825477        11.127527135808435     
   19496.919565074732       -2.0456770000000000       0.27053803226761008        8.5763040999999998        8.3093000000000004E-003   11.665407222698466        11.567419544438167        11.820370257479365        11.307400584860236        11.508034777383802        11.856001572961731        12.143382579219061        12.435061280282330        11.537034777383802        11.858001572961733        12.153056480136694        12.390061280282328        12.573366496682329        10.552392023917566        11.583424344583801        11.675026216441132        11.752001572961731        11.830065041079362        12.142976929482327        12.238663152139662        12.331257502402931        11.358927634533639        11.147552206533685     
   19372.603953595364       -2.0569400000000000       0.27589598385353487        8.5764555999999992        8.3079000000000000E-003   11.677966801622318        11.580476385807934        11.831438049065461        11.321791072106144        11.521285930276257        11.867913019978047        12.154947633251080        12.445976384406812        11.550285930276260        11.869913019978050        12.163778484738490        12.400976384406810        12.584282206806812        10.566437330179170        11.596674285476258        11.687932188349286        11.763913019978048        11.841132226665462        12.153893851606810        12.249234287279840        12.341180505635577        11.389082680587286        11.168061924592216     
   19246.643407963384       -2.0684250000000000       0.28144721143865659        8.5766080000000002        8.3064000000000002E-003   11.690722410943323        11.593745149410772        11.842695558207033        11.336405364415910        11.534749263679618        11.880019530844024        12.166704870306333        12.457073382107726        11.563739951580317        11.882015416575179        12.174708984575176        12.412073382107728        12.595375699838883        10.580707682147064        11.610127087580317        11.701046383580312        11.776015416575177        11.852389126207033        12.164988563838882        12.259975137470740        12.351268143102590        11.419687026564745        11.188895651301117     
   19117.099475333838       -2.0803129999999999       0.28728683846875519        8.5767637000000008        8.3049000000000005E-003   11.704110472592953        11.608010445814196        11.855047268395625        11.351859278187613        11.549173676790280        11.893049156270374        12.179415639518199        12.469064787673043        11.577805305667704        11.894885925294288        12.187578870494287        12.424064787673041        12.607208611496960        10.596003102011524        11.624191196067700        11.715112360467701        11.788885925294286        11.864740213595622        12.176822721096956        12.271291118998294        12.362066571699627        11.452244476243544        11.211445531392831     
   18984.580280176247       -2.0925549999999999       0.29339979376618186        8.5769228999999996        8.3034000000000007E-003   11.717905385120158        11.622597693520159        11.867763049288516        11.367705814158047        11.563948085926398        11.906397410561571        12.192431634955334        12.481350978002983        11.592274755599458        11.908108697034628        12.200763049288515        12.436412656882279        12.619350978002981        10.611705814158046        11.638659372399456        11.729563469126401        11.802089718961572        11.877431634955332        12.188923660396743        12.282843003444391        12.373193395850631        11.485630067581017        11.234569318468179     
   18848.942951706267       -2.1051720000000000       0.29980923039684043        8.5770838000000005        8.3018999999999992E-003   11.732853518941521        11.637545183741523        11.881458757734386        11.384274516321046        11.579271442313910        11.920261732955172        12.205918803982787        12.494128270968822        11.607766082334695        11.922139702575961        12.214458757734384        12.449732499162000        12.632128270968824        10.628274516321046        11.654149411934700        11.744888112713909        11.815953397755170        11.890918803982785        12.201327017996437        12.294536484982473        12.385262743554858        11.520481981268208        11.258733711025496     
   18709.836830033237       -2.1182029999999998       0.30654524497578695        8.5772486000000008        8.3003000000000000E-003   11.748292771214603        11.653194070272894        11.895551459553426        11.401425431632630        11.595194070272894        11.934750107334734        12.219860453953425        12.507390806873557        11.623762418294470        11.936750107334737        12.228601100331849        12.463390806873560        12.645230154193692        10.645425431632630        11.670305082174336        11.760651406393029        11.830330101033292        11.904860453953424        12.214268149295135        12.306848142993692        12.397477196855531        11.556543606649550        11.283674569150767     
   18567.139482983577       -2.1316700000000002       0.31363365929533604        8.5774156000000001        8.2986999999999991E-003   11.764352385591506        11.670000665365832        11.910074897093571        11.419366925501967        11.612000665365832        11.950240268323443        12.234384559493568        12.521343455025503        11.640393490059575        11.952240268323441        12.243301397199827        12.477343455025503        12.658612012957439        10.663366925501967        11.687505607327639        11.776888548097768        11.845425663961636        11.919384559493571        12.228045942119243        12.320231337757440        12.409541953515051        11.594289209778003        11.309607114454883     
   18420.312766572832       -2.1456369999999998       0.32113251311748892        8.5775872000000000        8.2971000000000000E-003   11.780951646647988        11.687490221166328        11.925314148780572        11.438342979967452        11.629490221166328        11.966253595314278        12.249844323165203        12.535995399846861        11.657899493315405        11.968253595314280        12.258844323165199        12.491995399846864        12.672995399846862        10.682123154382822        11.705179872366330        11.794209842115407        11.861154671965203        11.934525574231493        12.242297348513155        12.333879676230367        12.422250578496659        11.633740587847257        11.336805465039376     
   18270.313522374985       -2.1600109999999999       0.32899971618889051        8.5777607000000007        8.2953999999999996E-003   11.798002375547044        11.705554098067550        11.941164883726040        11.458199907799051        11.647554098067550        11.982705715236539        12.266108903136052        12.551246137815545        11.676150910168046        11.984705715236542        12.275108903136053        12.507246137815541        12.688246137815542        10.701566931189040        11.723243055267551        11.812461952968041        11.877419945936053        11.950190157225547        12.256949477505044        12.347744962294049        12.435515173583552        11.674600185866554        11.365062350546053     
   18117.029854951459       -2.1748259999999999       0.33727267041525277        8.5779370999999998        8.2936999999999993E-003   11.816405678350378        11.724259742870245        11.957975849529664        11.478737900610827        11.666425555790113        12.000497294570184        12.282975849529663        12.567278156029602        11.695249307330570        12.002497294570187        12.291810036609796        12.523278156029605        12.703912088369272        10.721883836090960        11.742314062130575        11.831561055730575        11.894819478509856        11.966975849529664        12.272369772249409        12.362160075608887        12.449150633708825        11.717332849838279        11.394716109313741     
   17960.110320253327       -2.1901160000000002       0.34599243284432168        8.5781159000000002        8.2920000000000008E-003   11.835477006874882        11.743746268021113        11.975310794317924        11.499940749459086        11.686008875329364        12.018892519064153        12.300310794317923        12.583838771998938        11.715058731621113        12.020942375355897        12.309048187009672        12.539838771998937        12.720101379307192        10.742940749459084        11.762011638393872        11.851261492793874        11.912782816636913        11.984260938026178        12.288304140479951        12.377094725469217        12.463250393414736        11.761469349261596        11.425443832671128     
   17799.467095154458       -2.2059069999999998       0.35519326544746249        8.5782974999999997        8.2903000000000004E-003   11.855253231657137        11.764606275294025        11.993160026798989        11.522078638532790        11.706668245692150        12.037826260435878        12.318160026798992        12.601044705179607        11.735919465294025        12.040077480037752        12.327098056400864        12.557044705179607        12.737106675577731        10.765078638532792        11.782428983276517        11.871681743276518        11.931275348418371        12.001908807197115        12.304868953560224        12.392815602338970        12.478087398303956        11.807383888449930        11.457661524841029     
   17635.021764734185       -2.2222130000000000       0.36491145943431175        8.5784818000000005        8.2885000000000007E-003   11.875937670958802        11.786083656699869        12.011871859335614        11.545324123523056        11.728228035881699        12.057476151458509        12.337187393094847        12.619098019194549        11.757541963081700        12.060105612417740        12.345871859335613        12.575098019194552        12.754638106253488        10.788008589763827        11.804229642440930        11.893025438299869        11.950645699476677        12.020557932135613        12.322265960653485        12.408887828389528        12.493283536266635        11.855428669683459        11.491053269620839     
   17466.745806206724       -2.2390580000000000       0.37519195921783549        8.5786692999999996        8.2866999999999993E-003   11.897339401252092        11.808248900256073        12.031304330209016        11.569451876499150        11.750654736884885        12.077926898305728        12.356940350926573        12.637765476805034        11.779969414084883        12.080793881530555        12.365346187555383        12.593807334151402        12.772765476805036        10.811724696352785        11.826934223056073        11.915192931856071        11.970793881530556        12.039898493580209        12.340128797654687        12.425275267050710        12.508827573075534        11.905318187213345        11.525629446984363     
   17297.247515055358       -2.2561830000000000       0.38589379228699644        8.5788560999999994        8.2848999999999996E-003   11.919138157609616        11.831188940765522        12.051319937482759        11.594168341292377        11.774059562781652        12.099513194085965        12.376705127790277        12.656638305526851        11.803374987181652        12.101702184146188        12.385575749806407        12.612894117850502        12.791638305526853        10.836227953368727        11.849873516365523        11.938135213965523        11.991702184146185        12.059449315466630        12.357647134447294        12.441650078091385        12.524523643751607        11.956727963036222        11.561443885621316     
   17122.414253290677       -2.2740239999999998       0.39732847044625103        8.5790474000000003        8.2830999999999998E-003   11.942001343583389        11.855040672515099        12.071805147180910        11.620391162517578        11.798040672515100        12.121458212354586        12.397470314622879        12.676294804194075        11.827356862115096        12.123807190196551        12.406121336780913        12.632798606491171        12.810784461207238        10.862391162517575        11.874073460757064        11.961827876170226        12.013296847209716        12.079805147180913        12.376255475262369        12.458757234543818        12.540232746273048        12.010804881991067        11.599085636251843     
   16945.133706064211       -2.2922950000000002       0.40934276152784294        8.5792397999999999        8.2813000000000001E-003   11.965541375572933        11.879443881548674        12.092882980045701        11.647469109451645        11.822663346724418        12.143886267290654        12.418882980045701        12.696374488187683        11.851980305924418        12.146638869597190        12.427130377739168        12.653127090494216        12.830155023011940        10.889319205782435        11.899029428324418        11.986077799948674        12.035419404421447        12.100663514869957        12.395102613366987        12.476029764615497        12.556207600802438        12.066467181657117        11.637883058239282     
   16765.248690411765       -2.3110309999999998       0.42199965966924913        8.5794336999999992        8.2793999999999993E-003   11.989935582403543        11.904556852841896        12.115118566688484        11.675453260595308        11.848495858080252        12.167333692123581        12.441118566688484        12.716942201570173        11.877813592880248        12.170314311965189        12.449137946846879        12.673922821411779        12.850003196331816        10.916812609998562        11.924860388480251        12.011192322441897        12.058375306726841        12.122179561450132        12.413741275296719        12.493227795220015        12.572948820736801        12.123952475367780        11.678098614847311     
   16582.347042270201       -2.3302809999999998       0.43536693632498463        8.5796296999999999        8.2775999999999995E-003   12.015127835995257        11.931150540857095        12.136988379316312        11.704722912101152        11.875150540857097        12.191318733609068        12.463445388671579        12.737999248685393        11.904469059657094        12.194318733609068        12.471658991147228        12.694999248685390        12.870542239330122        10.945827828425502        11.951727105732745        12.037330569101828        12.082105131133416        12.143988379316310        12.433081460147902        12.511103198886067        12.589200049544607        12.184345618355030        11.720261803782050     
   16398.231000907363       -2.3498739999999998       0.44935973045553113        8.5798260000000006        8.2757000000000004E-003   12.040603258347641        11.958098106340383        12.159571353364587        11.734491282325866        11.902228087334326        12.215704809357323        12.485974954362160        12.759160802369419        11.931417410340384        12.218704809357323        12.494164277368217        12.716437897371843        12.891350125375475        10.975491282325866        11.979185878336754        12.063648942344013        12.106108410354899        12.166164277368214        12.452813068385158        12.528806118387568        12.605735479405730        12.246083322166168        11.763310023254480     
   16216.047207974118       -2.3694739999999999       0.46375556264908119        8.5800192000000006        8.2739000000000007E-003   12.065901618259014        11.984896633799311        12.182266032422591        11.764335152039832        11.929309051763328        12.239993542726902        12.508358373586605        12.780086751250396        11.958309051763324        12.243085883890911        12.516450714750613        12.737810144454487        12.911858598918281        11.005199340871728        12.006576556999315        12.089769924191133        12.129950072722808        12.188222562418497        12.472359240946085        12.546087618609876        12.622219312677759        12.308126577804488        11.806459676265694     
   16035.887470831109       -2.3890739999999999       0.47856369734744658        8.5802095000000005        8.2719999999999998E-003   12.091240706536855        12.011907550512742        12.204233237696013        11.794943935096121        11.956810056886884        12.264123426046044        12.530814906070155        12.801102005836803        11.985810056886887        12.267705094420183        12.539396574444300        12.759055949579338        12.931663887345987        11.035087484979446        12.033586712512740        12.116320501027676        12.153848644303508        12.209958455953480        12.491211817486779        12.563498917253426        12.638419122762610        12.371163352346525        11.850039199196281     
   15857.692788557822       -2.4086750000000001       0.49379669144761751        8.5803972000000002        8.2702999999999995E-003   12.116846139780252        12.038801539850352        12.226138526729970        11.825579620100632        11.984370768696122        12.288167802067280        12.552999995551408        12.821678480238434        12.012801539850352        12.292029270888714        12.561292235527075        12.779861537859871        12.951613897814100        11.065579620100630        12.061618408741891        12.142736957426022        12.177460042042947        12.231816937929972        12.509649204901129        12.580510747209589        12.654233758339489        12.435011787051765        11.894459550594570     
   15681.406033229623       -2.4282780000000002       0.50946684283388310        8.5805821000000009        8.2684999999999998E-003   12.142402976897611        12.065717839366005        12.248119536696439        11.856244187435653        12.011717839366010        12.312264992697681        12.575119536696437        12.842062519829430        12.039806278500244        12.315990616830600        12.583119536696440        12.800482345828041        12.971530298360957        11.095969811568569        12.089669886833089        12.168813744431848        12.200990616830602        12.253336895696510        12.527731127095340        12.597093936226941        12.669819560359858        12.499552213255495        11.939175487111516     
   15507.043315687544       -2.4478849999999999       0.52558713478978081        8.5807646999999996        8.2667999999999995E-003   12.167731689183263        12.092666241037307        12.270186512676560        11.886900979103103        12.038666241037305        12.336425051688309        12.597186512676558        12.862261930844355        12.066980198216854        12.339453224951058        12.605186512676561        12.820928902022516        12.991280134085265        11.125929152365853        12.117315008974558        12.194368705162809        12.224453224951063        12.274233757581605        12.545365522274899        12.613107911620855        12.685136084883602        12.564855299986050        11.984005353427641     
   15334.548731773628       -2.4674969999999998       0.54217163932436174        8.5809447999999993        8.2649999999999998E-003   12.192618204639647        12.119389341141304        12.291632958475120        11.918403080651640        12.066051146214207        12.360389679249678        12.618418679758058        12.882095069612248        12.094160646697144        12.363389679249678        12.626866206113899        12.840985569129305        13.010647543256400        11.156955554295795        12.144941645731269        12.220375094468398        12.247727874176775        12.295418679758058        12.563109654393532        12.629462265047717        12.700138654901910        12.631060054613975        12.029315402909749     
   15163.903080957936       -2.4871159999999999       0.55923347295498427        8.5811223999999999        8.2634000000000006E-003   12.217483808496231        12.145959844467852        12.312974609496107        11.949748110201030        12.093304232144019        12.383886885287010        12.639761870115391        12.901728707086887        12.120959844467853        12.387119522743893        12.648204743058505        12.860961344543766        13.029941446467602        11.188072599801030        12.172648619820189        12.246152685772399        12.270542497610842        12.316417482439219        12.580583793839095        12.645337891429874        12.714649116077537        12.697676167437946        12.075000149476731     
   14995.087350932066       -2.5067400000000002       0.57678756464775316        8.5812978999999991        8.2617000000000003E-003   12.242418975497808        12.172471537077778        12.334294681711336        11.981002783847957        12.120491187674050        12.407023667296423        12.661294681711334        12.921255380518792        12.147491187674051        12.410698475696423        12.669294681711333        12.880916928531361        13.049216079326248        11.219308324851683        12.200510838270324        12.271757427485236        12.293004016700150        12.337275031115064        12.597857976742548        12.660812285341160        12.728772984148618        12.764745114655470        12.121096644978502     
   14828.048572979918       -2.5263700000000000       0.59484859421387914        8.5814707000000006        8.2600000000000000E-003   12.267523615908347        12.199362888982582        12.355172637609863        12.013235920647228        12.148050694690665        12.430575626042183        12.682172637609861        12.940797026193701        12.175050694690663        12.434249743242182        12.690172637609860        12.900007481735626        13.067421414777540        11.250873997739147        12.228738500398743        12.297313160366423        12.315887820334103        12.357484831901781        12.614944064611384        12.676344309145220        12.742968697729056        12.833275690133570        12.167578101766919     
   14662.836772192924       -2.5460060000000002       0.61343207285113610        8.5816412000000000        8.2584000000000008E-003   12.292523156418339        12.226356408120248        12.375869879007963        12.045391870035294        12.175356408120249        12.453917620252879        12.702869879007965        12.959937778042507        12.202121612977246        12.457591055452879        12.710635083864963        12.919286430953735        13.085589125131277        11.282604577067074        12.256939856174482        12.322637014186567        12.338568967341649        12.377521226096738        12.631543166397593        12.691405438006912        12.757056785095683        12.902386023350088        12.214645682136551     
   14499.398963127609       -2.5656460000000001       0.63255480745893078        8.5818092000000004        8.2567999999999999E-003   12.317428300484245        12.253434726201185        12.396411471451820        12.077474653128590        12.202437917074203        12.477074774916247        12.723411471451818        12.978733113231307        12.228764367148671        12.480748324841777        12.730740325673779        12.938733113231308        13.103729922358287        11.314473035706634        12.285113084421695        12.347755537284247        12.361072370768756        12.397409067304331        12.647723496641348        12.706062597324411        12.771057789029435        12.971963597681537        12.262205902593870     
   14337.749882942986       -2.5852860000000000       0.65223216016636820        8.5819752999999999        8.2552000000000007E-003   12.342540305638757        12.280274499011110        12.416997302361160        12.110131799625162        12.230136307511668        12.500036298601739        12.743997302361162        12.997814394592371        12.256251400679336        12.503921205434072        12.751761395997054        12.957814394592372        13.121952586091812        11.346695607189265        12.313457406779900        12.372868206838756        12.383387298133510        12.417348301892932        12.664218392719459        12.720828396947109        12.784530396010652        13.043192640915283        12.310592717694966     
   14177.902975744333       -2.6049270000000000       0.67248115752058901        8.5821395000000003        8.2536999999999992E-003   12.367283740176063        12.307108734564157        12.437265023496906        12.142813305653739        12.257919316541820        12.522940769765640        12.764458659377546        13.016688247302859        12.283342540347775        12.526940769765638        12.772265023496907        12.976881883183502        13.140071301205840        11.379047111437359        12.341973898855223        12.398094322153728        12.405652381668617        12.437170271280525        12.680728330795411        12.735340972623703        12.797957832310296        13.114792251333405        12.358928255862928     
   14019.838149691575       -2.6245660000000002       0.69331937487573680        8.5823018999999992        8.2521000000000001E-003   12.391701305392273        12.334054687397204        12.457256773583635        12.175655975329716        12.285922105678265        12.545886134068395        12.784874336863465        13.035415478781166        12.310080810875801        12.549886134068400        12.792256773583636        12.996033042060995        13.158165623779935        11.411682098808312        12.370816629600908        12.423568723673332        12.427965486667167        12.456953689462230        12.697350452456062        12.749641739372533        12.811418007849893        13.187050593364626        12.407369076239151     
   13863.567458949019       -2.6442000000000001       0.71476451120810447        8.5824622999999995        8.2506000000000003E-003   12.416504128540467        12.360991478491162        12.477684017391041        12.209154803239326        12.313537208655362        12.569046946705939        12.804988446684916        13.054046826898428        12.337537208655363        12.573046946705936        12.812684017391042        13.014896986356511        13.175805526028100        11.444789081733198        12.399448660325692        12.448684137198548        12.450501216541731        12.476442716520715        12.713168335535489        12.763896866549004        12.824655565678675        13.260781852664532        12.457193946966704     
   13709.038623463595       -2.6638269999999999       0.73683389187929671        8.5826203999999997        8.2491000000000005E-003   12.441317847081860        12.387919081181421        12.498007083032698        12.242674387292924        12.341082926687568        12.592102644238400        12.825116780613820        13.072515546514259        12.364919081181421        12.596102644238401        12.832952935107675        13.033515546514261        13.193461398589237        11.477896573042875        12.428134284024884        12.473758026262983        12.472938798732256        12.495843237526552        12.728806016564652        12.778038146371243        12.837710455358950        13.334925579291946        12.507153765614957     
   13556.419515387217       -2.6834359999999999       0.75954670135450530        8.5827784000000005        8.2476000000000008E-003   12.466336869908616        12.415177769137820        12.518142294401009        12.276440424771536        12.368952091076274        12.615088629168667        12.845660227814861        13.090819328585653        12.392177769137824        12.619088629168665        12.852885905876406        13.051819328585655        13.211562940061054        11.511258761322335        12.457426009877775        12.499185916922471        12.495314307230213        12.515367972462556        12.744465652307248        12.792067961416496        12.850519317539593        13.410612250000060        12.557608661998966     
   13405.622945334175       -2.7030240000000001       0.78292177980226541        8.5829348999999997        8.2460999999999993E-003   12.491289126383133        12.442592654083246        12.538269060633827        12.310665778681749        12.397222436095117        12.638156601727143        12.865685047240621        13.109136535977839        12.419592654083242        12.641904327933940        12.873062555459281        13.070136535977838        13.229175014365968        11.545081765288540        12.486599944313777        12.524414360808592        12.517401585289818        12.534891552415164        12.760294763503186        12.805909965053988        12.863407222409869        13.487137122606843        12.608697764029777     
   13257.114278873180       -2.7225299999999999       0.80692017802217719        8.5830909000000002        8.2445999999999995E-003   12.516002051860273        12.469878765288957        12.558229708784218        12.344882010812395        12.425498945567323        12.661087423206755        12.885248707790360        13.127315080130696        12.446878765288954        12.664438785812894        12.893220250674869        13.088315080130695        13.246362536252331        11.578901009818534        12.515470488451829        12.549324957350926        12.539144337437740        12.554258165899711        12.776096544992665        12.819533278945290        12.876238830570131        13.563529192012410        12.659743389869245     
   13117.739434476332       -2.7410369999999999       0.83035033695756588        8.5832364000000005        8.2433000000000003E-003   12.539800899969119        12.495917069017498        12.577215661903647        12.377775827256013        12.452289307972972        12.682860873214121        12.904568561872363        13.144452392823982        12.473093211310875        12.686370576489455        12.912215661903648        13.105981435086075        13.262923350561888        11.611246784993920        12.543347392497157        12.573486745537835        12.560331830952023        12.572510477348171        12.790650378206887        12.832220054727227        12.887829024603036        13.638121051313110        12.709490291812230     
   12976.363419360549       -2.7600080000000000       0.85511220026634538        8.5833852000000004        8.2418999999999999E-003   12.564069553662737        12.522510750219460        12.596615188826213        12.411343300346218        12.479636831598086        12.705087920438999        12.924313183082273        13.161934997792045        12.499907302285958        12.708785914695063        12.931615188826211        13.123998009058539        13.279745905146925        11.644311765290155        12.571888935509694        12.598164099985294        12.581993374116443        12.591187101703653        12.805462266179255        12.845241638478075        12.899719063878592        13.714510454084348        12.760368782668071     
   12840.915851966012       -2.7783810000000000       0.87980510989907812        8.5835290999999998        8.2404999999999996E-003   12.587681918176166        12.548650990645491        12.615712731347724        12.444165523842475        12.506499937728982        12.726894414308404        12.943591225439075        13.179045879070532        12.526408833146277        12.730772908399757        12.950712731347725        13.141469605171316        13.295773205886260        11.676952913351123        12.600196337014037        12.622318254768299        12.603258077716269        12.609742278355590        12.819864196109855        12.858378912434230        12.911773617731882        13.790314608712571        12.810528294790828     
   12712.325368781891       -2.7960020000000001       0.90415795971416824        8.5836658000000003        8.2392000000000003E-003   12.610377513760794        12.573696077910855        12.633920961762639        12.475655158734197        12.532281704910032        12.747674454387001        12.961920961762642        13.195418432937453        12.551696077910853        12.751674454387002        12.969021227036945        13.158134202988021        13.311267734412580        11.708220230259892        12.627298872010345        12.645277248486492        12.623523755862129        12.627435600037769        12.833664940313090        12.870777916264172        12.923346376163034        13.863263401572910        12.858778908579856     
   12583.921487163399       -2.8137750000000001       0.92941271056937402        8.5838031000000008        8.2378999999999994E-003   12.633730009438892        12.599274739551785        12.652309555232932        12.507910822219284        12.558715893746967        12.768631125489666        12.980309555232932        13.212093926771388        12.577274739551783        12.772631125489664        12.987751182976773        13.174981400678892        13.327429612720042        11.740133982075445        12.654931995757170        12.668288381695053        12.643966811438322        12.645310028781587        12.847772356514657        12.883002574216778        12.935227626401765        13.938490516224878        12.908497499965062     
   12458.994668940430       -2.8312420000000000       0.95494651684361820        8.5839380999999992        8.2366000000000002E-003   12.656527787795952        12.624347894417141        12.670441228495516        12.539808214280718        12.584675937065619        12.789316405669972        12.998496299048782        13.228395510580853        12.602511915741381        12.793316405669973        13.006051595877807        13.191559531905092        13.343067467932379        11.771589122403213        12.682003979714096        12.691136512291166        12.664152384345734        12.662887574553569        12.861575403959662        12.895083339986947        12.946591276014232        14.012742317089447        12.957657911400030     
   12339.086251409704       -2.8481709999999998       0.98038835200051522        8.5840688000000007        8.2354000000000004E-003   12.678532145626475        12.648750420598281        12.688286290447669        12.571405245513700        12.610037730587004        12.809721010631433        13.016502735659627        13.244164630699784        12.627394075592646        12.813721010631431        13.023739250677229        13.207808285694144        13.357877320711060        11.802545145307379        12.708325040575728        12.713939285603240        12.684077355637070        12.680095595682863        12.874946355727976        12.907015390744894        12.957084425761808        14.086066954823123        13.006360380098746     
   12222.780143884263       -2.8647540000000000        1.0060208532115262        8.5841969000000002        8.2342000000000005E-003   12.700081021638111        12.672625418760427        12.705692109033537        12.602330820311780        12.634843177609349        12.829645503940261        13.034064437577891        13.259665589120091        12.651625418760426        12.833645503940259        13.041064437577889        13.223665589120094        13.372447830271168        11.832921822527370        12.734060936458279        12.736081021638112        12.703427745091334        12.696846678728962        12.887975643333261        12.918576794875465        12.967359036026538        14.158010939762372        13.053950361232500     
   12109.717168803489       -2.8810250000000002        1.0318642688132005        8.5843228000000007        8.2330000000000007E-003   12.721661297720237        12.696466954344166        12.722901957930267        12.633255790882847        12.659589216993735        12.849416772421092        13.051421851139265        13.275366590498015        12.675466954344165        12.853416772421090        13.058421851139267        13.239366590498017        13.387244327848444        11.863546633015956        12.759711479643309        12.757661297720238        12.722294509771521        12.713299588489695        12.900810537891404        12.929755277250157        12.977633014600583        14.230542581563162        13.101308492033040     
   12000.269514690581       -2.8969200000000002        1.0578385674640272        8.5844460999999992        8.2317999999999992E-003   12.742561710840860        12.719556320547049        12.739572127277054        12.663201651358285        12.683554164429523        12.868566023075914        13.068233993121154        13.290575725604775        12.698556320547048        12.872566023075912        13.075233993121159        13.254575725604774        13.401577881722297        11.893202365265616        12.784552008312005        12.778561710840862        12.740568179193438        12.729236149238680        12.913244773708779        12.940586506192396        12.987588662309921        14.300764685552153        13.147162477091410     
   11894.330451022874       -2.9124439999999998        1.0839644492207963        8.5845675999999997        8.2305999999999994E-003   12.790199395434298        12.751032597432145        12.819482148232611        12.648091760377161        12.708641146431804        12.928183731972924        13.147384911022625        13.385143540137337        12.729264765709326        12.932183731972925        13.154820418632609        13.347451649719682        13.502617015005933        11.880396460619275        12.801263097767114        12.825190015955359        12.805065754019134        12.814702440678820        13.019790156766925        13.052291764540316        13.091339679441566        14.581867046497068        13.067557993446878     
   11792.530278129218       -2.9274930000000001        1.1100210995693602        8.5846856000000002        8.2295000000000007E-003   12.817239642923230        12.778061385935146        12.846178050131382        12.674862617802713        12.736104347004922        12.954971335491422        13.174075850829851        13.411697095580671        12.756560303986486        12.958971335491423        13.181516792531383        13.374091142286613        13.528798469325327        11.907490146746259        12.828494978538284        12.852392149795005        12.831768985547484        12.841314442587446        13.045075259037368        13.074098159343350        13.110849085508693        14.697581326899584        13.097946446078158     
   11693.028278942813       -2.9423290000000000        1.1364640250259277        8.5848022000000004        8.2284000000000003E-003   12.844343292027721        12.805367138826428        12.872867831184161        12.701789057096457        12.763651956033991        12.981832335649850        13.200928408944973        13.438133088037821        12.784098163420571        12.985978634852737        13.208357625631857        13.400562304724703        13.554805921592392        11.934504239888897        12.855906560365968        12.879804621313751        12.858547518442288        12.867926509221411        13.069587826093640        13.095738075655833        13.130026901899052        14.821523512070170        13.128192536582668     
   11596.688722051471       -2.9568140000000001        1.1632748101118875        8.5849139999999995        8.2273999999999993E-003   12.871381988082234        12.832782529126582        12.899249150319850        12.728462967710747        12.791181197184940        13.008735617308346        13.227399811072615        13.463964691041298        12.811717824715849        13.013106565418887        13.234943427136386        13.426402605387569        13.580334103591888        11.961024345349021        12.883412572606471        12.907401067319697        12.885262990327057        12.893975561208055        13.091941394936015        13.115720123247364        13.147521397781190        14.966684779977221        13.156534436099463     
   11502.970340532107       -2.9710260000000002        1.1924074497835071        8.5850275000000007        8.2263000000000006E-003   12.897776274606592        12.859574155347090        12.924856643752562        12.754465843513621        12.818193328116994        13.035061160843409        13.253098863099904        13.488955318853602        12.838749155393511        13.039536374921152        13.260670865087157        13.451430228845059        13.605083062901386        11.986928553848184        12.910288166367128        12.934405925725219        12.911347035647765        12.919208635114689        13.113410444374413        13.134720080946462        13.164130262200477        15.117466761933404        13.183682785584587     
   11416.631937614651       -2.9842170000000001        1.2217988074731940        8.5851340000000000        8.2252999999999996E-003   12.922823639870085        12.884958223587848        12.948707469476947        12.779463571931853        12.843788894447076        13.059985745856938        13.277017764055330        13.512200178570808        12.864365117809388        13.064291709123019        13.284527346347172        13.474526630464005        13.628006775878600        12.011963366053301        12.935756440409769        12.959986442649811        12.936018479938493        12.942647509260862        13.133814139679842        13.151818602993725        13.179762554536634        15.273367105288642        13.210090643848726     
   11333.394337443886       -2.9970319999999999        1.2532208121597588        8.5852374999999999        8.2243000000000004E-003   12.946860210090197        12.909376017365013        12.971458589528918        12.803666663509009        12.868439052331073        13.083871185627725        13.299835061903121        13.534338005825152        12.889094119218047        13.088095024063787        13.307339484473701        13.496542862385990        13.649771269640620        12.036089590238650        12.960401733438761        12.984593633049190        12.959631683990825        12.965028999415008        13.153343869197794        13.167950437164880        13.194623900045872        15.429101694690925        13.235579980595173     
   11250.504559440307       -3.0098940000000001        1.2874258435507957        8.5853441999999998        8.2232999999999994E-003   12.970651960555259        12.933605119406707        12.993853493919367        12.827826856081735        12.892929436914528        13.107482443911863        13.322297873641368        13.556094178465635        12.913720346584739        13.111712229501151        13.329852599062161        13.518205949498821        13.671096097262080        12.060058460805752        12.985002323240863        13.009011354817762        12.982944523204711        12.987085552324952        13.172619231624601        13.183666497335949        13.209191836335329        15.589093723764051        13.260933781831362     
   11174.265861185362       -3.0218069999999999        1.3227492536451884        8.5854447999999994        8.2223000000000001E-003   12.992921320241901        12.956505579212781        13.014809671651406        12.850977162335926        12.916317367812827        13.129400922554527        13.343093334250174        13.575875159593853        12.936966943450397        13.133830663893118        13.350809671651408        13.538248473780389        13.690590524282644        12.083062907747369        13.008295841585674        13.031844752115074        13.004716911450263        13.007695919208548        13.189919619830956        13.198663299450974        13.222410753046301        15.755210909765925        13.285468987229951     
   11089.654095417753       -3.0351210000000002        1.3602182433054555        8.5855564999999991        8.2213000000000008E-003   13.017438459494821        12.981810387365096        13.037783146615775        12.876590639654049        12.942164909678327        13.153441218468975        13.365913994319010        13.597454184448791        12.962598978239024        13.158150501060229        13.373783146615773        13.560120124519957        13.711854892928754        12.108628266202901        13.034009664523451        13.056987305733267        13.028623038945470        13.030255684501016        13.208713504189122        13.215140390939355        13.236909075396072        15.945585365189080        13.312738007000464     
   11024.756344307330       -3.0453999999999999        1.3979366984876593        8.5856396999999998        8.2205000000000004E-003   13.035866989305063        13.000950279259637        13.054863573445413        12.896116645398251        12.961749144182015        13.171389705756720        13.382896438897767        13.613425494884893        12.981976623074928        13.176306152968458        13.390833483212052        13.576298407035427        13.727639614312924        12.128183741969174        13.053491609608777        13.075875820340976        13.046469190593442        13.046965374041633        13.222393981894552        13.227524250977776        13.247865644181580        16.101932208828153        13.333705275480717     
   10933.091933792188       -3.0600299999999998        1.4431994724671251        8.5857650000000003        8.2193000000000006E-003   13.061379070008075        13.027659579938520        13.077674118696025        12.924398061606423        12.989119234772124        13.196042875784590        13.405657914467310        13.635048146176780        13.009204582270558        13.200690330414945        13.413497628814392        13.598139288559983        13.748906194977161        12.156429763306024        13.081216172040092        13.101868206086182        13.070568157873717        13.068962364284731        13.240374019405339        13.244494860097548        13.263522374241385        16.364488242077627        13.365329450810611     
   10881.706299740181       -3.0682809999999998        1.4798947690130340        8.5858331000000003        8.2187000000000007E-003   13.075694441550507        13.042663668256257        13.090339581100071        12.940484274422762        13.004489469957612        13.209832094555992        13.418297672760737        13.647131539304254        13.024532229039082        13.214269676339526        13.426081614158818        13.610346747164037        13.760749974216154        12.172511677919804        13.096877126595707        13.116419491742803        13.083974313362972        13.081135264556739        13.250588224747560        13.254008029792637        13.272403751272897        16.518583161523836        13.383657305625533     
   10795.704784883988       -3.0821879999999999        1.5239304146656383        8.5859539999999992        8.2175000000000008E-003   13.099606154089672        13.067751892135989        13.111389506467093        12.967559362479564        13.030216085165899        13.232762683402987        13.439278715303390        13.667256470725862        13.050187566186070        13.236898197422194        13.446995175526778        13.630679320646008        13.780499355848290        12.199628920947548        13.123090303986027        13.140700561947900        13.106263898968637        13.101360813805849        13.267906367859881        13.270007105196134        13.287394886408821        16.782795805014409        13.414833439266127     
   10755.881280663243       -3.0886589999999998        1.5580970667344771        8.5860059000000000        8.2170000000000003E-003   13.110622150501474        13.079322722442672        13.121037697073412        12.980124861004409        13.042093421585005        13.243281689023792        13.448884017283159        13.676497163104475        13.062031896882196        13.247298154425089        13.456580221986144        13.640016162894550        13.789577005772792        12.212234824756425        13.135192945867967        13.151876733514808        13.116486121495530        13.110627272231451        13.275983624692866        13.277411816098105        13.294353787060050        16.907775711266407        13.429446032326172     
   10675.863196990587       -3.1017429999999999        1.5990974141355554        8.5861198000000005        8.2158999999999999E-003   13.133161391979836        13.103359475415647        13.140429075975884        13.006971329763228        13.067067596099502        13.264553538074157        13.468368272074510        13.694893788055513        13.086724004244385        13.268595998348633        13.475844724217840        13.658411590643833        13.807844218811891        12.238953873481211        13.160534910154471        13.174826507287129        13.137285000003555        13.129424917678463        13.291567429739043        13.292304682866639        13.308645003769215        17.180838987540564        13.461788680251413     
   10644.542492695055       -3.1068859999999998        1.6298592953937021        8.5861601000000007        8.2156000000000000E-003   13.141941176440968        13.112765108100900        13.147923300166658        13.017569741816937        13.076856494525986        13.272815998828042        13.475898143099238        13.701992641976952        13.096382039197286        13.276869205771471        13.483289286300932        13.665504007781228        13.814925859148326        12.249467976764238        13.170479515263894        13.183777087988210        13.145345229503606        13.136713072329998        13.297548503116802        13.298078106359755        13.314212518923094        17.289790851421408        13.474641670966152     
   10578.278579484031       -3.1178340000000002        1.6667738951171502        8.5862563999999999        8.2147000000000001E-003   13.160545302127710        13.132748229714709        13.163725475876292        13.040212249103847        13.097663314045358        13.290298534856438        13.491763016136419        13.716958185776301        13.116885091624953        13.294360370651683        13.498986393952011        13.680456096996602        13.829908750076763        12.271878428338811        13.191643971803936        13.202756548318513        13.162358986567087        13.152120287379544        13.310151451788498        13.310321853431470        13.326061690534720        17.523287331570081        13.502179063101986     
   10539.305658445597       -3.1242969999999999        1.6975974205453683        8.5863077000000008        8.2141999999999996E-003   13.171453723888012        13.144502572552023        13.172933815198720        13.053616906493241        13.109910215885597        13.300530140540230        13.501000225868159        13.725674385189196        13.128936296695121        13.304588075803109        13.508132937812151        13.689164460506985        13.838669247645035        12.285112564035087        13.204119167912216        13.213894598860131        13.172288889380360        13.161122344414233        13.317479497629629        13.317489316928379        13.333023076943887        17.662451423098787        13.518541815703328     
   10470.682722211634       -3.1357400000000002        1.7345847523582014        8.5864042999999999        8.2132999999999998E-003   13.190836089373496        13.165628601355005        13.189034875746914        13.077934940570023        13.131954518024445        13.318550672546833        13.517097636182752        13.740835631177026        13.150602112061881        13.322648034485544        13.524125189834960        13.704344640904361        13.853869603671727        12.309095204784823        13.226565013581029        13.233844924111869        13.189790659796847        13.176803997974632        13.330716603397894        13.330053757496705        13.345168496924424        17.917502506466604        13.548865365667508     
   10434.148179036099       -3.1418599999999999        1.7676723092213569        8.5864522999999995        8.2127999999999993E-003   13.201280988542891        13.177181235264705        13.197545577580051        13.091341262293476        13.144035460065574        13.328134708029147        13.525569713394038        13.748788527106740        13.162468011476612        13.332309695230165        13.532577962497673        13.712336089947293        13.861779007381401        12.322324326443884        13.238842054193867        13.244720673224176        13.199141626673985        13.185021712911162        13.338089740063058        13.336698666116000        13.351520610647107        18.059533924057085        13.566075180313497     
   10365.231352181048       -3.1534730000000000        1.8073763170536883        8.5865533000000003        8.2118000000000000E-003   13.220668297241915        13.198924825306840        13.212737535930458        13.116905093961865        13.167095970236506        13.345407279109345        13.540621277446110        13.762967589041551        13.185109060925264        13.349823859873148        13.547633547370239        13.726535633338607        13.875863054986027        12.347590217507900        13.262123832483859        13.265163523482244        13.215974063824572        13.199543128263556        13.351413281865433        13.348395943666027        13.362595938258679        18.315789487006406        13.601059857719793     
   10335.464509188998       -3.1585070000000002        1.8410570713621039        8.5865925000000001        8.2115000000000000E-003   13.229004206991643        13.208318001563363        13.219116379099276        13.127973120126384        13.177152347347516        13.352714918089291        13.546924217722154        13.768922830486403        13.194988438484444        13.357244094183535        13.553938910892700        13.732478933283268        13.881771221354342        12.358542782266760        13.272224432894909        13.274023157786104        13.223078824865638        13.205607933795665        13.356961781813915        13.353223075843136        13.367128514130606        18.423041540609212        13.616621816155273     
   10269.303754695155       -3.1697630000000001        1.8814732817512190        8.5866892000000004        8.2106000000000002E-003   13.247728212275257        13.229392114358740        13.233341766243536        13.152701498226515        13.199807491922625        13.369059070460514        13.560968605307801        13.782220739833493        13.217264187793619        13.373826102001447        13.567974736540920        13.745723865274437        13.894950513888455        12.383028349241068        13.294911142593895        13.293991777980269        13.238945618335089        13.219123035345360        13.369197186575791        13.363892776296447        13.377103247719619        18.658717384267085        13.651473576214416     
   10227.441404528392       -3.1769140000000000        1.9152823578484521        8.5867465999999997        8.2100000000000003E-003   13.260033014049702        13.243247572377404        13.242452087590687        13.169056374639316        13.214829731795005        13.379805594828701        13.569963838059463        13.790604013298589        13.232025059452399        13.384644128919993        13.576963838059461        13.754081446947440        13.903145739042406        12.399283571653379        13.309918679534571        13.307177393432076        13.249212869876397        13.227710539338899        13.376247856806719        13.370133645519088        13.382943824528750        18.796087067322631        13.674582100844725     
   10165.669825809295       -3.1875270000000002        1.9558539139659730        8.5868348999999995        8.2091999999999998E-003   13.278704821210503        13.264332226326744        13.255955637319666        13.194014923342696        13.237857836251720        13.396124118427924        13.583305622268298        13.802857895875114        13.254642040632909        13.400987522949169        13.590305622268296        13.766337505646842        13.915000769361129        12.424141999220744        13.332851143888046        13.327320064177737        13.264586168916750        13.240380250637379        13.385892047256238        13.378640912418529        13.390917248027208        18.983204751700704        13.709937828385836     
   10117.821191147716       -3.1957860000000000        1.9977316334639035        8.5868994999999995        8.2085999999999999E-003   13.293229683300341        13.280770901249353        13.266355375250972        13.213354473629908        13.255890205594335        13.408770926423768        13.593580096085899        13.812299885621163        13.272367491677555        13.413663959133613        13.600580096085901        13.775792680857018        13.924145320777773        12.443392495250320        13.350731299239284        13.343095719231121        13.276467533297518        13.250155788009655        13.393390836114479        13.385114131206832        13.396955125716916        19.125421246954815        13.737419289821764     
   10042.573061856645       -3.2088600000000000        2.0479860857646450        8.5870051000000007        8.2076000000000007E-003   13.316204616547370        13.306834748115975        13.282627995759167        13.243803881233752        13.284616243251861        13.428694939014623        13.609655811422591        13.827084300917008        13.300631309371511        13.433652756186824        13.616655811422589        13.790618191755939        13.938482319795668        12.473681493819814        13.379079874857968        13.368234592288204        13.295129039011258        13.265485036875212        13.405257638358133        13.395112235083950        13.406230138408660        19.344294179255684        13.780828829083131     
   10000.828964990720       -3.2161550000000001        2.0904202715496347        8.5870607000000003        8.2071000000000002E-003   13.328997691323586        13.321383185087416        13.291589646511994        13.260692236324822        13.300723680395485        13.439744193949345        13.618508264175304        13.835229787978367        13.316493133452461        13.444747470290814        13.625508264175306        13.798797245724188        13.946390382445578        12.490470092565410        13.394905109892555        13.382331944583647        13.305446940349196        13.273943493213039        13.411857506823033        13.400540482705850        13.411236996128245        19.463166571761462        13.804988919860858     
   9925.5138565933485       -3.2293940000000001        2.1413424452525862        8.5871694000000005        8.2059999999999998E-003   13.350769714032747        13.345784277479151        13.308203873712490        13.291370938705622        13.326444752021249        13.459603021522614        13.635557702468983        13.849519774312430        13.341725833611612        13.464593975353690        13.642557702468984        13.813628812067787        13.959420100774633        12.520861689348461        13.421574919834544        13.404874568294225        13.324681407108141        13.290070090891184        13.424489500430855        13.412893406132316        13.422651266715103        19.583544649187868        13.854647067889832     
   9887.8985067606973       -3.2360430000000000        2.1809135278367457        8.5872214000000007        8.2054999999999993E-003   13.361569265351385        13.357822813914904        13.316544616070555        13.306770566494929        13.339079293303090        13.469507589921729        13.644128556606372        13.856685559645431        13.354081262162570        13.474474358110125        13.651128556606370        13.821077056968171        13.965943683947859        12.536134773863715        13.434763856645112        13.415933476563428        13.334287494143485        13.298169553348014        13.430905215078599        13.419161856716876        13.428512859929011        19.646899394180121        13.879299792129750     
   9814.2021679689115       -3.2491400000000001        2.2283998070158688        8.5873229000000002        8.2045999999999994E-003   13.382602846326421        13.381145885872975        13.332969064975575        13.337095092995952        13.363463599525083        13.488891771933684        13.661021878365332        13.870789733423990        13.377850924719318        13.493777233708762        13.668021878365330        13.835752845701847        13.978773948286019        12.566245186423135        13.460374867174995        13.437248825377349        13.353105177260787        13.314121284455009        13.443680008618053        13.431611908383804        13.440288138193381        19.778322497198062        13.927250814528321     
   9779.8005985718974       -3.2552819999999998        2.2654234150358246        8.5873667000000005        8.2042000000000000E-003   13.392368935176433        13.391918197112412        13.340678011974381        13.351324468319111        13.374682955049272        13.497935118782477        13.668957890672869        13.877407271345847        13.388752665218297        13.502767258135711        13.675957890672867        13.842645492765049        13.984789761780624        12.580389920374087        13.472230605388654        13.447043795679212        13.361892382433679        13.321609566025918        13.449740560461896        13.437504395469192        13.445921112331407        19.842980890606270        13.949480532352167     
   9718.4498964962477       -3.2662969999999998        2.3098525678396116        8.5874476000000008        8.2033999999999996E-003   13.410466684836715        13.412008241633371        13.355029413977645        13.378068441278701        13.395545428020922        13.514727138666339        13.683610267845859        13.889707819589658        13.409018786499230        13.519422768551577        13.690548927274024        13.855414873871885        13.995983954108548        12.606833237329210        13.494297847969287        13.465306230214258        13.378118086266445        13.335540991876039        13.460579555613331        13.447981819255210        13.456014961295368        19.961191795362524        13.989774831719819     
   9669.0543184039052       -3.2752089999999998        2.3518678382367475        8.5875102999999999        8.2027999999999997E-003   13.425505117939169        13.428784435560305        13.367035732862137        13.400599008467251        13.412862007557552        13.528723195765002        13.695773229984274        13.899990161744357        13.425806527613135        13.533289796431680        13.702632271424386        13.866051441592878        14.005363448704019        12.628979064280289        13.512720660766801        13.480477408057160        13.391609986988174        13.347214419021698        13.469256529068515        13.456380491053794        13.464145737958992        20.060389467573586        14.022751704285097     
   9601.1664748604871       -3.2875369999999999        2.4022850549285577        8.5875980999999992        8.2019999999999992E-003   13.446048231789856        13.451582328549542        13.383649171314218        13.431658827234017        13.436200308060037        13.547952529737405        13.712601954361233        13.914234146347027        13.448317175694939        13.552341866859649        13.719384223626861        13.880782263494595        14.018381449360017        12.659477289222970        13.537846994155089        13.500867290044653        13.410229644986515        13.363420839705491        13.481252139540175        13.468086024315134        13.475533653345636        20.205724442102948        14.067966823201765     
   9554.1047824842317       -3.2961309999999999        2.4465283583381945        8.5876541999999993        8.2013999999999993E-003   13.460277915727325        13.467537013394523        13.394804899655014        13.452932157993587        13.452776967070960        13.561006788435684        13.723822785509022        13.923881206694908        13.464375671101131        13.565365476820169        13.730558193063906        13.890682673418983        14.027223017432377        12.680353956163646        13.555411569052588        13.515284101434357        13.422812194396030        13.374262793017749        13.489306795886073        13.475661532598963        13.482843376774561        20.291230675721501        14.099977193482943     
   9483.4203288317713       -3.3091130000000000        2.4996203717867242        8.5877368000000001        8.2007000000000000E-003   13.481865212357064        13.491900647729157        13.411471775527996        13.484857288089056        13.478344651200562        13.580582305259984        13.740536031530919        13.938357359381708        13.489235048285209        13.585037373228335        13.747195480104267        13.905448114022160        14.040412474772996        12.711810447950693        13.582148301819846        13.537495386883158        13.441632814365317        13.390337075476904        13.501502127987628        13.486673456791539        13.493379551486186        20.409117459043561        14.148705386341920     
   9426.2075934498571       -3.3196949999999998        2.5470325815531156        8.5878067999999992        8.2000000000000007E-003   13.500124380129348        13.512533138204374        13.425573319596777        13.511418062534323        13.500134521917728        13.597075657463582        13.754711066688865        13.950585161046208        13.510518907251848        13.601722657326951        13.761231172639489        13.917848870640983        14.051458230780304        12.738200252001834        13.604707327613687        13.556529655227832        13.457531258448119        13.403825557810263        13.512195715857681        13.495808723716808        13.501888382913490        20.506649790768989        14.189236854393959     
   9374.8645139991731       -3.3292430000000000        2.5959125235384595        8.5878686000000002        8.1994000000000008E-003   13.516467547649009        13.530935349107269        13.438280872891797        13.535329588987798        13.519492367814786        13.611904916479732        13.767507508565371        13.961588249338876        13.529387259030861        13.616688719489817        13.773890265953620        13.929040654800088        14.061444779440174        12.761946000966953        13.624873819689155        13.573427018433941        13.471838948725535        13.416005882733360        13.521890396232445        13.504070139261673        13.509635217523952        20.600060230370019        14.225438321124530     
   9308.9779157061403       -3.3415710000000001        2.6505420059667895        8.5879446999999995        8.1986999999999997E-003   13.537372715657092        13.554384700285897        13.454652986216992        13.566111127984634        13.544052968743568        13.630965385783291        13.784025433880686        13.975741324139555        13.553270657004674        13.635875635692472        13.790214845775452        13.943482154287917        14.074354464510677        12.792497646573921        13.650636258998880        13.594847419743864        13.490247213125961        13.431733168869158        13.534459107426876        13.514751335592692        13.519722065521560        20.728076430270498        14.271648108087362     
   9256.1844433825554       -3.3515130000000002        2.6990883271485613        8.5880057000000001        8.1980999999999998E-003   13.554094264608869        13.573065278135862        13.467849739523571        13.590879602639438        13.563530588413320        13.646288341396028        13.797364744777164        13.987134265264574        13.572165864570520        13.651260080088390        13.803385332150475        13.955143654209946        14.084800491765625        12.817067965831948        13.671210047521933        13.611822883835599        13.505061472358859        13.444438958097754        13.544659283095042        13.523399903825704        13.527947965238697        20.837290089516991        14.308500751138956     
   9192.8674889032172       -3.3635090000000001        2.7522465614650722        8.5880767000000002        8.1974999999999999E-003   13.575177887691712        13.596789721101647        13.484122592810824        13.621827097628344        13.588594147028864        13.665671633171318        13.813919227684234        14.001361033036023        13.596484232201796        13.670547762534689        13.819919227684235        13.969855828051248        14.097915932542502        12.847650596102000        13.697145856881953        13.633623256451830        13.523647324445488        13.460233637551074        13.556844914898651        13.534023155254314        13.537959247538065        20.968398921354929        14.354560642915423     
   9136.7554300095744       -3.3742070000000002        2.8003943871097801        8.5881381000000001        8.1969000000000000E-003   13.593889711807085        13.617796080057856        13.498698554923129        13.649508953224545        13.610679986468936        13.683004979223400        13.828780053689611        14.014148519230536        13.617867124222085        13.687730162603186        13.834780053689611        13.983075069762512        14.109720406345224        12.874997542930762        13.720156198744286        13.652791268829437        13.540295622875567        13.474421118849728        13.567750722302167        13.543613324178091        13.547020013041463        21.093411628820718        14.395482803600776     
   9078.1216888061153       -3.3854540000000002        2.8494344185778635        8.5882004999999992        8.1963000000000001E-003   13.613334933671759        13.639556166687505        13.514022855159851        13.678555807152101        13.633409865691348        13.701152869328357        13.844429658475395        14.027616671527429        13.639819745916547        13.705665069385798        13.850429658475395        13.996981798420308        14.122163939925972        12.903694276238852        13.744065540286254        13.672472193509268        13.557770470742923        13.489367118741068        13.579242373995790        13.553770433587143        13.556651501526407        21.233743467019547        14.438123855731764     
   9025.2034346180517       -3.3956640000000000        2.8970079636985919        8.5882556000000001        8.1957999999999996E-003   13.630785585664556        13.659023476007457        13.527930522022112        13.704872642816666        13.653613580472603        13.717558227493670        13.858655143610315        14.039860211722372        13.659284488072631        13.721829778235021        13.864655143610316        14.009610176444303        14.133485069255942        12.929694983744385        13.765520991540400        13.689924159072740        13.573605934397174        13.502957584825731        13.589693214806589        13.563052031105160        13.565482882415226        21.368904037440664        14.476498228243608     
   8967.4094498978920       -3.4068849999999999        2.9476385404948631        8.5883157000000008        8.1951999999999997E-003   13.650344888837186        13.680961488511183        13.543630326649851        13.734367481444327        13.676383282679257        13.735937377949185        13.874601072765991        14.053624875764665        13.681254137483041        13.740105186867677        13.880601072765991        14.023736514606032        14.146235714290409        12.958889608459859        13.789731067453676        13.709605842557455        13.591356456001844        13.518079623964358        13.601450237570660        13.573438220787342        13.575233193677995        21.517651326904801        14.519370326445788     
   8911.4833498395747       -3.4178109999999999        2.9957344790959000        8.5883740000000000        8.1946999999999992E-003   13.669857538597245        13.703206899581097        13.558738087654408        13.763037181743130        13.699953416901121        13.753813928745327        13.889754100293494        14.066826846381694        13.704221783295989        13.758143227302629        13.895738087654404        14.037180912982336        14.158591487450703        12.987284394207233        13.814172651878692        13.730067705194958        13.608528813065170        13.532337833890928        13.612384775134132        13.582999762396813        13.583868415581016        21.633494765367519        14.562242672661288     
   8864.2500808130717       -3.4270870000000002        3.0409566318820280        8.5884201000000004        8.1942000000000004E-003   13.686383477282630        13.722081212306259        13.571454182278261        13.787217335413329        13.719957190577448        13.768924090515105        13.902505016221882        14.077937521271332        13.723745729840774        13.773388438788396        13.908454182278257        14.048480520948081        14.168991394232515        13.011227038441769        13.834881204779416        13.747453231256367        13.623013966614495        13.544333017514889        13.621505834311408        13.590975144090466        13.591049332602902        21.730649896622793        14.598551393863458     
   8789.1525009665929       -3.4419360000000001        3.0940996696457099        8.5884882999999999        8.1936000000000005E-003   13.712548816055525        13.751921816269169        13.591699275329093        13.825689278911826        13.751381154947319        13.792975510284874        13.922843077728169        14.095609448698566        13.754386268028385        13.797596312073660        13.928699275329096        14.066452838694699        14.185478523501777        13.049321430493036        13.867621198149939        13.774752097135314        13.646051006198435        13.563469517743636        13.635976735617861        13.603645033424778        13.602531538601545        21.897037178127071        14.656073816446645     
   8747.7829744907449       -3.4501689999999998        3.1361878879027625        8.5885256999999999        8.1931999999999994E-003   13.726998846100825        13.768370901375574        13.602932168774577        13.846989395134271        13.768612977168656        13.806317085048297        13.934150095717291        14.105413137484001        13.771177686834546        13.810993514592541        13.939932168774581        14.076422005586037        14.194601887767464        13.070404874873182        13.885668295720256        13.789733924772390        13.658822892003672        13.574114623309141        13.643986498981247        13.610672629071408        13.608936197204029        21.994264536666314        14.687797562684539     
   8687.5236524531356       -3.4622329999999999        3.1866950147186164        8.5885803999999997        8.1927000000000007E-003   13.749194011683910        13.793539166487554        13.619882231246622        13.879312179661627        13.795372120378426        13.826596787890258        13.951269415746024        14.120238727752858        13.797300986991198        13.831315404055667        13.956882231246619        14.091488633143046        14.208455372333647        13.102210318486891        13.913454585091957        13.813262699098027        13.678283413458610        13.590269794185277        13.655926477332544        13.621142392182167        13.618347622067033        22.127003626966406        14.736428531033477     
   8632.8660037444170       -3.4732440000000002        3.2324917361726757        8.5886291000000003        8.1922000000000002E-003   13.769244518537668        13.816195078746301        13.635374389235050        13.908790290546598        13.819374843996506        13.845029352380955        13.966863711134657        14.133778193123852        13.820661424143630        13.849746396329138        13.972374389235050        14.105246729108877        14.221124774745874        13.131256587629633        13.938562340936542        13.834283778391541        13.696001146020521        13.604989567194565        13.666874337417408        13.630716908179956        13.627030163136414        22.258867598905283        14.780471440165087     
   8586.8128987831060       -3.4825780000000002        3.2778061637345526        8.5886689000000001        8.1919000000000002E-003   13.786037173662635        13.835115583980805        13.648473374083203        13.933704740007585        13.839359045353536        13.860546985923072        13.980010842112684        14.145212922506477        13.840056062722368        13.865233288839427        13.985473374083202        14.116865670911345        14.231834998847411        13.155834749540546        13.959605653189527        13.851717681335849        13.710937338453498        13.617399848493214        13.676144450371741        13.638800489268938        13.634412423806985        22.378396705150585        14.817489855075863     
   8513.1247985647406       -3.4976120000000002        3.3307442280764756        8.5887305999999999        8.1913000000000003E-003   13.812806629394505        13.865161595669239        13.669612504003975        13.973808999365129        13.870971661661148        13.885444143172311        14.001154944773376        14.163653076917878        13.870633314806650        13.890025296169465        14.006612504003979        14.135600577723618        14.249132162920166        13.195453275798261        13.993156540826224        13.879177345467138        13.734943895901381        13.637364941550413        13.691157188605871        13.651858784369917        13.646444194542461        22.585771453990038        14.876641707300504     
   8474.9862057612609       -3.5054400000000001        3.3709155780068381        8.5887591000000008        8.1910000000000004E-003   13.827056278796201        13.881284284035109        13.680759364038190        13.995149639505721        13.888090811629956        13.898705829102061        14.012317038597770        14.173446513175181        13.887218028731853        13.903217226491309        14.017759364038190        14.145546568352136        14.258357213787763        13.216567933799825        14.011065791509674        13.893989834104412        13.747614493647569        13.648016873066906        13.699282473857204        13.658840245423681        13.652815043999071        22.689630761502436        14.908212011996008     
   8411.9174092382837       -3.5184630000000001        3.4191224325376752        8.5888077000000003        8.1905999999999993E-003   13.850854431246725        13.908279796321809        13.699383034987010        14.031042438802457        13.916788231859043        13.920904791892072        14.031023038938050        14.189916822317079        13.914979845421131        13.925305820884924        14.036383034987006        14.162269152680127        14.273889871605101        13.252081839543296        14.041004423253264        13.918747411754540        13.768755600884786        13.665966047848910        13.713061652737290        13.670656441288054        13.663566956896046        22.863690164481788        14.961261202626270     
   8360.9571947693985       -3.5290610000000000        3.4628442835593152        8.5888468000000007        8.1901999999999999E-003   13.869969648962478        13.929878576580769        13.714538338442431        14.060259432496881        13.939604133088132        13.938838372283644        14.046268586260521        14.203369114620951        13.936952896182476        13.943150293784001        14.051538338442430        14.175925285841874        14.286571370134304        13.280982025057035        14.065031263032758        13.938366818542566        13.785881980728842        13.680600072597755        13.724326293740269        13.680361254042310        13.672459332858011        23.015418368244816        15.004145763504528     
   8302.5595642788121       -3.5412819999999998        3.5104919168713926        8.5888916999999996        8.1898000000000006E-003   13.891750560200490        13.954577612523751        13.731618575851860        14.093619036164908        13.965765563709786        13.959191294138199        14.063520707607067        14.218543329601582        13.962194673406595        13.963431490869075        14.068654038449081        14.191333091344466        14.300857134032645        13.313929296337596        14.092435938805499        13.960911681971877        13.805293345701378        13.697118610743116        13.736955573723725        13.691199456287888        13.682324425929449        23.181524155905727        15.053906405463790     
   8248.3674547877854       -3.5526990000000001        3.5542215345506381        8.5889337999999995        8.1893999999999995E-003   13.912041682468889        13.977782452183007        13.747087422825189        14.124267544787475        13.990561344760966        13.977953789309169        14.079214549914177        14.232222999991517        13.986307035509974        13.982149441505381        14.084210571464794        14.205230040878540        14.313683585241954        13.344133376811463        14.117974425447322        13.982463392048235        13.823121809744173        13.712067039586572        13.748183841927084        13.700725240142049        13.690847307869468        23.316700101505880        15.101044285124548     
   8199.2098149413632       -3.5631189999999999        3.5963461956304537        8.5889710000000008        8.1890000000000001E-003   13.931649879374408        14.000279345162610        13.761989312043877        14.153194607282938        14.014804604033142        13.995948970871734        14.094351309906294        14.245325165425523        14.010031419462845        14.000179852408408        14.099232123306425        14.218554410824559        14.325879049799216        13.372603364021490        14.142696054614035        14.003757192929623        13.840315804326877        13.726339332989060        13.758838989708543        13.709811979902010        13.698765667063935        23.418265960526202        15.145956787884121     
   8142.6356067514398       -3.5751870000000001        3.6401746250092017        8.5890112999999992        8.1886000000000007E-003   13.954162535830939        14.026027194381243        13.779275368548362        14.186608289722081        14.042410500215354        14.016705616383085        14.111869734574153        14.260491030578976        14.037002285772942        14.020990459966654        14.116628921402352        14.234000421981879        14.340036927213273        13.405504532293381        14.171055684697890        14.027968636620439        13.860201819258947        13.742862866263280        13.771199637130486        13.720356547075667        13.708027967362554        23.550824947642845        15.197501952779291     
   8094.9468202251446       -3.5854240000000002        3.6817621341220437        8.5890432000000008        8.1883000000000008E-003   13.973098046255499        14.047615514305440        13.793962890486716        14.214879181467738        14.065438868187991        14.034244321712210        14.126721593912821        14.273350706337043        14.059463876285934        14.038585824350450        14.131387340775925        14.247116528721966        14.352076394590446        13.433354655656709        14.194888320306562        14.048135677401502        13.877049400858441        13.756876089679215        13.781703780178221        13.729320695456879        13.715963086256204        23.675593289322386        15.240835759764602     
   8027.3648047398710       -3.6000310000000000        3.7298024770314191        8.5890880999999997        8.1878999999999997E-003   13.999876435000218        14.078036937439720        13.814968366827884        14.255116557174500        14.097703380913519        14.059173875102495        14.147910551716123        14.291702224774451        14.090875855607194        14.063613207038681        14.152458069325746        14.265863205224257        14.369311652324463        13.473013391836453        14.228557245999447        14.076345269197912        13.901066557784610        13.776876577193271        13.796731384135857        13.742151628349621        13.727416933380574        23.872832933910708        15.302073500281516     
   7985.8104935442498       -3.6090719999999998        3.7696686104402541        8.5891137000000004        8.1876999999999991E-003   14.016724492991390        14.097187628644772        13.828156820187193        14.280219547364876        14.118062758514029        14.074821432624436        14.161167698754792        14.303235442498014        14.110723910321148        14.079319325054726        14.165686055071912        14.277649113289566        14.380231482970014        13.497786236355370        14.249726857215339        14.094133464418448        13.916141389131543        13.789402966738379        13.806210955728044        13.750227592230871        13.734606746347932        23.994444424127249        15.340289962806931     
   7912.9787600584768       -3.6250360000000001        3.8175048361565027        8.5891613000000007        8.1872000000000004E-003   14.047647038528506        14.132436345841928        13.852137344632350        14.325483667830699        14.155862550157238        14.103347331483150        14.185218432482888        14.324359076315101        14.147620616221189        14.107857926717269        14.189796963408984        14.299208476840725        14.400476545314820        13.542487992357696        14.288554593841955        14.127108882982622        13.943523397426613        13.812172910736539        13.823691932604000        13.765119803044922        13.747673627480829        24.187373094860906        15.409433329274403     
   7880.6129862279395       -3.6321750000000002        3.8534377364380008        8.5891801999999995        8.1869999999999998E-003   14.061347396091062        14.147994415006337        13.862896169793853        14.345737733731752        14.172467921221113        14.116061320310557        14.196016182485288        14.333856056945805        14.163752178064740        14.120548272802065        14.200615221657003        14.308906808581654        14.409598497451299        13.562470561668121        14.305746353337863        14.141541057853299        13.955736744633843        13.822401489187754        13.831577856610416        13.771869197140205        13.753611901631743        24.280374899962887        15.440096989820265     
   7814.2265835785938       -3.6469119999999999        3.8965573697381348        8.5892213000000002        8.1866999999999999E-003   14.089351159264190        14.179683824720989        13.885142605738821        14.387531315942120        14.206139220007529        14.142193348482110        14.218357354277281        14.353529213778046        14.196312075676211        14.146575399366050        14.222986480178292        14.329007826780284        14.428532123369514        13.603665721458547        14.340869855484311        14.170698441929797        13.980856719625606        13.843575216259552        13.847961400660683        13.785948308753945        13.766027359824200        24.485109412988464        15.502852886881847     
   7775.5478800313113       -3.6555540000000000        3.9320871870749894        8.5892435000000003        8.1864999999999993E-003   14.105631372203948        14.198034066309241        13.898239610674441        14.412061261374308        14.225541083057880        14.157476917370058        14.231518790779621        14.365136194847505        14.214979872141580        14.161762873663914        14.236158048538474        14.340873318433733        14.439726652029083        13.627821243834148        14.361272467143117        14.187435387499892        13.995559837709653        13.856056464554090        13.857660973715486        13.794321815786407        13.773431613588013        24.613079131096921        15.539354853627291     
   7713.5979727535459       -3.6694870000000002        3.9747214135846733        8.5892789999999994        8.1861000000000000E-003   14.132590688220372        14.228542365071487        13.919734268643161        14.452219647725872        14.258118155999103        14.182606457235497        14.253168293633873        14.384437160994221        14.246533634211136        14.186827253402750        14.257720440431044        14.360556556425710        14.458150484606293        13.667426688265468        14.395193448017153        14.215734858021403        14.019710019907738        13.876760553905118        13.873592877173106        13.808105949115099        13.785557802285457        24.793047603223190        15.599139864336045     
   7663.9030113910139       -3.6807430000000001        4.0132281283281523        8.5893069999999998        8.1858999999999994E-003   14.154858790989444        14.253949272622435        13.936959201252311        14.484591715651906        14.285667042370374        14.202991344981740        14.270558068876255        14.400084854935329        14.273567078893322        14.207271045819553        14.274996666469484        14.376429242889767        14.472873683039690        13.699459610482805        14.423274855296928        14.239946123353967        14.039228255833471        13.893514253824133        13.886247549283038        13.819023545387690        13.794984438938634        24.909254106423091        15.648184578858498     
   7608.3065035184209       -3.6934239999999998        4.0557239493528980        8.5893382000000003        8.1855999999999995E-003   14.179953706829313        14.282631027163234        13.956221638063528        14.520718053440142        14.316818354981656        14.225909924773333        14.289981165774869        14.417541187557156        14.304259158922008        14.230263194112538        14.294308273806955        14.394107961543082        14.489288799980617        13.735235362888773        14.454833760994241        14.267435369975324        14.061135717766760        13.912231209333509        13.900376252048051        13.831155053041083        13.805442428353498        25.043929724074637        15.703135817577333     
   7552.8176583744325       -3.7061679999999999        4.0965359291625623        8.5893680000000003        8.1852999999999995E-003   14.205025300883968        14.311190386477641        13.975681541410722        14.556916890223004        14.347635849758106        14.248965806871496        14.309576235897733        14.435109097170361        14.334579210522406        14.253353407706797        14.313792147484570        14.411897826536865        14.505884527415610        13.771073100568085        14.486228335750251        14.294623046455815        14.083221504195329        13.931096400534081        13.914701200961744        13.843447651732838        13.816156877099694        25.195120208836741        15.757695831738044     
   7498.2687124212716       -3.7187899999999998        4.1367901441974624        8.5893958000000001        8.1849999999999996E-003   14.229754558148111        14.339283358705179        13.995066737920640        14.592665412375473        14.377784633674503        14.271855166533674        14.329068889884406        14.452540116077126        14.364207705677357        14.276243075711674        14.333177855521507        14.429548423685114        14.522424517484327        13.806455022799847        14.517074215958717        14.321223829265202        14.105182954724354        13.949840178281475        13.929022212868363        13.855724221501747        13.826964387087537        25.358600328107372        15.811141933518366     
   7441.1661194059980       -3.7320980000000001        4.1780594924506858        8.5894245999999992        8.1846999999999996E-003   14.257426995849523        14.371123557414487        14.016394106882446        14.630984055847216        14.412768640501641        14.297367228593901        14.350488544206945        14.471584302720169        14.398773741084630        14.301884167227241        14.354537646963147        14.448880295487173        14.540555629942391        13.844366693173308        14.551847930407428        14.352346247605540        14.129406673157876        13.970228796939088        13.944900603888433        13.869208078842030        13.838741442695595        25.493756533311043        15.869577047298984     
   7382.9852368452366       -3.7457639999999999        4.2186447790523536        8.5894534000000000        8.1845000000000008E-003   14.285536285733265        14.403281775283570        14.038339368492828        14.670195444929043        14.447944782817814        14.323333049490131        14.372570374179727        14.491276365429620        14.433381259310359        14.327981507197670        14.376515963680951        14.468892773192692        14.559329471709535        13.883175552020703        14.587064868025699        14.383533317428757        14.154172275875894        13.991232844827067        13.961351885692753        13.883292548372459        13.851129443220572        25.637889460875599        15.928832197118279     
   7328.5996920340158       -3.7586309999999998        4.2578667819248679        8.5894800000000000        8.1842000000000008E-003   14.311789260367753        14.433139270041281        14.059105056721840        14.707058908611401        14.480454235061206        14.347635060203533        14.393502550036487        14.510002582184576        14.465228865082256        14.352406505152551        14.397312569194931        14.487943405923914        14.577208380565722        13.919673787376091        14.619845256063833        14.412264140362268        14.177454989027154        14.011132661736777        13.977034839077490        13.896829685481151        13.863119625639648        25.778538073964789        15.984018827338247     
   7273.3083539793652       -3.7718150000000001        4.2976142832114972        8.5895066999999994        8.1840000000000003E-003   14.338399460516614        14.463235456701627        14.080408665525072        14.744686745230682        14.513079031912985        14.372313998512729        14.415013880789632        14.529298887793610        14.497051693266810        14.377210525271982        14.418647628107381        14.507594186357773        14.595654152035850        13.956941226797229        14.652976108480752        14.440998090261205        14.201199297433286        14.031569801773893        13.993223424296589        13.910902712892250        13.875658414506473        25.927332237388896        16.039865842118267     
   7220.9776368523198       -3.7843819999999999        4.3365938637032482        8.5895314000000003        8.1837000000000003E-003   14.364788732827920        14.493293064405721        14.101163766869481        14.780457884635267        14.546043853373375        14.396581762601221        14.435943159471782        14.548217347363225        14.529685153150263        14.401644285766386        14.439457230055408        14.526833708974776        14.613804940394791        13.992315087123822        14.685765167770610        14.470398504324022        14.224452907046087        14.051583970559006        14.009279619693727        13.924833460884093        13.887971350576647        26.061751315596396        16.094251755545770     
   7166.0362376083722       -3.7976760000000001        4.3758532278591504        8.5895565999999999        8.1834999999999998E-003   14.393467755511931        14.526029723386028        14.123548700859860        14.817969990845921        14.582186500337468        14.422822733924935        14.458440799850312        14.568729213998392        14.565858107939139        14.428051643078220        14.461928486623389        14.547637594628615        14.633525652584982        14.029356480376524        14.721220804049228        14.502958206636752        14.249530741577754        14.073268636900767        14.026892562233204        13.940150617850332        13.901417681602943        26.194492938771393        16.152612732996044     
   7109.5317820019573       -3.8114520000000001        4.4144878477677763        8.5895813000000008        8.1832999999999993E-003   14.422938712733533        14.559391200233364        14.146945904808504        14.856520854337738        14.618811320496153        14.449877400361533        14.481913977349347        14.590254339952786        14.602437344617549        14.455211895417150        14.485425722589337        14.569437400578806        14.654222853346727        14.067423220679622        14.757386756248092        14.535941202387416        14.275483365363790        14.095971311552631        14.045479436215146        13.956481906649813        13.915810502340925        26.331567680136182        16.212490113164897     
   7054.2524877906135       -3.8250359999999999        4.4529697323288540        8.5896056999999999        8.1829999999999993E-003   14.451334889054946        14.591452416204907        14.169608816882279        14.894090054150334        14.654005578054365        14.475845879001552        14.504596411843869        14.611257421446970        14.637554543722059        14.481241583853224        14.508173265277476        14.590660102265486        14.674492846926155        14.104480054946462        14.792246389708145        14.567513589290597        14.300432388744573        14.118009209630150        14.064046103315738        13.973225288337543        13.930689875877631        26.467107052582648        16.273068917731408     
   7002.3046220185543       -3.8378990000000002        4.4907935049594077        8.5896285999999993        8.1828000000000005E-003   14.475358931945387        14.619395791063098        14.187645802893957        14.928719029913282        14.685620258900016        14.496824686489386        14.522535262810582        14.628458444605361        14.669189573618588        14.502335793807287        14.526146903514107        14.607917853367095        14.691561031054082        14.138432058746030        14.823177148790339        14.595083269105832        14.320380176475481        14.135625984841514        14.081383921623168        13.990584564257276        13.946498660029061        26.599833456219461        16.341914584677038     
   6948.3390171436795       -3.8513630000000001        4.5282367209622318        8.5896518999999998        8.1825999999999999E-003   14.501780709316709        14.651110061603205        14.206028288136398        14.962493109958466        14.723747035206088        14.518723965062680        14.540792973389291        14.646700658344667        14.708395642377297        14.524546740173651        14.544298590959947        14.626063648293229        14.709970605935180        14.171437723928065        14.857560104867645        14.628675279959662        14.340825712996775        14.153708544147921        14.101247614854145        14.010664559567768        13.963819862082584        26.736391541618200        16.424344247869026     
   6899.3630742940986       -3.8636729999999999        4.5640242834084219        8.5896723999999995        8.1823999999999994E-003   14.524644968387816        14.678810271465251        14.221729278816154        14.993366875713468        14.757383515089460        14.537231278481896        14.556311791573703        14.662542258935142        14.742924639123201        14.543331833181886        14.559755791390740        14.641743493198275        14.726158385858819        14.201495820195442        14.888005677286765        14.657718473085465        14.358134396727467        14.169195076644213        14.119749699276701        14.030299863648965        13.980664425441914        26.859569829658241        16.504384724124080     
   6844.5358096182290       -3.8775569999999999        4.6014573478121950        8.5896950000000007        8.1822000000000006E-003   14.548848083620332        14.708406072781340        14.238155483063363        15.028279637985978        14.793638255771430        14.556325049579709        14.572454328566682        14.679407535002806        14.780025121160161        14.562720848250315        14.575875682405382        14.658348011354239        14.743627175160672        14.235361196466137        14.921074907072491        14.688286510012855        14.376045550420589        14.185442310062463        14.140921698864545        14.053830553648520        14.000792914054454        26.996693326189682        16.599601919275894     
   6793.4283613039215       -3.8905959999999999        4.6371314476348369        8.5897152000000006        8.1820000000000000E-003   14.570093708835129        14.734658716340457        14.252381943445696        15.061167885343648        14.826110800694876        14.572587541443694        14.586340571283499        14.694310914210162        14.813139879046235        14.579243558589289        14.589784874239902        14.672932576907604        14.759298437148116        14.267145382274917        14.950946236431109        14.714939743500159        14.391357040571959        14.199559972186639        14.161103106405035        14.077247707834365        14.020774324388556        27.123788119616734        16.693708463566416     
   6739.1015390366492       -3.9045649999999998        4.6741809872408631        8.5897357999999997        8.1817999999999995E-003   14.591206259552093        14.761859656904319        14.265329325966258        15.097902168217393        14.860552082231544        14.587864534407780        14.598797860594145        14.708067493518358        14.848262190182981        14.594799995594416        14.602304291722904        14.686298921812538        14.774099852815803        14.302535908960442        14.982995569424768        14.741907298134537        14.405611468361579        14.212333276064188        14.181976156215788        14.102443294250930        14.042026749242725        27.257149331631233        16.803099940978328     
   6683.8854770219159       -3.9188770000000002        4.7120430105307820        8.5897558000000007        8.1816000000000007E-003   14.610963411618417        14.791144057018588        14.272955177446985        15.142990388565430        14.899673482383058        14.600300927482984        14.605698245245257        14.715710108742599        14.888144913694330        14.607528365584336        14.609243116518371        14.693606503288429        14.782989237085896        14.346002443877804        15.020522644277595        14.769321025502919        14.416394833027464        14.219235049051587        14.198907700377969        14.123862761169665        14.059068117494000        27.385303215737146        16.933689543265551     
   6628.6181248047051       -3.9333209999999998        4.7498786705219418        8.5897764999999993        8.1814000000000001E-003   14.629363977582152        14.819351207846047        14.279047964260926        15.191242068602733        14.937695095866008        14.611281708755634        14.611067932486055        14.721582949971889        14.926115030912271        14.618698976927448        14.614637349613012        14.699108292404389        14.790189282853497        14.392534569960937        15.058188284896950        14.794137838895445        14.425745775970945        14.224456007566694        14.215433854654300        14.145723273881551        14.076199848479938        27.508286728426185        17.067802266532006     
   6577.0781158742511       -3.9468999999999999        4.7859251316223208        8.5897951999999993        8.1813000000000007E-003   14.645261988111681        14.844638059085572        14.283319580399517        15.239030700627122        14.972105678586505        14.620177471642375        14.614667992312203        14.725435897493643        14.959744164726239        14.627679444812152        14.618247734436146        14.702583054193294        14.795351280268537        14.438632820357601        15.093384655707194        14.814894742323020        14.433143919109089        14.227781966487367        14.230443339763841        14.166466489848435        14.092220673532633        27.618185964234190        17.195909536769552     
   6523.3097370494261       -3.9611779999999999        4.8222776529151181        8.5898140999999999        8.1811000000000002E-003   14.660599418283009        14.870020735734009        14.286375152640844        15.291805378972661        15.006976756320064        14.628124854057489        14.617025849446907        14.727834916638304        14.993045620596991        14.635620246071944        14.620603431364955        14.704554480858107        14.799189261587919        14.489554809864984        15.130225186194028        14.834144407302858        14.439551863422409        14.229714540415614        14.245737578284608        14.188523172304407        14.109029236671415        27.727959940400631        17.332727300774092     
   6470.2043900607714       -3.9753980000000002        4.8588384841302625        8.5898319999999995        8.1808999999999996E-003   14.678205021772957        14.898303652949057        14.291618022218447        15.347666536280908        15.045345541688203        14.639567779079009        14.621831271939843        14.731284639722908        15.029710624239804        14.646734427820167        14.625252606130015        14.707656386544134        14.803668784569023        14.543633376981870        15.170743391264256        14.856327469439432        14.449142540560263        14.233368052865924        14.261615396680622        14.210447564700974        14.125587847389490        27.837060966286057        17.463484348170869     
   6416.3197738285035       -3.9899410000000000        4.8955699042231409        8.5898497000000003        8.1807000000000008E-003   14.700223983095157        14.931659501910346        14.300685156353339        15.407318797724272        15.089254179260774        14.656821208787086        14.630831738990302        14.736856213096967        15.071884131431801        14.663430495048857        14.633905710246829        14.713093647718072        14.809494098566631        14.601678297088455        15.216673666253449        14.884267898828469        14.464066173232347        14.240245312742175        14.278467663282512        14.235128310570893        14.145631052342182        27.958203341611856        17.582389231243997     
   6362.5615993277133       -4.0045760000000001        4.9321185306765667        8.5898672999999999        8.1805999999999997E-003   14.726218760906180        14.969140580617166        14.312854284329772        15.466504985873369        15.136574260527437        14.679302773980671        14.643163427122692        14.744266905586857        15.118167546569287        14.685495375625655        14.645851857238702        14.720640105383927        14.816310180074387        14.659570556353524        15.265257855394319        14.918304042061513        14.483605714808592        14.249956153234050        14.295288201667956        14.265155297077703        14.172279266228303        28.099913896189982        17.684919912735396     
   6310.1400751040119       -4.0189630000000003        4.9683402174285280        8.5898842999999996        8.1804000000000009E-003   14.751934323601196        15.005265240631234        14.326076077677635        15.523687543415422        15.181476318479236        14.701869720854534        14.656543767373003        14.753093044373847        15.161904854458799        14.707713957154498        14.658891574249180        14.729585991402255        14.824523912335616        14.715559270990925        15.311735628122753        14.950890354531142        14.503548273974696        14.260944678988858        14.313178872255884        14.295955830333329        14.198443609047073        28.237364588551479        17.782810571797839     
   6257.5596759478376       -4.0335179999999999        5.0044003739255931        8.5899009999999993        8.1802999999999997E-003   14.778038173074910        15.041024610766675        14.340628305867659        15.580462138407730        15.225229401573364        14.725090360127558        14.671255050260163        14.763478768045557        15.204337039484168        14.730642658420662        14.673296246915291        14.740079276171693        14.834263081506910        14.771203746645428        15.357409467663762        14.982923021624741        14.524379055625436        14.273419435803847        14.332546215704800        14.328303798954357        14.224810777445592        28.374447736610129        17.878871128050704     
   6205.4602782613256       -4.0480590000000003        5.0401960294988832        8.5899172999999998        8.1800999999999992E-003   14.807370060621796        15.079413568941487        14.359732987804506        15.638289258686978        15.270972151006344        14.752289020494718        14.690640608809929        14.778565576160222        15.248993601461390        14.757731428339671        14.692608330940196        14.755470557134114        14.848234175058113        14.827927104512764        15.405067809445843        15.018127366769935        14.549384976419699        14.290976818325870        14.354189849200438        14.360866716769923        14.250697383010561        28.514128189354725        17.971049346618738     
   6156.8702307508547       -4.0617310000000000        5.0757691100533835        8.5899341000000007        8.1799000000000004E-003   14.835250026888811        15.115097307529336        14.378919325412788        15.692304121902030        15.312880455386320        14.778441705102065        14.710134871964797        14.794068078279064        15.289673643913652        14.783776154219595        14.712030597177399        14.771299786863558        14.862631867470498        14.880890704418650        15.449094730915458        15.050631937587880        14.573668583642956        14.308815079669380        14.375396714141743        14.391932445084667        14.274692362535689        28.643648834877347        18.056050477231910     
   6117.4017078972975       -4.0729170000000003        5.1059883216405790        8.5899488000000002        8.1797999999999992E-003   14.857884277196495        15.143584207022320        14.395060152722399        15.735997293475469        15.345949569287148        14.799805354464345        14.726546127865715        14.807268614436692        15.321542178707835        14.805030069337937        14.728355125970326        14.784773635074137        14.874941174978078        14.923715885743595        15.484161730098007        15.076301900922585        14.593644591044194        14.323882933310427        14.393192379311897        14.417725089223937        14.294092673650274        28.747742042756229        18.124555555536041     
   6081.5040458226104       -4.0831540000000004        5.1327421343203579        8.5899611999999994        8.1796999999999998E-003   14.878476727058089        15.169121377523656        14.410188939678331        15.775611036487987        15.375285598848844        14.819345191338218        14.741936667150078        14.819763677200370        15.349628372428349        14.824452952841721        14.743644806694167        14.797523440553061        14.886630466008409        14.962529214880540        15.515530389365622        15.099094489211897        14.612023960107738        14.338053001348317        14.409836929117336        14.441634006842897        14.311682525841160        28.841566894994354        18.186458849754324     
   6037.6648260148168       -4.0957340000000002        5.1612718590443052        8.5899739000000004        8.1796000000000004E-003   14.903623542479700        15.199817974853005        14.429234726884197        15.823816211031378        15.410145096284150        14.843339583112567        14.761322500108825        14.835645519978719        15.382757601760289        14.848282368488768        14.762879083145510        14.813724339006729        14.901534515931221        15.009742742541874        15.553150541834555        15.126203580447729        14.634732448426337        14.355950185576582        14.430747695539658        14.471404167033779        14.333083131938082        28.955040634366199        18.261526734365944     
   5984.1435085390158       -4.1112169999999999        5.1953490895204233        8.5899880999999993        8.1793999999999999E-003   14.935206358586942        15.237840573373987        14.454083085626685        15.883725894767110        15.452768961383359        14.873887119808739        14.786626053201939        14.856526075365053        15.423181114870008        14.878601515433044        14.787983595506024        14.835076305662586        14.921112968384019        15.068478434922110        15.599461504605419        15.159663378515564        14.663817470999451        14.379313611401830        14.457159671802895        14.508080094540023        14.359201121267812        29.094127140832132        18.353749506645617     
   5933.2411484524264       -4.1260709999999996        5.2291856249529651        8.5900023999999995        8.1793000000000005E-003   14.967161054447569        15.276145458109518        14.480000095913756        15.943392152314555        15.495325896365348        14.905315679909695        14.813044320563112        14.878305949115624        15.463813880692260        14.909806601024151        14.814274727867403        14.857467064934195        14.941333454252888        15.127164711207410        15.645692863466525        15.193601704818665        14.693884500755544        14.403604423122548        14.482882682345991        14.542363105616229        14.384132810426895        29.228369703447004        18.443888127161788     
   5882.8665941916279       -4.1408980000000000        5.2628240242331152        8.5900163999999997        8.1791999999999993E-003   14.998796489028503        15.313473586394281        14.506208089392135        16.002289481455172        15.536291047332107        14.936421453344771        14.839801414434874        14.900452156873065        15.502562893457849        14.940679534932706        14.840926734160803        14.880217823342768        14.961848363907350        15.185112948443908        15.690650231461952        15.226190542294834        14.723878432646142        14.428256182049658        14.508852730127366        14.576823115720863        14.408765105322505        29.357736165569484        18.532672232153921     
   5832.6376913916920       -4.1558050000000000        5.2962755640484396        8.5900298999999993        8.1790000000000005E-003   15.030378765740444        15.350146106187935        14.532921009246149        16.060894060644287        15.576024603697796        14.967466696994549        14.867114377639901        14.923147184877841        15.539777781915749        14.971481039387047        14.868155439800191        14.903515652181142        14.982829565860914        15.242791702394015        15.734716950080411        15.257723474077114        14.754048365630872        14.453469960348563        14.535282852951106        14.611737181985099        14.433311978093698        29.483304252010797        18.620810357710880     
   5782.6911830194576       -4.1707599999999996        5.3295341037563659        8.5900431000000008        8.1788999999999994E-003   15.062105763926533        15.387108132638994        14.559489684924026        16.118288069660721        15.616270001010539        14.998547019919615        14.894198224499705        14.945971683316452        15.577892230881597        15.002360474685007        14.895188529890168        14.926871560946273        15.004177655019868        15.299292047655728        15.778675203505275        15.290304634388081        14.784151609468053        14.478589871357757        14.561273569456654        14.645104176769033        14.458846577831943        29.630261279230375        18.709663172354624     
   5732.9479659710132       -4.1857810000000004        5.3625935076354336        8.5900558999999994        8.1788000000000000E-003   15.094978353357829        15.426374040425275        14.585868702099480        16.176112102993741        15.660242930536532        15.030685408433472        14.920933503798318        14.968852830355937        15.620577133823621        15.034376226030814        14.921867272761157        14.950213736941970        15.025993061286139        15.356159929483072        15.825120436579370        15.326874127685672        14.814762070879445        14.503625126275784        14.586176516280171        14.675399134988401        14.486337637856282        29.818793675986882        18.802994827534157     
   5683.4886887383891       -4.2008440000000000        5.3954536732357106        8.5900683999999998        8.1787000000000006E-003   15.129139628632517        15.467328033167695        14.613116184304021        16.237030411310954        15.706663686737118        15.064229965820553        14.948603119360799        14.992369194781086        15.665524962341488        15.067797816704585        14.949425448031379        14.974272124878452        15.048274789190481        15.416001557945856        15.874187956937918        15.365222993638364        14.846584498942244        14.529668339956929        14.610874304433027        14.704739889238001        14.514107929480128        30.012996021553029        18.900244719395694     
   5634.4561064834506       -4.2159069999999996        5.4281025254430615        8.5900806000000003        8.1785999999999994E-003   15.162953775107198        15.507541788121006        14.640391066639111        16.297523735268527        15.751890238813999        15.097518448167325        14.976316123826820        15.015964699306885        15.709138170782879        15.100953389150234        14.977019398693081        14.998393988824059        15.070567870322833        15.475427496778615        15.922303068802293        15.402642148555895        14.878255161736853        14.555757927235042        14.635446084475085        14.734401102037701        14.542081483669271        30.204245114156841        18.996915189824463     
   5585.7950907131726       -4.2309869999999998        5.4605400517042213        8.5900925000000008        8.1785000000000000E-003   15.196460050581329        15.547069910485888        14.667717584811278        16.357657612695785        15.795992735179915        15.130587459267872        15.004096762672724        15.039658964512057        15.751488818155259        15.133879660475834        15.004673454105255        15.022599802724098        15.092892388489908        15.534502083229469        15.969532725873410        15.439188225526365        14.909806654032451        14.581916573148302        14.659917320118556        14.764402149271223        14.570278960070020        30.392787168002073        19.093108580470791     
   5537.5033249514618       -4.2460839999999997        5.4927571933129569        8.5901040999999996        8.1782999999999995E-003   15.229687769428100        15.585949506325921        14.695117698180898        16.417459204148532        15.839017620091553        15.163464394120286        15.031966572315319        15.063473336296699        15.792626694038372        15.166604260612065        15.032409345136774        15.046911177635597        15.115271398834000        15.593252427060509        16.015917590564488        15.474902947995769        14.941264282240095        14.608165980625525        14.684313761452721        14.794758175761803        14.598718345579929        30.578686448603481        19.188850198599436     
   5489.5785025800660       -4.2611939999999997        5.5247448340680272        8.5901154000000002        8.1782000000000001E-003   15.263113106043440        15.625135085082031        14.722797007964362        16.478142727727324        15.882353517253010        15.196693721612801        15.060138187117770        15.087565713751259        15.834032181881986        15.199672117775018        15.060426581511676        15.071476758090261        15.137876143350594        15.652879251939202        16.062777791730497        15.510850216164625        14.973039634708437        14.634664045361154        14.708445200767249        14.825267112591023        14.627521607732442        30.765096342254665        19.285969125767103     
   5442.0935116189166       -4.2762969999999996        5.5564938033828906        8.5901265000000002        8.1781000000000006E-003   15.298080228788802        15.667126559514987        14.751416120009988        16.542831299912475        15.929536991901141        15.231783414321622        15.089296335906894        15.112441476346270        15.879379221809263        15.234569987557556        15.089374862837921        15.096807116343971        15.161243126710815        15.716484051074136        16.113504697687233        15.549746112012169        15.006301236760546        14.661946717407265        14.731901233544683        14.855467020591597        14.657114316805046        30.959463179541682        19.388954395329353     
   5394.9819996697906       -4.2914130000000004        5.5879979984352524        8.5901371999999991        8.1779999999999995E-003   15.332756799134660        15.708386668126881        14.780067072425606        16.607024586178763        15.975485817714510        15.266638112262740        15.118510377364277        15.137332159352237        15.923209936039189        15.269188049280114        15.118370510115806        15.122187271425933        15.184559944307548        15.779620172704103        16.163257289630696        15.587638907600386        15.039416844131193        14.689271758586532        14.755172921953463        14.885835483162797        14.686857030273277        31.150418455409376        19.491043272546865     
   5348.0443487578723       -4.3066030000000000        5.6192513371211597        8.5901476999999993        8.1779000000000001E-003   15.367289926502782        15.749097113888002        14.808866712190603        16.670994212401919        16.020409585813706        15.301404704426606        15.147899053128036        15.162339482360675        15.965730110096185        15.303672996775571        15.147531512398622        15.147720354117563        15.207922973311948        15.842554446661175        16.212256256622251        15.624701202570396        15.072524677490460        14.716750396571680        14.778358740402606        14.916494054121006        14.716869075198435        31.338804018669027        19.592669582847915     
   5301.3563756953790       -4.3218449999999997        5.6502509131188168        8.5901578999999995        8.1778000000000007E-003   15.401624092365768        15.789197567927243        14.837765128278637        16.734636702588872        16.064247353662036        15.336026534588800        15.177411120509650        15.187420287339609        16.006886670044484        15.337969251513538        15.176807127271527        15.173361844920375        15.231292739486396        15.905184822790357        16.260430197938934        15.660882547139192        15.105569756932820        14.744334853598314        14.801421298627130        14.947387801379463        14.747096879683266        31.524340870596529        19.693670409717217     
   5255.0517842099180       -4.3370949999999997        5.6809875721926799        8.5901677999999997        8.1776999999999996E-003   15.435661372115867        15.828581259420300        14.866674544901414        16.797769593847008        16.106890835553980        15.370403731827281        15.206956483420868        15.212498655922829        16.046584915360175        15.371978798125316        15.206108134711425        15.199033458791792        15.254599748639812        15.967331374096794        16.307652667915452        15.696093298601610        15.138455240453879        14.771941115896254        14.824294627670326        14.978420268917180        14.777446368372239        31.706535264026627        19.793758267859729     
   5209.0676783271347       -4.3523719999999999        5.7114616790392141        8.5901774999999994        8.1776999999999996E-003   15.469604710509074        15.865772947991623        14.898204502657162        16.867437492834252        16.142645079461488        15.407479460932713        15.239250588251149        15.239567540006590        16.077959547201111        15.408557646318894        15.238296829852089        15.226846230947189        15.279371549873467        16.035830341206204        16.352053147845446        15.727389599898252        15.174218653325333        14.802049894325947        14.845582531579481        15.017223011269955        14.843479681420014        31.902958463869510        19.902288145325620     
   5163.5335120783329       -4.3676360000000001        5.7416641495185274        8.5901870000000002        8.1776000000000001E-003   15.502782170572317        15.901248952708876        14.929908417558721        16.937658115618600        16.174774679858807        15.444633817099984        15.271776883185666        15.266662867528925        16.105342938177408        15.445221760468250        15.270774074786395        15.254727385576452        15.304011322086350        16.104858584501876        16.394101397573557        15.756528495204922        15.210166913547901        14.832353052965040        14.865957626112873        15.057248719020201        14.922160124758264        32.113857133662172        20.011360013727597     
   5118.4327316451536       -4.3828849999999999        5.7715890820885054        8.5901961999999994        8.1775000000000007E-003   15.535147639910587        15.936132062140071        14.960656532061293        17.008126879614601        16.205576058757664        15.481597056344278        15.303340992060335        15.292756485879060        16.132318982234658        15.481778454592302        15.302312662540245        15.281612566960241        15.327699746402356        16.174069002009176        16.435220577796631        15.785871484523721        15.245662932566603        14.861730544072060        14.884929554036802        15.094136988305912        15.015195800949833        32.399468999108379        20.122427156653316     
   5073.6441049387349       -4.3981610000000000        5.8012306065851469        8.5902051999999998        8.1773999999999996E-003   15.567531857164678        15.971032534390826        14.991300079865429        17.077794161825270        16.236540965031253        15.518351518162167        15.334799910445508        15.318793219991075        16.159594597316264        15.518131261058858        15.333729918088824        15.308442510890107        15.351368441442400        16.242502994413346        16.476208256430034        15.815344153435703        15.280972501566652        14.891031374739988        14.904011637287798        15.129858269597623        15.102931715623939        32.682121813536341        20.232807119490513     
   5029.0968579366954       -4.4134900000000004        5.8305828861280498        8.5902139999999996        8.1773000000000002E-003   15.599981594938775        16.006000999159969        15.021885394856064        17.146775746560017        16.267711986443363        15.554954354230620        15.366201153438269        15.344811867687724        16.187204583921673        15.554336667360126        15.365073594924407        15.335257130715785        15.375052099224991        16.310274091410950        16.517126766331454        15.844987283835447        15.316150243271185        14.920299422223987        14.923229618976190        15.164485459444126        15.185590641989950        32.962279842061278        20.342672786779300     
   4984.8833505650382       -4.4288390000000000        5.8596368509460239        8.5902226000000006        8.1772000000000008E-003   15.632405205463568        16.039694704555089        15.053435817754091        17.218286853865713        16.294988165504883        15.592340710803162        15.398727058116455        15.371472500131054        16.210293879896426        15.591264354124929        15.397434864015223        15.362804245886059        15.399241152890879        16.380559989933680        16.555964496534031        15.872499890826992        15.352256952247691        14.950518828004460        14.942556834378662        15.202445606999303        15.274304277456450        33.234699042765463        20.456790830935134     
   4941.0926797635193       -4.4441750000000004        5.8883932567985351        8.5902308999999999        8.1772000000000008E-003   15.665082725104403        16.071904787086687        15.086675179761214        17.294946815666592        16.316925472321273        15.631309330363495        15.433198831793836        15.399278817127437        16.226995638808333        15.629679872002525        15.431580151889078        15.391646476768825        15.424331028371492        16.455930009133226        16.592388530494446        15.897186111299069        15.390133583076311        14.982371035835220        14.961934111432766        15.246009846280502        15.374699829048486        33.496831704303361        20.579154413252809     
   4897.6754192419949       -4.4595170000000000        5.9168464254179343        8.5902390999999998        8.1770999999999996E-003   15.698317372732529        16.105621500472893        15.119521366730687        17.370345142102298        16.342387417291107        15.670004843598804        15.467205485172343        15.426907259117705        16.247742768883434        15.667866381453543        15.465287122378843        15.420279932793964        15.449349691084194        16.530040730761279        16.630882220566676        15.924059427972274        15.427654262530989        15.013848609739107        14.981394425820525        15.285909970304267        15.463478633621850        33.759076917918392        20.700226639084327     
   4854.5055283287993       -4.4749040000000004        5.9449874034634815        8.5902469999999997        8.1770000000000002E-003   15.732161575838784        16.140878339956014        15.152046012252551        17.444687795533572        16.371342014688647        15.708512233469428        15.500823340522448        15.454410680954535        16.272479349118985        15.705906544628007        15.498630713873670        15.448760862083613        15.474340628280761        16.603094557291339        16.671480056380695        15.953120211588047        15.464902543508050        15.045019060841202        15.000962919444195        15.322306602860706        15.541103866409198        34.022119410495989        20.820338576872661     
   4811.6164390818767       -4.4903290000000000        5.9728172088274549        8.5902548000000003        8.1769000000000008E-003   15.766574418647524        16.177616048311400        15.184226467625743        17.517928763704042        16.403699688211454        15.746801135069328        15.534030024917422        15.481767236163966        16.301110392132848        15.743769643415904        15.531588332297931        15.477067070258800        15.499282404255952        16.675046633042754        16.714107708993090        15.984302775135236        15.501850719273138        15.075860663567349        15.020620361322111        15.355232081353607        15.607712125653281        34.285713733081124        20.939402084247959     
   4769.0952895513337       -4.5057549999999997        6.0003336795215940        8.5902624000000003        8.1769000000000008E-003   15.801441547223250        16.215694596080851        15.215973867207962        17.589906834430280        16.439286529757410        15.784766529326982        15.566735948809219        15.508894115436130        16.333459006688543        15.781350654333243        15.564070364728780        15.505114310146171        15.524095264876939        16.745738551430229        16.758599911197877        16.017464718868268        15.538398536696109        15.106287119618324        15.040295413762850        15.384666579813841        15.663380671874259        34.549246531339286        21.057155003076488     
   4726.9499073289899       -4.5211819999999996        6.0275280371261317        8.5902697999999997        8.1767999999999997E-003   15.839313922471542        16.259149499147910        15.248749018400114        17.663856752659022        16.484599288822444        15.824410172071937        15.600374616212642        15.537253247124463        16.376303903849688        15.820636091218242        15.597513489406177        15.534273493208003        15.550203928822524        16.818360246740291        16.810352471700256        16.057141614181617        15.576302496533225        15.137747220019611        15.060839726688366        15.407606446937324        15.696879857278427        35.016711387249963        21.178971282497713     
   4685.1338198133553       -4.5366260000000000        6.0543982392779787        8.5902770000000004        8.1767000000000003E-003   15.879231860617249        16.306071231813895        15.282468857720445        17.739558527678923        16.535926501355384        15.865417074003023        15.634909928834595        15.566632351424357        16.425530227700371        15.861284128942007        15.631856707286474        15.564371404096313        15.577304141266460        16.892711363303810        16.866716409052835        16.100946188074314        15.615355393554424        15.170166185888768        15.081942079907684        15.427069073476737        15.718120214430073        35.698963564593484        21.304189187197807     
   4643.6555732297256       -4.5520810000000003        6.0809457393826136        8.5902840999999999        8.1767000000000003E-003   15.918922702096182        16.352741530422882        15.315979413621122        17.814431555997761        16.587084761961599        15.906139975653225        15.669223285678264        15.595839093273462        16.474612518171696        15.901651082771213        15.665971604005762        15.594297237734011        15.604206585472426        16.966252571218199        16.922691074473530        16.144624380865110        15.654133989330617        15.202402210564514        15.102857383165940        15.446320158051979        15.738863071935178        36.439672952602130        21.428401290065203     
   4602.5021494572820       -4.5675520000000001        6.1071585387208449        8.5902910000000006        8.1765999999999991E-003   15.958449095585552        16.399224457118855        15.349342173973044        17.888557014203258        16.638136710306050        15.946643005598366        15.703376574372795        15.624933571858518        16.523612573050059        15.941800968849181        15.699920191943422        15.624111168606310        15.630971687112224        17.039064439031449        16.978344920442012        16.188236921241348        15.692701950087789        15.234516006574987        15.123645112523578        15.465419528048949        15.759175216697487        37.237610078067895        21.551699035305887     
   4561.4403503805652       -4.5831249999999999        6.1330450820466345        8.5902977000000007        8.1764999999999997E-003   15.998006486505410        16.445754386850108        15.382718148916720        17.962331075220291        16.689340837152308        15.987127869090170        15.737535378191570        15.654052587888994        16.572777137223692        15.981933490446803        15.733867010876065        15.653953979351051        15.657723701955071        17.111535578203227        17.033965204933889        16.232000420598276        15.731250109627659        15.266661273424756        15.144396224834846        15.484449123191677        15.779149526655612        38.096326429308249        21.674753956667050     
   4520.5679329514678       -4.5987689999999999        6.1585969295502396        8.5903042000000003        8.1764999999999997E-003   16.037442184620762        16.492688772912960        15.415498019730126        18.037303708115779        16.741720867134024        16.027221790144143        15.771063854697108        15.682609514856320        16.622982926085047        16.021717832476064        15.767195449197441        15.683184506345466        15.683982102651907        17.185136868930275        17.090603382760953        16.276255092966181        15.769290592170439        15.298176981079610        15.164942401456926        15.503199904165676        15.798438247818112        38.884070688566723        21.799965641357037     
   4479.9276471167550       -4.6144629999999998        6.1838228655142942        8.5903104999999993        8.1764000000000003E-003   16.078678018218927        16.542230474384954        15.449397008195231        18.116427678406833        16.797570366373154        16.069016818533644        15.805780639337829        15.712141779713480        16.676598105593055        16.063322855297482        15.801764874181128        15.713422314870410        15.711271465615528        17.262722487189890        17.150774903631479        16.323226476709880        15.808838615409119        15.330677018207137        15.185982277779839        15.522102599701665        15.817696947061307        39.356181175935916        21.931269795530451     
   4439.6016077723516       -4.6301790000000000        6.2087215656471848        8.5903167000000007        8.1762999999999992E-003   16.121609859784400        16.593665973432095        15.484879401073469        18.197731485447065        16.855417785642992        16.112632355469202        15.842163153452118        15.743127030339897        16.732310990276545        16.106833077183332        15.838038134766071        15.745203464300841        15.739961275238416        17.342422736137678        17.212991849059676        16.372231420638762        15.850173079444131        15.364705875433954        15.207582730420233        15.541249682289608        15.837234268750626        39.679065301012116        22.065788047881028     
   4399.5068679295800       -4.6459450000000002        6.2332883354708795        8.5903227999999991        8.1762999999999992E-003   16.164254271074419        16.644649931867392        15.520239802909051        18.278480969872405        16.912735967786233        16.155923026851170        15.878405441410633        15.774071771217917        16.787514270995828        16.150026411845467        15.874179182943228        15.776952598712013        15.768610698564691        17.421577867735444        17.274634010941554        16.420832286805890        15.891249725942759        15.398661979446382        15.229142577850043        15.560269611043458        15.856640477275148        40.042790073960418        22.200220475633458     
   4359.8143851731002       -4.6616929999999996        6.2575289894883115        8.5903287000000006        8.1761999999999998E-003   16.206482878926138        16.695021146807612        15.555377998719178        18.358386434370928        16.969337673108591        16.198758495194092        15.914403837420609        15.804893303710786        16.842029550496434        16.192772764451178        15.910084611766839        15.808583279157025        15.797147135154573        17.499904980130069        17.335496200895932        16.468877238078669        15.931946381662128        15.432450136781155        15.250620436953133        15.579134197215252        15.875885766013498        40.444843020850087        22.334030309308105     
   4320.4800091850984       -4.6774430000000002        6.2814355520432565        8.5903345000000009        8.1761999999999998E-003   16.248289928526141        16.744786156210964        15.590276903957280        18.437485309567741        17.025237513430952        16.241134624837919        15.950142583346631        15.835568179821673        16.895868916110359        16.235067694757007        15.945738353492514        15.840072590576829        15.825544959691788        17.577439750640075        17.395598341087386        16.516369284838859        15.972255015839961        15.466050613417229        15.271983950750871        15.597811028031499        15.894938198659267        40.884416966863299        22.467293075771721     
   4281.5596606396739       -4.6931700000000003        6.3050105824472746        8.5903402000000000        8.1761000000000004E-003   16.289669516223135        16.793931001342337        15.624936970475249        18.515719998236136        17.080413963756612        16.283045650977563        15.985621307647557        15.866101286170514        16.949013564831418        16.276905346476887        15.981139950031137        15.871423891722541        15.853812665281035        17.654126805580809        17.454913510732204        16.563296751869501        16.012171277644192        15.499464552029787        15.293252765491205        15.616326416858174        15.913823600103102        41.359729862346285        22.599852297076232     
   4243.0583092562892       -4.7088660000000004        6.3282497428740134        8.5903457999999997        8.1761000000000004E-003   16.331293036604997        16.843475255416600        15.659822112171762        18.594824818266680        17.136212134442438        16.325322012308817        16.021353466960093        15.896825923462709        17.002726760459680        16.319081039596234        16.016784796169780        15.902984081089022        15.882246992897317        17.731694688559436        17.514898339644617        16.610680884909790        16.052386941163633        15.533136941893348        15.314533107772872        15.634810895665330        15.932672748451230        41.852829776205787        22.733340310055262     
   4204.9806340071937       -4.7245330000000001        6.3511487460966549        8.5903512000000006        8.1759999999999992E-003   16.375774684010658        16.897255358706310        15.696800755419616        18.680975077461774        17.197570299822107        16.371162498587580        16.059397259344088        15.929134521677813        17.061679205538283        16.364663836993607        16.054653859185230        15.936191212969305        15.912103374228298        17.816295055032828        17.580869669135243        16.662369660918589        16.095599147553962        15.568858101561737        15.336398420019144        15.653956477316775        15.952153762783873        42.286795262845700        22.873281090395004     
   4167.1870998183831       -4.7402199999999999        6.3737069070924370        8.5903565000000004        8.1759999999999992E-003   16.419924311851034        16.950556295114854        15.733562945912599        18.766186422318249        17.258303366308478        16.416685575965921        16.097234830231436        15.961271597678376        17.120060865693940        16.409924580952385        16.092299818101232        15.969226684620132        15.941781786090282        17.899963025884961        17.646146645757867        16.713631235055622        16.138525166833144        15.604383801186362        15.358087830281391        15.672927779444251        15.971415055252876        42.725440913229157        23.011947933301094     
   4129.7332464392612       -4.7559110000000002        6.3959236428310771        8.5903617000000008        8.1758999999999998E-003   16.463729515565731        17.003354130346970        15.770105664817054        18.850393400574148        17.318378684083669        16.461876212661103        16.134861132397056        15.993240676426625        17.177841650474434        16.454848785900460        16.129718355651143        16.002092540125759        15.971289975223245        17.982635543875439        17.710690803750524        16.764443773972914        16.181153496529248        15.639712551813391        15.379622235404243        15.691750167734506        15.990482623298776        43.167978684298333        23.149195176486096     
   4092.5783266729259       -4.7716139999999996        6.4177948971639056        8.5903668000000000        8.1758999999999998E-003   16.507184151019437        17.055654452483587        15.806413373348422        18.933641236824670        17.377811999662001        16.506729153265780        16.172261350874891        16.025020986735747        17.235033899768936        16.499431069856300        16.166894886103883        16.034768820599972        16.000605111583603        18.064356292484192        17.774523626790767        16.814809795626005        16.223475801934292        15.674827202256710        15.400971566673268        15.710391101067126        16.009325265554111        43.614637170720748        23.285124090715854     
   4055.6176086195665       -4.7873809999999999        6.4393274263260052        8.5903717000000004        8.1758000000000004E-003   16.550463317881025        17.107658795799814        15.842639876270603        19.016222942757423        17.436826679242351        16.551422963669360        16.209592020699681        16.056753374211958        17.291853962142326        16.543849360752642        16.203985662916317        16.067398771317894        16.029861568053246        18.145414074092450        17.837881560077957        16.864924680890887        16.265663290818903        15.709877969509844        15.422248875259712        15.728956344410381        16.028050127129937        44.066574357676650        23.420175092535587     
   4018.9074028701966       -4.8031810000000004        6.4605173869293395        8.5903764999999996        8.1758000000000004E-003   16.593447561156548        17.159235743479130        15.878675442499947        19.097964214150707        17.495282156911696        16.595835610754879        16.246741416847136        16.088334777926253        17.348163993319190        16.587982157048490        16.240879639137518        16.099877852934846        16.058960477656786        18.225636998168966        17.900618015535358        16.914659270338817        16.307597549279023        15.744756714520761        15.443368401770726        15.747364621404699        16.046576435516691        44.522913025209796        23.554092627460214     
