  #       Teff 			 log(L/Lsun) 		 tcool(gyr) 			logg(CGS)		  R/R_sun		       G3      			Bp3    			Rp3     		    u      			g      			 r      		 i       		z     				g		       r       			i      			 z       			y  
   78848.239322916343       0.22240599999999999        3.4995692571530412E-004   8.7985640000000007        6.9176000000000003E-003   10.012984993274767        9.8172153454101831        10.391214856936223        9.1957998768977269        9.7425247774778896        10.312445209071640        10.719214856936226        11.087099680868516        9.8213305214778899        10.318732267497140        10.731214856936226        11.034077307226305        11.256006878443017        8.4537775032555160        9.7384680711878104        10.086869817207059        10.233445209071640        10.441214856936224        10.906452096733098        11.051905966172185        11.175187953253477        7.7157656818284366        8.3680088323388517     
   77588.615082387740       0.19360200000000000        3.6493597945818122E-004   8.7993930999999996        6.9109999999999996E-003   10.028832030465002        9.8333143074485232        10.406428765606192        9.2123305799449060        9.7587530183402844        10.327911042589717        10.734428765606195        11.102187627114430        9.8375554459402839        10.334302111170929        10.746428765606195        11.049139984803885        11.270994130933223        8.4702829376343569        9.7548442267425965        10.102590891973241        10.248911042589716        10.456428765606196        10.921298067330907        11.066412583766178        11.189377170111994        7.7370510555212828        8.3865362983025360     
   76357.200959915164       0.16499800000000001        3.8056282920481975E-004   8.8002046000000007        6.9045000000000000E-003   10.044338699062582        9.8490672588705976        10.421316481142540        9.2285072251975748        9.7746323571746068        10.343045040950557        10.749316481142539        11.116952201238529        9.8534315387746076        10.349536985147090        10.761316481142540        11.063879047131056        11.285661075441997        8.4864340710900983        9.7708689727860900        10.117974419158575        10.264045040950556        10.471316481142541        10.935826096630514        11.080609684625962        11.203265608328888        7.7578750706424238        8.4046641863542355     
   75150.348688274054       0.13654200000000000        3.9683762947311153E-004   8.8009833999999998        6.8982999999999996E-003   10.059483326453861        9.8644532567162067        10.435854567197996        9.2443098870798757        9.7901421554473806        10.357824497460346        10.763854567197999        11.131369602066826        9.8689382218473796        10.364414495506441        10.775854567198000        11.078270701381751        11.299983537620729        8.5022109863948003        9.7865220876636272        10.132998361322688        10.278824497460345        10.485854567198000        10.950011472604480        11.094471212296039        11.216825919072669        7.7782317941793586        8.4223782956935587     
   73972.279167500674       0.10833300000000000        4.1397612909872805E-004   8.8017447000000004        6.8922999999999996E-003   10.074249842950870        9.8794553871173676        10.450029003734620        9.2597202042520479        9.8052651380006211        10.372234547901122        10.778029003734620        11.145426231651371        9.8840581592006203        10.378919537741908        10.790029003734620        11.092301470608906        11.313948220610584        8.5175954432095864        9.8017856923263338        10.147647070867620        10.293234547901122        10.500029003734618        10.963841623884868        11.107985983877583        11.230048126112763        7.7980868247730797        8.4396537541415810     
   72821.899003019687        8.0357999999999999E-002   4.3187075015740104E-004   8.8024889999999996        6.8864000000000000E-003   10.088681732477227        9.8941173526766235        10.463882725978738        9.2747821560503034        9.8200451187763207        10.386318346178136        10.791882725978738        11.159164915879039        9.8988351627763222        10.393095403740539        10.803882725978738        11.106014207341747        11.327597814316633        8.5326314475130118        9.8167036814133120        10.161963922377531        10.307318346178135        10.513882725978739        10.977359163679644        11.121196265917842        11.242974120693333        7.8174883193015354        8.4565363211081781     
   71698.488457742322        5.2616999999999997E-002   4.5062951319997066E-004   8.8032251000000006        6.8805999999999997E-003   10.102786250245055        9.9084465525535048        10.477422594073927        9.2895033854417743        9.8344896041077323        10.400082896382377        10.805422594073926        11.172592442919699        9.9132767037077318        10.406949208423809        10.817422594073923        11.119415703406906        11.340939031278269        8.5473266459289778        9.8312835943747512        10.175956099090831        10.321082896382377        10.527422594073924        10.990570841811246        11.134108729461365        11.255610456224280        7.8364465889895580        8.4730348651965901     
   70601.999376169668        2.5124000000000000E-002   4.7036049048861626E-004   8.8039447000000006        6.8748999999999998E-003   10.116564627002395        9.9224442271271602        10.490649847890483        9.3038849839737114        9.8485998059895454        10.413529448015248        10.818649847890478        11.185710047828097        9.9273840271895448        10.420482237947931        10.830649847890479        11.132507258898395        11.353973036695416        8.5616821950440123        9.8455266161816279        10.189624826940014        10.334529448015248        10.540649847890480        11.003477784103330        11.146724288045883        11.267957802118135        7.8549630398145656        8.4891505536421388     
   69531.724383190813       -2.1229999999999999E-003   4.9106397468432308E-004   8.8046556000000002        6.8691999999999998E-003   10.131112887113908        9.9372533697989525        10.504509406666543        9.3192736199384782        9.8635451722144722        10.427706954467187        10.832472816658782        11.199322096419820        9.9421963046833497        10.434660126905506        10.844509406666539        11.146113711573740        11.367483653704220        8.5770652350923982        9.8606490648917529        10.203915339313266        10.348660126905507        10.554368923981500        11.016770178265254        11.159816462703571        11.280935927157412        7.8740328171428260        8.5060907630864087     
   68486.819780801539       -2.9121000000000001E-002   5.1284812115318351E-004   8.8053491000000008        6.8637999999999998E-003   10.146593488205864        9.9530474422716235        10.519128046365195        9.3358886743816694        9.8795044721848466        10.442766819718182        10.847010229608584        11.213522774277513        9.9578626229843916        10.449615501696263        10.859128046365194        11.160334879142825        11.381559351390289        8.5937007792469782        9.8768406094939944        10.218954714852876        10.363615501696264        10.568674092299437        11.030514688859219        11.173470352837297        11.294661650328605        7.8937975271045762        8.5240437038013201     
   67468.336139882784       -5.5832000000000000E-002   5.3582114980630995E-004   8.8060335999999992        6.8583000000000003E-003   10.161760063104438        9.9685195622624754        10.533453854320317        9.3521605532545387        9.8951365428424403        10.457523263160393        10.861257431230332        11.227441188776272        9.9732096525804330        10.464270096774381        10.873453854320314        11.174273797672296        11.395355413494229        8.6099931621505696        9.8926996189104912        10.233690654264361        10.378270096774379        10.582694355162282        11.043987439840166        11.186854945454154        11.308115297248108        7.9131398849309171        8.5416191073766612     
   66472.957234099988       -8.2320000000000004E-002   5.5998347714555051E-004   8.8067005999999992        6.8531000000000000E-003   10.176530388253420        9.9835885010831884        10.547401957464276        9.3680105483194875        9.9103607236835263        10.471892768747056        10.875129247364109        11.240991140357918        9.9881558026301764        10.478540064470467        10.887401957464279        11.187844332134338        11.408785244304907        8.6258637400959071        9.9081461264131274        10.248039576970635        10.392540064470468        10.596343844634506        11.057100742098713        11.199882049822124        11.321208777745875        7.9319912635936074        8.5587425121387373     
   65501.312142497249      -0.10855800000000000        5.8544342938233736E-004   8.8073574000000008        6.8478999999999996E-003   10.190990358849128        9.9983399652063767        10.561058765747553        9.3835239910768138        9.9252627059467429        10.485961454106125        10.888712110177373        11.254259290604555        10.002786883205061        10.492511585320372        10.901058765747557        11.201133074220124        11.421935638203237        8.6413977746923791        9.9232656567338111        10.262087670490558        10.406511585320374        10.609709159390306        11.069941677830421        11.212638957044668        11.334029547399282        7.9504349790648874        8.5754985016759981     
   64551.746953070891      -0.13456399999999999        6.1241731589916531E-004   8.8079958000000005        6.8428999999999999E-003   10.205098916262596        10.012733392176674        10.574381940307429        9.3986615538965950        9.9398022453508155        10.499687631843823        10.901963505320360        11.267202639088655        10.017062176554358        10.506142806539131        10.914381940307429        11.214097046206280        11.434763406666338        8.6565559610142166        9.9380182862778206        10.275793224726200        10.420142806539129        10.622747464393353        11.082466506834638        11.225081597529947        11.346533558199390        7.9684367537550038        8.5918498757399782     
   63624.883480519187      -0.16031200000000001        6.4090575914661936E-004   8.8086224000000009        6.8379000000000001E-003   10.218910587021401        10.026823121977245        10.587426514353556        9.4134771941405688        9.9540336551766195        10.513126050813607        10.914938492553869        11.279876467745762        10.031036120473036        10.519488539161660        10.927426514353556        11.226791467998023        11.447323955841554        8.6713921943928298        9.9524581683327789        10.289211050561345        10.433488539161662        10.635513979397711        11.094730910233448        11.237265846581501        11.358776826528928        7.9860485647512718        8.6078498453636350     
   62720.137244116610      -0.18579999999999999        6.7112528682807242E-004   8.8092275999999998        6.8332000000000002E-003   10.232338368120825        10.040522326947588        10.600105099996373        9.4278844808325530        9.9678702748592762        10.526189512618469        10.927549581240530        11.292193154894019        10.044621873152256        10.532461526342882        10.940105099996373        11.239128712013763        11.459529611498688        8.6858200379522970        9.9664987149302000        10.302253955498724        10.446461526342883        10.647921141169608        11.106647005952180        11.249103571676589        11.370671174912690        8.0031858054199461        8.6234127452954574     
   61836.229448830374      -0.21104100000000001        7.0307669597568178E-004   8.8098150999999998        6.8285999999999998E-003   10.245462198367051        10.053911329532397        10.612496594825355        9.4419648004725758        9.9813926906411155        10.538957429746581        10.939875544470993        11.304231086604887        10.057899625776521        10.545141052691463        10.952496594825355        11.251187152905644        11.471458643249012        8.6999208667733363        9.9802207714521103        10.315001363445823        10.459141052691464        10.660047463660003        11.118292706182903        11.260672631127786        11.382294656781387        8.0199336576268436        8.6386216358883416     
   60973.903627270724      -0.23601200000000000        7.3708474329183102E-004   8.8103885999999996        6.8240000000000002E-003   10.258303616547627        10.067011445459448        10.624623155720078        9.4557389564282648        9.9946221604752612        10.551451623598537        10.951938575412170        11.316012717170990        10.070890806492807        10.557549013961262        10.964623155720078        11.262989192100354        11.483133632604348        8.7137154313576293        9.9936454090791731        10.327475148669171        10.471549013961264        10.671915326808259        11.129690883163162        11.271996045525890        11.393670368504432        8.0363106116758178        8.6534964067834448     
   60133.017850129858      -0.26070700000000002        7.7336647646976072E-004   8.8109582000000000        6.8196000000000003E-003   10.270800022871468        10.079760117516427        10.636422014963054        9.4691446122478080        10.007496167969370        10.563609397211517        10.963675906136581        11.327475222103109        10.083532829912924        10.569622698996531        10.976422014963054        11.274471978691620        11.494491767299605        8.7271413688363229        10.006710153787859        10.339612640623001        10.483622698996532        10.683461920318093        11.140778748866127        11.283011214651138        11.404735898089099        8.0522546496859331        8.6679749324541238     
   59310.966346613437      -0.28517300000000001        8.1213917664783256E-004   8.8115140000000007        6.8152000000000004E-003   10.287406394021636        10.096682007482995        10.652259156541175        9.4877578098662898        10.024469859655914        10.579918632733206        10.979367405810498        11.342949634906896        10.100022531290959        10.585814734175452        10.992121349810498        11.289845736349141        11.509983543079818        8.7457239016933652        10.024404949309305        10.355299589464648        10.499814734175450        10.698983543079818        11.156057884176219        11.298633768022404        11.420785356214436        8.0721986108470904        8.6872073122702300     
   58509.313164869040      -0.30936399999999997        8.5362038464685953E-004   8.8120659999999997        6.8108999999999999E-003   10.304431582648512        10.114027857382563        10.668518384588669        9.5069519299704304        10.041853610157855        10.596661060689748        10.995468511221642        11.358848093079327        10.116885181281486        10.602436940098009        11.008220247221644        11.305623972487592        11.525922109854616        8.7648779131951393        10.042592560992983        10.371320477671066        10.516436940098007        10.714922109854616        11.171798219712304        11.314785918262807        11.437425122363887        8.0924704170301993        8.7069224291126694     
   57725.406515375216      -0.33333699999999999        8.9824404922370603E-004   8.8126049000000002        6.8066999999999997E-003   10.321087096329045        10.130996933722894        10.684425584202536        9.5257297197053035        10.058860434681009        10.613040759893309        11.011221085105610        11.374401826250569        10.133381758032119        10.618699761754499        11.023970665505608        11.321060828111762        11.541515746808685        8.7836157991471850        10.060385447765633        10.386993243989377        10.532699761754500        10.730515746808685        11.187197327153644        11.330586340128185        11.453702355018962        8.1122986272901194        8.7262076328186495     
   56961.051792320475      -0.35702800000000001        9.4622847626072825E-004   8.8131409000000005        6.8025000000000004E-003   10.337368483475888        10.147584062758963        10.699977913608119        9.5440818870956754        10.075485004698869        10.629053846132724        11.026622687566583        11.389608828785139        10.149508130234352        10.634599562031099        11.039370123966581        11.336154544683509        11.556762334325047        8.8019283815557650        10.077776516506550        10.402315676486765        10.548599562031097        10.745762334325047        11.202253602743600        11.346032778588391        11.469613838312998        8.1316715493284164        8.7450525290420877     
   56213.548351144607      -0.38050000000000000        9.9800857652957114E-004   8.8136635000000005        6.7983999999999996E-003   10.353296704434889        10.163811285094429        10.715193791797670        9.5620364807451885        10.091749478106070        10.644720316786984        11.041691155467898        11.404486364126495        10.165284760105120        10.650155873468851        11.054436501467901        11.350921920808357        11.571679211138129        8.8198436337335515        10.094790583754925        10.417305461444624        10.564155873468852        10.760679211138129        11.216983727796720        11.361143174762759        11.485179007752070        8.1506212603251704        8.7634871010293587     
   55483.902514203946      -0.40371400000000002        1.0542362103186066E-003   8.8141821999999994        6.7942999999999996E-003   10.368883169722233        10.179689608716552        10.730085497094079        9.5796022457005865        10.107664762374194        10.660051884385554        11.056439006396920        11.419047175642115        10.180723221425071        10.665380547346041        11.069182277596918        11.365375838602601        11.586279058099757        8.8373703632429415        10.111437588659987        10.431975241481632        10.579380547346039        10.775279058099757        11.231400684944960        11.375930222521150        11.500410067412629        8.1691551317896458        8.7815194763162960     
   54771.293813277531      -0.42667699999999997        1.1153478947109362E-003   8.8146907999999993        6.7903000000000000E-003   10.391931885437248        10.203184263921866        10.752225942654309        9.6055474159633043        10.131172427772920        10.682782825576272        11.078415292319068        11.440806283444381        10.203456252199476        10.687938270152635        11.091122624030675        11.387098951732778        11.608212503146920        8.8633462301495953        10.135991921970000        10.453545275527706        10.602029752627324        10.797019305407037        11.253051607136992        11.398032930625821        11.522878633761056        8.1941943110009809        8.8073050845578003     
   54075.930349988936      -0.44937899999999997        1.1821056731871522E-003   8.8151940000000000        6.7863999999999997E-003   10.430577689681101        10.242598149405936        10.789509003198852        9.6490088235956364        10.170549954368525        10.720975052853689        11.115488575194028        11.477597395334026        10.241441039068505        10.725818005956270        11.128091180301439        11.423994790226619        11.645452841941804        8.9069810565630512        10.177076692565961        10.489544673011061        10.640187633816279        10.833673357404024        11.289802010076976        11.435412017652169        11.560475549656992        8.2329558792326125        8.8493460936974842     
   53395.910937386972      -0.47185100000000002        1.2553813161642609E-003   8.8156855000000007        6.7825999999999997E-003   10.468377919371017        10.281150593061026        10.825974940117218        9.6915216290664485        10.209066300747329        10.758331173619750        11.151748279677305        11.513581160052260        10.278595380622106        10.762867987681011        11.164249012178479        11.460080427551082        11.681874296361256        8.9496639971926708        10.217263148811297        10.524756896933090        10.677509623306056        10.869523084239736        11.325743258296290        11.471966988731507        11.597244617171425        8.2708752731966495        8.8904736355120644     
   52734.034623502317      -0.49401000000000000        1.3361567747112702E-003   8.8161751000000006        6.7787000000000004E-003   10.505245349142529        10.318751235295645        10.861542029899910        9.7329792845572687        10.246631274907338        10.794765809528323        11.187113616447990        11.548677829497391        10.314834643754343        10.799004163389414        11.199515683361001        11.495275762584383        11.717395421033663        8.9912877376208780        10.256454252599243        10.559105279911838        10.713910549540012        10.904489336822090        11.360795921031146        11.507616066831025        11.633103281882944        8.3078644260633308        8.9305865891718366     
   52087.318481487768      -0.51592099999999996        1.4256330814430953E-003   8.8166512000000008        6.7749999999999998E-003   10.541243644432633        10.355466939900626        10.896268291975083        9.7734656035032614        10.283311632925887        10.830340728546780        11.221641746521904        11.582943464314496        10.350219665088861        10.834286953764636        11.233947912392942        11.529637298443454        11.752074293405080        9.0319368419817039        10.294723980345054        10.592642245062287        10.749452026372040        10.938627532810791        11.395016070544493        11.542417952513521        11.668110917166707        8.3439871341473832        8.9697625022820198     
   51457.774564508436      -0.53752100000000003        1.5251228877600340E-003   8.8171244000000009        6.7713000000000001E-003   10.576328125792662        10.391250782839387        10.930112974991923        9.8129220989006125        10.319060567033771        10.865012574725748        11.255292595893595        11.616338710519395        10.384707618562787        10.868673966345936        11.267505869012114        11.563125437400876        11.785870341050936        9.0715522621933307        10.332020621484569        10.625330673937798        10.784090856520132        10.971898763032295        11.428364574178405        11.576331860802663        11.702226230300996        8.3791981166802589        9.0079467756947569     
   50844.502238399553      -0.55881099999999995        1.6368105883368855E-003   8.8175893999999992        6.7676999999999998E-003   10.610514473941555        10.426119359863806        10.963090138129695        9.8513703540500774        10.353894665783480        10.898796481204267        11.288080008016722        11.648877093712082        10.418313312660283        10.902179945619300        11.300203244944727        11.595753856784077        11.818797767280381        9.1101557900827235        10.368362912091650        10.657182867247473        10.817842144723942        11.004316351759764        11.460855080462773        11.609372262863717        11.735463823376692        8.4135128369205052        9.0451589451845198     
   50248.372510513836      -0.57976600000000000        1.7625618965289220E-003   8.8180542000000006        6.7641000000000003E-003   10.643787665228862        10.460056681850345        10.995186435249801        9.8887894412554491        10.387797987284346        10.931677994169176        11.319990937419915        11.680545852824116        10.451022515505377        10.934790865407384        11.332027089688010        11.627509700556020        11.850843287917717        9.1477262445193421        10.403732804625109        10.688187047168819        10.850691516403179        11.035867744126220        11.492474922292038        11.641525811049531        11.767810176079420        8.4469160040590250        9.0813797468426554     
   49666.207655971913      -0.60043000000000002        1.9055533283948876E-003   8.8184752000000000        6.7608000000000000E-003   10.675531013790009        10.493013433953285        11.024268951515451        9.9270153936267302        10.420691059882495        10.962158789416341        11.348995050715450        11.708597674218987        10.482949849800855        10.965158789416341        11.360898104173861        11.655664432687795        11.878600848535362        9.1858818766891179        10.438003392712139        10.718437241564798        10.880940228811907        11.064338884300627        11.518984911434471        11.667688174088005        11.793917778827145        8.4924021857436376        9.1245367179979961     
   49102.318612321644      -0.62073199999999995        2.0693006263768723E-003   8.8189390999999997        6.7571999999999997E-003   10.705913026413084        10.524978047098584        11.050984320209528        9.9654301807302463        10.452572262698608        10.990684169850100        11.375708563809530        11.733872587679128        10.514039752355862        10.993684169850100        11.387448507809586        11.681052123956666        11.903113829213941        9.2240711081751758        10.471179194273910        10.747894211947949        10.909096052739931        11.090405098021877        11.541689735973369        11.689430185597962        11.815431398210174        8.5459114998957606        9.1721251530882011     
   48555.899068928273      -0.64062399999999997        2.2575545174677246E-003   8.8193915000000001        6.7536999999999996E-003   10.735353604512731        10.555952219119732        11.076872607695268        10.002651971459731        10.483465999597325        11.018326428674701        11.401595041695270        11.758365413938289        10.544166692293825        11.021326428674701        11.413177734650457        11.705654234124506        11.926868707298599        9.2610743310873040        10.503326640504280        10.776439590828222        10.936379801452251        11.115664721241789        11.563692452319170        11.710499123501840        11.836277466660398        8.5977657969608892        9.2182368372068986     
   48024.184629402189      -0.66020699999999999        2.4774647425675768E-003   8.8198483999999997        6.7501000000000002E-003   10.764061195037138        10.586152265274814        11.102124051258924        10.038929193210807        10.513588114634560        11.045284841244838        11.426844657658924        11.782259156529234        10.573542579515722        11.048284841244838        11.438275143578418        11.729654319603357        11.950044633844266        9.2971388670625696        10.534668046656259        10.804277158271661        10.962988945988615        11.140304691648071        11.585163237458348        11.731060514397663        11.856620695188079        8.6482872901204662        9.2631653826483582     
   47516.123232617589      -0.67912899999999998        2.7308812974119975E-003   8.8202940000000005        6.7466999999999996E-003   10.791475616020154        10.614992822968826        11.126236687969008        10.073574207676412        10.542354552922138        11.071028621624631        11.450955511969010        11.805074761680604        10.601595949447802        11.074028621624631        11.462241323875634        11.752571537034079        11.972174663513059        9.3315806569694608        10.564598846550279        10.830861329759234        10.988398614257417        11.163833365154940        11.605663905857433        11.750691516416044        11.876041895835410        8.6965481899234049        9.3060773966147998     
   47016.576186210863      -0.69794900000000004        3.0348622677887818E-003   8.8207526000000005        6.7431000000000001E-003   10.818510450813152        10.643430058291765        11.150025548028912        10.107716466540802        10.570719231122391        11.096421535433036        11.474742537628911        11.827588482906441        10.629259427383085        11.099421535433036        11.485886904090160        11.775185167669198        11.994014536760519        9.3655230970152861        10.594107733088721        10.857080871128483        11.013462613151377        11.187048286645746        11.625901559756395        11.770073356067565        11.895216251331279        8.7440836168066678        9.3483488419175682     
   46558.073329582308      -0.71540499999999996        3.3735534806157261E-003   8.8211843999999999        6.7397999999999998E-003   10.843319775685533        10.669526645562701        11.171856127636580        10.139047216758314        10.596749531816517        11.119724505781914        11.496571390036582        11.848248914681395        10.654646096877936        11.122724505781914        11.507586637744215        11.795937300015478        12.014056751330713        9.3966704460901482        10.621187612649717        10.881142860042484        11.036463340591762        11.208352349619979        11.644473110785373        11.787858747336902        11.912810013251214        8.7877119636198060        9.3871413884069845     
   46145.568421608994      -0.73127100000000000        3.7391281429862032E-003   8.8215903999999998        6.7365999999999997E-003   10.865712371478182        10.693077503097680        11.191569181138352        10.167305422851260        10.620241007420773        11.140762446989203        11.516282819538354        11.866909326473316        10.677558441611030        11.143762446989204        11.527182551384549        11.814680212788989        12.032161151302343        9.4247636502199050        10.645622861931361        10.902863928153405        11.057229035803392        11.227591892283062        11.661254247051492        11.803932013648513        11.928709926377731        8.8270384520322871        9.4221134130599715     
   45768.955347951989      -0.74588500000000002        4.1342582115312890E-003   8.8219680999999994        6.7336999999999996E-003   10.886147502907201        10.714570172732936        11.209558318995084        10.193094277457215        10.641679691598226        11.159961279081637        11.534270446595082        11.883937585895458        10.698468356685362        11.162961279081637        11.545065229125663        11.831783794825869        12.048681978778289        9.4504018595963988        10.667922743171745        10.922686678320611        11.076179052094711        11.245148920808324        11.676566891091733        11.818597891657062        11.943216643943858        8.8629360963502410        9.4540322906160927     
   45421.973544075925      -0.75946400000000003        4.5597768101400503E-003   8.8223298999999997        6.7308999999999997E-003   10.905014430696401        10.734411543972985        11.226171982800508        10.216892495056666        10.661471521638408        11.177689626259465        11.550882663200507        11.899666057771707        10.717772965000112        11.180689626259465        11.561581257731344        11.847581663062893        12.063943084090017        9.4740612844742991        10.688507619219418        10.940990051545548        11.093677907829306        11.261364614410002        11.690714760231064        11.832149432388373        11.956620814870778        8.8960511795031429        9.4834787045992393     
   45096.828441713675      -0.77228600000000003        5.0188530612204265E-003   8.8226721999999995        6.7282000000000002E-003   10.922716875625609        10.753027133588811        11.241763306963508        10.239214652497528        10.680040869888446        11.194325522350026        11.566472618163511        11.914428053923261        10.735885740906847        11.197325522350022        11.577081468362783        11.862408688234916        12.078267295552950        9.4962533838742136        10.707819740405748        10.958164967454577        11.110098560003758        11.276583182904860        11.703995768966438        11.844871264450591        11.969203836493753        8.9271065671710961        9.5110938463530612     
   44789.993559905837      -0.78448099999999998        5.5127085167410430E-003   8.8230076999999998        6.7256000000000000E-003   10.937855992857243        10.768931804243726        11.255137896480734        10.258089361665094        10.695944069913468        11.208589741243253        11.579845865680733        11.927133822000544        10.751442032673376        11.211547739955234        11.590405395941248        11.875175823288563        12.090614314811914        9.5150053590890540        10.724322081505639        10.972841748971367        11.124141970960922        11.289677860528657        11.715484236467669        11.855717925829721        11.979631945037552        8.9560558377505526        9.5348605560276329     
   44493.851397458071      -0.79632899999999995        6.0451425463429300E-003   8.8233286000000000        6.7231000000000001E-003   10.951760471449054        10.783532164760421        11.267440640195330        10.275321432313836        10.710561856895156        11.221708107347714        11.592147325795329        11.938841714190245        10.765762393892613        11.224606877627204        11.602674570325865        11.886942943910752        12.102000405736662        9.5321189728728175        10.739472924379731        10.986315485670763        11.137039566200412        11.301742406913297        11.726097790570050        11.865661257109727        11.989043504025153        8.9838250177274812        9.5567676134155715     
   44207.199145956612      -0.80787299999999995        6.6177887907438449E-003   8.8236466999999994        6.7206999999999996E-003   10.965213209881687        10.797658395798068        11.279342911669856        10.291994770817807        10.724705105531394        11.234399804727849        11.604048324869856        11.950168136361766        10.779617717877349        11.237241244557039        11.614544079003201        11.898326696532576        12.113015608003570        9.5486776504761881        10.754132147068672        10.999351165752701        11.149517686977942        11.313414084186617        11.736365152183053        11.875279693770834        11.998147239033555        9.0106969652967610        9.5779656795491963     
   43925.326669882692      -0.81929700000000005        7.2351079072032294E-003   8.8239567000000001        6.7183000000000000E-003   10.978454690287714        10.811561976445534        11.291059800705080        10.308402696347672        10.738625559879994        11.246892782994950        11.615763973905077        11.961318800444845        10.793255059749876        11.249677848328924        11.626228460636158        11.909533735110868        12.123860532517620        9.5649728270156249        10.768559971874206        11.012182390991088        11.161800800965311        11.324904235240984        11.746474728259317        11.884751036698598        12.007112451504389        9.0371321903562265        9.5988222698917145     
   43646.758939350111      -0.83065999999999995        7.8990647338132193E-003   8.8242703999999996        6.7158000000000001E-003   10.991582599740571        10.825344136882233        11.302680934813061        10.324659578820288        10.752424541486128        11.259280849978982        11.627383853213061        11.972380289491763        10.806774218825481        11.262010201766852        11.637817207205266        11.920650937703890        12.134620127826775        9.5811182823960301        10.782860375395298        11.024904739251763        11.173981580134360        11.336301260364539        11.756507537869087        11.894152921331756        12.016014169022586        9.0632979993725122        9.6194752253751012     
   43366.962055849508      -0.84213700000000002        8.6147078715272298E-003   8.8245760000000004        6.7134999999999998E-003   11.004700262463320        10.839118733179099        11.314285249564907        10.340919521976097        10.766216161529275        11.271655239458347        11.638986945564906        11.983422565676602        10.820284819585130        11.274328631869519        11.649388696864545        11.931749173265434        12.145359472843982        9.5972663067984385        10.797155629828747        11.037614884991328        11.186147933453203        11.347680515209582        11.766516966189190        11.903528550361880        12.024887386062407        9.0895091091640872        9.6401499356817943     
   43087.073743354798      -0.85369700000000004        9.3840312803661740E-003   8.8248876999999997        6.7111000000000002E-003   11.017854534791573        10.852930055689415        11.325925631405690        10.357216735363016        10.780044659407517        11.284065873606190        11.650626080605688        11.994500677292395        10.833832182350877        11.286683288354860        11.660995974769479        11.942883262543726        12.156134822420631        9.6134515648603571        10.811487926669480        11.050361385114163        11.198350585518975        11.359095739600372        11.776562112553352        11.912939520270628        12.033795803808667        9.1157598604574108        9.6608628945969262     
   42803.866413566568      -0.86546500000000004        1.0212374322863411E-002   8.8251966999999993        6.7086999999999997E-003   11.031155684523696        10.866895865132367        11.337694989556955        10.373697627012735        10.794027978731133        11.296614410400199        11.662394202756953        12.005701148784087        10.847531058344703        11.299175183682916        11.672731549159419        11.954140375501375        12.167029228877901        9.6298191735781593        10.825981019186717        11.063249770703923        11.210688830329822        11.370637295887807        11.786717707953176        11.922453313664253        12.042801060008674        9.1423109689342006        9.6818112440006026     
   42516.352588124253      -0.87748499999999996        1.1101677451061874E-002   8.8255108999999994        6.7063000000000001E-003   11.044647451675528        10.881062258702945        11.349631668451400        10.390417061087662        10.808212292664029        11.309341978043568        11.674329624851401        12.017060286427649        10.861426601652154        11.311845248561189        11.684633644129233        11.965557015910020        12.178077933855560        9.6464236021229137        10.840682858005406        11.076322354937817        11.223203050475147        11.382342706921898        11.797016363384683        11.932100261517474        12.051931739776100        9.1692526194265280        9.7030655018333452     
   42224.547097036782      -0.88976500000000003        1.2057609761767309E-002   8.8258238000000002        6.7038000000000002E-003   11.058361500289919        10.895460821348372        11.361767464213919        10.407406480057723        10.822629177657028        11.322280261633555        11.686464169013917        12.028609968007991        10.875550429554067        11.324725171052961        11.696734046796600        11.977165058588582        12.189312841941753        9.6632962988965367        10.855624992882362        11.089610805117111        11.235924960419844        11.394243806691545        11.807490073994046        11.941912426098870        12.061219906073536        9.1966154764951256        9.7246567772704964     
   41927.213502774968      -0.90235600000000005        1.3081516567124538E-002   8.8261424000000002        6.7013999999999997E-003   11.072287792181994        10.910084443504465        11.374085605896978        10.424669740637752        10.837271618975334        11.335415941418338        11.698781036296976        12.040330893702530        10.889894262878107        11.337801384118896        11.709015824555243        11.988945451001973        12.200713331247597        9.6804406260388642        10.870802634670339        11.103103285215012        11.248840318091430        11.406322807099199        11.818114947154813        11.951863071790049        12.070636625695043        9.2244474859709040        9.7466084707098783     
   41623.442880257222      -0.91530299999999998        1.4178740199511338E-002   8.8264575000000001        6.6990000000000001E-003   11.086498794770085        10.925007661364679        11.386653726323475        10.442289444456796        10.852214191857469        11.348819045765966        11.711347896323472        12.052288952083989        10.904531804737724        11.351143734342019        11.721546495337902        12.000964263507937        12.212344314525870        9.6979388216088989        10.886291994673003        11.116870914309656        11.262018500562958        11.418646650627677        11.828953606014538        11.962012819858318        12.080240847042779        9.2528632168252454        9.7690173864015346     
   41314.737715033734      -0.92856000000000005        1.5350264704165454E-002   8.8267804000000005        6.6965000000000002E-003   11.100960615892278        10.940193123846322        11.399445956353462        10.460214876551264        10.867419488576198        11.362459690821490        11.724138834753459        12.064461188583527        10.919427104691229        11.364722638364496        11.734300348493706        12.013198241040522        12.224184481701320        9.7157407716372806        10.902052960689135        11.130882005563448        11.275430724123391        11.431190624925486        11.839988556560408        11.972347493203605        12.090021142690665        9.2817588601710472        9.7918092221912207     
   40999.069477186495      -0.94220300000000001        1.6601117204993729E-002   8.8271008000000002        6.6940000000000003E-003   11.115730430466741        10.955702690166248        11.412508599243548        10.478525908161085        10.882949470121492        11.376389634352183        11.737200196043549        12.076889931797918        10.934640136398677        11.378589448247620        11.747323442533062        12.025690117902482        12.236273971881030        9.7339255359519612        10.918151145062556        11.145190750979559        11.289127266689174        11.443999451625295        11.851254746121715        11.982897515816280        12.100004244075215        9.3112860057404312        9.8150956927051318     
   40677.850888043613      -0.95618999999999998        1.7930983252235820E-002   8.8274247999999993        6.6915000000000004E-003   11.130745835229138        10.971470678273384        11.425786831624574        10.497144293032090        10.898738391497833        11.390550233513604        11.750477132424574        12.089523135000665        10.950106543185878        11.392685803691212        11.760561104375672        12.038387564823054        12.248562283315216        9.7524154333873092        10.934518259899356        11.159736812447949        11.303050528248487        11.457019413135011        11.862705297224128        11.993619156753375        12.110148987551852        9.3413163456669146        9.8387763219255895     
   40350.786107919637      -0.97053800000000001        1.9344796422834890E-002   8.8277482000000003        6.6889999999999996E-003   11.146019865972939        10.987510790504707        11.439292125355703        10.516086359514993        10.914799964913929        11.404953728244308        11.763981132555703        12.102371711971543        10.965839758221847        11.407023885465890        11.774024769337263        12.051301554749958        12.261060011319486        9.7712266739581608        10.951168549919672        11.174532784914803        11.317212538739863        11.470261761442039        11.874350069600077        12.004521631828279        12.120464039622533        9.3718765779561330        9.8628720481514023     
   40019.255043073390      -0.98520200000000002        2.0841371387096332E-002   8.8280770999999998        6.6864999999999997E-003   11.161491567723230        11.003758866722192        11.452970928155827        10.535275668339208        10.931069972419854        11.419542833537557        11.777658619755824        12.115384821441969        10.981776919062922        11.421546684546170        11.787661025160501        12.064380970433357        12.273717830488982        9.7902833703564394        10.968035313342318        11.189519727485871        11.331557034869677        11.483674023790284        11.886143276800970        12.015562223798073        12.130909191275604        9.4028413420072763        9.8872847068593881     
   39681.309900176042       -1.0002599999999999        2.2424938300181198E-002   8.8284035999999997        6.6839999999999998E-003   11.177397866487272        11.020458233234613        11.466967869236022        10.555281546930633        10.947931192684525        11.434441796187802        11.791704227738244        12.128753233138593        10.998189516037009        11.436551168335495        11.801704227738242        12.077912578188506        12.286966901734154        9.8101721747829416        10.985568572884173        11.204979230583010        11.346391823285582        11.497444936883888        11.898274230486990        12.026900249339651        12.141576483540003        9.4345902122200265        9.9126442300255952     
   39339.877206442390       -1.0156040000000000        2.4093865655907137E-002   8.8287355999999999        6.6813999999999997E-003   11.193502337809816        11.037363636865264        11.481137827316799        10.575545972072389        10.965008640662040        11.449521969429140        11.805926835245250        12.142291647258132        11.014807464400151        11.451748080497472        11.815926835245248        12.091621708654911        12.300398689001236        9.8303198610040585        11.003328886249156        11.220634314359360        11.361418019100695        11.511388873191573        11.910562324752233        12.038386083296791        12.152380780109672        9.4667021387900068        9.9383189288408627     
   38993.211018096023       -1.0313049999999999        2.5851634538197658E-002   8.8290634000000008        6.6788999999999998E-003   11.209808822194582        11.054482847929361        11.495479775274127        10.596075283828416        10.982302496020310        11.464788455248872        11.820322721994110        12.155992890430305        11.031635259267439        11.467132649419838        11.830322721994111        12.105496284921255        12.313990743390335        9.8507310896574474        11.021316073984117        11.236483632572714        11.376629254928886        11.525500926863192        11.922993675073656        12.050003395738880        12.163306071375072        9.4992595119550884        9.9643409608188946     
   38643.726523123500       -1.0472820000000000        2.7695868885785926E-002   8.8293972000000007        6.6762999999999996E-003   11.226274524602333        11.071767428461529        11.509964474246514        10.616797205797296        10.999763153999966        11.480205704171704        11.834862254079512        12.169832118325759        11.048626523617648        11.482668472277146        11.844862254079514        12.119510255064197        12.327718969859765        9.8713344376918553        11.039475700953721        11.252487513859462        11.391990335538706        11.539753380075082        11.935552203723693        12.061741711064498        12.174346752910749        9.5321063954219820        9.9905998015943265     
   38290.849369848504       -1.0635470000000000        2.9630221179293700E-002   8.8297264999999996        6.6737999999999997E-003   11.242859965562962        11.089179218942911        11.524549295901698        10.637679290048998        11.017352700257986        11.495732513672509        11.849502919097132        12.183765711836825        11.065742597508189        11.498314559792155        11.859502919097130        12.133620287151905        12.341539559445968        9.8920972439293511        11.057771001518288        11.268605756541954        11.407459984477081        11.554103285391195        11.948192249435868        12.073554090055920        12.185454694795615        9.5652301277134395        10.017072076935994     
   37935.691073198002       -1.0800660000000000        3.1651261918372087E-002   8.8300576000000000        6.6712999999999998E-003   11.259610240970176        11.106803167750584        11.539295850672769        10.658827653845325        11.035123398150585        11.511427611026448        11.864263696209367        12.197836705582485        11.083059089223781        11.514097083789771        11.874263696209365        12.147836705582485        12.355440605465635        9.9131157297819250        11.076262312840864        11.284851459153248        11.423075226163046        11.568569223319241        11.960927448285229        12.085478600031625        12.196702367041421        9.5986661789466403        10.043856596674157     
   37577.856185810837       -1.0968570000000000        3.3762655532180448E-002   8.8303849999999997        6.6686999999999996E-003   11.276796779449931        11.125063210892499        11.554510368471888        10.680784772880479        11.053384750892498        11.527598216068370        11.879299296564795        12.212276672782505        11.100962607078309        11.530208808007362        11.889299296564793        12.162276672782504        12.369457653183233        9.9348952409733826        11.095296906581883        11.301377279882558        11.439065604161275        11.583301940811612        11.973869681740666        12.097703854112289        12.208392178391005        9.6328560783479880        10.071539073907502     
   37219.282782645489       -1.1138420000000000        3.5960718688450098E-002   8.8307143000000003        6.6661999999999997E-003   11.293984599351635        11.143326751003698        11.569722083056185        10.702752537298526        11.071649608203700        11.543768477786962        11.894331724447508        12.226711761334080        11.118868890986342        11.546319590499571        11.904331724447509        12.176711761334083        12.383469888482836        9.9566850358898478        11.114337072725800        11.317903480604322        11.455055261978288        11.598031322917546        11.986804879630775        12.109920587996065        12.220072369370033        9.6670809355224705        10.099244012776197     
   36859.038323261171       -1.1310620000000000        3.8248973072737072E-002   8.8310370000000002        6.6636999999999998E-003   11.311248725535982        11.161671610566199        11.585000992313923        10.724818491949165        11.089995758566200        11.560010760728563        11.909430511475549        12.241210000737645        11.136854796889459        11.562501692505769        11.919430511475550        12.191210000737648        12.397544250668130        9.9785721591107901        11.133462602142473        11.334503426405302        11.471116131890192        11.612826174021606        11.999797217637912        12.122191146284436        12.231803851769328        9.7014601253510619        10.127073878776983     
   36498.498624141481       -1.1484589999999999        4.0623563297346663E-002   8.8313611000000005        6.6611999999999999E-003   11.328526441510467        11.180030945638046        11.600291850743249        10.746901493677376        11.108356390038045        11.576266264990080        11.924541100055320        12.255719075984350        11.154854888662188        11.578696492982898        11.934541100055318        12.205719075984346        12.411630034734925        10.000476187389451        11.152603720396945        11.351116877565937        11.487190069902146        11.627633037486644        12.012800086207351        12.134471639055631        12.243544831391846        9.7358655247301318        10.154925515691113     
   36137.408080166962       -1.1660509999999999        4.3088488669334762E-002   8.8316786999999994        6.6588000000000003E-003   11.345796720687432        11.198384496446934        11.615572320728354        10.768984013831894        11.126711211246931        11.592513213101221        11.939641024768434        12.270216153915399        11.172848619327098        11.594882230127936        11.949641024768436        12.220216153915402        12.425704087582222        10.022379432671976        11.171740663259882        11.367722375421053        11.503255202341300        11.642429271421889        12.025789597022722        12.146737698383056        12.255270525303306        9.7702883283195661        10.182785484549221     
   35777.171270084167       -1.1837730000000000        4.5639831175030933E-002   8.8319983999999998        6.6563999999999998E-003   11.363292130835088        11.216885745858534        11.630859763290637        10.791391209055256        11.145325153823489        11.608951638245340        11.954859763290635        12.284683247464500        11.190954367529962        11.611220779879041        11.964859763290633        12.234794661829458        12.439863283500888        10.044682659456601        11.191098804883321        11.384481936576602        11.519400815915425        11.657383812127023        12.038791932544839        12.159129695849963        12.267012031990131        9.8053399569349153        10.211142754265172     
   35416.937086910882       -1.2016680000000000        4.8282216501101205E-002   8.8323111999999995        6.6540000000000002E-003   11.380950025515068        11.235503668013893        11.646172382179989        10.814029186682211        11.164124444270437        11.625530081575798        11.970172382179991        12.299152220513369        11.209153864684700        11.627676045735358        11.980172382179989        12.249443751969915        12.454093948640720        10.067262446266108        11.210619814896619        11.401358669672787        11.535617773862713        11.672455620707341        12.051819968861013        12.171616129691381        12.278779248665201        9.8408274811212113        10.239845270988623     
   35058.473312881062       -1.2196540000000000        5.1011521694755001E-002   8.8326253000000001        6.6515999999999997E-003   11.398524846364197        11.254034250931959        11.661413419297926        10.836559128533899        11.182835515475517        11.642030767502842        11.985413419297924        12.313554188030089        11.227267637594878        11.644054589609247        11.995413419297925        12.264024951373649        12.468258338036570        10.089734041883936        11.230049070049755        11.418155703939998        11.551758739615721        11.687456566904402        12.064788081281613        12.184045290050936        12.290492737876697        9.8761429135702592        10.268409494364960     
   34700.281664304421       -1.2377990000000001        5.3832887521131564E-002   8.8329319999999996        6.6492000000000001E-003   11.416086697058017        11.272551569379289        11.676643343875998        10.859071993275727        11.201533156547136        11.658519270050931        12.000643343875996        12.327946168518789        11.245368002561563        11.660421531365117        12.010643343875998        12.278596027686639        12.482412460868908        10.112188144793691        11.249464321218525        11.434939955904596        11.567887823715235        11.702446180226119        12.077747295176007        12.196465989672461        12.302198281001075        9.9114307003966999        10.296951628500516     
   34344.642493590065       -1.2560009999999999        5.6742106255147147E-002   8.8332399000000006        6.6468999999999999E-003   11.433496189007805        11.290910166360426        11.691737486416141        10.881396731710950        11.220070804713629        11.674863076088574        12.015737486416139        12.342208757036708        11.263312184867416        11.676645061721963        12.025737486416141        12.293036435789915        12.496438454296907        10.134454107724352        11.268714479326448        11.451576930808386        11.583874758982162        11.717301264476340        12.090587327011072        12.208771331151453        12.313793575738636        9.9464384347685133        10.325262225733319     
   33990.300179723381       -1.2743190000000000        5.9744998750317961E-002   8.8335402999999992        6.6445999999999996E-003   11.450845999182242        11.309209259843072        11.706775616840311        10.903646760472672        11.238549891605004        11.691146211011276        12.030775616840309        12.356415585437823        11.281202801326380        11.692808820552933        12.040775616840307        12.307420435347964        12.510405885617551        10.156641910562534        11.287906681703902        11.468156668535137        11.599803970642792        11.732092744709895        12.103378406808510        12.221024845967957        12.325352548651264        9.9813632136706261        10.353500137161511     
   33638.684220586467       -1.2926850000000001        6.2837130107249214E-002   8.8338423000000006        6.6422000000000000E-003   11.468145028765193        11.327564345303436        11.721609710709298        10.925921456582799        11.257140959485085        11.707215792737244        12.045609710709297        12.370310464968817        11.299324203707911        11.708760352739482        12.055609710709298        12.321491122858525        12.523949149189406        10.178740798693092        11.307319031041672        11.484692175100548        11.615579694849778        11.746396998640179        12.115925788943109        12.232867788184283        12.336963015788761        10.017584381947707        10.382572261375543     
   33288.635974773933       -1.3111489999999999        6.6025037885692431E-002   8.8341355999999998        6.6400000000000001E-003   11.485303445859286        11.345774080334964        11.736314270482703        10.948032650468738        11.275586006825739        11.723150214170994        12.060314270482705        12.384079615941479        11.317302120466058        11.724577691836542        12.070314270482703        12.335435297954090        12.537368251916250        10.200676968456127        11.326581257210639        11.501091355152544        11.631222009823928        11.760574139644865        12.128353861918731        12.244594591468280        12.348459173999379        10.053581570965205        10.411451428704359     
   32941.471859496560       -1.3296570000000001        6.9304342424239343E-002   8.8344293000000000        6.6378000000000001E-003   11.502324862995261        11.363838164616771        11.750902014411738        10.969965169072831        11.293883887466889        11.738957731703499        12.074902014411736        12.397739235280612        11.335137119636000        11.740269492013114        12.084902014411741        12.349268499350865        12.550680707140112        10.222435905002579        11.345689183438283        11.517360591403738        11.646740227942862        11.774638787800983        12.140683864298465        12.256229090817458        12.359865763036689        10.089287298471929        10.440096969702127     
   32596.952527823363       -1.3482040000000000        7.2681909018049398E-002   8.8347148000000004        6.6356000000000002E-003   11.519220588570063        11.381768590186590        11.765382678664826        10.991733904572639        11.312046690894670        11.754648781617442        12.089382678664824        12.411298483012393        11.352840978258397        11.755846116453347        12.099382678664822        12.363000006748480        12.563895435540216        10.244032380836549        11.364655451003122        11.533510687033603        11.662144592717260        11.788600389056560        12.152924010895676        12.267779056751321        12.371190304023129        10.124725908675495        10.468528382887980     
   32254.996566498437       -1.3668089999999999        7.6153565836677956E-002   8.8350001000000002        6.6334000000000002E-003   11.535994468130298        11.399569478830802        11.779759442895784        11.013343714450677        11.330078631880248        11.770226956513042        12.103759442895786        12.424760282979339        11.370417777262691        11.771311105328987        12.113759442895788        12.376632784696088        12.577015279545837        10.265471212733928        11.383484489931309        11.549545260611936        11.677438603612234        11.802461936945537        12.165076920178027        12.279246912911024        12.382435211742912        10.159905451288022        10.496752081152600     
   31915.525527095804       -1.3854679999999999        7.9726532402879177E-002   8.8352775000000001        6.6312999999999997E-003   11.552404462941899        11.417026826053336        11.793747574395118        11.034482815387653        11.347751283289787        11.785449912286735        12.117747574395116        12.437826338520130        11.387666808816887        11.786449912286733        12.127733166851391        12.389854168212858        12.589741864047225        10.286440578151202        11.401948061928325        11.565334396012721        11.692393267506558        11.815953050229487        12.176871787864966        12.290390544006611        12.393399466462887        10.195307240744141        10.524837890588357     
   31579.554570978326       -1.4041310000000000        8.3397017955186475E-002   8.8355563999999998        6.6292000000000000E-003   11.568013414604993        11.433755255611961        11.806833397087329        11.054558522632865        11.364649929526470        11.799884081203414        12.130833397087327        12.449959553194871        11.404229484097451        11.800884081203419        12.140761453492720        12.402097832314778        12.601539107765850        10.306348299918357        11.419629099504418        11.580664912770578        11.706601914894298        11.828590221338404        12.187830219793296        12.300790990524467        12.403745723729861        10.231861624062860        10.552925103004091     
   31245.753337299091       -1.4228609999999999        8.7173099594911096E-002   8.8358267000000001        6.6271000000000004E-003   11.583523392870411        11.450377093985772        11.819836622500155        11.074505129331861        11.381440830917121        11.814226836350958        12.143836622500153        12.462016737916144        11.420686584254423        11.815226836350959        12.153707153496065        12.414264392243403        12.613262491253444        10.326128006000509        11.437196978569787        11.595898615211802        11.720720244015517        11.841148107910193        12.198720181396688        12.311127319279471        12.414027770675379        10.268183680446974        10.580832170713514     
   30916.263489809273       -1.4415490000000000        9.1050796077156521E-002   8.8360976999999998        6.6249999999999998E-003   11.598839178625481        11.466790032769280        11.832677982399050        11.094198687200683        11.398020682624376        11.828390491639814        12.156677982399051        12.473924605710346        11.436936946114185        11.829390491639812        12.166491367957184        12.426279859523573        12.624840869200154        10.345656818945587        11.454543409457989        11.610942056557155        11.734662008942850        11.853550210475630        12.209475918724676        12.321337283788031        12.424183841746162        10.304044483011543        10.608384114873898     
   30589.050748784681       -1.4602980000000001        9.5038306474889686E-002   8.8363606000000008        6.6230000000000004E-003   11.614018669926358        11.483058733857801        11.845400223342244        11.113724501652134        11.414455093283410        11.842425789947105        12.169400223342242        12.485720191636409        11.453044144032196        11.843425789947103        12.179156522494432        12.438181965414207        12.636309242385190        10.365019027026529        11.471738765563641        11.625851421522951        11.748476614473686        11.865836615513230        12.220127311657153        12.331447372450340        12.434239998802530        10.339628783515144        10.635714653151316     
   30265.301174579137       -1.4790430000000001        9.9131594195738734E-002   8.8366240999999999        6.6210000000000001E-003   11.629041782612870        11.499159191452794        11.857992052222212        11.133046453972572        11.430719533665506        11.856316833123895        12.181992052222210        12.497395496394997        11.468984834840082        11.857316833123893        12.191691518773165        12.449962312358661        12.647660797569575        10.384179104559866        11.488755747280013        11.640607617236494        11.762148950262137        11.877997544633125        12.230670546906023        12.341455719753274        12.444194675504225        10.374842442021482        10.662759439668054     
   29943.392285802012       -1.4978730000000000       0.10333979817566905        8.8368792999999997        6.6191000000000002E-003   11.643742454597890        11.514912277740480        11.870286385592978        11.151983510728124        11.446700855414543        11.869939820809629        12.194286385592976        12.508805980810246        11.484607312140485        11.870939820809634        12.203901932833114        12.461441200204719        12.658732109690524        10.402926903013929        11.505409945928742        11.655053036238028        11.775498760335571        11.889862588524442        12.240966411462127        12.351237648793594        12.453952355347932        10.410131200409095        10.689497862897275     
   29625.589442519635       -1.5166640000000000       0.10765851462418413        8.8371350000000000        6.6170999999999999E-003   11.657341215544697        11.529464447217137        11.881561305196261        11.169592655736235        11.461779851276393        11.882697020927960        12.205561305196262        12.519333447025598        11.499161527217137        11.883697020927958        12.214968851694483        12.471871490579524        12.668845620022044        10.420218245178756        11.520805721833874        11.668445842042917        11.787730156868701        11.900707857583075        12.250445338907081        12.360288971293897        12.463116548349603        10.446420482791137        10.715372950230726     
   29310.687149111938       -1.5354800000000000       0.11209754968549732        8.8373834999999996        6.6151999999999999E-003   11.670785762583545        11.543853701136211        11.892704534332484        11.187010551367067        11.476690456559961        11.895308296308901        12.216704534332486        12.529735436352684        11.513552769136208        11.896308296308906        12.225906625759617        12.482178466057842        12.678838687206955        10.437321238516180        11.536030235410852        11.681686922010680        11.799821074885148        11.911424749203572        12.259809595505178        12.369228878376266        12.472168884654291        10.482350949257796        10.740981287490154     
   28999.132078705072       -1.5542920000000000       0.11665262431531453        8.8376316999999993        6.6132999999999999E-003   11.684088292811426        11.558090592345634        11.903731994792034        11.204241740915991        11.491441423375308        11.907786178955918        12.227731994792032        12.540028641657821        11.527791645945635        11.908786742647537        12.236731994792033        12.492379732149447        12.688729391028149        10.454241740915991        11.551092632417900        11.694789042181748        11.811786178955918        11.922030377500414        12.269077618293936        12.378077618293938        12.481128026542970        10.517906584600164        10.766316710423228     
   28689.963782252762       -1.5731500000000000       0.12133374877165511        8.8378721999999996        6.6115000000000002E-003   11.696492151811590        11.571313286206696        11.914079383745488        11.219927199148675        11.504773749264828        11.919063958798731        12.238079383745493        12.549555271750378        11.541016263806696        11.920265020758347        12.247079383745490        12.502107822509995        12.698149275092248        10.469927199148675        11.565042332900326        11.707086155153455        11.823063958798731        11.932175344185872        12.277679629497136        12.386679629497138        12.489315085421261        10.553703374102245        10.790335756871201     
   28384.026263445237       -1.5920179999999999       0.12613659918760284        8.8381132999999998        6.6096999999999996E-003   11.708769585320583        11.584400404615687        11.924322417879269        11.235451209308126        11.517969959730250        11.930227698688933        12.248322417879267        12.558986692184169        11.554105311015684        11.931626570510923        12.257322417879267        12.511738017206158        12.707474496669603        10.485451209308126        11.578849454003359        11.719257389806019        11.834227698688929        11.942218639657279        12.286196130574504        12.395196130574503        12.497420414523384        10.589128753384182        10.814104527787963     
   28080.639883958371       -1.6109169999999999       0.13107193016820493        8.8383468000000001        6.6078999999999999E-003   11.720947322372822        11.597380512623751        11.934483304457732        11.250848134352083        11.531058789920948        11.941301546405857        12.258483304457734        12.568343339806809        11.567087287023750        11.942896016424697        12.267483304457734        12.521291197025647        12.716725224109609        10.500848134352083        11.592544122953029        11.731329206675625        11.845301546405857        11.952182060038890        12.294645421058682        12.403645421058684        12.505461332445442        10.624260737094787        10.837675708909650     
   27780.624223702373       -1.6298130000000000       0.13613593343103161        8.8385824000000000        6.6061000000000002E-003   11.732221173584836        11.609447239982661        11.943982650258118        11.265368533707210        11.543375274958962        11.951845410832242        12.267982650258116        12.577189569105521        11.579155899182663        11.953349436787011        12.276982650258116        12.530189569105520        12.725324522929224        10.515226889261978        11.605240321135259        11.742356127408538        11.855626035055945        11.961331213550753        12.302594430576629        12.411375054800327        12.513161445331395        10.658786079216423        10.859542002790391     
   27482.864712325234       -1.6487639999999999       0.14134000880052242        8.8388112000000003        6.6043999999999999E-003   11.743098309236993        11.621110760678176        11.953179207132790        11.279489866223566        11.555338385565848        11.962129773061649        12.277179207132791        12.585789691757443        11.590821250278177        11.963441102595814        12.286179207132792        12.538789691757438        12.733627801269764        10.529156440557733        11.617500276053528        11.752936418749320        11.865612637773973        11.970123117423272        12.310304020294419        12.418786885006741        12.520681084228586        10.692937569763908        10.880683409928062     
   27188.421867092395       -1.6677059999999999       0.14667980500122008        8.8390430000000002        6.6026000000000001E-003   11.753890681683817        11.632680182675784        11.962310274293124        11.293488371058441        11.567204104808692        11.972336041418000        12.286310274293125        12.594330946027309        11.602392526675782        11.973457352691849        12.295310274293126        12.547330946027309        12.741875539894398        10.542965854332291        11.629659510941597        11.763435275550908        11.875524463285092        11.978853462753460        12.317964727628585        12.426153149495679        12.528154554902432        10.726740707195297        10.901621578754121     
   26896.328474561124       -1.6866989999999999       0.15216777232625395        8.8392707000000001        6.6008999999999998E-003   11.764266196247583        11.643692721491604        11.971038269213530        11.306739326451090        11.578473539298457        11.982026430071265        12.295038269213531        12.602473843362652        11.613369867773017        11.983026430071263        12.304038269213532        12.555540495569510        12.749660602430360        10.556059389932507        11.641286780230750        11.773519607522140        11.884922758545827        11.987257451406677        12.325374768030358        12.433234077186338        12.535305325586336        10.759243036269655        10.921473324424682     
   26607.801992828772       -1.7056700000000000       0.15779956799734840        8.8395065000000006        6.5991000000000001E-003   11.774011687735010        11.653828250825898        11.979156942775701        11.318778881792381        11.588796083749353        11.990909171713495        12.303156942775699        12.610014520761359        11.623403885742183        11.991909171713500        12.312156942775699        12.563266301684811        12.756728567830729        10.567996490708664        11.652082036679980        11.782977515727842        11.893516973706324        11.995189109852243        12.332444619830730        12.439912004739844        12.541986082739845        10.789590263435697        10.939524829455026     
   26321.885765765739       -1.7246729999999999       0.16358780124511110        8.8397401000000002        6.5973000000000004E-003   11.783672231523708        11.663875841114708        11.987205922675068        11.330712739397582        11.599028459992175        11.999714770021003        12.311205922675070        12.617490733806600        11.633350345757941        12.000714770021004        12.320205922675070        12.570925431884069        12.763736881894898        10.579828283640813        11.662782311903877        11.792353077689471        11.902036655786771        12.003053303797598        12.339454802694897        12.446533272303897        12.548610153503899        10.819660795923612        10.957413028244373     
   26039.041873986971       -1.7436739999999999       0.16952832483053487        8.8399769999999993        6.5954999999999998E-003   11.793232534501563        11.673819533144794        11.995172550262705        11.342521579509672        11.609154450753593        12.008429384123524        12.319172550262703        12.624890726010676        11.643193492627582        12.009429384123528        12.328172550262703        12.578505827619473        12.770674574275869        10.591535630992453        11.673370602488401        11.801631484375552        11.910468425997514        12.010837632653910        12.346394390275869        12.453087575632640        12.555167299632640        10.849406196780372        10.975108845304668     
   25758.822116967418       -1.7626990000000000       0.17563472190541604        8.8402054000000003        6.5938000000000004E-003   11.801826409860670        11.682860921837097        12.002583341528542        11.353256486735290        11.618308765626736        12.016426518894605        12.326429185835146        12.631827186352115        11.652308765626735        12.017426518894602        12.335496319338898        12.585312209058721        12.777548829552114        10.602256486735289        11.682982456003160        11.809946053577637        11.918426518894606        12.017827186352115        12.352788116986048        12.459186117503016        12.561181560113376        10.875909448034058        10.990748294746844     
   25481.617951404929       -1.7817229999999999       0.18190205203801890        8.8404334999999996        6.5919999999999998E-003   11.810229599640028        11.691717113325250        12.009879539445649        11.363763129616821        11.627266363737220        12.024278037542835        12.333548673809020        12.638668557760425        11.661266363737219        12.025278037542837        12.342692023033681        12.591975958123793        12.784392025760425        10.612763129616823        11.692392143422442        11.818072951591432        11.926278037542836        12.024668557760421        12.359078729663231        12.465198613614639        12.567096299202674        10.901690891139602        11.005958284442940     
   25206.816509859938       -1.8007800000000000       0.18834449385427685        8.8406529000000003        6.5903999999999997E-003   11.818499212183447        11.700435350029274        12.017051701422886        11.374117888570112        11.636085579163726        12.032000680003165        12.340546135467200        12.645390340377059        11.670085579163725        12.033000680003166        12.349764083888431        12.598522162821371        12.791115563577058        10.623117888570114        11.701659105409554        11.826068640293308        11.934000680003166        12.031390340377058        12.365254419796777        12.471098624706642        12.572898841972187        10.927184202322611        11.020975891902495     
   24934.806365679284       -1.8198490000000000       0.19495772349437271        8.8408733999999995        6.5887000000000003E-003   11.826859593986065        11.709286691523538        12.024302109179942        11.384612640398302        11.645055174889023        12.039819687517422        12.347707098945428        12.652171721911301        11.678989981254702        12.040819687517420        12.356938615579942        12.605213218076784        12.797875011642468        10.633571144232818        11.711012089026696        11.834223087586064        11.941795990048583        12.038278411711104        12.371536805208144        12.477108117973827        12.578835105173823        10.952713027567988        11.036157088588261     
   24665.277164135638       -1.8389400000000000       0.20175636638927738        8.8410867999999994        6.5871000000000002E-003   11.835551254635867        11.718613961235619        12.031819102364388        11.395643392778826        11.654555423143460        12.047974850564138        12.355396217072226        12.659149656692655        11.688220700307596        12.048974850564136        12.364454755164385        12.612362424200498        12.804756395764635        10.644430625270985        11.720706292199505        11.842915601835866        11.949852895236113        12.045697147036364        12.378150367328768        12.483451297292905        12.585179991692904        10.978808915303823        11.052056074972590     
   24398.717579772270       -1.8580319999999999       0.20873634213401068        8.8413021999999994        6.5853999999999999E-003   11.844188860533539        11.727880601405147        12.039294554821474        11.406594966357666        11.663992707794222        12.056081922093085        12.363041452410549        12.666091989981020        11.697391425373993        12.057081922093083        12.371929346021474        12.619473678770095        12.811602813949868        10.655213277568592        11.730336268656529        11.851554069333538        11.957862328461928        12.053074961190323        12.384731949129637        12.489765457909414        12.591495875509409        11.004663222078953        11.067823460394994     
   24207.503315109858       -1.8718520000000001       0.21387838531802203        8.8414520999999997        6.5843000000000004E-003   11.850348199281417        11.734491477795505        12.044619927397552        11.414415042249150        11.670725689336091        12.061860631111639        12.368488330538138        12.671034934027769        11.703933192651196        12.062860631111636        12.377254118997552        12.624537528768357        12.816476648883469        10.662912447508564        11.737208068024700        11.857714007681420        11.963570729167333        12.058330025453248        12.389415768998578        12.494257463913687        12.595989080713689        11.023175923302766        11.079099107725195     
   24100.663554166276       -1.8796219999999999       0.21680386294690504        8.8415391999999997        6.5836000000000002E-003   11.853818258387800        11.738213915834596        12.047623928049337        11.418813037464730        11.674516267725302        12.065118055896132        12.371560123140039        12.673825255157670        11.707616931279471        12.066118055896133        12.380257771249337        12.627395293448373        12.819228270602537        10.667242999174025        11.741076393635563        11.861184415187800        11.966788757741003        12.061294629894206        12.392061247756704        12.496795754510874        12.598528068110870        11.033549156734956        11.085428083509292     
   24015.409697246847       -1.8858450000000000       0.21916551797898326        8.8416048000000007        6.5830999999999997E-003   11.856568703165539        11.741165818162106        12.050002407563461        11.422304263969689        11.677522474073797        12.067698780160033        12.373992644275152        12.676033226957955        11.710537883771043        12.068698780160030        12.382635988363464        12.629657044469649        12.821405292566890        10.670680446457997        11.744144762055921        11.863935122365536        11.969338007368968        12.063641634772399        12.394153540664139        12.498802531161385        12.600535369561388        11.041808797944103        11.090460425489677     
   23929.245206505337       -1.8921570000000001       0.22158262954065475        8.8416756999999997        6.5826000000000001E-003   11.860388176438189        11.745233738018673        12.053304404496334        11.427084531928404        11.681626386799561        12.071320829270309        12.377233649702838        12.679111002947568        11.714555632006064        12.072294883289420        12.385892892883728        12.632725437315848        12.824406950954074        10.675425288747515        11.748375247605662        11.867710070425584        11.972838562864208        12.066796192109340        12.397069601760577        12.501561389373588        12.603268848992702        11.052708338894519        11.097371403257604     
   23841.633082746022       -1.8986000000000001       0.22406707509741880        8.8417425999999999        6.5820999999999996E-003   11.864500716316114        11.749608846667877        12.056859369241620        11.432221398747851        11.686033933038848        12.075226777710634        12.380701002324367        12.682426403465167        11.718875566121591        12.076168661739663        12.389392147895338        12.636017298089856        12.827635006947913        10.680530253176878        11.752925580502387        11.871767435769831        11.976601189447097        12.070175665007111        12.400210580830661        12.504526876596154        12.606202701425181        11.064355464011628        11.104802107787775     
   23753.247830500823       -1.9051240000000000       0.22661339207047149        8.8418151999999992        6.5816000000000000E-003   11.868648163315218        11.754021159023715        12.060444288699053        11.437402030778053        11.690479042222886        12.079165818977046        12.384197536529552        12.685769539561708        11.723232290053389        12.080075196577873        12.392920898128722        12.639336771390553        12.830890048192209        10.685678669178881        11.757514663362713        11.875859294344892        11.980395676237222        12.073583523560053        12.403377817622712        12.507517052483713        12.609160951684540        11.076104297205042        11.112296991641067     
   23663.010694197430       -1.9118010000000001       0.22923209456574289        8.8418840000000003        6.5810000000000000E-003   11.872913090295045        11.758556522212450        12.064134834758731        11.442722180061869        11.695047913913951        12.083217863981941        12.387797845452928        12.689213144744132        11.727710924608145        12.084094008280443        12.396554165154425        12.642756330841324        12.834243691438330        10.690965860360370        11.762230500824058        11.880067492690740        11.984300205071834        12.077093320147126        12.406641774132529        12.510600259520922        12.612211475819423        11.088130658087328        11.119980305610115     
   23572.682134406794       -1.9185209999999999       0.23190343040411943        8.8419580000000000        6.5805000000000004E-003   11.877149278724765        11.763063400321542        12.067796022346069        11.448014489616561        11.699588413506682        12.087240957808440        12.391368704480477        12.692627024244608        11.732161095641089        12.088083776623304        12.400158053665614        12.646146236749289        12.837567538379012        10.696225140431427        11.766918036052729        11.884246974044309        11.988175671262390        12.080573554614880        12.409875884513422        12.513653416782233        12.615231899597099        11.100136520739913        11.127638381501619     
   23479.832801430774       -1.9254490000000000       0.23467522708204780        8.8420287000000002        6.5798999999999996E-003   11.881533115002874        11.767725501798580        12.071588745367194        11.453484309475670        11.704285097842849        12.091405643761469        12.395068578168623        12.696165448481516        11.736764930644277        12.092214162517202        12.403891944612891        12.649660128971483        12.841013396082946        10.701660943031403        11.771765836195719        11.888572543848575        11.992188675808599        12.084180296170054        12.413229458484381        12.516821009287241        12.618365757642970        11.112507626572498        11.135540406106941     
   23386.541431866666       -1.9324380000000001       0.23750328937618939        8.8421047999999995        6.5794000000000000E-003   11.885904095216526        11.772376051720920        12.075365753092820        11.458946290495797        11.708970480835825        12.095556425765354        12.398752294524686        12.699686816126741        11.741357022267694        12.096330415850447        12.407609885239589        12.653156958188420        12.844441776758609        10.707088699780892        11.776602968857192        11.892885065763297        11.996187099343990        12.087770416756550        12.416565156590474        12.519969820254209        12.621480648739302        11.124904357267409        11.143446421220427     
   23292.065353887676       -1.9395460000000000       0.24040765161511712        8.8421772999999995        6.5788000000000001E-003   11.890362450822817        11.777117545561154        12.079222530129123        11.464509847164095        11.713747276778175        12.099791687113573        12.402514595483012        12.703284616802858        11.746039342132065        12.100530665096553        12.411406908300030        12.656730016990785        12.847945391356745        10.712617534347075        11.781533414853378        11.897284247393728        12.000268130638368        12.091437951636898        12.419974875110633        12.523190296618409        12.624666693001387        11.137491114391253        11.151485446372913     
   23196.421944803089       -1.9467710000000000       0.24338380786057148        8.8422544999999992        6.5782000000000002E-003   11.894873822192862        11.781915538358453        12.083124837094909        11.470139998333574        11.718581091125229        12.104077185315697        12.406321259039713        12.706924611450971        11.750777513070032        12.104780650548923        12.415248775806484        12.660345084929316        12.851490051395773        10.718212481566800        11.786522694468848        11.901735796904438        12.004397545972074        12.095148662984515        12.423424509340576        12.526448335230183        12.627889836463408        11.150231871153510        11.159621954258936     
   23100.001069531143       -1.9540810000000000       0.24643028796412125        8.8423283999999995        6.5776999999999997E-003   11.899388148934987        11.786718832126391        12.087025087107166        11.475782510460158        11.723420527571401        12.108363710029041        12.410125088176697        12.710560325556214        11.755520528640931        12.109031328184033        12.419088156421703        12.663955776715762        12.855029640225746        10.723819442215154        11.791518829987334        11.906189845449527        12.008526780413112        12.098855775646230        12.426868268495275        12.529698957034336        12.631105202389330        11.163043184728517        11.167791580661460     
   23002.391984364280       -1.9615130000000001       0.24955560803052640        8.8424069000000003        6.5770999999999998E-003   11.903989521148395        11.791612717595301        12.091004757198023        11.481525909833509        11.728351088651864        12.112734444460566        12.414007149182384        12.714272054253628        11.760353480636228        12.113365701004001        12.423006265038945        12.667642305551114        12.858644073837992        10.729526793976946        11.796607933626573        11.910730284189322        12.012738344285852        12.102639913566749        12.430385721022356        12.533020877391087        12.634391389134526        11.176044397652687        11.176093569748128     
   22904.193286370242       -1.9690200000000000       0.25274734368252316        8.8424820000000004        6.5764999999999999E-003   11.910111368320154        11.798124667174674        12.096249107897487        11.489084409482894        11.734960329888304        12.118503439051596        12.419309473025157        12.719221831756597        11.766864523174673        12.119133511051595        12.428309473025157        12.672652124884268        12.863495953042966        10.737024044355222        11.803447528901524        11.916947031033784        12.018372190752006        12.107783373183858        12.435104560743378        12.537638826029751        12.638852582188450        11.192466658837239        11.187007351332264     
   22805.048489413908       -1.9766379999999999       0.25601801699253079        8.8425615999999998        6.5759000000000000E-003   11.916328153337897        11.804737712980241        12.101573589742621        11.496758877876040        11.741673157290826        12.124361020190520        12.424696361158240        12.724248242410866        11.773478205780243        12.124990773790522        12.433696361158241        12.677741260226483        12.868423537300277        10.744636106460426        11.810394747606971        11.923263597648486        12.024093888584964        12.113008391832036        12.439896898494723        12.542331700584135        12.643384224057932        11.209129749244404        11.198089162930934     
   22705.548622599901       -1.9843070000000000       0.25934977183881075        8.8426375000000004        6.5753000000000001E-003   11.922567133561628        11.811374389071226        12.106917071165025        11.504461070761018        11.748409940448624        12.130239537009921        12.430102413584528        12.729292617032826        11.780115489071228        12.130868987009919        12.439102413584529        12.682848509452327        12.873368715655424        10.752275728341516        11.817366852161321        11.929602684939027        12.029835976674626        12.118252069787623        12.444706255320128        12.547041253942730        12.647932010145823        11.225852537146533        11.209210976550516     
   22604.869283713804       -1.9921089999999999       0.26277634173767472        8.8427188000000001        6.5747000000000002E-003   11.928877948422281        11.818087596087425        12.112321771975706        11.512252364417146        11.755224477203713        12.136185720140565        12.435570358508562        12.734394629426847        11.786829346487425        12.136814844940565        12.444570358508562        12.688014091159703        12.878370373910561        10.760003777884288        11.824419532419713        11.936014829538566        12.035644045240852        12.123555766059420        12.449570449410844        12.551804443494563        12.652531601445416        11.242771467415759        11.220462477754305     
   22503.289120518715       -2.0000119999999999       0.26627970114848698        8.8427956000000005        6.5741000000000003E-003   11.935244147843253        11.824859808961175        12.117773749927924        11.520112652028697        11.762098884640661        12.142184039461679        12.441086090471050        12.739541252489477        11.793602173761176        12.142812857061681        12.450086090471050        12.693224775432608        12.883415724009996        10.767800311485566        11.831534311935975        11.942483223522736        12.041502958245847        12.128905856648441        12.454477007594164        12.556609114314682        12.657171245292073        11.259840795725143        11.231814009867410     
   22401.340120006356       -2.0079799999999999       0.26985584270530438        8.8428775999999996        6.5735000000000003E-003   11.941632986010577        11.831656115130551        12.123245047090636        11.528000916273450        11.768997795810543        12.148203775662084        12.446621298599149        12.744706046650654        11.800399135930553        12.148832265262081        12.455621298599150        12.698453808559167        12.888478897170659        10.775624664764935        11.838674503142014        11.948974666690569        12.047382707410607        12.134274876810638        12.459400849719186        12.561430679439193        12.661827278450685        11.276971660981390        11.243206250164713     
   22298.620688328996       -2.0160429999999998       0.27350887392937778        8.8429549999999999        6.5728999999999996E-003   11.948069278275437        11.838502975522122        12.128756864470400        11.535948322350162        11.775947994833789        12.154268187884416        12.452197456926402        12.749909086535386        11.807246615522121        12.154896367884415        12.461197456926403        12.703721498991388        12.893579527223711        10.783507729894158        11.845867900312800        11.955514297587104        12.053306021717081        12.139683665158724        12.464361001056378        12.566287801744704        12.666517649977028        11.294231252856559        11.254684185802642     
   22196.218941253548       -2.0241180000000001       0.27721938614726821        8.8430373000000007        6.5722999999999997E-003   11.954486543848997        11.845329518883982        12.134252514320277        11.543871941227422        11.782877598342726        12.160314844491996        12.457757168901036        12.755096872744037        11.814073817283980        12.160942695291997        12.466757168901037        12.708973676524796        12.898665240885290        10.791367286646665        11.853039988538210        11.962034623307741        12.059211936955261        12.145076584061531        12.469306631748555        12.571130701489810        12.671194415050305        11.311438383095361        11.266127474502788     
   22092.812156688738       -2.0323129999999998       0.28101866018662308        8.8431156000000009        6.5716999999999998E-003   11.960965481366113        11.852221770339359        12.139800790776317        11.551872349095216        11.789873882982672        12.166419548154241        12.463370085258255        12.760334302446378        11.820966695139358        12.167047085754241        12.472370085258252        12.714276059328323        12.903799577003067        10.799303054613272        11.860281227230665        11.968617594009427        12.065174466949561        12.150521140533005        12.474299420598388        12.576019770355078        12.675915750429827        11.328813173475169        11.277682166729168     
   21989.735218944177       -2.0405190000000002       0.28487378000409513        8.8431978999999998        6.5710999999999999E-003   11.967566011886504        11.859238106034880        12.145469802232849        11.559998505759243        11.797000392172841        12.172639500938125        12.469090572475945        12.765686986532778        11.827990127391782        12.173270535962281        12.478090572475942        12.719693424689680        12.909049513351722        10.807361032578186        11.867634038729740        11.975328298024461        12.071250006400170        12.156086745851791        12.479429958200029        12.581032810413763        12.680768128832710        11.346386546421726        11.289412923625626     
   21885.879311540113       -2.0488179999999998       0.28881301447003399        8.8432764000000006        6.5705000000000000E-003   11.975502726230529        11.867628682452304        12.152433060966450        11.569555022177946        11.805560555961288        12.180122981208749        12.475988413745929        12.772272946080546        11.836446435272824        12.180792454676689        12.484988413745929        12.726344487701068        12.915531930992087        10.816814007089485        11.876258991981805        11.983434599739505        12.078564213299769        12.162945834677990        12.485990194727970        12.587346268683111        12.686978359194649        11.366396583044454        11.303162428784281     
   21782.714533264389       -2.0571109999999999       0.29279740105021318        8.8433586999999996        6.5699000000000000E-003   11.983388206255130        11.875965055276884        12.159351495099694        11.579049283768088        11.814065353855542        12.187558226833373        12.482841916787772        12.778816625587565        11.844848068388805        12.188265933988186        12.491841916787772        12.732952769099485        12.921972774920830        10.826205433101348        11.884828062567466        11.991488504833784        12.085831363054714        12.169760774832961        12.492508493630455        12.593619345942171        12.693148930075436        11.386274887153570        11.316821844392321     
   21678.189082922614       -2.0655429999999999       0.29689704996677135        8.8434377000000008        6.5693000000000001E-003   11.991375569536197        11.884409339492214        12.166358994194796        11.588666759121731        11.822680185838662        12.195089301180184        12.489783709565424        12.785444526014190        11.853358374921585        12.195835827467890        12.498783709565425        12.739646059843563        12.928496465897114        10.835718699004653        11.893507968868031        11.999646415882646        12.093192205633736        12.176663432477719        12.499110770872528        12.599973121150667        12.699398811833591        11.406413141858840        11.330659472892529     
   21573.618770264147       -2.0740289999999999       0.30107255912884667        8.8435208999999997        6.5686000000000000E-003   11.999399627778725        11.892890571323058        12.173402694485709        11.598321389229106        11.831331998757140        12.202656851434391        12.496761731881364        12.792108504592157        11.861905617527405        12.203442270059782        12.505761731881364        12.746375383596501        12.935056206962422        10.845269091599370        11.902224794161484        12.007841055212804        12.100589507600311        12.183602229655975        12.505749295013207        12.606362946728343        12.705684732698607        11.426593143607036        11.344536140643932     
   21468.613625935628       -2.0825819999999999       0.30532912367494947        8.8436000999999997        6.5680000000000001E-003   12.007423513029719        11.901373609396982        12.180442084392135        11.607982739743745        11.839986231674102        12.210222217462457        12.503735248889077        12.798766689366881        11.870454845300040        12.211046768333459        12.512735248889074        12.753099124469943        12.941609703392819        10.854825753769680        11.910944266377163        12.016036135306843        12.107983995585334        12.190536297618072        12.512382006334823        12.612745881915691        12.711963296341628        11.446823415853244        11.358437145977321     
   21363.726034510473       -2.0911729999999999       0.30966294318509990        8.8436836999999997        6.5674000000000001E-003   12.015438947135761        11.909847742194925        12.187474047449156        11.617633548586396        11.848631325728702        12.217779621676604        12.510701472680870        12.805417915984398        11.878995051763210        12.218643320873808        12.519701472680870        12.759815755952685        12.948156376818913        10.864372009420903        11.919654430896989        12.024222530669539        12.115370772942827        12.197463038683663        12.519007979613315        12.619122262885133        12.718235458519645        11.467031398303630        11.372322941203178     
   21258.127133116388       -2.0998610000000002       0.31409526761661610        8.8437633000000009        6.5668000000000002E-003   12.023507859366998        11.918378539427248        12.194552761772325        11.627349051444416        11.857334149768295        12.225387285706741        12.517714077498159        12.812113405697506        11.887592276901412        12.226290474299461        12.526714077498159        12.766577036771675        12.954746586030627        10.873982231777529        11.928422727642463        12.032463469708045        12.122806728565696        12.204435835705443        12.525678122816061        12.625541082089573        12.724549315622692        11.487375448006940        11.386302207912475     
   21152.563135850931       -2.1085959999999999       0.31860796994103380        8.8438473999999996        6.5662000000000003E-003   12.031574504191745        11.926906981033802        12.201629453428950        11.637061479032674        11.866034514976640        12.232992806549692        12.524724745950259        12.818807045757808        11.896187078112490        12.233935535935149        12.533724745950259        12.773336363636503        12.961334998493662        10.883589431768527        11.937188443255330        12.040702038134587        12.130240662206852        12.211406626964799        12.532346626064577        12.631958243750820        12.730861586086668        11.507712989726272        11.400277072584096     
   21046.554098265278       -2.1173999999999999       0.32321018793652745        8.8439270000000008        6.5656000000000004E-003   12.039674770627846        11.935471063487634        12.208735540259385        11.646814607802751        11.874771154038251        12.240629893768057        12.531764603610499        12.825528557905296        11.904817708136518        12.241612403020904        12.540764603610500        12.780123786554180        12.967950820003560        10.893236869901019        11.945990674687140        12.048974861178467        12.137705511217435        12.218406386357648        12.539042962509258        12.638402145452938        12.737200115551206        11.528135798625110        11.414310661124988     
   20940.545941847973       -2.1262569999999998       0.32790504334981319        8.8440112000000006        6.5649000000000002E-003   12.048600236251382        11.944815695094583        12.216629650869862        11.657355554323658        11.884288290621477        12.248995601502468        12.539652008259267        12.833157055342966        11.914251193952733        12.250032698171211        12.548629650869859        12.787781010542965        12.975436549416067        10.903709241734255        11.955640369858443        12.058035735109534        12.145973244113062        12.226216509401112        12.546557065705997        12.645671328710357        12.744222698746491        11.550015149126619        11.429444128409244     
   20832.960959510103       -2.1352890000000002       0.33275350679419075        8.8440942000000007        6.5643000000000003E-003   12.058251601566655        11.954856888109079        12.225204834361753        11.668617042374001        11.894504473370523        12.258002120923715        12.548267703981290        12.841557249100310        11.924400303949566        12.259106290344667        12.557204834361753        12.796180872300310        12.983662417438863        10.914930549554468        11.966044498050083        12.067795017407141        12.154939251304180        12.234724288140802        12.554769978020749        12.653641846538351        12.751830613397347        11.573314859490756        11.445614345417004     
   20724.353903813524       -2.1444519999999998       0.33773238714236170        8.8441778000000006        6.5636999999999996E-003   12.067993158871129        11.964991904284204        12.233859986709266        11.679984027113925        11.904816068704907        12.267092704694011        12.556963825680935        12.850035822288561        11.934644261580392        12.268264511818526        12.565859986709263        12.804659111088561        12.991965080267857        10.926256899342256        11.976545970344436        12.077645516167316        12.163988865722342        12.243311468384746        12.563059343049034        12.661686660303815        12.759509305443586        11.596834208667989        11.461936619766835     
   20615.078837631761       -2.1537190000000002       0.34283327689792642        8.8442615999999994        6.5630000000000003E-003   12.077826891147565        11.975221442658482        12.242600633123880        11.691453198183089        11.915223198244663        12.276271456973356        12.565745766262436        12.858598877537700        11.944983410220852        12.277511244997166        12.574600633123881        12.813221831137698        13.000351214751520        10.937685111444532        11.987144292884141        12.087588858709930        12.173126323834802        12.251983798700069        12.571431875698222        12.669813285688226        12.767267481862570        11.620530261315034        11.478391484913471     
   20505.057902843859       -2.1631019999999999       0.34807131486110182        8.8443459999999998        6.5624000000000004E-003   12.087693476200805        11.985486461361035        12.251366671229242        11.702966383658143        11.925666946326956        12.285478591617867        12.574553454457636        12.867186186263325        11.955358787458191        12.286786750486630        12.583366671229243        12.821808802263327        13.008760469297407        10.949156984429756        11.997780686880898        12.097565802297961        12.182291808389476        12.260681128360481        12.579827213709383        12.677961185874700        12.775044344354839        11.644353562951611        11.494924320898939     
   20393.698762314103       -2.1726459999999999       0.35347065778864278        8.8444310999999995        6.5617999999999996E-003   12.097678058140104        11.995874248319623        12.260237321363249        11.714617608305396        11.936235560423775        12.294795699513990        12.583466336134471        12.875876009259102        11.965858273957309        12.296172985980451        12.592237321363246        12.830498284859100        13.017270145954953        10.960766317934173        12.008544442403910        12.107662083777790        12.191566684742767        12.269482310496784        12.588322576078966        12.686206253108356        12.782913783424075        11.668464399050229        11.511656174867721     
   20281.263146770681       -2.1823440000000001       0.35904361818079478        8.8445236999999999        6.5611000000000003E-003   12.107790790872997        12.006393987619138        12.269225327540703        11.726412800871433        11.946937805458823        12.304234559353620        12.592497078207476        12.884681509701018        11.976490819272367        12.305681545540072        12.601225327540703        12.839303414901021        13.025893881461332        10.972519145004661        12.019443854045601        12.117887622526222        12.200962808686846        12.278400246554249        12.596931650714239        12.694562751888103        12.790890980261640        11.692839571686026        11.528581040253211     
   20168.425721953619       -2.1921300000000001       0.36480084495163734        8.8446175999999994        6.5604000000000001E-003   12.117939296095354        12.016950866957895        12.278245082914889        11.738249735866049        11.957677759664346        12.313706791227073        12.601559809164531        12.893518190208436        11.987160911635943        12.315223639255475        12.610245082914890        12.848139719808440        13.034548238301987        10.984313480016407        12.030381845641674        12.128149340773398        12.210392064977430        12.287349764486482        12.605571045031109        12.702948833896254        12.798896325612471        11.717301213736363        11.545565896806540     
   20054.091862578774       -2.2021069999999998       0.37085578194726515        8.8447195999999995        6.5595999999999996E-003   12.128252964768683        12.027678213156713        12.287415004994470        11.750273924429999        11.968590523669901        12.323335272744155        12.610773389156121        12.902502694481283        11.998002999694135        12.324922796719923        12.619415004994471        12.857123816081282        13.043348140768090        10.996294418668347        12.041495443330630        12.138577751306100        12.219976888582503        12.296448602618701        12.614355531620552        12.711476818731596        12.807038466957676        11.742117418673642        11.562806192989724     
   19939.992930433629       -2.2121170000000001       0.37714659533442413        8.8448162000000004        6.5589000000000003E-003   12.139018931625326        12.038879695103592        12.297010616267482        11.762567103660125        11.979970729380543        12.333446398670112        12.620538875068799        12.911919581990531        12.009258959903594        12.335009174145746        12.629010616267482        12.866631351467483        13.052529117589216        11.008567103660123        12.053028689104909        12.149489230702276        12.229918139868797        12.306010616267482        12.623529117589218        12.720529117589216        12.815577319834002        11.767664276008087        11.580687471277574     
   19826.086653085073       -2.2221649999999999       0.38369525999447335        8.8449147000000004        6.5580999999999999E-003   12.150255551851007        12.050571546438665        12.307053043818403        11.775166265213983        11.991835657369041        12.344055105132970        12.630864245075689        12.921788932888024        12.020951205238664        12.345508014806061        12.639053043818400        12.876673385018403        13.062116708030739        11.021166265213985        12.065003088895949        12.160899321581379        12.240243903875687        12.316053043818400        12.633116708030741        12.730116708030739        12.824536602512705        11.793934160843776        11.599209759253561     
   19706.250540330184       -2.2327970000000001       0.39088321969064854        8.8450126000000004        6.5573999999999997E-003   12.162086942324347        12.062881889763023        12.317845436487076        11.788714869119151        12.004370430003114        12.355291994885665        12.641736946646986        12.932356896246986        12.033370430003114        12.356780535125754        12.649845436487077        12.887356896246988        13.072364031449808        11.034606379279062        12.077610329203115        12.172955532964433        12.251291994885666        12.326845436487076        12.643497047446989        12.740147051769629        12.834080543771041        11.821865056279531        11.618814843183305     
   19585.154414990946       -2.2436039999999999       0.39848590144010715        8.8451123000000003        6.5566000000000001E-003   12.174173255603252        12.075452188743290        12.329263011779455        11.803034364619672        12.017241158799562        12.366894322463216        12.652854490923181        12.943474041723180        12.046241158799566        12.368683292519490        12.661263011779452        12.898474041723178        13.083113666355656        11.048625843763395        12.090480260399564        12.185342674859525        12.262894322463216        12.338263011779452        12.654615389323181        12.750296624643104        12.844045763159349        11.850718080820760        11.638946952700108     
   19461.441270753287       -2.2547120000000000       0.40662026374032512        8.8452146999999997        6.5557999999999996E-003   12.186689389687967        12.088462765804955        12.340963309587810        11.817640530564329        12.030426014338772        12.378879262104800        12.664439661579397        12.954809074670823        12.059426014338772        12.380879262104795        12.673022051313211        12.909809074670822        13.094189933470826        11.063021389364330        12.103664296738774        12.198187731938770        12.274820520379397        12.349963309587810        12.665892909345423        12.760892909345422        12.854321064162253        11.880326106990925        11.659645584485158     
   19319.371776177519       -2.2670530000000002       0.41529630640167664        8.8448259999999994        6.5588000000000000E-003   12.200195698814889        12.102538907710178        12.353196960191488        11.833085641531992        12.044364498877359        12.391678081086779        12.677024725055544        12.966474447296198        12.073364498877359        12.393678081086781        12.685471012222726        12.921474447296200        13.105853751296200        11.078464945531996        12.117605890877362        12.212123106877362        12.287404029055542        12.362196960191488        12.677338307264966        12.772338307264965        12.865062081536854        11.913380061285983        11.682478309170763     
   19212.107144417292       -2.2768160000000002       0.42328462010508527        8.8449170000000006        6.5580999999999999E-003   12.211509342263849        12.114281245686183        12.363585867419189        11.845939279953175        12.056077059470965        12.402590799445079        12.687585867419191        12.976528320600419        12.085134606289738        12.404439228022749        12.696059560022746        12.931528320600417        13.115756417178087        11.091167376530844        12.129375270289739        12.223836395470965        12.298059560022747        12.372585867419190        12.687136085178086        12.781984513755756        12.874212610333426        11.939724383252546        11.700909708443476     
   19087.585701014861       -2.2882270000000000       0.43287028991428766        8.8450327000000009        6.5572000000000000E-003   12.224941830938100        12.128211357334042        12.376022647346222        11.861359020921864        12.070127366710746        12.415835268628481        12.700022647346220        12.988775692636601        12.099374321420363        12.417185611432540        12.708805480632542        12.943775692636603        13.127506166240661        11.106089494525921        12.143614059820361        12.237887628310745        12.310805480632542        12.385022647346219        12.698886297040662        12.793236639844718        12.884967113448777        11.971204452968664        11.722804564469090     
   18955.402033335831       -2.3004099999999998       0.44373586340173748        8.8451451999999993        6.5564000000000004E-003   12.239374841540119        12.143062153259446        12.389288139259477        11.877723628340092        12.085062153259443        12.429847111926133        12.713398638606808        13.001729166592821        12.114553233406777        12.431025503792789        12.722288139259476        12.956839665940151        13.140109747392820        11.122104209140090        12.158792071806779        12.252891207378774        12.324466531126134        12.398398638606807        12.711490328192820        12.805133544459508        12.896378340220856        12.004752302339760        11.746221114473286     
   18813.777345697203       -2.3135620000000001       0.45562637541220075        8.8452667999999992        6.5554999999999997E-003   12.255326335352963        12.159229121534773        12.403756584083139        11.895369268004599        12.101229121534773        12.444882541900350        12.728217621318544        13.015630626265926        12.131071225970176        12.446627432517561        12.736756584083141        12.971091663501332        13.154011693465927        11.139750335204598        12.175309091570176        12.269275109316579        12.339501474700350        12.413217621318539        12.725392760665928        12.817902979431503        12.908716339867889        12.041093859972568        11.771797736645555     
   18674.801746512021       -2.3265669999999998       0.46806590401037951        8.8453900999999995        6.5545000000000004E-003   12.271152579618525        12.175639394943710        12.418199343687904        11.913158587274333        12.117639394943710        12.459881697101851        12.742932553990622        13.029516990273949        12.147453372632478        12.461881697101854        12.751500136701852        12.985250200576671        13.167712528362722        11.157425376971615        12.191876274143711        12.285483283129759        12.354500136701853        12.427817783287901        12.738979318059998        12.830979318059997        12.920810149320866        12.077415460245982        11.797254918766940     
   18525.246692627377       -2.3406780000000000       0.48159118382131255        8.8455359999999992        6.5534000000000000E-003   12.288315173349940        12.193769647297355        12.433937882379393        11.932707642267903        12.135769647297355        12.476219039608882        12.758899290890962        13.044656725149903        12.165214186579433        12.478219039608884        12.767836895608884        13.000618133661472        13.182483408431981        11.176746233756333        12.210005359297352        12.303017066067863        12.370836895608882        12.443555738379391        12.753521999920412        12.845521999920411        12.933786368743508        12.117076971559012        11.824950274969201     
   18377.862589461325       -2.3547020000000001       0.49560946606952749        8.8456822000000006        6.5522999999999996E-003   12.305585519056750        12.211691339898907        12.449991148572446        11.952329700825372        12.153691339898907        12.492862427014598        12.774991148572441        13.060119870130288        12.183375636322781        12.494862427014597        12.783991148572442        13.016119870130291        13.197885327730289        11.196329700825371        12.227925882298907        12.321328075941063        12.387178130590728        12.459306852148570        12.768396778088134        12.859419678803826        12.946744147143386        12.157007413882505        11.852786667015538     
   18221.410826756168       -2.3697110000000001       0.51070601928268622        8.8458380999999999        6.5510999999999998E-003   12.324130143075489        12.230861147368465        12.467284782089539        11.973370693447393        12.172931665148731        12.510782491182514        12.792284782089538        13.076716555216297        12.202904986281172        12.512782491182513        12.801214264309273        13.032716555216297        13.214439421103592        11.217300175667123        12.247138281481174        12.341011204568467        12.404782491182516        12.476240943176830        12.784325064410613        12.874166868804931        12.960642480844395        12.199756530101524        11.882702691442020     
   18067.663771417112       -2.3845740000000002       0.52634780609544352        8.8459824000000005        6.5500999999999997E-003   12.342838087214821        12.250183502529156        12.484763326986156        11.994532241272148        12.192632830342264        12.528876601500487        12.809763326986159        13.093200724658717        12.222463519630375        12.530876601500490        12.818313999173048        13.049200724658716        13.230688566757495        11.238082913459037        12.266695660430374        12.360335291329152        12.422876601500489        12.493483309884938        12.799959221843162        12.888949859827614        12.974667274601389        12.242443242873753        11.913088485387123     
   17900.864285725693       -2.4008330000000000       0.54324344180260642        8.8461315999999997        6.5488999999999999E-003   12.363610292505616        12.271622308962709        12.503805190334322        12.017722611874188        12.213993720902899        12.548738740788703        12.828805190334322        13.111408647477223        12.244006835362711        12.550982802448516        12.837433778394132        13.067408647477226        13.248396631020128        11.260954657076905        12.288237782562710        12.381775888162711        12.442586259591419        12.512176602274511        12.817396631020127        12.905066537708645        12.990146101714078        12.289626742789505        11.946286228330646     
   17739.566385021739       -2.4167260000000002       0.56038813023653511        8.8463007999999999        6.5477000000000000E-003   12.384004119707450        12.292660650967365        12.522264119527714        12.040335101794613        12.234702385427278        12.568117994847542        12.847280195775221        13.129222385067800        12.265087588627280        12.570732791647538        12.856264119527710        13.085222385067800        13.265565853807887        11.283335101794615        12.309317182227277        12.402816260567365        12.461691057187624        12.530264119527716        12.834549777560378        12.920686320275658        13.005217648155829        12.335904935023800        11.978601573705712     
   17567.420627512729       -2.4338519999999999       0.57883463357566189        8.8464832999999992        6.5462999999999997E-003   12.405863643875609        12.315208028165554        12.542058624605758        12.065207435601312        12.257938345655504        12.589291125985657        12.867340478371670        13.148328307115811        12.288324278855505        12.591905192785656        12.876058624605758        13.104328307115811        13.283983922825861        11.308207435601314        12.332552412455502        12.425365827765557        12.482174875295708        12.550058624605757        12.852702069059948        12.937302957721926        13.020456389542030        12.386677646453467        12.014224728474588     
   17397.666440180506       -2.4508830000000001       0.59790752066539588        8.8466494999999998        6.5449999999999996E-003   12.427818777621315        12.337999761658832        12.561726286462441        12.090386066817711        12.280999761658833        12.610410989583805        12.887205723105250        13.167158704424931        12.311228111860597        12.612931552940999        12.896135620701724        13.123568038664207        13.302545302424928        11.333134980376666        12.355454915860594        12.448001307860597        12.502773305142764        12.569568038664205        12.870340035946374        12.953772453908858        13.035976521669578        12.437554169910271        12.049911132205114     
   17217.060279534082       -2.4691709999999998       0.61825543072989675        8.8468061999999996        6.5437999999999998E-003   12.451421405054951        12.362633902512002        12.582800578009362        12.117646196570949        12.305684922818678        12.633064095773086        12.908464373516040        13.187230574020820        12.335684922818679        12.635451320573090        12.917749557702685        13.144149835445635        13.322486039938958        11.359982401064272        12.379961493525357        12.472378633843494        12.524983357197904        12.590413353209364        12.888967056257094        12.971235575118179        13.052665571129637        12.492478306738818        12.088447852455953     
   17039.466773525666       -2.4873490000000000       0.63905430325814927        8.8469721999999997        6.5426000000000000E-003   12.474666275374032        12.387023887263519        12.603915654256342        12.144712594625828        12.330350541185824        12.655599920068136        12.929854419378648        13.207358978628131        12.360350541185825        12.657987808868137        12.938589000334028        13.163843499644544        13.341904734522236        11.386773829503520        12.404901417508137        12.496610839802239        12.547084441084545        12.611527765456339        12.907674712816339        12.988087079220955        13.068530403592748        12.547683368139412        12.127314311303772     
   16854.116827886697       -2.5065759999999999       0.66103536080540770        8.8472009000000007        6.5408999999999997E-003   12.499631049314008        12.413052658012447        12.626431178838658        12.173665163566262        12.356571235080928        12.679468470747089        12.952431178838658        13.228356732793277        12.386798114690912        12.681987047815568        12.960912601770183        13.185102189471742        13.362162003704825        11.415665163566260        12.431409311090913        12.522154113192471        12.570403515127111        12.633685722160195        12.926962787806382        13.005795722429475        13.084851049852567        12.606812396592844        12.168807612069969     
   16679.268502456955       -2.5248719999999998       0.68327451415090834        8.8473822000000002        6.5395000000000002E-003   12.523250739636314        12.437706383795216        12.647508564475626        12.201394312146078        12.381537270638098        12.702026192224700        12.973508564475626        13.248115430664011        12.411816591616656        12.704746871246140        12.981960603622912        13.205225638485452        13.381394751642571        11.443221593977345        12.456599780985389        12.546485441395216        12.592463945255968        12.654398356654184        12.944987331714934        13.022311271913150        13.100359496144417        12.663608353954750        12.208535204200444     
   16481.168517448226       -2.5458180000000001       0.70749774748923910        8.8475719000000002        6.5380999999999998E-003   12.549982790243817        12.465772553280750        12.671071774122989        12.233371242578094        12.410179369257918        12.727642112359923        12.997071774122990        13.270560233439092        12.440133442104234        12.730642112359920        13.005635559369303        13.227921122262575        13.403484907508883        11.474732131401581        12.485428192834441        12.574477802550543        12.617612713583405        12.677635559369300        12.965304856871953        13.040793316188058        13.118177050797435        12.729265897130688        12.254382748875514     
   16317.326364887189       -2.5633210000000002       0.72979235580309187        8.8477160999999995        6.5370000000000003E-003   12.572379304802617        12.489735431966654        12.690847391040812        12.260207761811596        12.434285785940830        12.748985247004853        13.016847391040812        13.289280740043047        12.463840693883519        12.751985247004850        13.025011434583497        13.246386001959909        13.421550045502592        11.501313023728461        12.509789659623969        12.597786466226204        12.638699644521715        12.697011434583494        12.981803053938556        13.056236402940790        13.131653454919437        12.784681854708317        12.293414491197034     
   16115.507996947330       -2.5851229999999998       0.75536509206189639        8.8478984999999994        6.5355999999999999E-003   12.600142712363382        12.519545951354242        12.715171769268768        12.293886227415296        12.464365022400013        12.775568861305398        13.041171769268768        13.312095833244346        12.493545951354239        12.778568861305398        13.049382434314541        13.269633801256557        13.443557865232133        11.534558924448856        12.539973428400014        12.626463868375591        12.664639299293189        12.720633801256557        13.002301000253485        13.075014399183292        13.149084837171081        12.854522265010548        12.341997128680863     
   15959.269183696619       -2.6022129999999999       0.77789582499756915        8.8480638000000003        6.5344000000000001E-003   12.621914345265743        12.542748920828938        12.734064620670424        12.320436836718201        12.487847936596168        12.796273993368082        13.060163636437657        13.329674866642016        12.516812828326920        12.799373009135316        13.068491984139676        13.287773882409248        13.460610959144034        11.560765184420219        12.563682512159367        12.648861778930957        12.684881738168084        12.739000713172445        13.018186096846378        13.089467995115946        13.162848909152753        12.909638067485254        12.380140123557258     
   15762.060857899623       -2.6239849999999998       0.80437884512392954        8.8482395999999994        6.5331000000000000E-003   12.649953491477602        12.571886290384311        12.757990953543809        12.354613080133030        12.517464046214405        12.822258139310703        13.084568709373903        13.351713439668698        12.546260291122620        12.825835895140797        13.092587667035593        13.310291195498790        13.482339438930390        11.594632037794723        12.594396845121116        12.677691164846001        12.710865180910707        12.762616952805500        13.037858169963494        13.107561698426691        13.179842982719981        12.980578679709593        12.429303496532659     
   15603.570948301942       -2.6417060000000001       0.82797935556857305        8.8484034999999999        6.5317999999999999E-003   12.672382334887196        12.595908937408552        12.777365605861988        12.382455164649308        12.541745869507572        12.843516368482362        13.103971991861989        13.369800559448404        12.570657721516326        12.846767584374593        13.111971991861985        13.328282321439652        13.499696605232860        11.622099994541536        12.619101039615344        12.700524732994971        12.731537038275572        12.781616821754216        13.054043410828029        13.122123194306674        13.193750250099878        13.039368030782128        12.470361590991942     
   15416.649543934453       -2.6628140000000000       0.85459812298069415        8.8485726000000007        6.5306000000000001E-003   12.698917503849607        12.624190017098130        12.800119037589646        12.415683835006618        12.570523418922392        12.868644990601084        13.126654259642685        13.390855998855510        12.599190017098131        12.871644990601084        13.134654259642680        13.349452233941122        13.520118832116861        11.654946668267968        12.648462530346656        12.727513738935219        12.755917298376822        12.803785635765387        13.072855793382722        13.139057532595551        13.209733605285674        13.109898747243989        12.518957581091861     
   15257.486698141336       -2.6809910000000001       0.87942359987921825        8.8487241000000001        6.5294000000000003E-003   12.721795805728727        12.648341015743595        12.819562469172128        12.444539976715062        12.595311068951029        12.890250595713857        13.145963660603540        13.408640483669251        12.623341015743597        12.893250595713857        13.153963660603543        13.367622362757258        13.537652309549825        11.683551802595636        12.673886225758464        12.750777684816738        12.776885646106420        12.822592415964694        13.088730324046944        13.153407147112651        13.223060318417209        13.171222897494230        12.560546144463755     
   15073.218684404712       -2.7022439999999999       0.90668100503566162        8.8488682999999995        6.5282999999999999E-003   12.748256955882608        12.676982858469747        12.841898380198634        12.478630491596730        12.624689983732130        12.914958529467532        13.168721329570699        13.429484129673872        12.652262507560065        12.918238178557841        13.176441680480385        13.388484129673872        13.557497355321177        11.717350842506418        12.704001635794510        12.777964081144988        12.801135580095460        12.844618731108318        13.106375979534034        13.169845904899587        13.238036181174826        13.244037535012621        12.610512125078804     
   14917.292310792984       -2.7204600000000001       0.93205402945225824        8.8490190000000002        6.5272000000000004E-003   12.771111053979009        12.701507673615506        12.860795238681213        12.507966091670131        12.649707470249492        12.936249595831367        13.187795238681215        13.447133577167559        12.676972512126653        12.939514637708523        13.195530196804054        13.406133577167555        13.574206873776742        11.746239184913303        12.729642225006319        12.801242088101851        12.821787730951694        12.863199366047226        13.121745008897072        13.183752516626587        13.250825813235775        13.307104589418515        12.653583250443191     
   14738.252747426301       -2.7415810000000000       0.95985586966260028        8.8491640999999994        6.5261000000000000E-003   12.797684275818835        12.729853593368350        12.882402341757064        12.542086525261006        12.678475575460013        12.960968315706580        13.209402341757066        13.467289725244811        12.705475575460014        12.963986954198244        13.217402341757065        13.426336714255108        13.593242736234515        11.779661518342373        12.759144546561970        12.828127921229129        12.845543308787953        12.884355352746773        13.139723751295296        13.199582784264415        13.265535795254117        13.380943235529173        12.703770616097785     
   14583.575018165913       -2.7600380000000002       0.98606961883475952        8.8492967999999994        6.5250999999999998E-003   12.820367501764316        12.754765893983482        12.901373302200298        12.572565631729507        12.703633114273657        12.982168881619465        13.228373302200296        13.484777494855443        12.730633114273658        12.985433289109643        13.236373302200299        13.444443194782782        13.610111794928109        11.809767152092348        12.785166034491176        12.851430388891650        12.866370401982305        12.902707602272962        13.154981915436277        13.212984815654270        13.278319115726930        13.446314860750523        12.748479542858242     
   14410.631075187592       -2.7809219999999999        1.0144271096782005        8.8494545000000002        6.5239000000000000E-003   12.846340259247246        12.782799602913467        12.922837929352497        12.606965640474439        12.732514554311965        13.006052566717972        13.249837929352498        13.504509894522474        12.759157078612720        13.009665650149497        13.257837929352494        13.464509894522472        13.628937153391696        11.843823430206715        12.814872030011220        12.877738077247248        12.889695091018719        12.923480453653244        13.172079991725472        13.228365040326974        13.292507878660750        13.521231629860942        12.799362504687956     
   14254.040879955963       -2.8000379999999998        1.0416155964996539        8.8495904000000003        6.5228999999999999E-003   12.870321521700809        12.808282755735544        12.942434666339576        12.638334121931511        12.759250428695896        13.027778098454487        13.269434666339574        13.522476717973429        12.785266592215720        13.031768373860281        13.277434666339577        13.482476717973430        13.645900967687460        11.874942199257131        12.842234265176071        12.901719883300810        12.910794261974310        12.942450829859400        13.187541372052724        13.242573699092372        13.305214103457640        13.590557862947872        12.846139749661535     
   14090.486883327478       -2.8202180000000001        1.0701228682597765        8.8497236000000008        6.5218999999999997E-003   12.895225747079078        12.836032472501707        12.963013895368114        12.672360692812738        12.787416009412528        13.050964999634878        13.290013895368116        13.541483274878864        12.812394420035016        13.054964999634876        13.298013895368115        13.501737790434735        13.663989601256308        11.908578261501916        12.871437598790038        12.927262693945767        12.933326947168183        12.962375842901423        13.203931065012107        13.257016907612037        13.318596423834524        13.664993135592574        12.896385194325038     
   13934.391234109071       -2.8396880000000002        1.0986157499733784        8.8498395999999993        6.5209999999999999E-003   12.919289727715096        12.862634020722265        12.982747235023062        12.705165101804990        12.814497097385829        13.073353963093790        13.309747235023064        13.559665377079458        12.838791650138738        13.077353963093792        13.317747235023059        13.520222364895933        13.681402942015897        11.941165101804987        12.899464979696479        12.951846715531570        12.955091528030227        12.981484799959500        13.219510831178116        13.270828331634515        13.331461090923863        13.737381010353104        12.945146042874118     
   13772.380094676086       -2.8601450000000002        1.1279918730981149        8.8499820000000007        6.5199999999999998E-003   12.944742052040004        12.890419772231203        13.003404496396952        12.739688910738144        12.842930323852498        13.096992696209442        13.330404496396950        13.578637255827049        12.866966125558511        13.100992696209444        13.338404496396949        13.539583537154359        13.699726776205752        11.975688910738144        12.928805001767779        12.977688333367317        12.978082216588147        13.001494016775654        13.235631211047879        13.285263898477977        13.344989292562699        13.814416439449671        12.996907734219141     
   13621.188404046974       -2.8794590000000002        1.1570047740501348        8.8501214000000008        6.5189000000000002E-003   12.969096245763101        12.916848333671705        13.022974274692604        12.773230319077452        12.870169443212685        13.119241608985021        13.350180623449774        13.596428535541168        12.893654196828876        13.123241608985023        13.357665377065960        13.557634884298338        13.717119637914525        12.008406175066998        12.957508833606955        13.002302594520270        12.999726362601212        13.020665377065963        13.250864515536446        13.298821810854484        13.357597181244028        13.888866587576675        13.046432588213737     
   13462.663787857387       -2.8999359999999998        1.1871157867568036        8.8502612000000003        6.5179000000000001E-003   12.994792893640664        12.944820874733665        13.043598134852097        12.808721472442862        12.899030113557160        13.142686009920027        13.370939285677174        13.615150100306387        12.921880768708590        13.146686009920025        13.378088630525745        13.576491251131461        13.735341906282891        12.043062623267936        12.987838307580652        13.028283389314304        13.022447214197811        13.040789940828603        13.266893871737182        13.313044792391466        13.370805996669255        13.967983805866290        13.099052473051408     
   13314.473572982126       -2.9192870000000002        1.2168402036521218        8.8503831000000002        6.5170000000000002E-003   13.019148066617497        12.971664168585821        13.063211220952923        12.842322246060625        12.926704253779910        13.165025302407265        13.390314773866905        13.632984903828707        12.948962148071836        13.169025302407263        13.398056879574980        13.594088456742693        13.752346351034621        12.076425798974608        13.016342806573995        13.052993725239553        13.043839070477137        13.059572668158836        13.282120033910406        13.326492184386190        13.383305952456062        14.043908198419714        13.149843311594697     
   13166.519903920200       -2.9388329999999998        1.2470378813412644        8.8505176999999993        6.5158999999999998E-003   13.043798298697695        12.998866169071032        13.082992675987082        12.876805063267181        12.954801821003610        13.187796537544738        13.410126935623143        13.650791254085863        12.976467900619294        13.191596876796478        13.418126935623143        13.612125174470183        13.769457333701546        12.110471142882862        13.045469661772248        13.077932558333753        13.065730428324361        13.078459094854505        13.297455572548589        13.339852079847372        13.395586309878734        14.121849092091121        13.202022335545017     
   13020.270292440831       -2.9583529999999998        1.2773907928617088        8.8506351999999993        6.5151000000000002E-003   13.068271957922397        13.025914994764404        13.102550704959446        12.911458398757480        12.982785470903819        13.210515201431688        13.429920607280506        13.668244931959554        13.003866552073580        13.213966184922510        13.437920607280505        13.630163850789797        13.786326013129321        12.144539479927245        13.074623308564290        13.102641860243457        13.087628921080393        13.097082769620028        13.312569256638609        13.352860942838722        13.407425645978249        14.200377311025230        13.254574980173755     
   12882.732823454100       -2.9769230000000002        1.3070259300465010        8.8507581999999996        6.5141000000000001E-003   13.092159086680233        13.052035361504970        13.121534435524584        12.944730221885358        13.009784448843291        13.232282811855502        13.449217486956719        13.685530262206029        13.030035361504972        13.235776813213594        13.456937468324583        13.647530262206033        13.802592124793662        12.177261153179174        13.102722586255659        13.126842138112373        13.108813743149316        13.115468399618400        13.327184918675115        13.365777712556564        13.419802645208470        14.277066668305999        13.305337387683231     
   12742.862589762017       -2.9959950000000002        1.3373362810107614        8.8508633000000003        6.5133999999999999E-003   13.116505976359392        13.078648724564154        13.140857094834828        12.978627935140530        13.037285339449106        13.254403296239587        13.468857094834828        13.703146349471020        13.056660243008153        13.257999843039588        13.476249029590825        13.665174899111971        13.819117799830067        12.210627935140529        13.131370988371962        13.151517494803393        13.130363228154636        13.134231998393876        13.342003601266260        13.378917952343404        13.432457399861498        14.355594102139541        13.357195169732897     
   12612.465753175373       -3.0139730000000000        1.3669463404353119        8.8509730999999991        6.5125000000000001E-003   13.139660033261663        13.104410718198160        13.159527104124109        13.011380802781169        13.063779158933585        13.275681681460600        13.487527104124108        13.719730448574914        13.082632914346284        13.279277789060600        13.494708800375978        13.682280585562211        13.835180311587614        12.243380802781168        13.159429569895480        13.174882229409796        13.150909348325172        13.152380859536809        13.355979763638423        13.391329352676525        13.443825186301929        14.431638280326943        13.407681567949318     
   12480.701605602202       -3.0323240000000000        1.3971474588789592        8.8510798000000008        6.5116999999999996E-003   13.163158663891606        13.130544631779562        13.178386728115692        13.044671324597894        13.090699018934744        13.297222997935704        13.506463921693284        13.736528255737385        13.108994933711616        13.300849889581238        13.513463921693285        13.699605449314975        13.851373868582202        12.276548148288247        13.187822195244388        13.198608965823661        13.171772696003652        13.170759836470156        13.370142287849427        13.403879496271118        13.455306018029416        14.509045268339401        13.459031202304660     
   12358.478318632751       -3.0495280000000000        1.4266035416521334        8.8511901999999996        6.5109000000000000E-003   13.185725365584940        13.155555799212287        13.196064498330252        13.076817970378450        13.116687972663225        13.317636649767195        13.524630585055721        13.752541869237977        13.134297517021885        13.321461018683063        13.531630585055719        13.716107955963441        13.866409695787038        12.307914926643381        13.214591016398291        13.221467083394540        13.191894931957595        13.188240129414382        13.383711435610632        13.415784045718350        13.466139284173686        14.584121014125994        13.508684504401607     
   12234.042926332770       -3.0672220000000001        1.4566187810543518        8.8513023999999998        6.5100999999999996E-003   13.208781222048975        13.181100363522317        13.214206767396950        13.109678442180103        13.143228020111655        13.338525908870297        13.543142939102284        13.768951454218277        13.160100363522316        13.342525908870298        13.550142939102285        13.732951454218275        13.881823797628938        12.340057787942351        13.241976330938746        13.244807085886725        13.212398252280961        13.206041146350698        13.397530519993344        13.427933825509340        13.477185514682249        14.660955854889645        13.559445298682851     
   12121.629344249770       -3.0833610000000000        1.4857493652545131        8.8514041999999993        6.5093000000000000E-003   13.230158938727786        13.204726351842790        13.231537595120777        13.140231251566203        13.167753317088792        13.358105008235782        13.560024112497775        13.784483664628773        13.183726351842790        13.362105008235783        13.567024112497776        13.748483664628775        13.896456699382771        12.370428591187803        13.267582942713190        13.266367215906183        13.231078042989783        13.222205424430172        13.410097563446165        13.439151498777161        13.487321873152762        14.732877269682287        13.606635725417235     
   12001.153759801262       -3.1008200000000001        1.5160239620325120        8.8515142999999998        6.5085000000000004E-003   13.253050602133410        13.230027526937384        13.250092137486252        13.172956427379408        13.194018296858975        13.379069062290231        13.578096752525461        13.801110597643074        13.209027526937383        13.383069062290229        13.585096752525462        13.765110597643076        13.912119827721487        12.402958301349308        13.295007192810665        13.289454785363514        13.251078292368639        13.239510165833973        13.423547086147611        13.451154874065228        13.498165978113537        14.809937900972546        13.657191728128826     
   11898.083158889729       -3.1159010000000000        1.5445832835637814        8.8516101000000003        6.5078000000000002E-003   13.298625898751240        13.258515546776046        13.329145152132948        13.151650050611401        13.216103813376293        13.437339884515318        13.657145152132948        13.895442017823449        13.236708212729365        13.441339884515315        13.665145152132951        13.857652693709944        14.012764297194916        12.384183598179916        13.307914413271050        13.334272298578831        13.314310145309719        13.324874665014022        13.531252525834873        13.562061965883878        13.600554124425010        15.134489097579475        13.566341009970003     
   11785.119755413161       -3.1325699999999999        1.5749300097646726        8.8517085000000009        6.5069999999999998E-003   13.328203932444890        13.288194920378842        13.358232509842175        13.181104050030640        13.246216458086941        13.466639471555236        13.686232509842174        13.924002480348413        13.266572547666733        13.470639471555238        13.694232509842173        13.886479678865562        14.040966275339635        12.413812230865624        13.337876715029857        13.364029447041233        13.343440951896952        13.353976838541591        13.558133868542804        13.586195060571434        13.622256576058341        15.273994414519457        13.599859726070768     
   11683.205077142782       -3.1477490000000001        1.6045471329382153        8.8517983000000005        6.5062999999999996E-003   13.355725527912263        13.315907906031040        13.385203693613906        13.208533059528033        13.274197018491275        13.493959291849816        13.713360038037333        13.950514231018623        13.294582629873236        13.497959291849813        13.721203693613905        13.913059487148722        14.067073971192901        12.441240100850159        13.365794423043891        13.391821432172566        13.370666333171943        13.380912137232382        13.582267959591750        13.607937743475357        13.641757395194158        15.413490416357750        13.630981117484087     
   11577.265685884162       -3.1636739999999999        1.6354174884414356        8.8518985000000008        6.5056000000000003E-003   13.385104155244905        13.345684477723447        13.413667034100373        13.237575612681228        13.304017307052538        13.523326510035863        13.742056545747525        13.978405321809406        13.324811404138911        13.527354905194871        13.749667034100371        13.940797962979458        14.094444876162887        12.470083439601462        13.395608460539799        13.421759433032905        13.399882268879482        13.408976096843910        13.606192575243780        13.628874734226601        13.660292430774307        15.590535229883772        13.662224802810220     
   11482.408676181916       -3.1780539999999999        1.6645493336053443        8.8519883000000004        6.5049000000000001E-003   13.411505142259884        13.372545690600667        13.439071727353607        13.263776494664558        13.331017796060827        13.549694329404918        13.767582559259814        14.003150589524040        13.351966370512322        13.553715825529299        13.775071727353605        13.965471618014558        14.118656544120910        12.496177909149022        13.422495266404081        13.448746607869477        13.426058041640406        13.433943723474716        13.627081836998155        13.647414320341472        13.676656710636376        15.760300237905724        13.690193385067293     
   11385.208805122722       -3.1929129999999999        1.6948565252301768        8.8520795999999997        6.5041999999999999E-003   13.438963626109278        13.400634286513327        13.465369961698777        13.291563492386441        13.359299091988021        13.576813036989265        13.793769251886864        14.028458061636563        13.380167472379839        13.581024075268150        13.801369961698775        13.990911694131576        14.143513619030738        12.524023288946253        13.450716542213105        13.476834795415421        13.453039850851809        13.459576499606271        13.648557524276619        13.666363913921536        13.693668836393080        15.953372730133601        13.719941102589686     
   11301.497674421327       -3.2058179999999998        1.7231778556204740        8.8521636000000008        6.5036000000000000E-003   13.462514498891784        13.424727807190918        13.487768560601401        13.315493173706082        13.383615251405105        13.599975152911876        13.816146207146657        14.050021025381776        13.404414588006171        13.604445480948906        13.823768560601403        14.012571224197833        14.164574757215147        12.548003108760492        13.475059404402069        13.500927659756380        13.476101478852479        13.481458668412026        13.666894849947953        13.682298674127724        13.708205269940441        16.125543169702169        13.745463721927569     
   11210.139060447345       -3.2200009999999999        1.7535954871269681        8.8522479000000001        6.5030000000000001E-003   13.488381288702481        13.451210158304367        13.512032023368114        13.342088518369284        13.410538405548099        13.625347056719043        13.840446322382437        14.073282955283453        13.431197150165971        13.630084260685976        13.848032023368113        14.035958631380492        14.187306393647972        12.574575934441540        13.501973816748471        13.527339464297516        13.501291042017879        13.505286878624226        13.686950933524209        13.699572079344975        13.723960355465735        16.327126077723875        13.774066352919327     
   11123.385789357750       -3.2335769999999999        1.7836528178970701        8.8523262000000003        6.5024000000000002E-003   13.513106306004984        13.476618135408055        13.534893767457676        13.367992389015038        13.436579579249385        13.649599100262245        13.863330122906051        14.095053815437071        13.457024651891460        13.654473860212898        13.870893767457675        14.057862222222150        14.208819603219668        12.600335392432934        13.527922669594469        13.552553875963779        13.525222425265211        13.527823666063478        13.706205363468806        13.716206684113500        13.738863812467093        16.534306306301723        13.802412892275663     
   11025.314838124466       -3.2490299999999999        1.8146216383356488        8.8523964999999993        6.5018999999999997E-003   13.540468841110092        13.504928481309728        13.559971328768322        13.397212363065266        13.465671539508842        13.676364290164917        13.888386276611778        14.118880288597795        13.485876604936598        13.681351895581544        13.895944131755039        14.081792051577681        14.232579382074247        12.629343883665390        13.556991003742381        13.580516341272963        13.551541391954162        13.552460338950992        13.727498730527921        13.734730824853800        13.755470648368677        16.782341903955952        13.834677634084345     
   10943.166322310208       -3.2620840000000002        1.8423072940627698        8.8524568000000006        6.5014000000000001E-003   13.562787622420242        13.528570333979260        13.579963338118873        13.422444668785470        13.489861543686086        13.698006314520356        13.908270890681226        14.137786422527693        13.509940285898438        13.702728150954776        13.915802822187334        14.100931454314932        14.251223494857346        12.654605184717010        13.581464272739019        13.603381801074722        13.572646377235596        13.571692196171039        13.743686858951115        13.749782028218153        13.769606579945016        17.031704559017225        13.863530870228079     
   10863.780944952845       -3.2747910000000000        1.8705205224101693        8.8525168000000001        6.5009999999999998E-003   13.584458952803825        13.551617538664441        13.599211930585977        13.447334758373504        13.513424458622733        13.718908409140703        13.927348512128876        14.155960786296390        13.533388371509108        13.723310083687874        13.934925541202773        14.119378719339498        14.269027798038930        12.679621147756709        13.605397465577006        13.625547504202874        13.592987607191045        13.590128417069916        13.759208407018765        13.764338594790534        13.783500499486628        17.284960674994597        13.892480163642059     
   10783.804352965200       -3.2876859999999999        1.8993980283820022        8.8525759999999991        6.5005000000000002E-003   13.606291018976336        13.574821188100501        13.618474613997400        13.472637533369365        13.537228585116637        13.739836908996701        13.946358051881582        14.174141026962666        13.557043589788499        13.743949201956656        13.954061413732632        14.137800819771552        14.286883138362725        12.705050733634131        13.629574541788379        13.647829863478876        13.613351006363757        13.608572614834920        13.774962222990922        13.779050566354030        13.797611331452046        17.546404545887171        13.922229205878793     
   10701.754895104930       -3.3010169999999999        1.9297792524670430        8.8526368000000009        6.5001000000000000E-003   13.629166849684244        13.599047006587783        13.638187570144693        13.499743928724671        13.562372511271994        13.761311751583831        13.965936615891225        14.192708739840493        13.581929324344143        13.765363702750699        13.973644272262304        14.156430509182981        14.305224600645468        12.732094246187478        13.655112497091229        13.671013996506536        13.634377217940459        13.627550655052067        13.791295873200584        13.794266707503438        13.812169808169434        17.831783618324231        13.955103097365877     
   10620.354171499957       -3.3143389999999999        1.9608733005018564        8.8526974000000003        6.4996000000000003E-003   13.652232139180958        13.623525769716048        13.657652801641104        13.527596276410319        13.587918789408262        13.782668136191498        13.985463701295876        14.211013812987877        13.607163183830037        13.786768246029224        13.992980434774109        14.174711793848244        14.323437532844034        12.759750059963315        13.681109269561331        13.694342174793574        13.655340273584001        13.646426534667873        13.807487671577794        13.809489374971919        13.826662011765839        18.127594246707922        13.989668896156170     
   10541.465700447689       -3.3273530000000000        1.9919572993207819        8.8527562000000000        6.4992000000000001E-003   13.674510097270808        13.647301170129236        13.676248393627489        13.554801541529201        13.612714351383982        13.803223987886010        14.004199378011041        14.228485143260539        13.631656060187613        13.807323496699357        14.011450941203446        14.192192785382364        14.340918284448851        12.786764856755035        13.706403102433018        13.716922241228652        13.675467753078944        13.664531103614625        13.822972086319115        13.824199833910637        13.840645639804386        18.418909398917990        14.023781744810311     
   10465.066683213077       -3.3400460000000001        2.0229836941851445        8.8528131000000005        6.4986999999999996E-003   13.696287788601337        13.671010440652529        13.694085880633681        13.582127343740572        13.637522499253317        13.823285335706105        14.022178845155940        14.245183163525789        13.656115713006203        13.827384033526132        14.029220077334495        14.208904088714506        14.357533024810140        12.813830630900506        13.731686673621718        13.739375814649245        13.695005869171810        13.681899378621646        13.837611095994975        13.838200676158587        13.854018852384018        18.712255164006542        14.058721242070790     
   10390.967823616358       -3.3524449999999999        2.0539534891590412        8.8528684999999996        6.4983000000000003E-003   13.717474558392466        13.694695527171410        13.710806174747786        13.609714915204412        13.662637163902195        13.842514504331133        14.038931099558956        14.260779119870341        13.680816724675223        13.846739303046894        14.045943073426974        14.224489784532528        14.372898554858404        12.841031374656628        13.757068307159583        13.761753000096329        13.713599689976261        13.698058842147889        13.851119877420507        13.850920587546026        13.866184339226690        18.998531618297193        14.095578094249722     
   10318.724087431539       -3.3646170000000000        2.0847532166721634        8.8529225000000000        6.4979000000000000E-003   13.738006002720784        13.717929323405805        13.726225409336774        13.636898295670445        13.687757690704249        13.860560250670009        14.054303968760120        14.275266674413889        13.705567338385499        13.865073657365837        14.061328329532660        14.238914252789087        14.387206849526390        12.867810863547579        13.782142412456690        13.783788345950853        13.730914445643563        13.712853761459574        13.863738816455367        13.862290684158406        13.876896187079790        19.254763942776169        14.133964411503928     
   10246.699498842207       -3.3768400000000001        2.1159441141155129        8.8529754999999994        6.4974999999999998E-003   13.758761136609287        13.741410290804485        13.741574535675891        13.664161327688298        13.713289026636019        13.878656557948240        14.069608520655997        14.289702912512766        13.730788022296792        13.883493309559665        14.076608520655995        14.253289824758269        14.401408679027970        12.894720043591704        13.807512410505758        13.806181787349594        13.748239536363084        13.727574352574216        13.876294666667992        13.873402900459766        13.887255850748325        19.502413889796244        14.172661640262170     
   10175.177641144573       -3.3890600000000002        2.1475911706664235        8.8530280000000001        6.4970999999999996E-003   13.780561357854261        13.766108549610436        13.757061093863705        13.693263778226569        13.740365936271463        13.897495635722915        14.084862401864978        14.303810782939234        13.757461089114599        13.902571094311856        14.091862401864976        14.267400073526819        14.414936895568605        12.923661708621541        13.834389662229309        13.829951748992013        13.765950449062334        13.742087874326526        13.888093019900797        13.883124380593667        13.896088131687936        19.709879692095935        14.213889993531982     
   10106.668010818064       -3.4008479999999999        2.1792072035401575        8.8530802000000008        6.4967000000000002E-003   13.801570774034083        13.790040890717197        13.771815185689469        13.721182121792353        13.766673404105241        13.915607884044256        14.099418591265326        14.317208373660225        13.783442685350273        13.920850992541034        14.106418591265328        14.280835820827363        14.427814998915199        12.951365034706313        13.860348379549755        13.853091504106064        13.782921152077641        13.755935002436924        13.899135204730428        13.892198650258905        13.904260393707656        19.902787677641285        14.253545329084936     
   10041.578784281544       -3.4121210000000000        2.2093528397363258        8.8531283999999992        6.4964000000000003E-003   13.821614879645210        13.812995211003702        13.785728111524410        13.747712468905839        13.791971840428104        13.932844419864601        14.113166162382562        14.329800043201580        13.808486773399224        13.938191509994347        14.120166162382564        14.293496221651651        14.439945500865065        12.977635801071216        13.885172754893986        13.875380334255638        13.799017943982420        13.769009014137993        13.909358842039346        13.900572522571117        13.911731660476267        20.080754067506795        14.291336998844766     
   9975.0021967150296       -3.4237250000000001        2.2401993656701813        8.8531762999999994        6.4960000000000000E-003   13.841775786318129        13.835931499580608        13.800156927226789        13.774887797669324        13.816979076719393        13.950487187554595        14.127578925232884        14.342545928534358        13.833150481687992        13.955900044699819        14.134578925232882        14.306464791420924        14.451978857368895        13.004543034323307        13.910073800007625        13.897369113234932        13.815722642042958        13.782712020722402        13.920073555649070        13.909839617234885        13.920135574677923        20.230671684853974        14.332044604850767     
   9907.5437778364721       -3.4355600000000002        2.2715566196237065        8.8532235999999997        6.4957000000000001E-003   13.861293800388967        13.857659826428158        13.815209160678794        13.802530461650012        13.839992776401271        13.968237051766938        14.142881196333864        14.355355697516789        13.855566917697171        13.973691693002866        14.149881196333862        14.319735538563364        14.463639550740943        13.031953179053996        13.933956326594103        13.917432350085129        13.833004970002545        13.797220306358202        13.931708181114452        13.920763251877538        13.930434742871324        20.342063747697797        14.376251744321809     
   9840.2243467286571       -3.4474469999999999        2.3028318398838681        8.8532696000000008        6.4952999999999999E-003   13.880666509297750        13.879123155683843        13.830379244333976        13.830403846252580        13.862532428530283        13.986007794275331        14.158358348134314        14.368254120674465        13.877462984064419        13.991456726664577        14.165358348134312        14.333127707673953        14.475425091686951        13.059547017913808        13.957569318473595        13.937037653647906        13.850342904209732        13.811847459392880        13.943498123154107        13.931894404962520        13.941067885019837        20.462610526708595        14.420089847183903     
   9773.4298475595897       -3.4593240000000001        2.3340492551870011        8.8533142999999992        6.4949999999999999E-003   13.899718764183525        13.900136053970218        13.845512406539580        13.858278337010983        13.884409504427694        14.003631116934084        14.173852999761500        14.381099979670719        13.898654483077497        14.009027513657696        14.180852999761502        14.346496724326911        14.487200110121758        13.087097176863182        13.980715022586658        13.956013107994437        13.867570098902519        13.826441826258407        13.955307343456070        13.943100299940184        13.951903169719291        20.591417800694185        14.463246065278792     
   9708.1169617985615       -3.4710160000000001        2.3651504683894271        8.8533580999999995        6.4947000000000000E-003   13.919076728439777        13.921804283116892        13.860991618588386        13.887073046541744        13.906753284124008        14.021671668002078        14.189605240258416        14.394291536283525        13.920307147456185        14.026944727827193        14.196493590421987        14.360152560766497        14.499135469401814        13.115529566032652        14.004370386621549        13.975521278649662        13.885032056415568        13.841430999721084        13.966901452033053        13.954048213346312        13.962547305666270        20.720557967965618        14.506326337889035     
   9644.0843457945684       -3.4825539999999999        2.3959452390281983        8.8534004999999993        6.4944000000000000E-003   13.938375845594370        13.943538928697313        13.876630061969545        13.916125576868835        13.928941033977507        14.039794067219082        14.205446743867141        14.407671206540906        13.941754545364171        14.044923636637177        14.212182247750716        14.373949461422219        14.511149438453968        13.144236954208131        14.027999305963865        13.994944048546072        13.902531171585098        13.856652245171210        13.978462294148558        13.964897009904222        13.973128894284256        20.853882827469675        14.549106796740153     
   9581.0917708217858       -3.4939809999999998        2.4264854033442518        8.8534416999999994        6.4939999999999998E-003   13.957256188141745        13.964749260881138        13.892115615877884        13.944766959264658        13.950444014278442        14.057611576715669        14.221123837851440        14.420964931729447        13.962472528377869        14.062603354742112        14.227729452503812        14.387646488130255        14.523107881848599        13.172554875144808        14.051076180003250        14.013732643157848        13.919783789734399        13.871773675508241        13.990056305139241        13.975715525393635        13.983714985663326        20.991177868267354        14.591275010691479     
   9518.8832458356264       -3.5053369999999999        2.4567766249765874        8.8534814999999991        6.4936999999999998E-003   13.975931787610094        13.985991860842546        13.906533558446128        13.972501551096308        13.972617039337500        14.074684348606958        14.235640418254807        14.433577664133864        13.984082526528020        14.079577488798279        14.242151779005567        14.400568099884968        14.534589189848766        13.199917500321991        14.074233115455080        14.033051575978803        13.936098235896367        13.885794825200428        14.000802257838686        13.985286529544759        13.992886874753907        21.094346055392684        14.633889715341049     
   9457.3399433872382       -3.5166420000000000        2.4868344488049163        8.8535202000000002        6.4935000000000001E-003   13.995222210882014        14.007726220407529        13.921258408742295        14.000703669597806        13.995645729725952        14.092193714506587        14.250533510450746        14.446415632274979        14.006638318798645        14.097139471385079        14.256976278929338        14.413756277862982        14.546427502969545        13.227801126198164        14.098127669644265        14.053169275554376        13.952764479669296        13.899965376626044        14.011776583705602        13.994967978079183        14.001817683518164        21.196209408370429        14.677024909409029     
   9396.4541724917854       -3.5278990000000001        2.5166520236323704        8.8535578000000008        6.4932000000000002E-003   14.014671589019024        14.029529724324952        13.936176535385705        14.029065556246429        14.018776524885475        14.109869765989707        14.265649086378495        14.459392459698428        14.029289780096008        14.114909942683862        14.271995033308137        14.427081494037171        14.558451545865587        13.255865914496574        14.122172248248784        14.073413487277364        13.969591787412121        13.914286607803611        14.022912854863172        14.004750536283769        14.010765585309411        21.303204837433903        14.720092558667055     
   9336.2398435760406       -3.5391040000000000        2.5462559927461563        8.8535944000000004        6.4929000000000002E-003   14.033861375486374        14.050974338891699        13.951069996466572        14.057235428671454        14.041375868014420        14.127398281275369        14.280737889810105        14.472346940080460        14.051349764579761        14.132504778415576        14.286960924320567        14.440353505941374        14.570447844860858        13.283733898600147        14.145841218987350        14.093185195637215        13.986327124465436        13.928608946336396        14.034028129892334        14.014537960099776        14.019820097168790        21.418571284793749        14.762501401438399     
   9276.7104209306563       -3.5502549999999999        2.5756154586693261        8.8536300000000008        6.4926000000000003E-003   14.052788853947597        14.072059327097580        13.965930823260955        14.085202969643685        14.063448050562343        14.144773807732712        14.295791904277920        14.485272158413451        14.072824856711300        14.149919439134063        14.301866896700510        14.453566253122844        14.582410313262837        13.311395142320158        14.169133037997760        14.112488393099781        14.002963664149355        13.942923925355295        14.045116517030714        14.024324353048897        14.028972376312073        21.541962796113118        14.804248191193139     
   9217.7091385345466       -3.5613720000000000        2.6047556919728119        8.8536648000000007        6.4923999999999997E-003   14.072086882177354        14.093665216511036        13.980965672781368        14.113597177568929        14.086104184314520        14.162492746131983        14.311040338079176        14.498454989561703        14.094826518116301        14.167557229764940        14.317040338079176        14.467042995666718        14.594640319584846        13.339393348825256        14.192845068040542        14.132274986725021        14.020016746977012        13.957449216137165        14.056227914281544        14.034156132448112        14.038144537827035        21.666205298962389        14.846461102520630     
   9158.8933090773971       -3.5725259999999999        2.6336678883368987        8.8536985000000001        6.4920999999999998E-003   14.091753438332969        14.115786110373215        13.996302295004277        14.142566282582923        14.109280331201127        14.180648245986109        14.326608013573239        14.511991229569837        14.117288122524101        14.185520304695331        14.332608013573239        14.480914971275499        14.607276766780259        13.367896137250270        14.217008118568806        14.152457804103456        14.037556674789691        13.972278592077451        14.067534793247695        14.044184188086508        14.047464266884973        21.794594834222003        14.889330068601481     
   9099.8241529946827       -3.5837970000000001        2.6624815131390078        8.8537312000000004        6.4919000000000001E-003   14.111338371662026        14.137799269959661        14.011822036653886        14.171777096962110        14.132169065561346        14.198910585571195        14.342359738000962        14.525676917458153        14.139396785653908        14.203552734345305        14.348359738000962        14.494963631155326        14.620110511744773        13.396638692227011        14.241090539078400        14.172322034238878        14.055226612264640        13.987270493825569        14.079022403423775        14.054379967464111        14.056985259385506        21.934378025122012        14.932261493469898     
   9041.1151382091939       -3.5950739999999999        2.6912540881007536        8.8537633000000007        6.4916000000000001E-003   14.130706228341072        14.159544091781594        14.027430904412547        14.200993442339524        14.154601228025058        14.217157532968251        14.358199112642495        14.539437195679930        14.160991602992098        14.221534741693606        14.364199112642495        14.509110264830134        14.633075369247628        13.425389694662414        14.264910203080511        14.191729959780169        14.072910391972485        14.002336445547968        14.090638523103635        14.064704719385475        14.066675708919252        22.084141964410826        14.974877348456531     
   8982.8469453994239       -3.6063380000000000        2.7197592028003208        8.8537944000000000        6.4913999999999996E-003   14.150118253638865        14.181315916847765        14.043195390042335        14.230388701531552        14.177043148353849        14.235516647304578        14.374179444610899        14.553328266945229        14.182581427492408        14.239688367098370        14.380150958354733        14.523370383584858        14.646095028445611        13.454361556880784        14.288827355118016        14.211149958878401        14.090691489436857        14.017518304393455        14.102404006778634        14.075112642940852        14.076460486207999        22.237128046302161        15.017611139193392     
   8924.4816313107603       -3.6176910000000002        2.7480802431123528        8.8538245999999994        6.4911999999999999E-003   14.170512831503677        14.204276852501470        14.059118625732600        14.260287408378657        14.201343600695031        14.254283844901421        14.390244076363350        14.567368434032831        14.206217783804147        14.258571013168138        14.396118625732603        14.537670507507590        14.659000251722430        13.483985334903904        14.314123406914854        14.232367302534522        14.108756413589790        14.032760236650267        14.114109270754364        14.085270915530350        14.085838659589532        22.362274343455617        15.062122080215763     
   8866.1484782466141       -3.6291140000000000        2.7763500111473389        8.8538540999999995        6.4910000000000002E-003   14.191029951342458        14.227488782494959        14.074794590922487        14.289949094736393        14.226140219132621        14.272941176147924        14.406017007391693        14.581159487400029        14.230438201031927        14.277400642358870        14.411794590922490        14.551694893487046        14.671729550424640        13.513413688649379        14.339694423567341        14.254038103967240        14.126654960932072        14.047709757457628        14.125439230821868        14.095072846504436        14.094772290406908        22.477947862653785        15.106908322128888     
   8808.2574536644734       -3.6405210000000001        2.8044431803468433        8.8538829999999997        6.4907000000000003E-003   14.211382868615248        14.250473411160423        14.090488762432786        14.319523007210170        14.250551841372408        14.291558698627066        14.421807463087843        14.594940435749558        14.254235260708571        14.296146483070631        14.427488762432789        14.565707405934903        14.684499412054082        13.542756037024828        14.365045207169354        14.275347600922130        14.144512271044883        14.062665373518941        14.136760014269038        14.104919854650573        14.103775272641785        22.603962948175301        15.151303737024191     
   8750.9257711975006       -3.6518929999999998        2.8322798298329381        8.8539112000000006        6.4904999999999997E-003   14.231464770439983        14.273119699493014        14.106100011274853        14.348879913242319        14.274468286353157        14.310030249605274        14.437514116906916        14.608615122767928        14.277501130915807        14.314703215139650        14.443100011274852        14.579611419683138        14.697214627701234        13.571883616327112        14.390059268931010        14.296191893300806        14.162223934087082        14.077527889589161        14.147980889366265        14.114723089689283        14.112760023106775        22.739709456671406        15.195153934194431     
   8693.9872710384934       -3.6632600000000002        2.8598613596103521        8.8539387000000005        6.4903000000000001E-003   14.252506949064374        14.297000483168306        14.122187321688932        14.379213764640431        14.300016399985834        14.329208931342327        14.453679467020661        14.622683235804883        14.302454964909829        14.333925227775131        14.459132811548526        14.593907286720727        14.710595538856568        13.601880904043005        14.416376416561635        14.318464872325434        14.180595768544903        14.092876413600989        14.159502589896997        14.124823157752113        14.121741405210370        22.861805141610169        15.240973114020042     
   8635.9476294572396       -3.6749220000000000        2.8872404560559688        8.8539651999999993        6.4901000000000004E-003   14.273847686695024        14.321163146455156        14.138677432196278        14.410344405652108        14.325711624891962        14.348788204090894        14.470266221173290        14.637131285613702        14.327503661581954        14.353506344729819        14.475583870531342        14.608587495095872        14.724305289656460        13.632659566129334        14.443058645423886        14.340817849649273        14.199383388637241        14.108631102884829        14.171353333960170        14.135182152362976        14.131045844341617        22.998882161636669        15.287632024642352     
   8576.6166736564082       -3.6869280000000000        2.9148529069759679        8.8539913000000006        6.4898999999999998E-003   14.295529263908520        14.345648562277798        14.155621320361806        14.442368631925650        14.351579572523537        14.368820030349124        14.487327203589093        14.652006049885220        14.352666529850005        14.373495889593972        14.492506190803798        14.623699583190596        14.738381214082466        13.664316568817622        14.470156389176978        14.363269188594479        14.218639167987465        14.124841556087677        14.183573053594625        14.145832714145484        14.140714156565881        23.152608998664622        15.335239177289306     
   8517.5756597627442       -3.6989540000000001        2.9424697091747523        8.8540171000000001        6.4897000000000002E-003   14.316972257762526        14.369800502923354        14.172571426833255        14.474439848927776        14.376922532413818        14.388772793941623        14.504412214892668        14.666915595039445        14.377263530227705        14.393362252644327        14.509453266825172        14.638845292400394        14.752451546675267        13.696014943669329        14.496944755767061        14.385212236277074        14.237852974144811        14.141080243142326        14.195840577484969        14.156494373423929        14.150494450786020        23.319236292142019        15.382525326455106     
   8459.8176111841603       -3.7107990000000002        2.9697789814662370        8.8540424000000009        6.4895999999999999E-003   14.338627760244890        14.394315523126672        14.189514749553432        14.506714668826753        14.402869404543633        14.408836456090192        14.521478320578669        14.681968596742735        14.402465366721867        14.413439264138454        14.526478320578672        14.654129326297998        14.766559635061196        13.727947621550356        14.524104249369536        14.407811892283956        14.257102270989041        14.157359717737847        14.208276503685461        14.167227670673256        14.160316483434947        23.471966019506503        15.430240042844456     
   8403.7475954721212       -3.7223730000000002        2.9966370201023018        8.8540671999999994        6.4894000000000002E-003   14.359933834029873        14.418385638735375        14.206271828220901        14.538601677916313        14.428346959677560        14.428602257507672        14.538360039548694        14.696950584458436        14.427136716783943        14.433257259823128        14.543360039548693        14.669335594076552        14.780563615655156        13.759505571549047        14.550785067985588        14.430025389644408        14.276058229605626        14.173481042416720        14.220669875641081        14.177978380310433        14.170164408605638        23.621302279548544        15.477264666443846     
   8348.0492008524543       -3.7339500000000001        3.0229506062347742        8.8540908999999992        6.4891999999999997E-003   14.380997189123804        14.442053225816814        14.223069697255490        14.570485085347848        14.453244805536077        14.448253975103519        14.555298219190121        14.712008163636398        14.451131771090328        14.452944388738928        14.560298219190120        14.684615966832986        14.794626623289815        13.791052262940937        14.577075662394371        14.451674285380228        14.294938373830540        14.189647384974144        14.233116508679920        14.188855726430798        14.180177855688648        23.780094087989553        15.523994511253683     
   8291.6125460272833       -3.7457560000000001        3.0492405557201629        8.8541138999999998        6.4890000000000000E-003   14.402318136619652        14.466148630264154        14.239691597050211        14.602501371776636        14.478860665215031        14.467956870240950        14.572046090167849        14.726834349484083        14.475911976736903        14.472715568872534        14.577051220649469        14.699667899299971        14.808518486035460        13.822684320883042        14.603712897080410        14.474009888842577        14.313789489021072        14.205585405939036        14.245328155227512        14.199436596404606        14.189767932748861        23.925820796735014        15.572159960422496     
   8234.0215633818298       -3.7578879999999999        3.0755135386676256        8.8541363999999998        6.4888999999999997E-003   14.424440693763612        14.491367485340676        14.256611269220786        14.635254793483886        14.505973734840909        14.488292274636857        14.589087625605130        14.741755447290702        14.502325348288315        14.493069416099511        14.594082250647888        14.714842146683823        14.822637318801151        13.854988204499046        14.631478957109502        14.497728041036440        14.333168683368386        14.221747873573788        14.257599991485391        14.209924618669747        14.199060378193790        24.059578102454395        15.622468000901693     
   8175.3433251983215       -3.7703340000000001        3.1019159457996754        8.8541582999999999        6.4887000000000000E-003   14.447950153172638        14.518351306078305        14.274635096641660        14.669680034246277        14.535133696347259        14.509981210806252        14.607253674774231        14.757532121021161        14.530925524098205        14.514646991440276        14.612212356488445        14.730925656519855        14.837759138110936        13.888886922472015        14.661175678041669        14.523289930916160        14.353841306413234        14.238920806987274        14.270630398880218        14.220966403765985        14.208640376293076        24.181194022155321        15.675454166194694     
   8116.1487867210017       -3.7829769999999998        3.1283471082684797        8.8541798000000007        6.4885000000000003E-003   14.471621649675154        14.545413391520469        14.292993939760848        14.704577180691683        14.564195700170465        14.531923111408073        14.625748567088902        14.773660942018154        14.559378526939778        14.536502368761745        14.630645187552542        14.747345601865813        14.853164693286477        13.923278715001960        14.691044665927780        14.548722168059722        14.374846434085033        14.256413861013595        14.283944549333729        14.232300294517689        14.218562267464318        24.321284883073421        15.728747247309062     
   8057.4570648680183       -3.7956070000000000        3.1546737127006104        8.8542009999999998        6.4884000000000001E-003   14.495015318807139        14.572055477176564        14.311339472845935        14.739313191519548        14.592626972353548        14.553707934989541        14.644221656069552        14.789832012346599        14.587162056032630        14.558226994054335        14.649031168153362        14.763787055054516        14.868556505854157        13.957539238842637        14.720539340628518        14.573554473500257        14.395790183331355        14.273893637368088        14.297280990334057        14.243698927103869        14.228623030010704        24.477412047246595        15.781397378739248     
   7999.8344552033959       -3.8080980000000002        3.1807008566556139        8.8542217999999995        6.4882000000000004E-003   14.517979455564486        14.598100362676163        14.329556603008314        14.773615794833805        14.620243270562156        14.575193359765141        14.662556810579282        14.805949837971976        14.614100321810746        14.579678680240882        14.667255907815338        14.780152696241046        14.883849011002113        13.991400043477636        14.749451918334184        14.597636800162149        14.416534121522744        14.291253722244349        14.310573197482000        14.255112974787629        14.238783437515803        24.647314427929430        15.832977492000097     
   7942.6970861321834       -3.8205680000000002        3.2063286997850464        8.8542418000000005        6.4881000000000001E-003   14.542389985702975        14.625893805668529        14.348354179834445        14.808621224164931        14.650265187304122        14.597597698243746        14.681455445702650        14.822723484736620        14.643527269169837        14.602230152222109        14.685991523813044        14.797197948894286        14.899779530113499        14.026058312482427        14.780059752779163        14.623955896548694        14.438015266202225        14.309222896182021        14.324474127238933        14.267020465479199        14.249368517948898        24.782824815272178        15.886500351566127     
   7885.4775565914370       -3.8331469999999999        3.2318236080687970        8.8542614999999998        6.4878999999999996E-003   14.566810238489460        14.653560023636089        14.367437054856715        14.844007733664938        14.679962488754782        14.620150673083817        14.700698319206261        14.839821047778941        14.672514664401213        14.624864799557038        14.705078035098889        14.814591664868875        14.916081094644262        14.061072977433163        14.810610096646549        14.649913974211294        14.459685235828907        14.327517691890769        14.338684402717501        14.279269058887216        14.260310094562897        24.927942328838320        15.940015830795723     
   7827.7870060258665       -3.8459230000000000        3.2571683225534551        8.8542804999999998        6.4878000000000002E-003   14.591337908416603        14.681216697274651        14.386870796416263        14.879952731365657        14.709463715952227        14.642939363885928        14.720352952398608        14.857295203337374        14.701184591241608        14.647669309779802        14.724581980000009        14.832388876219122        14.932801656097768        14.096618577682021        14.841241178391707        14.675613737079127        14.481625713081842        14.346198923765526        14.353236895682913        14.291878817448330        14.271619611519659        25.083720806726447        15.993818501206009     
   7769.9102087191868       -3.8588320000000000        3.2825362042521657        8.8542992999999992        6.4875999999999996E-003   14.615918002027669        14.708790917954722        14.406630494260742        14.916351023843148        14.738683359138168        14.665919829483709        14.740394374726726        14.875131437211820        14.729453694436497        14.670598533262371        14.744479233487198        14.850573885133858        14.949931242737559        14.132591479851236        14.871866536387422        14.700987931911463        14.503797663082587        14.365246117799973        14.368131307817876        14.304859652633198        14.283313706000776        25.249620301457306        16.047707824062297     
   7713.0651546854833       -3.8716080000000002        3.3076768903225902        8.8543178000000005        6.4875000000000002E-003   14.640785943944810        14.736830540777710        14.426447041123975        14.953007692178726        14.768415357234659        14.689075808952218        14.760386659925381        14.892779731085373        14.758112040192682        14.693489705563948        14.764397269992642        14.868777712638540        14.967034507173370        14.168781920592110        14.902741180960334        14.726691839243884        14.526066134843148        14.384214099967068        14.382789384611492        14.317242099491860        14.294082535312999        25.381145649276533        16.103171963708057     
   7657.6938583535684       -3.8841410000000001        3.3323425925216390        8.8543357999999994        6.4873999999999999E-003   14.666538171919672        14.766030719002444        14.446606032421933        14.986490464496036        14.800448218491756        14.712369487106717        14.780548713632019        14.911442410042508        14.790050545749022        14.716896106350905        14.784591416878829        14.887680583507702        14.984782743200281        14.201812229157230        14.933982314721536        14.755585848216295        14.548348782635774        14.403847148863843        14.398560604604196        14.331006714027776        14.305614179288103        25.510144597730918        16.157374320930426     
   7603.9805968248411       -3.8963860000000001        3.3564310454232071        8.8543532999999996        6.4872000000000003E-003   14.691484930538843        14.794385910328939        14.466044122374695        15.019085602919857        14.831586883255083        14.734931073476856        14.799939591680888        14.929373383806228        14.821114941967179        14.739581812270620        14.804057872159026        14.905838238383728        15.001835456299331        14.233997187990715        14.964326388995358        14.783679003485778        14.569900995932690        14.422749398689310        14.413759534988939        14.344321501489672        14.316882731796772        25.640709331192909        16.210025543383686     
   7547.4978850896277       -3.9093559999999998        3.3798279763002532        8.8543689000000008        6.4871000000000000E-003   14.717522962027912        14.823895139098044        14.486564777242416        15.053723625904327        14.863799380350114        14.758657225892959        14.820399600578140        14.948258839409041        14.853116561119412        14.763404512110812        14.824613832844024        14.924962069907687        15.019844430625318        14.268232382266556        14.996048797083843        14.812623135740067        14.592616208088492        14.442684635748334        14.429807183943700        14.358447233369171        14.329051982793475        25.786913469179787        16.265063867137151     
   7484.4346376486556       -3.9239480000000002        3.4049008096304436        8.8543847000000007        6.4869999999999997E-003   14.746734146432329        14.857051702141485        14.509549587299004        15.093069922612544        14.900103776831552        14.785370557176892        14.843326950656008        14.969339943921026        14.889149128085622        14.790238607392011        14.847644701544519        14.946286248423450        15.040000506090200        14.307161136861192        15.031907877777774        14.845100208636078        14.618205982393286        14.464944761693888        14.447782530652551        14.374220184410737        14.342910905999554        25.952864982207011        16.327821361635905     
   7425.8983490376522       -3.9376050000000000        3.4299742778159472        8.8544014999999998        6.4869000000000003E-003   14.774834844690382        14.889181785900647        14.531136174639421        15.130298532616667        14.936033960491560        14.810877189887492        14.864957224214145        14.989171530326900        14.925048607005536        14.815983947445517        14.869280305041300        14.966258923734323        15.058999490754051        14.343988541588800        15.066781942373563        14.877257757473679        14.642588735383921        14.485754295210871        14.464853327722583        14.388984089804829        14.356043693014200        26.089685680557416        16.390197253518537     
   7370.4499261471801       -3.9506389999999998        3.4539517624937632        8.8544175999999997        6.4868000000000000E-003   14.801609044377306        14.919528743645353        14.552139741392610        15.165535267297246        14.969752301642055        14.835302170672145        14.886053401157868        15.008633001794665        14.958633392900195        14.840618288351527        14.890335869589299        14.985826108990510        15.077693621220812        14.378816292927548        15.099645397750622        14.907530830773860        14.666029302136304        14.506067482644015        14.481771310924218        14.403826038005933        14.369285788844225        26.221866373535221        16.448615166879883     
   7315.6682008196567       -3.9636149999999999        3.4772690095661800        8.8544327000000003        6.4866000000000004E-003   14.828242493313002        14.949458769683023        14.573453987687049        15.200353786871492        15.002795051153054        14.859717873647053        14.907508097925959        15.028538635660105        14.991444379078164        14.865224815778582        14.911706813248120        15.005809489228241        15.096861547154862        14.413203098846399        15.131982590470908        14.937292409037035        14.689549030869976        14.526743293764707        14.499232532713936        14.419340481023344        14.383167253957193        26.354952250904926        16.505724798085208     
   7260.0732081086544       -3.9768829999999999        3.5006702781983092        8.8544476000000003        6.4865000000000001E-003   14.855386654782606        14.979711412212779        14.595588228058823        15.235625757722275        15.035984967563472        14.884716269774039        14.929834624485526        15.049360160172618        15.024297689507137        14.890400586638865        14.933904005379681        15.026682774703289        15.116955175255050        14.448008857027361        15.164597723861419        14.967277160747798        14.713715996205519        14.548273975199379        14.517643007316579        14.435881251216998        14.397997549092402        26.492479755971679        16.562997472845137     
   7203.8556185887446       -3.9904020000000000        3.5240388721978655        8.8544622000000004        6.4863999999999998E-003   14.883362588481230        15.011637106329747        14.617555155898433        15.269574334890311        15.072107847826619        14.909327206234398        14.951824553292738        15.070482273039595        15.061124100961987        14.915323758857841        14.955790897379412        15.047889388461179        15.137857344975135        14.481350486804889        15.198610114310991        14.999867235799751        14.737389882572284        14.569934084110251        14.537508433796649        14.453410972697224        14.412827031418903        26.630533387426656        16.631132014782555     
   7147.5795895164983       -4.0040399999999998        3.5474195596029485        8.8544765999999999        6.4863000000000004E-003   14.911375008082091        15.043379872087273        14.639813655284707        15.302181650580119        15.108176049521960        14.933610290193529        14.974005107530838        15.092267344396761        15.098239967629203        14.939939491514496        14.977910787885120        15.069759428958486        15.159577342917979        14.513324279909783        15.232123790918896        15.032520053883173        14.760879610302096        14.592032590681969        14.558526900498928        14.471900434832344        14.428173029637685        26.768684534954062        16.703172627583044     
   7092.0207891971686       -4.0176109999999996        3.5704633311923963        8.8544906000000001        6.4862000000000001E-003   14.938935622341321        15.074158718640037        14.662252621413325        15.333290273402165        15.143038306128959        14.957396489386520        14.996305705652604        15.114543165287033        15.134246481902396        14.964042155966476        15.000184480956216        15.092108119706568        15.181837512239513        14.543807429397100        15.264367962576911        15.064227440649328        14.784072261783111        14.614407049946943        14.580307231016869        14.491098031672772        14.444013472053117        26.905618876310577        16.775930621427761     
   7037.1531061211554       -4.0311149999999998        3.5931933768375846        8.8545043000000003        6.4860999999999999E-003   14.962238100768431        15.101590970744684        14.679280228915818        15.365957113335590        15.175226423683558        14.976057747366994        15.013017697401363        15.131673461015492        15.167220388288978        14.982991531863977        15.016871640625610        15.109205399282740        15.199411149840383        14.575569767751471        15.294675957164284        15.091509648292433        14.802012569327712        14.631306118125103        14.600092228764719        14.511860084984949        14.461935718463334        27.039581989805580        16.862020645031546     
   6982.7742223507139       -4.0446049999999998        3.6155813970425812        8.8545175000000000        6.4859999999999996E-003   14.980457798720437        15.126564544673002        14.687996312342996        15.404147912015809        15.206967718887356        14.988372788394422        15.021237963716118        15.140221526831873        15.199111958509974        14.995507633695581        15.025012729484182        15.117553506641393        15.208949755986254        14.612444812510965        15.325527643028614        15.114760249649212        14.812990396051696        14.639472418982081        14.615542008964383        14.533590794653310        14.481556842317836        27.166142082039507        16.966946900869765     
   6927.8583607434239       -4.0583320000000001        3.6377712557580493        8.8545301999999992        6.4859000000000002E-003   14.998859460560041        15.154223566118919        14.693853691369913        15.448180603469478        15.243591824453116        15.000311526881678        15.026614049985380        15.144968032628778        15.235714091415115        15.007545336111015        15.030274899971349        15.122085685984107        15.214527582077498        14.654991620107065        15.361250873318394        15.140259810759677        14.822931958125235        14.644204342496611        14.628049037069434        14.554173544455278        14.499874996652895        27.285336567884205        17.079588442292273     
   6872.2507918820393       -4.0723469999999997        3.6601072341516354        8.8545428000000008        6.4857999999999999E-003   15.017054844353780        15.181924648847257        14.699351783792686        15.494901179966178        15.280132875929397        15.012223401127201        15.031712700239197        15.148876577532640        15.271785245764129        15.019489326368742        15.035258149199596        15.125832528458304        15.219095649450079        14.700143006448982        15.397752304981115        15.164908638787747        14.832841211532447        14.648410225348712        14.640356196538480        14.575878952191605        14.518945473512431        27.403797186512563        17.194091665236442     
   6817.1994454988608       -4.0863300000000002        3.6822624924772667        8.8545552999999995        6.4856999999999996E-003   15.034635250889805        15.209046047448810        14.704367093607827        15.543269020732053        15.315769793670336        15.023841750788455        15.036419718180154        15.151857687393312        15.306513368406856        15.031071992674496        15.039850872089955        15.128708393851545        15.222549003945419        14.746893374646772        15.434214708917382        15.188150597826828        14.842496548300526        14.651995047981321        14.652187299642199        14.598224224490776        14.538343232652965        27.518858968656261        17.307887865151791     
   6762.5423832406123       -4.1003270000000001        3.7039712237869207        8.8545672000000000        6.4856000000000002E-003   15.051664067689089        15.235675621780977        14.708926182293222        15.593371132339833        15.350621444663204        15.035205874904008        15.040758529113177        15.153943847830597        15.340026201572066        15.042334288737731        15.044076159655624        15.130744050876359        15.224926151188342        14.795326676789688        15.470736867914660        15.210084546926076        14.851931022984459        14.654985095781132        14.663586757490016        14.621253236727291        14.558112092942828        27.630918552273279        17.421298416211492     
   6706.9026091248679       -4.1146909999999997        3.7256658387497197        8.8545786999999994        6.4854999999999999E-003   15.070435843644807        15.265169638335363        14.714361930781616        15.647514242395713        15.389390064330213        15.048221882511831        15.046036181499167        15.156573129401684        15.377739903540773        15.055063019633158        15.049294388613651        15.133408506637933        15.227531128332080        14.847805930262188        15.511222757499715        15.234519026552602        14.862790025758704        14.658874872965717        14.675423667251456        14.644303881182902        14.577177415195314        27.744645626331639        17.543023805089561     
   6651.7512514977016       -4.1290449999999996        3.7472170340593927        8.8545900999999994        6.4854999999999999E-003   15.090183153904659        15.295410688551945        14.721269742982168        15.702981906026784        15.428550746980603        15.062625166953913        15.052845360394345        15.160385841312943        15.415544822414683        15.069100528290987        15.056055256170039        15.137305770029469        15.231116031723323        14.901714524476665        15.552663601629453        15.259233122716095        14.875111166504878        14.664209321564334        14.688274245478189        14.668306803985276        14.596404126485288        27.856277800053931        17.660085272573347     
   6597.2508841294821       -4.1433460000000002        3.7685101289660277        8.8546011999999994        6.4853999999999997E-003   15.110483414079564        15.325656001160837        14.729506083894041        15.759262834485071        15.466974695319490        15.078089959144126        15.061044257544108        15.165220265948122        15.452102520552597        15.084159764221280        15.064200232167625        15.142261708753868        15.235567355626110        14.956530651483529        15.594141548946450        15.283373892360164        14.888645241919800        14.670799920709658        14.702133006982031        14.693661946282322        14.616274371542143        27.965131594918137        17.769958271526843     
   6543.1518606749842       -4.1576649999999997        3.7894652850167088        8.8546121000000007        6.4853000000000003E-003   15.131374269622343        15.356000922374500        14.739035462583614        15.816539354937378        15.504813011688549        15.094618888099747        15.070595473523580        15.171035327691270        15.487570818090250        15.100242780110998        15.073691858059002        15.148234708282979        15.240846837920023        15.012427739687881        15.635798471643282        15.307027371272108        14.903382418872448        14.678606318286819        14.716997449837129        14.720405630344034        14.636821361225936        28.071715265180337        17.873281486598977     
   6489.0780822443803       -4.1720879999999996        3.8102342878720048        8.8546227000000002        6.4852000000000000E-003   15.153518973311069        15.387199777124323        14.750590759553710        15.875819918060948        15.542886247932607        15.113114335907706        15.082268868043037        15.178469069053129        15.522782733996266        15.118263771657436        15.085266986223864        15.155904890153330        15.247563616013672        15.070384851009702        15.678477414197857        15.331002929653838        14.920175434805444        14.688292627798031        14.733270035243201        14.748613037369978        14.658002824655263        28.178025132009338        17.970552678130382     
   6435.1844575960731       -4.1865880000000004        3.8307423423867655        8.8546329999999998        6.4850999999999997E-003   15.178457651688714        15.420527356756512        14.766426308724100        15.937498704088149        15.582434306010402        15.135836772141250        15.098463379406265        15.189742377856120        15.559215935180070        15.140549258921013        15.101206729169448        15.167626811755042        15.257871402924053        15.130747567245134        15.723015418293407        15.357167948491245        14.941283390568952        14.702029932805015        14.752038967015245        14.777782490436969        14.679073303744239        28.286450702728636        18.061876120275581     
   6381.5767973022566       -4.2011300000000000        3.8509910079836778        8.8546429000000000        6.4850999999999997E-003   15.208226708375101        15.457883429097961        14.787205176240548        15.990957314353423        15.625713621136420        15.164019558249869        15.119564681924164        15.206651810082874        15.601479094323373        15.168595480361958        15.122032027878348        15.184980578801685        15.273807636536155        15.183326177843764        15.767749184256139        15.391901625896605        14.967419401281745        14.721008582590422        14.772076110809479        14.808894729291843        14.707827940571686        28.435939476768546        18.142637706723360     
   6328.3865668949093       -4.2156789999999997        3.8709797905169236        8.8546527000000008        6.4850000000000003E-003   15.237984705095537        15.494695883087681        14.808560420380095        16.043610881901586        15.667875646513943        15.192365716430112        15.141235648468376        15.224345424041813        15.642583822210144        15.196825213929698        15.143449618322039        15.203078399243838        15.290573467680149        15.235123755510843        15.811525444920322        15.426111890107537        14.993840652910430        14.740686071122918        14.792729206790069        14.841204387726025        14.736979609691462        28.585404145300558        18.222279633669757     
   6275.6974763329881       -4.2302130000000000        3.8907060858315683        8.8546621000000005        6.4849000000000000E-003   15.267447920284049        15.530684514840562        14.830239172216832        16.095677187557644        15.708630090656865        15.220571954678718        15.163227146077269        15.242544416107773        15.682143634467735        15.224921892904749        15.165210690999071        15.221642412685373        15.307888792017135        15.286342142336903        15.854208924814497        15.459319625048021        15.020272628988639        14.760800024471106        14.813900685177988        14.874556875972086        14.766111296838435        28.732651897006807        18.301006571938064     
   6223.6046985242010       -4.2447020000000002        3.9101718879103324        8.8546714000000009        6.4849000000000000E-003   15.297769223360117        15.567383819188812        14.853217754790933        16.148572299273095        15.749869106845473        15.249844426423959        15.186541276638657        15.262051132936907        15.722110793192506        15.254082785559763        15.188340958539147        15.241425234077411        15.326410125472872        15.338398937792334        15.897645303411014        15.493191379372458        15.047855986796602        14.782373537213612        14.835621571788860        14.908177844715002        14.794808800536487        28.879147302776165        18.380402814014797     
   6173.2803467502599       -4.2588150000000002        3.9293703064717280        8.8546808000000006        6.4847999999999998E-003   15.328193444001393        15.603892417472153        14.876928047646683        16.201080006627677        15.790572682023615        15.279477053019214        15.210576009819825        15.282329344675233        15.761475333402586        15.283586342417017        15.212225261979189        15.261929029499814        15.345602987687723        15.390096794252525        15.940741752843785        15.526830979987338        15.075904274685307        14.804807403719479        14.857265666570790        14.941088048049352        14.822358855091021        29.021073840772750        18.458690394462508     
   6128.7372109822290       -4.2714030000000003        3.9469955797605358        8.8546896000000004        6.4847000000000004E-003   15.355057274544157        15.635784476336413        14.898306772307636        16.247501469741039        15.825744531342936        15.305789850621084        15.232215100078941        15.300728239385828        15.795323627903445        15.309769306443547        15.233731211357922        15.280543180111172        15.363036839924630        15.435801447341445        15.978277180535409        15.555960510067072        15.100899507612768        14.825071926067542        14.876804109352948        14.970971918503713        14.846786825054673        29.145521019232099        18.527923604338270     
   6089.7715368783129       -4.2824929999999997        3.9623441965662218        8.8546972999999998        6.4847000000000004E-003   15.378474825757481        15.663325619854414        14.917278328701135        16.288036257925626        15.855821170819960        15.328840570057812        15.251393774284923        15.317137743270523        15.824135921573090        15.332694446195427        15.252793422106910        15.297152981730713        15.378598786849230        15.475709184836239        16.010610537854163        15.580913250479187        15.122862907170942        14.843080798006072        14.894157039819200        14.997662449913500        14.868156729283649        29.253448632285604        18.588408866125434     
   6048.4208246871822       -4.2943369999999996        3.9772364639606379        8.8547040999999993        6.4846000000000001E-003   15.403304857127518        15.692250995249120        14.937749731355117        16.331039906997596        15.887096826927868        15.353398847814548        15.272063879102896        15.334935906220375        15.853961155030598        15.357107213904230        15.273339940150878        15.315175922594927        15.395494149517036        15.518047403082099        16.044473959145016        15.606916530056781        15.146333907469492        14.862542840824867        14.912901991348031        15.026609678896024        14.890898384780316        29.367089684647084        18.652579666640214     
   5996.2537075069376       -4.3093919999999999        3.9951076582374729        8.8547118000000005        6.4846000000000001E-003   15.434679384377299        15.728466416374095        14.964095445135131        16.385480624923211        15.925869541556020        15.384618041758410        15.298637001923327        15.357953412225799        15.890763063582979        15.388109865431142        15.299762001957783        15.338512633484997        15.417334647303234        15.571652976756726        16.086768408847874        15.639207617402649        15.176255043613411        14.887618172642059        14.936901899503612        15.063828534597176        14.919586868119575        29.509612347740081        18.733786970931156     
   5944.6870950126131       -4.3244009999999999        4.0130253457079554        8.8547195999999992        6.4844999999999998E-003   15.467873294047811        15.767063370721468        14.992079039323412        16.443046291887825        15.967640676537796        15.417969493279811        15.326938378515804        15.382402109074574        15.930595532518728        15.421036092176193        15.327991130248597        15.363511744118673        15.440160308417964        15.628456219765313        16.132005157667891        15.673860352812524        15.208157577515495        14.914174275161672        14.960413852434746        15.099821792249470        14.947984334998216        29.655683199125633        18.818687884970608     
   5893.3603923571973       -4.3394760000000003        4.0306994168526673        8.8547271999999992        6.4844000000000004E-003   15.500904316945986        15.804958981060311        15.020356265115199        16.500252301515438        16.008182370309562        15.451218909482007        15.355551362551184        15.407180373663452        15.968934179258417        15.453842795998300        15.356560254422456        15.388837849446313        15.463259314110070        15.684917398301844        16.176322687943063        15.707489742019282        15.240137710235325        14.941050117169178        14.983927851562070        15.136227975496796        14.976320160178668        29.798692478704019        18.903087910177547     
   5842.5441112082945       -4.3545249999999998        4.0481308250347112        8.8547346000000005        6.4844000000000004E-003   15.533565235665074        15.841931613128326        15.048735505516357        16.556765866195164        16.047270263526407        15.484156583457457        15.384282140361494        15.432114599369248        16.005572231522287        15.486323031231874        15.385275185542943        15.414314456549613        15.486468313166030        15.740707346256249        16.219469606426692        15.739904071939437        15.271988643531317        14.968061039371642        15.007284214263317        15.172809222886427        15.004410176028538        29.937905206855746        18.986511227938536     
   5792.1393263305536       -4.3695830000000004        4.0653159613009295        8.8547419000000005        6.4843000000000001E-003   15.566102832376284        15.878630133126460        15.077006893398821        16.612636097913597        16.086079038715614        15.516835742243586        15.412934403787748        15.456995563072862        16.041943538196929        15.518567781595319        15.413921113307612        15.439730809114863        15.509608548126621        15.795863824815694        16.262213207874648        15.772178520408122        15.303658845011824        14.995008409076732        15.030459826801795        15.208419774103252        15.032983803341921        30.087244382356477        19.070106739605723     
   5741.9710694324040       -4.3847040000000002        4.0822536058586918        8.8547489000000006        6.4843000000000001E-003   15.599232706355430        15.917293090912345        15.104307591450308        16.668601269766409        16.128645954884977        15.549409428359656        15.440693373540991        15.480859297467671        16.082975687171793        15.550910492439879        15.441568794257488        15.464143036171034        15.531832441285214        15.851025488698564        16.307367658842313        15.807969354873325        15.334874949882110        15.021079575760428        15.053112038510125        15.239096495463137        15.064837635919908        30.289830479205303        19.158144813863704     
   5692.1062746921307       -4.3998619999999997        4.0989449751108697        8.8547557000000001        6.4841999999999999E-003   15.633885688170313        15.957922443546874        15.132925468785675        16.729079916769763        16.173307292312760        15.583702045189565        15.469835454797806        15.505530688508102        16.126027000873083        15.585202532542088        15.470469714991076        15.489507264627509        15.554672460034663        15.910484813101061        16.355348212089194        15.845689616357955        15.367656346026319        15.048493815530513        15.075652992654245        15.268567985138848        15.103501195442238        30.500515327425642        19.251278271686477     
   5642.6615262885934       -4.4150239999999998        4.1153937666238170        8.8547624000000003        6.4841999999999999E-003   15.667846032596945        15.997189156002271        15.161547341309134        16.789234767318984        16.215467346872376        15.617818277485167        15.499016247262613        15.530174082869141        16.166356539346669        15.619287039188134        15.499442521708261        15.514858694743989        15.577447693382965        15.969641979766429        16.401492465274174        15.881798558647443        15.400344373765872        15.075917125952788        15.097782913124423        15.298420010276899        15.147856766436536        30.711693990992767        19.343705275008407     
   5593.5818831515153       -4.4302070000000002        4.1316014505929815        8.8547688999999998        6.4840999999999996E-003   15.701227120923244        16.035227152394164        15.190265395710076        16.849194476022809        16.255289346339708        15.651859554463423        15.528327636843693        15.554878785635379        16.204131038671299        15.653266146336611        15.528578130271326        15.540286928439548        15.600246602673350        16.028624226499169        16.445951705110716        15.916433061403511        15.433037214817032        15.103440487677323        15.119597818974013        15.328736999564034        15.197877985244260        30.923613972062363        19.435592913057157     
   5544.8397597997055       -4.4454170000000000        4.1475624541182654        8.8547752000000006        6.4840999999999996E-003   15.733988418081060        16.072011517978432        15.219022925670037        16.908921162116485        16.292772538980998        15.685774948715958        15.557712433300251        15.579587198111126        16.239353516569430        15.687089548507485        15.557818595372739        15.565734339969650        15.623011610174343        16.087392850191620        16.488713255831463        15.949572034504000        15.465681709638636        15.131006634730211        15.141046916532657        15.359455052215791        15.253399350911357        31.136279326869996        19.526923498690287     
   5496.4464355297623       -4.4606519999999996        4.1632855682327916        8.8547814000000002        6.4840000000000002E-003   15.766421437234783        16.108015882911431        15.247959793408953        16.968841372763734        16.328647835482869        15.719798744544441        15.587322771884772        15.604434185713529        16.272781759538564        15.720992187506951        15.587315880308232        15.591328761637911        15.645873858678243        16.146368579018201        16.530408794176946        15.981730179228368        15.498484643730094        15.158757697266488        15.162228670550938        15.390618418048689        15.313401930249384        31.349922927010631        19.618321049428282     
   5448.4503793154945       -4.4758950000000004        4.1787653857213662        8.8547873999999993        6.4840000000000002E-003   15.801190519035796        16.147984274756730        15.277947372280856        17.033024487062285        16.370651471795931        15.755865724716465        15.618169901074502        15.630223804278543        16.312438348913734        15.756909655368304        15.618054236504868        15.617799963888942        15.669576803099169        16.209541814447419        16.577574625981228        16.018123552737116        15.533059918603112        15.187584008361782        15.183529429804125        15.421945778449881        15.364001463002374        31.565356528791632        19.716139138910712     
   5400.8112546513639       -4.4911550000000000        4.1940037343743084        8.8547931999999996        6.4838999999999999E-003   15.835707438727212        16.187286041807468        15.307990673214533        17.096696661706744        16.411433370464113        15.791813576219628        15.649083153255294        15.656059342106786        16.350729353959942        15.792680202990180        15.648830628779550        15.644333495690358        15.693286147284198        16.272199504979959        16.623731215533560        16.053739791154999        15.567560748093847        15.216462573460056        15.204705138820877        15.453422329849424        15.414925430621608        31.777919391796615        19.813061811306696     
   5353.4530715983319       -4.5064599999999997        4.2090049663116851        8.8547989000000005        6.4838999999999999E-003   15.869960750086129        16.225924888238396        15.338065670519512        17.159893780613487        16.451010387837570        15.827630300259631        15.680039552751921        15.681910878123677        16.387670886260199        15.828292126855679        15.679622441650224        15.670900113694756        15.716969687908147        16.334376157794875        16.668898985333080        16.088579467135411        15.601972148782821        15.245367748689549        15.225722528004418        15.485024268158199        15.466174773215311        31.987909659313111        19.909180650980687     
   5306.4124103997920       -4.5217999999999998        4.2237687177906516        8.8548045000000002        6.4838999999999999E-003   15.903957979073070        16.263911966486567        15.368178036012193        17.222601778718314        16.489403023823520        15.863319564184369        15.711043775247767        15.707788110182634        16.423288493400605        15.863749791901739        15.710435017062455        15.697508556745458        15.740639833799019        16.396058720290956        16.713089440700614        16.122659232055412        15.636298242751749        15.274306333323750        15.246598857842056        15.516754154598736        15.517730939899650        32.195222891341039        20.004458686560099     
   5259.9183181580511       -4.5370920000000003        4.2382995636143761        8.8548098999999993        6.4837999999999996E-003   15.937567797394628        16.301106578171712        15.398208065888539        17.284550611074980        16.526483058266876        15.898737984882409        15.741971322915642        15.733593054107178        16.457471784199296        15.898911716086360        15.741145562494633        15.724056699757647        15.764210829454996        16.456982461955306        16.756139415314575        16.155861087962720        15.670401382156221        15.303164660816538        15.267265997643303        15.548481638344278        15.569358388029933        32.398917814746866        20.098470935742412     
   5213.9636609505160       -4.5523420000000003        4.2525900000705148        8.8548152000000009        6.4837999999999996E-003   15.969353974043109        16.332582410000406        15.430632543255758        17.352149396025414        16.549545354176420        15.936138125906869        15.775522349001520        15.761017523117342        16.475652057467560        15.935785881533299        15.774513848773445        15.752399109286142        15.789030564445984        16.523607485348649        16.791205530326536        16.180751142667710        15.706825741117900        15.334193444325102        15.285980398675402        15.589497056007641        15.669300572448567        32.614100629483033        20.199754225331183     
   5168.2795925727514       -4.5676370000000004        4.2666471974575746        8.8548203000000001        6.4837000000000002E-003   16.000141085090071        16.361309108837965        15.463826195520495        17.421433510667406        16.566214412105538        15.974061750887186        15.809905451712359        15.788957307969715        16.486645121710353        15.973089610102084        15.808769105900426        15.781313281852354        15.814198813062097        16.591943129779004        16.822375032051056        16.201802806856726        15.743959700360184        15.365926414691243        15.303692542545148        15.633777308838686        15.788449610829650        32.836889032169317        20.303027594325322     
   5122.7834760257028       -4.5830000000000002        4.2804686565230297        8.8548252999999999        6.4837000000000002E-003   16.032454354166319        16.394639557044314        15.495436152890617        17.490875169918532        16.592776183987702        16.011267074842408        15.842461327101779        15.815831938535579        16.509085534965010        16.009803814764446        15.841264455594020        15.809003023105317        15.838649146286832        16.660352549455055        16.860344673974240        16.229051284327809        15.779980697912519        15.396144165403689        15.321161689480563        15.669714442153838        15.883746599082903        33.137775884015774        20.409395139937580     
   5077.7112432738541       -4.5983580000000002        4.2940593092631891        8.8548302000000003        6.4837000000000002E-003   16.065023135903878        16.428802710000660        15.526683034925759        17.559328822827581        16.621510644003514        16.048095657232786        15.874589345266861        15.842492909029462        16.534022838017357        16.046165083986693        15.873343362807299        15.836456459672140        15.862968572348569        16.727772721796384        16.899508247487432        16.257560991767015        15.815564967083104        15.426052742091395        15.338889237748672        15.703586975667966        15.969189599313600        33.433607360882952        20.515032032024770     
   5033.1398754942693       -4.6136780000000002        4.3074192683825832        8.8548349999999996        6.4836000000000000E-003   16.097808197837161        16.463738588737577        15.557549077639374        17.626721537519302        16.652327866944475        16.084519013791457        15.906271953876361        15.868927053051165        16.561364811000502        16.082145138187336        15.904988028444473        15.863659534190942        15.887146075668037        16.794132811077709        16.939784818206810        16.287270185059732        15.850688327947145        15.455635411915255        15.356865461812424        15.735423685554446        16.044941600596651        33.723980845749558        20.619783403048721     
   4988.9137985152665       -4.6290129999999996        4.3205511904630045        8.8548396999999994        6.4836000000000000E-003   16.132207342849703        16.501757202719993        15.588513976267636        17.694247066865273        16.689133206528069        16.121302454047424        15.937995259473519        15.895682309514802        16.595318522041893        16.118536264142200        15.936629316118216        15.891126704122309        15.911767159747145        16.860595446174194        16.984190304462132        16.320886687561639        15.886006784314192        15.485400766713733        15.375789137656037        15.763279972786373        16.100872254559391        34.014020864644600        20.725853590580613     
   4944.9055410566752       -4.6444130000000001        4.3334528511413621        8.8548442000000005        6.4836000000000000E-003   16.170738713674631        16.546822576453735        15.620652308988467        17.764341676778585        16.738368139502988        16.160007224404126        15.970874234360432        15.923952872060761        16.642775178016031        16.156959349274018        15.969269999802746        15.920000401873219        15.938066770085824        16.929536838758104        17.037820462460189        16.363003594582402        15.922917353979587        15.516466715180480        15.396906866647422        15.784317763371130        16.121795514118666        34.317910630769937        20.837448580647539     
   4901.1613493653749       -4.6598530000000000        4.3461270476448490        8.8548486000000004        6.4834999999999997E-003   16.209135218125368        16.591687165091940        15.652710638130328        17.834050681935118        16.787419692560718        16.198541510325477        16.003668760958377        15.952207484139938        16.690059124658717        16.195237992958887        16.001831594103614        15.948868662822564        15.964348113681263        16.998085416248081        17.091178018432082        16.404986103952098        15.959678421909318        15.547465379024478        15.417947874227155        15.805255045633695        16.142521460536067        34.626092115275057        20.948825069347443     
   4857.9048031794528       -4.6752549999999999        4.3585791673919658        8.8548528999999991        6.4834999999999997E-003   16.247132183562577        16.636053915848805        15.684456267779103        17.902950934011173        16.835968319696249        16.236640821765377        16.036142380774514        15.980231847556775        16.736859850586356        16.233108386799969        16.034078727648996        15.977513688756781        15.990407341620058        17.065824325142152        17.143923032026542        16.446550644277913        15.996034300109416        15.578169320869231        15.438737382758406        15.825918192899396        16.162880056134995        34.936767821908916        21.059336264282315     
   4815.1076392675732       -4.6906340000000002        4.3708096985094471        8.8548571000000003        6.4834999999999997E-003   16.284785914436817        16.679984145072353        15.715940893729760        17.971120889447960        16.884076707719863        16.274362636334807        16.068347265240092        16.008073923366119        16.783238900451408        16.270627078915204        16.066063295744065        16.005983392571068        16.016291585253697        17.132831716538384        17.196122946013219        16.487755141520168        16.032041000918724        15.608629358087223        15.459321945329622        15.846354451432601        16.182921470087891        35.249979883112815        21.169074496604622     
   4772.6545413155563       -4.7060209999999998        4.3828191880746479        8.8548612999999996        6.4834000000000003E-003   16.322229675928480        16.723628740370192        15.747280721004508        18.038777665466259        16.931905854073971        16.311841333685283        16.100401560812511        16.035839005884124        16.829352613256439        16.307927246494810        16.097902743158020        16.034384379074783        16.042101242847583        17.199321957138402        17.247951473054204        16.528741830151674        16.067828009079509        15.638958769162837        15.479790060696342        15.866652573954074        16.202736036900468        35.566442784800373        21.278357645478426     
   4730.7173425966994       -4.7213560000000001        4.3946082414218752        8.8548653000000002        6.4834000000000003E-003   16.360773889064845        16.768598502396685        15.779739696229282        18.107780730752253        16.981183383354246        16.350650260233220        16.133607358159693        16.064610259683672        16.876902596929195        16.346595743772280        16.130904711678230        16.063865884833387        16.068851727083828        17.267145104614439        17.301187307968942        16.571111400743224        16.104897492816459        15.670339748686814        15.500626160384950        15.886728638525813        16.222507693746405        36.322964107894705        21.388798919640752     
   4689.0946595091546       -4.7367119999999998        4.4061775214338752        8.8548691999999996        6.4834000000000003E-003   16.400877512159472        16.815383077994969        15.813793801667114        18.178477863266959        17.032368164551972        16.391323042478387        16.168453123919900        16.094820183703103        16.926357180115520        16.387157596333441        16.165545398392208        16.094848641234886        16.096945193405094        17.336660085269298        17.356260965354306        16.615350179191335        16.143785321569776        15.703244272816804        15.522145444248981        15.906727846027042        16.242397936616559        37.714226916465392        21.500707153458752     
   4647.6027499241718       -4.7521540000000000        4.4175302805168366        8.8548729999999995        6.4834000000000003E-003   16.440920756317109        16.861993131259783        15.847899688373477        18.248470845889308        17.083306033893194        16.431946333973162        16.203351701757363        16.125137728969047        16.975601333797183        16.427679485925410        16.200226846719477        16.125914715982603        16.125127544898408        17.405487327225213        17.410938582513769        16.659484528802246        16.182669503158987        15.736229590061871        15.543726994179305        15.926664249819392        16.262103602952891        39.274979741855418        21.611861285978012     
   4606.3400990973014       -4.7676520000000000        4.4286698516196985        8.8548767000000002        6.4833000000000000E-003   16.480841216064562        16.908351876547332        15.882007836906276        18.317633285987760        17.133910689331973        16.472456187605630        16.238251643237248        16.155521799183056        17.024552374079498        16.468097587774231        16.234898289329024        16.157021520214244        16.153363084534504        17.473503039080743        17.465126756232486        16.703442735970839        16.221489697530941        15.769248508839183        15.565351395377732        15.946524019524233        16.281612999721467        40.999293365939799        21.722036185829019     
   4565.3596912288976       -4.7831789999999996        4.4395996463124368        8.8548802999999996        6.4833000000000000E-003   16.520519483133398        16.954333345550488        15.916004595201894        18.385818269316093        17.184051781482335        16.512732205339773        16.273038213335489        16.185862720613407        17.073081506092876        16.508291453975218        16.269445518415843        16.188058853688489        16.181545364875060        17.540561545163804        17.518693046247996        16.747100777044800        16.260126939294473        15.802188307626821        15.586921559012673        15.966214709068716        16.300836374547359        42.881695395871908        21.831030813607796     
   4524.6500999785949       -4.7987419999999998        4.4503206021759061        8.8548837999999996        6.4833000000000000E-003   16.559913967572577        17.000397053638295        15.949396206168750        18.454914551164652        17.234709449364690        16.552621719921319        16.307190893737669        16.215565196304794        17.122019648623585        16.548088764299433        16.303354981267390        16.218427906583468        16.209150788136725        17.608487489537222        17.572796558292207        16.790834495850326        16.298297941213278        15.834476629106479        15.608388614129915        15.985543743140816        16.319715823315555        44.569743271582055        21.941729432628264     
   4484.2931931617495       -4.8143089999999997        4.4608362649834712        8.8548872000000003        6.4831999999999997E-003   16.600379983663899        17.048669828559333        15.982852374690127        18.529202901054198        17.288758902413704        16.593542805491253        16.341379769973926        16.245019975963267        17.174056815835250        16.588802335345790        16.337381844561300        16.248587371693631        16.236597005451721        17.681490199910726        17.630671497330404        16.836738625547127        16.337121354482619        15.866673669228993        15.630027529344618        16.004332841911143        16.338567863419094        45.274041403066889        22.059474511098784     
   4444.3883447315802       -4.8298399999999999        4.4711502541030779        8.8548904999999998        6.4831999999999997E-003   16.642682975438674        17.099447601022000        16.017590346348882        18.607413260209320        17.345945500068083        16.636534865076349        16.376885651816032        16.275435208956779        17.229131019837808        16.631465101839460        16.372826193962808        16.279808976025386        16.264937898972782        17.758399909840044        17.691902140131951        16.885252646133893        16.377713780947751        15.900066796928465        15.651898915763089        16.022789441985147        16.357624476742309        45.304656651729701        22.181352249396596     
   4404.8588868241559       -4.8453629999999999        4.4812611252404588        8.8548937999999993        6.4831999999999997E-003   16.684589956009916        17.149675151827040        16.052097877215850        18.684861619303909        17.402490133375089        16.679121228726679        16.412153869151389        16.305690193008601        17.283594688373917        16.673736827028939        16.408036665420546        16.310871104195343        16.293138054860819        17.834543153961569        17.752432871213919        16.933257656096387        16.417954550016098        15.933256903817183        15.673600483194635        16.041115441858402        16.376505035037077        45.333216794290855        22.302469455990206     
   4365.7915906867529       -4.8608450000000003        4.4911751797842081        8.8548969999999994        6.4831999999999997E-003   16.726008869941232        17.199244521238896        16.086296165185715        18.761378823969324        17.458271974127697        16.721208451999978        16.447103949718226        16.335714523241663        17.337331193735118        16.715524390814764        16.442932810353689        16.341701315649381        16.321131580786144        17.909754167665682        17.812134744494443        16.980649943430521        16.457754369678739        15.966167610000968        15.695083469815517        16.059269269268277        16.395167986090939        45.359714799260566        22.422548160547016     
   4327.1405324468724       -4.8762960000000000        4.5008884958875059        8.8549001000000001        6.4831999999999997E-003   16.766988345367018        17.248216362943289        16.120222252476367        18.837055683589540        17.513360010642572        16.762846054996494        16.481773819456706        16.365539362768310        17.390406740210580        16.756876581368701        16.477552384607506        16.372331447258787        16.348947252816870        17.984122771001466        17.871082008923523        17.027486949380496        16.497159038720625        15.998833957504706        15.716371944312572        16.077270852276101        16.413635161213584        45.384239688444183        22.541716852459913     
   4288.8810355530677       -4.8917240000000000        4.5104049068148546        8.8549032000000008        6.4831000000000003E-003   16.807587993227262        17.296657611590259        16.153928430939644        18.911974773923024        17.567826018448333        16.804094166219972        16.516216245474471        16.395213499661704        17.442891474394099        16.797852999726437        16.511948026364976        16.402810553063894        16.376632574264026        18.057731203187483        17.929349494897270        17.073833652991489        16.536226321562939        16.031306991931803        15.737511893545030        16.095163874947975        16.431951752358490        45.406893194541595        22.660073472479741     
   4250.9793960229144       -4.9071490000000004        4.5197283126597201        8.8549060999999991        6.4831000000000003E-003   16.847776494527071        17.344545903819576        16.187374716303250        18.986135833489296        17.621653808679802        16.844922125501807        16.550391891271712        16.424692586528945        17.494767142191169        16.838422428945744        16.546080268345367        16.433094764887720        16.404141450173714        18.130578500604166        17.986924912894942        17.119665296794270        16.574922772947122        16.063545234835853        15.758453974547955        16.112895939390103        16.450066778133273        45.427676738115338        22.777644915418637     
   4213.4321038589896       -4.9225649999999996        4.5288548970367168        8.8549089999999993        6.4831000000000003E-003   16.891168590730921        17.397414902684840        16.223039981221948        19.071165991378439        17.682160115920503        16.889454473902582        16.586970043268447        16.455846708400639        17.552755966078276        16.882737698774424        16.582500648946663        16.465034366707247        16.433200253382761        18.214045989674862        18.052041552846685        17.170266373613003        16.616821453597350        16.097848024338841        15.780551212313426        16.131136482962976        16.469291049129833        45.490909678796498        22.910594538950900     
   4176.2741496775088       -4.9379540000000004        4.5377912426772733        8.8549118000000000        6.4831000000000003E-003   16.934260497144859        17.449905124088474        16.258490991466115        19.155503046009994        17.742217773191385        16.933715735489102        16.623339601411860        16.486804716102043        17.610334090078968        16.926782230199596        16.618700906747303        16.496772076187870        16.462053415035673        18.296839946064246        18.116685778219406        17.220533290564131        16.658469421716813        16.131946108157134        15.802367837131168        16.149237176146240        16.488336952875411        45.552281272258853        23.042431801530686     
   4139.3295133357042       -4.9533920000000000        4.5465362041053856        8.8549146000000007        6.4830000000000000E-003   16.977193392062564        17.502152151971909        16.293861578838939        19.239271307713519        17.801951278216119        16.977838709454879        16.659633538183598        16.517695231346369        17.667629735539489        16.970686926456491        16.654816439146114        16.528440605628813        16.490823734585256        18.379084046526291        18.180979519515478        17.270597216102086        16.700001391711989        16.165971532181981        15.824005904396746        16.167299364043441        16.507294150554227        45.610977825412547        23.173379968847843     
   4102.6455735150748       -4.9688610000000004        4.5550964835941228        8.8549173000000003        6.4830000000000000E-003   17.019844209561501        17.554021559170238        16.329037708011459        19.322298690935956        17.861217325624242        17.021698276330273        16.695736440052475        16.548410213225051        17.724502195458655        17.014327002755653        16.690732254989452        16.559930861112974        16.519406418556464        18.460607964246798        18.244773625606939        17.320325994423168        16.741295427210538        16.199811985842540        15.845372403309458        16.185232345105245        16.526071628026518        45.666902639116614        23.303207460256882     
   4066.3054634042828       -4.9843209999999996        4.5634710234406359        8.8549199000000005        6.4830000000000000E-003   17.062148456035128        17.605428696168470        16.363970981595227        19.404433405320386        17.919915415388228        17.065226536668117        16.731597564336862        16.578911687866022        17.780855727492796        17.057635125917042        16.726398280727977        16.591203043236433        16.547768991535310        18.541263070879801        18.307957334867421        17.369639160505660        16.782289266350581        16.233422098940199        15.866454513682353        16.203028199803409        16.544660640319382        45.720019832633341        23.431657578234603     
   4030.2686839134876       -4.9997840000000000        4.5716666395717711        8.8549223999999995        6.4830000000000000E-003   17.104151861589134        17.656430218303150        16.398698020064337        19.485770035175680        17.978111296234246        17.108469877010716        16.767254305452749        16.609231669553520        17.836752759671754        17.100657510076498        16.761851953518867        16.622289952470137        16.575941791553657        18.621142041424743        18.370601395120286        17.418590328290676        16.823026283756246        16.266837017604072        15.887277968248309        16.220705940104654        16.563082236453351        45.770449504941070        23.558877754386931     
