  #       Teff 			 log(L/Lsun) 		 tcool(gyr) 			logg(CGS)		  R/R_sun		       G3      			Bp3    			Rp3     		    u      			g      			 r      		 i       		z     				g		       r       			i      			 z       			y  
   79818.396713162190        1.3432120000000001        1.6995744604173524E-004   7.3697528999999999        2.4532200000000001E-002   7.3305652482754056        7.1381407176614537        7.6994105043253498        6.5312916564335595        7.0631494166695568        7.6280041340400864        8.0283923439966678        8.3893560233392996        7.1386284282695556        7.6344744466319874        8.0399220314047675        8.3373560233393000        8.5543378630106126        5.7882916564335574        7.0611857373269231        7.4040491537055537        7.5479765123908145        7.7483741836679805        8.1957442332958799        8.3336802909892462        8.4520779622664115        5.0673097298765200        5.7077252237689855     
   79406.672958513169        1.3299820000000000        1.8401663310578441E-004   7.3740008000000001        2.4412500000000000E-002   7.3466607286920187        7.1543427236044685        7.7151561635658048        6.5477067134293598        7.0793721528155906        7.6438974911823969        8.0440968308616583        8.4049781654533611        7.1548681560155920        7.6503640651712779        8.0556302568727780        8.3529781654533615        8.5699188327492131        5.8047067134293577        7.0774908182238860        7.4200455858018195        7.5638082549852221        7.7640374981575100        8.2111775051326141        8.3489696035271415        8.4671988466994250        5.0856394195783565        5.7249910715914112     
   78994.162674439329        1.3166860000000000        1.9807583560577769E-004   7.3782477999999996        2.4293400000000000E-002   7.3627587593140404        7.1705475193117110        7.7309051042907022        6.5641250393070436        7.0955991178813740        7.6597944480209250        8.0598045205581457        8.4206033530930355        7.1711121090813741        7.6662558406512602        8.0713431279278112        8.3686033530930359        8.5855027693604775        5.8211250393070451        7.0938002853464859        7.4360472140557015        7.5796448791254782        7.7797039368255909        8.2266134256302550        8.3642626892696939        8.4823217469698022        5.1039678547819740        5.7422576870468411     
   78581.804963516697        1.3033450000000000        1.9807583560577769E-004   7.3824972999999998        2.4174899999999999E-002   7.3788463217797506        7.1867417910906966        7.7466451090521957        6.5805327297125835        7.1118169538959783        7.6756823978667903        8.0755032895485499        8.4362196505412541        7.1873469430959780        7.6821372242615098        8.0870484631538346        8.3842196505412545        8.6010778310376068        5.8375327297125850        7.1101005929032723        7.4520411996793712        7.5954739216647766        7.7953614700449023        8.2420405422230090        8.3795484270137024        8.4974359753938238        5.1222764318705991        5.7595091114806465     
   78169.619863264699        1.2899600000000000        2.1213505354353401E-004   7.3867456999999996        2.4056899999999999E-002   7.3949319683354133        7.2029340995764350        7.7623847448575738        6.5969383620584736        7.1280342182216607        7.6915699141122680        8.0912017068439006        8.4518356308165572        7.2035812010216596        7.6980167782670428        8.1027548426891265        8.3998356308165576        8.6166525928028825        5.8539383620584751        7.1264002942490059        7.4680361087848404        7.6113039567301506        7.8110186688302292        8.2574674235481886        8.3948353901387200        8.5125501022388015        5.1405737300981436        5.7767539148372897     
   77756.373998498253        1.2765040000000001        2.2619428691541543E-004   7.3909929999999999        2.3939599999999998E-002   7.4110140099677899        7.2191231257682418        7.7781212807907707        6.6133413573691406        7.1442496599925747        7.7074547591913714        8.1068969181906212        8.4674481929903180        7.2198136319925723        7.7138921969670378        8.1184594804149519        8.4154481929903184        8.6322238303901671        5.8703413573691421        7.1426983851928725        7.4840300186160036        7.6271325682154014        7.8266725555904699        8.2728903519895667        8.4101194358133000        8.5276594231883678        5.1588651752309573        5.7939941504996000     
   77342.819491352435        1.2629930000000000        2.2619428691541543E-004   7.3952426000000004        2.3822699999999999E-002   7.4271091521541308        7.2353253359067260        7.7938720640186467        6.6297577034119151        7.1604797102290263        7.7233539658221062        8.1226063459677817        8.4830749098660547        7.2360606806290235        7.7297805618998083        8.1341797498900803        8.4310749098660551        8.6478091918151847        5.8867577034119130        7.1590111463307551        7.5000397762461333        7.6429769040426763        7.8423406279169185        8.2883272900117291        8.4254187921305679        8.5427825160048094        5.1771629737230924        5.8112441548149079     
   76929.515983316829        1.2494320000000001        2.4025353572505991E-004   7.3994932000000002        2.3706399999999999E-002   7.4431915468709491        7.2515147192759564        7.8096117178484192        6.6461610640859661        7.1766983258684363        7.7392419386550912        8.1383046694467467        8.4986905726434117        7.2522962986684369        7.7456563048626101        8.1498903032392320        8.4466905726434121        8.6633835242417447        5.9031610640859640        7.1753124226717730        7.5160396420509059        7.6588114484442329        7.8579976210450795        8.3037533034350695        8.4407087164208789        8.5578948890217248        5.1954381046178320        5.8284764119468946     
   76515.425906587072        1.2358089999999999        2.5431279997246747E-004   7.4037423000000002        2.3590699999999999E-002   7.4592749020293212        7.2677053050573477        7.8253530759195087        6.6625661111133923        7.1929195956316008        7.7551319363568716        8.1540046185101644        8.5143077036914825        7.2685345648316044        7.7615326149826167        8.1656039398844200        8.4623077036914829        8.6789592462821403        5.9195661111133937        7.1916165104502845        7.5320431417498099        7.6746493121124466        7.8736561611008256        8.3191803858447777        8.4560008467816701        8.5730076957700447        5.2137103377536000        5.8457078214054725     
   76101.111511439318        1.2221249999999999        2.6837207965400010E-004   7.4079940999999998        2.3475599999999999E-002   7.4753512455740392        7.2838889357206043        7.8410886464854315        6.6789643160137402        7.2091353362717072        7.7710162254808566        8.1696987576365743        8.5299189799388628        7.2847673126717041        7.7774018013297592        8.1813131817876759        8.4779189799388632        8.6945290910900077        5.9359643160137416        7.2079151139694169        7.5480424037296672        7.6904828483342449        7.8893088687877224        8.3346015120945829        8.4712883572502591        8.5881143777037323        5.2319682744476559        5.8629286050841287     
   75686.426376958858        1.2083850000000000        2.6837207965400010E-004   7.4122427000000002        2.3361000000000000E-002   7.4914316781378112        7.3000767794247245        7.8568294002095733        6.6953669819985464        7.2253567177572258        7.7869058588587912        8.1853980428472717        8.5455353281226607        7.3010056885572219        7.7932748913262913        8.1970290103797687        8.4935353281226611        8.7101039707603576        5.9523669819985479        7.2242194324818314        7.5640485119158996        7.7063230824666853        7.9049666854849647        8.3500275121111436        8.4865820209944260        8.6032256240127083        5.2502241100433586        5.8801504447340420     
   75271.401090248124        1.1945809999999999        2.8243137477329582E-004   7.4164944999999998        2.3246900000000001E-002   7.5075154412135348        7.3162680428864633        7.8725746164792305        6.7117732462323119        7.2415829571709338        7.8028000780431341        8.2011017565882582        8.5611560368063060        7.3172489351709338        7.8091511417586617        8.2127506928727279        8.5091560368063064        8.7256831769153322        5.9687732462323133        7.2405286769528843        7.5800607121095531        7.7221692725456528        7.9206288966972807        8.3654577153514325        8.5018811900720017        8.6183408142236289        5.2684766068561899        5.8973723248713270     
   74855.376659688554        1.1807030000000001        2.9649068533035459E-004   7.4207425000000002        2.3133500000000001E-002   7.5235925989959682        7.3324530159980625        7.8883138003299607        6.7281738500022499        7.2578043783383350        7.8186886796660851        8.2167993379959299        8.5767704133278677        7.3334873483383340        7.8250202873258132        8.2284677303362024        8.5247704133278681        8.7412559509938355        5.9851738500022478        7.2568333030063989        7.5960689666744194        7.7380111173382993        7.9362848756619009        8.3808810716577113        8.5171745846618627        8.6334483429854636        5.2867198973302294        5.9145864566641464     
   74438.566308489491        1.1667490000000000        3.1055001132153847E-004   7.4249958999999999        2.3020499999999999E-002   7.5396878586114902        7.3486563051189400        7.9040718595267840        6.7445931981338454        7.2740455963565971        7.8345964494033886        8.2325157161576321        8.5924034294193277        7.3497455799565934        7.8409071417657330        8.2442050237952849        8.5404034294193281        8.7568472860501778        6.0015931981338468        7.2731578830948962        7.6120980273793428        7.7538734539027381        7.9519595727884784        8.3963226961735735        8.5324874139346214        8.6485735328203646        5.3049770043037725        5.9318166547113584     
   74020.667988042784        1.1527250000000000        3.2460935275048541E-004   7.4292433999999998        2.2908200000000000E-002   7.5557770869596794        7.3648539129632624        7.9198243904687367        6.7610075649704378        7.2902826152830862        7.8504991496735173        8.2482264572675419        8.6080305908651482        7.3659995888830849        7.8567874209537010        8.2599381859873624        8.5560305908651486        8.7724326576639555        6.0180075649704392        7.2894784816854781        7.6281237183957309        7.7697319855909512        7.9676285240663454        8.4117578984591717        8.5477948679742113        8.6636914064496047        5.3232260359136916        5.9490399744384774     
   73601.726187143722        1.1386110000000000        3.3866870961719544E-004   7.4334936999999996        2.2796400000000001E-002   7.5718779985573903        7.3810635059012490        7.9355891693000373        6.7774345205889617        7.3065331230754609        7.8664145040251796        8.2639493419187495        8.6236696871561769        7.3822670978754630        7.8726788616509609        8.2756849842929654        8.5716696871561773        8.7880298597748912        6.0344345205889631        7.3058127778380353        7.6441637759619603        7.7856044664368191        7.9833095145374600        8.4272045250497492        8.5631148326988225        8.6788198807994661        5.3414839925705309        5.9662737492358886     
   73180.437241676147        1.1243970000000001        3.5272808191803053E-004   7.4377376000000002        2.2685299999999999E-002   7.5879889444924924        7.3972838629199860        7.9513634533481206        6.7938736997749825        7.3227959782581049        7.8823403280514466        8.2796814970722874        8.6393175845206205        7.3985469286581047        7.8885791631133291        8.2914426620104056        8.5873175845206209        8.8036356282447894        6.0508736997749804        7.3221598908097700        7.6602163559412286        7.8014885308378989        7.9989995407964525        8.4426587535414566        8.5784430437762484        8.6939540537347977        5.3597570316895524        5.9835204473047678     
   72756.701223561540        1.1100620000000001        3.6678746965662868E-004   7.4419848000000002        2.2574600000000000E-002   7.6041392902942064        7.4135443407271389        7.9671765627021855        6.8103544415930024        7.3391005820339146        7.8983059430127618        8.2954522328245446        8.6550035730692549        7.4148685212339132        7.9045176409059863        8.3072405349313172        8.6030035730692553        8.8192792431916089        6.0673544415930039        7.3385492417892024        7.6763108440748233        7.8174135245642482        8.0147279029468983        8.4581498628810365        8.5938087846772362        8.7091231630598855        5.3780745121898370        6.0008094264584884     
   72331.754567003241        1.0956300000000001        3.8084687283298992E-004   7.4462416999999999        2.2464300000000000E-002   7.6203121937809186        7.4298277006108187        7.9830127046991386        6.8268587142706174        7.3554296324187334        7.9142950360723390        8.3112458801558375        8.6707122310692384        7.4312145992187340        7.9204780710644229        8.3230628451637543        8.6187122310692388        8.8349454065259394        6.0838587142706153        7.3549632815053343        7.6924306169668526        7.8333633187936513        8.0304790556125383        8.4736630751527429        8.6091977087874589        8.7243134456063416        5.3964121988747067        6.0181199497427613     
   71906.475118164512        1.0811310000000001        3.9490629144347622E-004   7.4504963999999996        2.2354499999999999E-002   7.6364865197578649        7.4461125916224145        7.9988514364050598        6.8433647353515159        7.3717616806632638        7.9302868607577945        8.3270420839168775        8.6864233789405088        7.4475636662632620        7.9364397573169452        8.3388891873577276        8.6344233789405092        8.8506140264523250        6.1003647353515174        7.3713803856396307        7.7085546547750088        7.8493172448222754        8.0462327314286934        8.4891786020995905        8.6245902811877055        8.7395057677941228        5.4147446168919782        6.0354286042571967     
   71480.733438763840        1.0665560000000001        4.0896572549172563E-004   7.4547534000000004        2.2245200000000000E-002   7.6526636347116010        7.4624004010799752        8.0146940343240587        6.8598739338167150        7.3880981405975419        7.9462827273485530        8.3428421076679342        8.7021382543556882        7.4639171541975387        7.9524040014309847        8.3547208335855032        8.6501382543556886        8.8662863276995623        6.1168739338167128        7.3878019939097896        7.7246843201783690        7.8652766135538741        8.0619901810118080        8.5046976346750682        8.6399876675681426        8.7547012350260793        5.4330736012297365        6.0527370011548527     
   71054.240233767516        1.0519060000000000        4.3708463989969461E-004   7.4590088000000003        2.2136500000000000E-002   7.6688375015475749        7.4786851942774426        8.0305342147634953        6.8763805797371838        7.4044330912829750        7.9622764834699886        8.3586396387868724        8.7178504868336262        7.4802691264829768        7.9683646216644597        8.3705515005924020        8.6658504868336266        8.8819559108570054        6.1333805797371816        7.4042222432362230        7.7408135324287670        7.8812352285222751        8.0777450628102478        8.5202136421505124        8.6553832352495483        8.7698930695375239        5.4513949372884021        6.0700400657829228     
   70627.201775530280        1.0371770000000000        4.5114412025759523E-004   7.4632677000000003        2.2028200000000001E-002   7.6850245367005883        7.4949833053679313        8.0463885843465235        6.8929008427026126        7.4207828714158879        7.9782846328363135        8.3744513045240794        8.7335767448791870        7.4966359422158888        7.9843381375883524        8.3863977997720340        8.6815767448791874        8.8976394650567379        6.1499008427026105        7.4206574310607820        7.7569587585291657        7.8972096392393780        8.0935140247016299        8.5357434165669517        8.6707938633251231        8.7850982487873708        5.4697235723821009        6.0873534388750166     
   70199.981875175406        1.0223739999999999        4.6520361605325889E-004   7.4675262000000000        2.1920499999999999E-002   7.7012001410903164        7.5112700417277605        8.0622328290590257        6.9094098430026580        7.4371227460088125        7.9942827315089513        8.3902528272465400        8.7492928236215786        7.5129928508088124        8.0003001320279008        8.4022354267275912        8.6972928236215790        8.9133128218090913        6.1664098430026595        7.4370827496337792        7.7730954394149645        7.9131754321650387        8.1092728254340596        8.5512629193591625        8.6861956163902843        8.8002930096593044        5.4880330827654458        6.1046515622466035     
   69772.133004087445        1.0074959999999999        4.9332265395423747E-004   7.4717862000000004        2.1813200000000001E-002   7.7177397037482667        7.5279437057466314        8.0783989815523523        6.9262936360347442        7.4538789955433504        8.0106029835507204        8.4063989815523517        8.7653078347539850        7.5297205669441691        8.0166029835507171        8.4183761948527600        8.7133078347539854        8.9293052631564453        6.1833138511367967        7.4539473556421267        7.7895610600470295        7.9294699132486652        8.1253534081531686        8.5671038327556222        8.7018998307572577        8.8158516857605331        5.5066508708950241        6.1222757874200067     
   69343.857950960984       0.99253999999999998        5.0738219605955240E-004   7.4760460000000002        2.1706500000000000E-002   7.7345802247623912        7.5449384975820077        8.0948282667133515        6.9434833481691545        7.4709801968824738        8.0271865395329680        8.4228282667133545        8.7815658098937366        7.5467531524726628        8.0331865395329682        8.4347626525084483        8.7295658098937370        8.9455595230030784        6.2005426754833994        7.4711770394971833        7.8062938530383352        7.9460313962187232        8.1416970383035423        8.5832075370741183        8.7178492642545056        8.8317117489540404        5.5255111329959359        6.1401623445293954     
   68914.720641599648       0.97749600000000003        5.2144175360263037E-004   7.4803040000000003        2.1600399999999999E-002   7.7514213017747053        7.5619341975180632        8.1112572384163037        6.9606686062568528        7.4880810196546435        8.0437701341596650        8.4392572384163032        8.7978231266729452        7.5637851797829612        8.0497701341596652        8.4511487104804637        8.7458231266729456        8.9618145764080452        6.2177685839277963        7.4884066034621597        7.8230254842320797        7.9625913724887205        8.1580401825446245        8.5993102309295821        8.7337973351862246        8.8475717290496476        5.5443576678820499        6.1580416798966624     
   68484.769753990215       0.96236400000000000        5.4956091499843752E-004   7.4845667000000002        2.1494599999999999E-002   7.7682918809107449        7.5789597062091474        8.1277149174647363        6.9778782037368821        7.5052103730595334        8.0603827427631387        8.4557149174647321        8.8141088253663327        7.5808455938103307        8.0663827427631389        8.4675633944401341        8.7621088253663331        8.9780994713651481        6.2350203727603031        7.5056649421333361        7.8397849326381248        7.9791788405397170        8.1744118714155292        8.6154410000679249        8.7497731747695227        8.8634607747191367        5.5632186782053665        6.1759423461832448     
   68054.210487334058       0.94714699999999996        5.6362051885116670E-004   7.4888266999999997        2.1389399999999999E-002   7.7851588079044660        7.5959818169095321        8.1441683251918029        6.9950788834898034        7.5223349779680504        8.0769913341968653        8.4721683251917987        8.8303900093867327        7.5979011268655157        8.0829913341968656        8.4839737462405331        8.7783900093867331        8.9943813130307468        6.2522647660850872        7.5229187148218521        7.8565390742066477        7.9957607584015840        8.1907791672892678        8.6315670003816685        8.7657439913765991        8.8793461371180804        5.5820603639981279        6.1938308596805562     
   67622.776758236898       0.93183600000000000        5.9173977286809535E-004   7.4930887000000004        2.1284700000000000E-002   7.8020356502735986        7.6130141847703037        8.1606307818318342        7.0122843743159677        7.5394685560998518        8.0936093163285392        8.4886307818318336        8.8466798925351284        7.6149654662514976        8.0996093163285359        8.5003930595076582        8.7946798925351288        9.0106733206539324        6.2695155247589476        7.5401817230723793        7.8733014099822647        8.0123505206855583        8.2071553371834831        8.6477013580384217        8.7817228235417168        8.8952408070121685        5.6008973235863166        6.2117213177947299     
   67190.364949631577       0.91643200000000002        6.1985908863243825E-004   7.4973516000000000        2.1180500000000001E-002   7.8189237345615403        7.6300581821816884        8.1771035059111732        7.0294960925668164        7.5566124920067459        8.1102379535313176        8.5051035059111690        8.8629796518910204        7.6320399713966722        8.1162379535313143        8.5168225424061355        8.8109796518910208        9.0269766754760319        6.2867740796568690        7.5574553825218551        7.8900732268614142        8.0289493728412644        8.2235415789010951        8.6638452042708742        8.7977107566507264        8.9111458532256655        5.6197314342182842        6.2296153329024406     
   66757.336381806104       0.90093500000000004        6.3391876966852577E-004   7.5016150000000001        2.1076800000000000E-002   7.8357911878302442        7.6470861585168226        8.1935614442120528        7.0466666355652219        7.5737367860011613        8.1268541444200242        8.5215614442120486        8.8792685682861663        7.6490882532775206        8.1328585096593269        8.5332371778502338        8.8272685682861667        9.0432708387647711        6.3039952671663446        7.5747010303259206        7.9068248487447850        8.0455298780582059        8.2399150062491078        8.6799823280781911        8.8136873573916130        8.9270452846679706        5.6385156353199708        6.2474604805565779     
   66323.127897521263       0.88533700000000004        6.6203817805580913E-004   7.5058768000000002        2.0973700000000001E-002   7.8526173986366743        7.6640795041808758        8.2099875409341934        7.0637682537353257        7.5908235218981623        8.1434434258719790        8.5379875409341963        8.8955340786867829        7.6660881474776659        8.1494582897751862        8.5496198537239465        8.8435340786867833        9.0595402992932037        6.3211508048487879        7.5918944330321168        7.9235378442059314        8.0620757386617257        8.2562608098104882        8.6961017009490007        8.8296395954047995        8.9429277281843014        5.6572299936920416        6.2652282937262100     
   65887.495566530677       0.86962700000000004        6.9015764818868778E-004   7.5101405999999997        2.0871000000000001E-002   7.8694685147227830        7.6810968351911839        8.2264371350893128        7.0808930317029350        7.6079360173828618        8.1600582557676802        8.5544371350893087        8.9118254959258891        7.6831135164961673        8.1660821368626983        8.5660258846459634        8.8598254959258895        9.0758326957159241        6.3383281632413002        7.6091125250079195        7.9402753257927401        8.0786470053243349        8.2726313155076028        8.7122449376475188        8.8456166171791146        8.9588346786924191        5.6759660830419385        6.2830188026732152     
   65450.354022173495       0.85380100000000003        7.1827718007079966E-004   7.5144022000000001        2.0768800000000000E-002   7.8863354579992855        7.6981291064258937        8.2429010296214589        7.0980320666502887        7.6250652455859811        8.1766894891771091        8.5709010296214583        8.9281335911593676        7.7001553163904131        8.1827208880125877        8.5824460650236762        8.8761335911593680        9.0921387800303268        6.3555184300835474        7.6263463206148057        7.9570281730059360        8.0952345245793236        8.2890173103904115        8.7284027404037143        8.8616090919771064        8.9747567715815446        5.6947155801323373        6.3008233566813328     
   65011.921157500474       0.83785799999999999        7.4639677370032589E-004   7.5186675999999997        2.0667100000000001E-002   7.9032143600577580        7.7151723454105205        8.2593756220152610        7.1151811162475287        7.6422072073632616        8.1933334293365032        8.5873756220152604        8.9444548828467401        7.7172095915947612        8.1993708535522583        8.5988768141310086        8.8924548828467405        9.1084550608782617        6.3727173483475408        7.6435917144317695        7.9737926068050111        8.1118346214522514        8.3054152524310023        8.7445717459255032        8.8776137605727410        8.9906908152042408        5.7134729091490772        6.3186371433955468     
   64572.113282189275       0.82180299999999995        7.7451642907908535E-004   7.5229314000000000        2.0565900000000002E-002   7.9201064914381725        7.7322278585087041        8.2758620559203599        7.1323416606510186        7.6593632234688585        8.2099912726240767        8.6038620559203629        8.9607904764664248        7.7342776461252960        8.2160332106074883        8.6153192672485837        8.9087904764664252        9.1247826268332375        6.3899263873062075        7.6608500762676108        7.9905698510228298        8.1284484839522939        8.3218262661933942        8.7607529853627035        8.8936316182921757        9.0066377665486108        5.7322402026546406        6.3364619279098910     
   64130.555234204774       0.80562299999999998        8.0263614620525918E-004   7.5271933000000004        2.0465199999999999E-002   7.9370171155420657        7.7493010496194437        8.2923652171762718        7.1495192889734049        7.6765387824015470        8.2266680657115323        8.6203652171762712        8.9771451269278337        7.7513648934483861        8.2327129950825899        8.6317782726996946        8.9251451269278341        9.1411262124699526        6.4071511628210445        7.6781269988023446        8.0073650553123308        8.1450811212349485        8.3382551720520546        8.7769510515925759        8.9096671175151982        9.0226020017620385        5.7510246307216235        6.3543039626939546     
   63687.030536842882       0.78930100000000003        8.3075592508066623E-004   7.5314584000000000        2.0365000000000001E-002   7.9539487989434363        7.7663945483612764        8.3088874966802777        7.1667165931254289        7.6937365806213336        8.2433662892329664        8.6368874966802807        8.9935211856298665        7.7684739867287007        8.2494126844655398        8.6482561997339644        8.9415211856298669        9.1574881424950156        6.4243942853043237        7.6954251994928526        8.0241807417044910        8.1617349922866502        8.3547043411550703        8.7931682266771745        8.9257224772593382        9.0385857169667077        5.7698293331798851        6.3721660598242664     
   63241.476374712925       0.77283999999999997        8.5887576570530650E-004   7.5357208000000000        2.0265300000000000E-002   7.9709025217325689        7.7835093632343977        8.3254297645072803        7.1839347578987578        7.7109576359077430        8.2600868587056802        8.6534297645072797        9.0099194909537381        7.7856059311826833        8.2661331739573960        8.6647539121447501        8.9579194909537385        9.1738692382571649        6.4416569255129978        7.7127457418470406        8.0410178478449801        8.1784110063431505        8.3711746277305075        8.8094052799553388        8.9417984384535067        9.0545896169284497        5.7886560881460625        6.3900496653277017     
   62793.833918382639       0.75623600000000002        8.8699566807736124E-004   7.5399848000000000        2.0166000000000000E-002   7.9878893238689965        7.8006565354578239        8.3420030361873767        7.2011847284548178        7.7282130235179647        8.2768408182638407        8.6700030361873761        9.0263510794423620        7.8027717903016391        8.2828855026200241        8.6812824195792171        8.9743510794423624        9.1902805089547304        6.4589500294191620        7.7300996792986343        8.0578874132445062        8.1951202016556746        8.3876770578148676        8.8256732365658994        8.9579060249770688        9.0706247309607431        5.8075157587866908        6.4079656825140976     
   62343.761239695457       0.73948000000000003        9.2917563741684714E-004   7.5442460999999996        2.0067300000000000E-002   8.0048927084407069        7.8178197004625005        8.3585904384803982        7.2184504099603295        7.7454864516968875        8.2936114530668448        8.6865904384804011        9.0427989499409271        7.8199552039448257        8.2996529339845218        8.6978248146043668        8.9907989499409275        9.2067049273762791        6.4762575147540353        7.7474708354426554        8.0747728212126120        8.2118458291908141        8.4041946942106662        8.8419549197544782        8.9740279277326849        9.0866736643806263        5.8263939220180134        6.4258987263642275     
   61890.786259842069       0.72254900000000000        9.5729569416289453E-004   7.5485087999999996        1.9969100000000000E-002   8.0219297313447164        7.8350160695497877        8.3752085880045577        7.2357491179288758        7.7627952595888097        8.3104155855916098        8.7032085880045571        9.0592795970904767        7.8371734168407805        8.3164522735006194        8.7143976666305427        9.0072795970904771        9.2231589377084937        6.4935967272118980        7.7648766412198675        8.0916910024226674        8.2286046642175954        8.4207440925475190        8.8582666347034227        8.9901802964983517        9.1027524889503191        5.8453095429565955        6.4438667968791741     
   61435.443814664795       0.70546100000000000        9.9947589506155059E-004   7.5527712999999999        1.9871300000000001E-002   8.0390032044452209        7.8522482418138235        8.3918608186598842        7.2530832236009619        7.7801419381564205        8.3272563410395488        8.7198608186598836        9.0757965663968090        7.8544290269193535        8.3332866411340216        8.7310043630413521        9.0237965663968094        9.2396460813857484        6.5109699793139679        7.7823194347064923        8.1086449227896207        8.2453998854210138        8.4373286925283448        8.8746121292171463        9.0063670918485403        9.1188652658114737        5.8642627820702575        6.4618713433235069     
   60976.852048187211       0.68818500000000005        1.0275961061815906E-003   7.5570310000000003        1.9774099999999999E-002   8.0561041208807218        7.8695075404011128        8.4085372209289098        7.2704445307166807        7.7975180096518066        8.3441241957699681        8.7365372209289056        9.0923396410688575        7.8717133800614469        8.3501464801096326        8.7476349061337295        9.0403396410688579        9.2561560857481844        6.5283691298515265        7.7997909903770157        8.1256253004951766        8.2622218809747885        8.4539384309988783        8.8909807902277933        9.0225773707074062        9.1350008651170391        5.8832492566077939        6.4799057737092731     
   60515.134098494411       0.67071999999999998        1.0697765386412357E-003   7.5612906999999998        1.9677400000000001E-002   8.0732409881737226        7.8868024009061237        8.4252464478722153        7.2878413234286690        7.8149319077146266        8.3610277650610207        8.7532464478722183        9.1089175687680246        7.8890349345343260        8.3670403942328200        8.7642979612820646        9.0569175687680250        9.2726976643116146        6.5458024391906164        7.8172996710568761        8.1426406912032725        8.2790792784708707        8.4705820083201182        8.9073814143792163        9.0388200016468154        9.1511681912665175        5.9022764622641262        6.4979780379949723     
   60049.860106784232       0.65305100000000005        1.1119571100389294E-003   7.5655507000000002        1.9581100000000001E-002   8.0904308143968251        7.9041499749000721        8.4420050801036055        7.3052909325926372        7.8324008983327502        8.3779838287149317        8.7700050801036085        9.1255468150543990        7.9064108703541081        8.3839851360608932        8.7810100661142840        9.0735468150543994        9.2892872269463211        6.5632872539279212        7.8348628420466753        8.1597079752288550        8.2959888147256109        8.4872759475790005        8.9238302692430729        9.0551111087398262        9.1673832835611826        5.9213634204632690        6.5161061766923467     
   59581.029072820253       0.63517900000000005        1.1541378203728527E-003   7.5698067000000000        1.9485400000000000E-002   8.1082340359957890        7.9221593965875812        8.4593131220654314        7.3235867808938409        7.8505224175730177        8.3955177094572235        8.7873131220654273        9.1427643838977346        7.9243782267844018        8.4015177094572238        8.7983735186686083        9.0907643838977350        9.3063643638913796        6.5815867808938400        7.8532153465293248        8.1772988792603982        8.3135177094572228        8.5044851570977364        8.9408390233059443        9.0719506617350731        9.1841324929109760        5.9408546102962987        6.5349161282096340     
   59107.691779238732       0.61707000000000001        1.1963186696466437E-003   7.5740588000000004        1.9390299999999999E-002   8.1261605653050939        7.9402939817958558        8.4767351324610285        7.3420399152141602        7.8687686786400075        8.4131647841517907        8.8047351324610279        9.1600962745960306        7.9424646219725492        8.4191647841517909        8.8158607274843330        9.1080962745960310        9.3235488493494199        6.6000399152141593        7.8717115931724653        8.1949941439750962        8.3311647841517900        8.5218000393960285        8.9579628581052670        9.0889021700169632        9.2010000817912019        5.9604573346789014        6.5538663985023806     
   58630.689291983959       0.59874400000000005        1.2384996578584833E-003   7.5783091000000002        1.9295600000000000E-002   8.1441495938753867        7.9584863767175342        8.4942186774170985        7.3605607376666100        7.8870734752591360        8.4308686966592461        8.8222186774171014        9.1774855044841637        7.9606115345672599        8.4368686966592463        8.8334067559673706        9.1254855044841641        9.3407961109836215        6.6185607376666091        7.8902685888839450        8.2127435388095158        8.3488686966592454        8.5391722680841653        8.9751487216420180        9.1059142337588135        9.2179370966496030        5.9801327095495971        6.5728860978665011     
   58149.234249056943       0.58018000000000003        1.2806807850083714E-003   7.5825503999999997        1.9201599999999999E-002   8.1621801625334491        7.9767159700591428        8.5117418719947544        7.3791296217847702        7.9054163248093268        8.4486078811204486        8.8397418719947574        9.1949098968821303        7.9787982436713882        8.4546078811204488        8.8509897999825071        9.1429098968821307        9.3580838393066266        6.6371296217847693        7.9088663810598980        8.2305256075081985        8.3666078811204478        8.5565796952821280        8.9923740893564386        9.1229639846560637        9.2349205554429972        5.9998639930629132        6.5919568558736543     
   57661.906825064696       0.56132700000000002        1.3228620510999463E-003   7.5867845000000003        1.9108199999999999E-002   8.1802856022354664        7.9950166637450071        8.5293364946232568        7.3977818286803778        7.9238314203799920        8.4664146941327960        8.8573364946232562        9.2124008237905581        7.9970585113077295        8.4724146941327962        8.8686417850605341        9.1604008237905585        9.3754431049160072        6.6557818286803769        7.9275400002849512        8.2483728465700690        8.3844146941327953        8.5740536857905578        9.0096697622810229        9.1400816630110473        9.2519805483342115        6.0196905864447476        6.6111157269275740     
   57166.025671602372       0.54210999999999998        1.3791039553489100E-003   7.5909959000000002        1.9015799999999999E-002   8.1984638389875126        8.0133876319132060        8.5469973410291029        7.4165195342472661        7.9423184103788866        8.4842851175547995        8.8749973410291059        9.2299522093277542        8.0153911246831964        8.4902851175547998        8.8863578318591134        9.1779522093277546        9.3928672440677357        6.6745195342472652        7.9462908277759237        8.2662816247848081        8.4022851175547988        8.5915882257277527        9.0270284164020591        9.1572588102706991        9.2691081162463558        6.0396239392267947        6.6303689254713500     
   56659.925611240054       0.52242100000000002        1.4353461066039018E-003   7.5952389000000000        1.8923100000000002E-002   8.2168855503826688        8.0319996713987987        8.5648938563247174        7.4355140097269317        7.9610486418765500        8.5023889329408480        8.8928938563247204        9.2477332686384042        8.0339670961296097        8.5083889329408482        8.9043073871939082        9.1957332686384046        9.4105252513000242        6.6935140097269308        7.9652907753098052        8.2844215082100394        8.4203889329408472        8.6093523130384053        9.0446191476222726        9.1746640734667704        9.2864724513369534        6.0598360789538379        6.6498879850626356     
   56147.574491871150       0.50237699999999996        1.4915885048649216E-003   7.5995005000000004        1.8830500000000000E-002   8.2354427763099025        8.0507429203919436        8.5829225243115665        7.4546521560212824        7.9799114074935709        8.5206206703936083        8.9109225243115624        9.2656413885985209        8.0526770919017387        8.5266206703936085        8.9223863548017732        9.2136413885985213        9.4283157256181056        6.7126521560212815        7.9844268587984466        8.3026864988838156        8.4386206703936075        8.6272433865985221        9.0623412445164782        9.1921982763132277        9.3039752719442284        6.0802025724244615        6.6695548811212468     
   55631.785649991005       0.48208600000000001        1.5478311501356075E-003   7.6037615000000001        1.8738399999999999E-002   8.2540457209042177        8.0695263995569757        8.6009965576628264        7.4738408529942308        7.9988150884269782        8.5388922823155884        8.9289965576628294        9.2835904048142037        8.0714304046656000        8.5448922823155886        8.9405075985542073        9.2315904048142006        9.4461532770314438        6.7318408529942264        8.0036059250369807        8.3209882772069665        8.4568922823155877        8.6451753588142015        9.0801097261614441        9.2097774864214390        9.3215330526173066        6.1006231069570109        6.6892733831056166     
   55112.612709416964       0.46154099999999998        1.6040740424141404E-003   7.6080160000000001        1.8646800000000002E-002   8.2726935873764091        8.0883492901098322        8.6191151834481730        7.4930794175832247        8.0177588315679458        8.5572029501815976        8.9471151834481724        9.3015795011695914        8.0902262094721777        8.5632029501815943        8.9586703280858231        9.2495795011695918        9.4640371478942882        6.7510794175832238        8.0228271359422969        8.3393260308192474        8.4752029501815969        8.6631474371695916        9.0979237984361703        9.2274009075199359        9.3391450150650925        6.1210972392721636        6.7090429149695794     
   54589.611052942921       0.44072299999999998        1.6603171817023395E-003   7.6122725999999998        1.8555700000000001E-002   8.2938398539147133        8.1096115208514039        8.6398873172094941        7.5147764577984635        8.0391510461356734        8.5780795712937579        8.9678052394200822        9.3222091123779496        8.1113539031674389        8.5840343538516262        8.9793561490200791        9.2702091123779464        9.4847771409146393        6.7728585355878739        8.0446096797457418        8.3599435142203813        8.4960343538516252        8.6838052394200833        9.1184659486936805        9.2477877438621352        9.3595472451148556        6.1429553734094302        6.7305503424620756     
   54064.227260035899       0.41962300000000002        1.7306214531708974E-003   7.6165713999999998        1.8464100000000001E-002   8.3158839142388885        8.1317594794575854        8.6616088007110363        7.5373638241975485        8.0614255392121663        8.5998760036656137        8.9894216461630450        9.3437880446857520        8.1333303611681842        8.6057761165883235        9.0009553605630401        9.2917880446857524        9.5065287523044475        6.7955509787455419        8.0673162340682509        8.3813945884282219        8.5177761165883226        8.7054216461630425        9.1399871273311746        9.2691663713058929        9.3809442462351882        6.1653756322491731        6.7527309164440297     
   53538.721985665157       0.39833700000000000        1.7868651482367567E-003   7.6208894000000003        1.8372500000000000E-002   8.3380575736392046        8.1540404788599794        8.6834709356785957        7.5600839688743164        8.0838259028298936        8.6218056868485107        9.0111786800757301        9.3655113044907701        8.1554326936212931        8.6276547536635562        9.0226951224757315        9.3135113044907705        9.5284284401115471        6.8183762244771806        8.0901595216922217        8.4029714156069595        8.5396547536635552        8.7271786800757312        9.1616601109208560        9.2907004797330295        9.4024933877151184        6.1878944487303364        6.7750253383847721     
   53011.610701064441       0.37685000000000002        1.8571701144301186E-003   7.6251892000000003        1.8281800000000001E-002   8.3602895225091451        8.1763840698614310        8.7054008232877038        7.5828686751603662        8.1062819025960096        8.6437963856222844        9.0330031454279158        9.3873053642606301        8.1775896258166476        8.6495978476549915        9.0445023886279152        9.3353053642606270        9.5504029388129119        6.8412663530201527        8.1130708422528635        8.4246012365177130        8.5615978476549905        8.7490031454279169        9.1834105587260488        9.3123150996989743        9.4241189870064765        6.2104473472866069        6.7973661644978769     
   52481.229392737150       0.35507699999999998        1.9274754665839283E-003   7.6294927000000001        1.8191400000000000E-002   8.3826865254772223        8.1988972971239669        8.7275044570458356        7.6058262137312305        8.1289009163162902        8.6659541638381583        9.0550007029243851        9.4092758495282247        8.1999076247519334        8.6717113396419983        9.0664827321243848        9.3572758495282251        9.5725585043749710        6.8643299678526830        8.1361590268565216        8.4463888541446686        8.5837113396419973        8.7710007029243862        9.2053441135359044        9.3341155060182892        9.4459264592929983        6.2331409531323168        6.8198598269047714     
   51947.063202844198       0.33300400000000002        2.0118423986386917E-003   7.6337941000000002        1.8101599999999999E-002   8.4052250312553127        8.2215568613596517        8.7497579394928771        7.6289339161568108        8.1516596685887031        8.6882552175219274        9.0771473521334443        9.4313987131189236        8.2223630829104088        8.6939714021074010        9.0886121757334450        9.3793987131189205        9.5948712488232566        6.8875445035162386        8.1594013937017138        8.4683101461132537        8.6059714021074001        8.7931473521334453        9.2274366114898712        9.3560773851159134        9.4678913187710094        6.2559529648092429        6.8424834688322775     
   51409.218267242315       0.31062600000000001        2.0821485999149444E-003   7.6380942000000003        1.8012199999999999E-002   8.4279269690550951        8.2443846879062530        8.7721833964361569        7.6522135856390125        8.1745799915901376        8.7107215697200449        9.0994652400896090        9.4536961534476642        8.2449778993504861        8.7164001062781029        9.1109128632896077        9.4016961534476646        9.6173633794988209        6.9109317419855625        8.1828197857436198        8.4903871176177272        8.6284001062781019        8.8154652400896101        9.2497103569637762        9.3782231139752827        9.4900359282706734        6.2789047515768477        6.8652587299159702     
   50867.453880535977       0.28791699999999998        2.1665165509202780E-003   7.6423964000000000        1.7923200000000000E-002   8.4507982888780191        8.2673868090541092        8.7947868028151461        7.6756714271735760        8.1976678775975031        8.7333591145585387        9.1219602935912540        9.4761741377195605        8.2677579355258253        8.7390033730868417        9.1333907079912535        9.4241741377195609        9.6400410002956463        6.9344979363974666        8.2064205373257693        8.5126253894063595        8.6510033730868443        8.8379602935912551        9.2721714115761671        9.4005587464805771        9.5123663211283791        6.3020018607471613        6.8881913180125913     
   50321.664740743152       0.26488000000000000        2.2508850577250997E-003   7.6466924000000001        1.7834699999999998E-002   8.4738298707895350        8.2905542500231366        8.8175589072755240        7.6992987372823922        8.2209143117633428        8.7561586602157302        9.1446232402236713        9.4988233637535711        8.2906940802077909        8.7617720141456257        9.1560364706236737        9.4468233637535715        9.6628948213871677        6.9582344043342435        8.2301948366641380        8.5350157449485291        8.6737720141456247        8.8606232402236724        9.2948103804133613        9.4230748368914075        9.5348728943096592        6.3252361587577699        6.9112727059736532     
   49765.801160317205       0.24145600000000000        2.3352541203294093E-003   7.6508238000000004        1.7750100000000001E-002   8.5060254279868133        8.3232969119125713        8.8487730534247717        7.7342686029227288        8.2536936167125745        8.7878007838289882        9.1757262136568372        9.5297826081066326        8.3228002560260421        8.7933289810538895        9.1871043368960663        9.4777640265458629        9.6940546198353417        6.9932871844834992        8.2639995084316205        8.5660597246534351        8.7053103994931149        8.8915856943530258        9.3256206299492632        9.4540614191889460        9.5660489872142982        6.3593859162745972        6.9462575633406338     
   49209.505399546630       0.21763299999999999        2.4336853958411668E-003   7.6551168000000001        1.7662600000000001E-002   8.5514631699913775        8.3698413162607377        8.8922259182243888        7.7854876762636227        8.3002208490607341        8.8322431226421063        9.2190678193042981        9.5727963654755737        8.3681622318655595        8.8376073957277459        9.2303873483784766        9.5207363617497531        9.7372554025214821        7.0445476799894404        8.3122128000620972        8.6096545614014754        8.7495473920019275        8.9345935225440254        9.3682882180525748        9.4973196470530272        9.6097753528649381        6.4092987660657688        6.9983430132683235     
   48646.320861423475       0.19334899999999999        2.5180556626910400E-003   7.6594075999999998        1.7575600000000000E-002   8.5973706566561390        8.4168772770938176        8.9360996252756877        7.8373109547538249        8.3472396466938150        8.8771347720461762        9.2628288894479738        9.6162174198043004        8.4139972894225465        8.8823290372243378        9.2740931526143768        9.5641193133707034        9.7808615228656102        7.0964090611874191        8.3609383145095464        8.6536890996521691        8.7942309307907465        8.9780166819648244        9.4113462119665101        9.5409751519050872        9.6538964634554176        6.4599631959981565        7.0511499720010704     
   48075.078272591425       0.16854200000000000        2.6305502164232168E-003   7.6636918999999999        1.7489100000000000E-002   8.6438212097703779        8.4644806842315727        8.9804625985325810        7.8898253678409507        8.3948259166315697        8.9225467196546671        9.3070776141870990        9.6601130301442790        8.4603787655008258        8.9275644276332589        9.3182899375175463        9.6079801210747267        9.8249404587593130        7.1489582769105038        8.4102554494137980        8.6982327588362960        8.8394315185637051        9.0219226611506560        9.4548606736255270        9.5850951305529382        9.6984802045284884        6.5114677103531289        7.1047697634726514     
   47492.059146441788       0.14308699999999999        2.7289837615044233E-003   7.6679519000000003        1.7403499999999999E-002   8.6909970715612879        8.5128416913880010        9.0254822701296860        7.9432542416243521        8.4431698837880020        8.9686540399052852        9.3519806819589775        9.7046471793272460        8.5074888389357284        8.9734872885894177        9.3631442569334205        9.6524825619016852        9.8696570001235138        7.2024188590499136        8.4603655139486733        8.7434556923103059        8.8853226711638627        9.0664759174468443        9.4989921287503591        9.6298436848039159        9.7436931069671644        6.5640352121421941        7.1594360281485372     
   46895.697533118735       0.11685500000000000        2.8414801679646187E-003   7.6722334999999999        1.7317900000000001E-002   8.7391107074956604        8.5621760477423354        9.0713650126761518        7.9978288811611389        8.4924871137423334        9.0156662277423631        9.3977441521827796        9.7500248353897394        8.5555397109054301        9.0203065693458431        9.4088620895925441        9.6978317067995068        9.9152166924733489        7.2570220097513722        8.5114889551429780        8.7895644682887291        8.9321134407556126        9.1118815707026481        9.5439445886935541        9.6754267591604357        9.7897423998210282        6.6178984069086138        7.2153865430923840     
   46292.538880521060        9.0033000000000002E-002   2.9680398063646864E-003   7.6765657999999997        1.7231799999999999E-002   8.7878198175859517        8.6121280985426658        9.1177928814025755        8.0531391595466530        8.5424218353426618        9.0632530288531399        9.4440513891786786        9.7959335537892400        8.6041894876328833        9.0676941111584206        9.4551273224256072        9.7437157502361664        9.9613053759662087        7.3123569630997238        8.5632504819011004        8.8362375304858709        8.9794763076053492        9.1578269125069944        9.5894108193289753        9.7215308068484525        9.8363096802262895        6.6726595188618667        7.2722006232916243     
   45686.932526432240        6.2823000000000004E-002   3.0946006953854522E-003   7.6808987999999996        1.7146000000000002E-002   8.8367516546451217        8.6623163516660053        9.1644089255190391        8.1087657962654820        8.5925927564660061        9.1110495711189561        9.4905463120243265        9.8420199094664387        8.6530660337346408        9.1152863698400086        9.5015842863138449        9.7897814789559536        10.007568143871636        7.3680042267759678        8.6152555540867102        8.8831168958559577        9.0270479393295293        9.2039584715401848        9.6350401095243203        9.7678003673978910        9.8830358545030013        6.7279067924933660        7.3294501095766993     
   45078.867822942804        3.5230999999999998E-002   3.2352253722001479E-003   7.6852137999999997        1.7061099999999999E-002   8.8858297477000043        8.7126644137640135        9.2111364667329205        8.1646322063851287        8.6429235585640107        9.1589793080714088        9.5371522402975089        9.8882071592813823        8.7020929801372482        9.1630067675633455        9.5481563279347519        9.8359521021186218        10.053928153279553        7.4238872635478899        8.6674278102951838        8.9301263022235311        9.0747517104005873        9.2501995609912733        9.6807554745926048        9.8141583171696603        9.9298436764014149        6.7835638733952841        7.3870582188988543     
   44468.246048237612        7.2119999999999997E-003   3.3758515930239811E-003   7.6895439000000003        1.6976200000000000E-002   8.9279447788545596        8.7562467065548582        9.2502860090957455        8.2162472263406023        8.6861437603677309        9.1993495169992734        9.5762053765214610        9.9263545701986438        8.7444250230513312        9.2032688844249861        9.5872053765214638        9.8742448148050599        10.091474641056525        7.4750636475791943        8.7119911620873225        8.9707971321189000        9.1149207092346352        9.2887799733600538        9.7168759745980111        9.8494351686848383        9.9645809577587912        6.8560719311476177        7.4496357153115866     
   43854.685414055530       -2.1224000000000000E-002   3.5164793578715036E-003   7.6938415000000004        1.6892399999999998E-002   8.9689650075656644        8.7987652178912725        9.2882384346359430        8.2671936379816060        8.7282512078203638        9.2385290638078317        9.6140608270380952        9.9632283237005836        8.7856992227193835        9.2423514562099811        9.6250608270380944        9.9112842079371113        10.127629312197449        7.5255020203128531        8.7553686583115962        9.0104700037550955        9.1538977592927964        9.3261445753693408        9.7514783155933316        9.8829674813386319        9.9974199251548370        6.9312068100734230        7.5129738664231382     
   43237.641868183615       -5.0139000000000003E-002   3.6711716825757320E-003   7.6981396999999996        1.6809000000000001E-002   9.0100707130484636        8.8413734897019616        9.3262589223893784        8.3182683521425780        8.7704503988857319        9.2777836386530126        9.6519795679001561        10.000159794889250        8.8270562146383256        9.2815042841637876        9.6629795679001553        9.9483779424527512        10.163837523931068        7.5760659068371226        8.7988407910865050        9.0502295273105524        9.1929443713374255        9.3635696813947007        9.7861210687254854        9.9165339416882148        10.030284787867174        7.0066779200575127        7.5765263106303493     
   42621.722778285846       -7.9315999999999998E-002   3.8399290766938064E-003   7.7023950000000001        1.6726899999999999E-002   9.0509181324649060        8.8837165721067297        9.3640267463563358        8.3690528554971220        8.8123894514639911        9.3167833007997611        9.6896416652217052        10.036836421666960        8.8681504376633011        9.3203982196651278        9.7006416652217009        9.9852122314210146        10.199792069000905        7.6263406537197529        8.8420461602171283        9.0897421094020512        9.2317321442207909        9.4007390434443305        9.8205087025341609        9.9498469635350748        10.062893185178728        7.0818834856562471        7.6397806426925623     
   42015.254640326035      -0.10836500000000000        4.0086886942899578E-003   7.7065457000000004        1.6647200000000001E-002   9.0909565698272594        8.9252237187067038        9.4010328430288901        8.4188624717587892        8.8535029286746756        9.3550023337482422        9.7265396539731803        10.072764061397702        8.9084280451873568        9.3585091446925297        9.7375396539731831        10.021290953285867        10.235008549766096        7.6756484926710478        8.8844023622102490        9.1284748278754613        9.2697383784205947        9.4371518576854427        9.8541781546471690        9.9824579785997578        10.094806226984371        7.1558056103979659        7.7018827152873648     
   41416.939156481407      -0.13731800000000000        4.1915141225181288E-003   7.7105847000000001        1.6569899999999999E-002   9.1302503397063397        8.9659626676652380        9.4373350354887471        8.4677826960372897        8.8938575104246738        9.3925011571757864        9.7627314052544953        10.107998507904867        8.9479542071781992        9.3958975269415319        9.7737314052544946        10.056670440808023        10.269541173692645        7.7240739085624774        8.9259789528461653        9.1664888989503979        9.3070232535728294        9.4728649565796808        9.8871805362339487        10.014415704315617        10.126071352037847        7.2285758903236399        7.7629423895698544     
   40827.237953206539      -0.16616000000000000        4.3743421603157908E-003   7.7145162999999997        1.6495099999999999E-002   9.1687647521767435        9.0058978331183592        9.4729009419427772        8.5157723354040176        8.9334176586609697        9.4292464660363660        9.7981848415627280        10.142508422287859        8.9866942438247737        9.4325303656563175        9.8091848415627307        10.091319491926532        10.303359173031707        7.7715760605665825        8.9667396999838704        9.2037500632245344        9.3435538784469596        9.5078466319252950        9.9194865089393556        10.045691667655133        10.156660870428288        7.3001313627680968        7.8229086158226391     
   40245.840343240205      -0.19488900000000001        4.5571728077193254E-003   7.7183292000000003        1.6422800000000001E-002   9.2065158644215295        9.0450463020294798        9.5077450661377299        8.5628528014935128        8.9722000350036950        9.4652533854512519        9.8329146886381054        10.176308033187290        9.0246646659159602        9.4684230079516247        9.8439146886381046        10.125252636350368        10.336476358399178        7.8181761569681036        9.0067021255489443        9.2402733690445586        9.3793454928202706        9.5421113609126991        9.9511093145233289        10.076298460741164        10.186587240384775        7.3705004320932161        7.8818072953018046     
   39670.164375421096      -0.22356999999999999        4.7540702695550866E-003   7.7219804999999999        1.6353900000000001E-002   9.2420107257780479        9.0819473928394956        9.5400501956891404        8.6073227594638659        9.0087639913686424        9.4990212189043142        9.8653087078428641        10.207319200969128        9.0607111515563510        9.5021332969043080        9.8763087078428633        10.156484118781417        10.366730853190827        7.8622699196515740        9.0444236626177990        9.2747401283411826        9.4127098669382967        9.5739788722182873        9.9798877804708148        10.103857519067933        10.213179364160208        7.4394217822478481        7.9381065642482689     
   39107.405091367764      -0.25193100000000002        4.9650351944274008E-003   7.7255210999999999        1.6287400000000000E-002   9.2755330719898588        9.1168624748614384        9.5702212020210808        8.6494219009853772        9.0433724779241018        9.5308552872639609        9.8957217155923800        10.236043930866483        9.0950240960697890        9.5339532028639589        9.9067217155923792        10.185490228320798        10.394650822386552        7.9040735191310567        9.0801576677413678        9.3073900108269108        9.4440063918383466        9.6038291206837485        10.006375635631954        10.128992016643391        10.237163127343109        7.5063572250037218        7.9918277313731103     
   38555.558631556734      -0.28009099999999998        5.1760035937877544E-003   7.7289922000000004        1.6222500000000001E-002   9.3084086508675163        9.1511037854886261        9.5998026917276178        8.6906924623356865        9.0773208757336441        9.5620753267621872        9.9255482545410807        10.264214930435749        9.1286826862494230        9.5651593579621874        9.9365482545410799        10.213937151119971        10.422024926253847        7.9450542728514648        9.1152097584705345        9.3394100512148555        9.4746915744645079        9.6331038131726388        10.032353133761976        10.153634657011629        10.260685085203981        7.5719127380155875        8.0444562046583528     
   38012.374560672673      -0.30813400000000002        5.3869754676925371E-003   7.7323890999999998        1.6159099999999999E-002   9.3407471652985787        9.1847866724968998        9.6288914204083138        8.7312789007798859        9.1107228520315342        9.5927842889805977        9.9548856689822838        10.291922792664300        9.1617994829118725        9.5958547325805963        9.9658856689822795        10.241916605383961        10.448940918651006        7.9853555316602236        9.1496981029101914        9.3709066143395905        9.5048666712869743        9.6618980435429531        10.057901847306988        10.177861904254369        10.283816645630017        7.6363339999822539        8.0961839070949306     
   37478.741562941090      -0.33601900000000001        5.6120159629772385E-003   7.7357142999999997        1.6097400000000001E-002   9.3725405419199532        9.2181465669478229        9.6577307633161311        8.7716818918795099        9.1435979518773784        9.6229767666087724        9.9837307633161316        10.319688246442013        9.1941189431570152        9.6260339094087755        9.9944850271809074        10.269703139525319        10.475645729567894        8.0252028831591460        9.1836255756681879        9.4018878329476721        9.5347732801902474        9.6902243979623819        10.083024811456717        10.202185781001127        10.307071228243704        7.6992606195173074        8.1472202901353974     
   36954.812235160382      -0.36373400000000000        5.8511258209673544E-003   7.7389723000000004        1.6037099999999999E-002   9.4037613677122724        9.2509179897725620        9.6860569458056549        8.8113540328181639        9.1758747952761812        9.6526258044177506        10.012056945805655        10.346966570275976        9.2258506662771129        9.6556699152177554        10.022557403957462        10.296989622310205        10.501876194746297        8.0643299038190914        9.2169421187716321        9.4323048596992418        9.5641473213353354        9.7180348100750447        10.107696520651777        10.226084628204516        10.329927089840607        7.7609854212643778        8.1972980727694509     
   36439.465663978553      -0.39131300000000002        6.1043058293435027E-003   7.7421552000000000        1.5978500000000000E-002   9.4344145321300381        9.2831030301785837        9.7138629724819161        8.8503065330254138        9.2075600849615959        9.6817329291219707        10.039862972481917        10.373741903809876        9.2570064456660575        9.6847643083219701        10.050107189473426        10.323766387969393        10.527620835137832        8.1027528937298747        9.2496566694741240        9.4621609731855223        9.5929840411539580        9.7453269223054129        10.131907852929768        10.249535672225736        10.352358740194173        7.8215880289274153        8.2464583388159092     
   35932.215859399992      -0.41877100000000000        6.3574908414284438E-003   7.7452601000000003        1.5921500000000002E-002   9.4646210956205898        9.3147905559720918        9.7412327077968932        8.8887355068107929        9.2388082304118981        9.7104171006186952        10.067233350376991        10.400097139515697        9.2877410888513943        9.7134360602186938        10.077285559467196        10.350149991185994        10.552995463304793        8.1407016147404896        9.2819248390930973        9.4915756556295925        9.6214021681483963        9.7722177753265953        10.155773793863091        10.272619265981891        10.374512920061196        7.8812537202360637        8.2949420831431731     
   35433.332533471847      -0.44609100000000002        6.6247471160313584E-003   7.7482923000000001        1.5866000000000002E-002   9.4948523546111492        9.3462690232774701        9.7684572452159149        8.9274720399421295        9.2702719832853386        9.7391504168154999        10.094459180611983        10.426323910282859        9.3187072512148763        9.7421572476155003        10.104747409749178        10.376614074816123        10.578473909083067        8.1791887062088637        9.3143984874183960        9.5210209104152934        9.6498739138822369        9.7991807422826493        10.179769011279548        10.295628845546490        10.397046581083897        7.9406233226422369        8.3437584844569503     
   34941.697533208229      -0.47331600000000001        6.8920089659823131E-003   7.7512467000000003        1.5812099999999999E-002   9.5245650621942239        9.3772158051612031        9.7952102605934748        8.9655658869869441        9.3012207919612031        9.7673901547938478        10.121210260593475        10.452091016888520        9.3491575026944140        9.7703901547938479        10.131741759855498        10.402622806893287        10.603511188759700        8.2170367357535490        9.3463373968947856        9.5499699829226650        9.6778633515890817        9.8256811093600795        10.203333642587957        10.318224663225745        10.419173695587581        7.9989882662112954        8.3917542315514062     
   34456.249220631129      -0.50048499999999996        7.1733432524415551E-003   7.7541127000000003        1.5760000000000000E-002   9.5537829173323736        9.4076587450807949        9.8215039618561590        9.0030506370463215        9.3316751958807949        9.7951516649942683        10.147503961856160        10.477403762329761        9.3791149943014283        9.7981516649942648        10.158279590078184        10.428188335687107        10.628117284928368        8.2542787616566393        9.3777626974395325        9.5784381423956582        9.7053835424369232        9.8517320864664732        10.226473334622600        10.340414981831525        10.440891434684492        8.0564379314974630        8.4389952086660394     
   33977.154108734867      -0.52759000000000000        7.4828181030661654E-003   7.7568935999999997        1.5709600000000001E-002   9.5825510748287428        9.4376471869025380        9.8473861101002811        9.0399895602906426        9.3616744463216648        9.8224711142093142        10.173386110100282        10.502301735952987        9.4086126030847694        9.8254707992284409        10.184374687154644        10.453351526282511        10.652333723880851        8.2909667143993744        9.4087204530850670        9.6064502342462106        9.7324596912636814        9.8773632642090128        10.249226188861421        10.362258176789286        10.462262905298019        8.1130974377267933        8.4856015225558608     
   33503.177635844506      -0.55466099999999996        7.7923004291697000E-003   7.7595594999999999        1.5661499999999998E-002   9.6116092373206286        9.4681379424130938        9.8735805663889131        9.0775807791286454        9.3921666816663105        9.8498703590460828        10.199580566388914        10.527309771225305        9.4383832101200795        9.8528608602993017        10.210332155206835        10.478825834095900        10.676879926114367        8.3280839567644875        9.4401698251414032        9.6345391165923147        9.7596219478640052        9.9030837440247552        10.272102809839822        10.384672964728889        10.484214380364733        8.1708584233649120        8.5336353268997271     
   33038.855918370515      -0.58151699999999995        8.1158581268227867E-003   7.7621715000000000        1.5614500000000000E-002   9.6400854946410615        9.4980176128859473        9.8992465470209066        9.1144113769800104        9.4220429017555656        9.8767214903553562        10.225246547020907        10.551818397947207        9.4675524996331237        9.8796980932249792        10.235765974980088        10.503781433768081        10.700931228735199        8.3644502328983830        9.4709885870492077        9.6620658344777990        9.7862409183145420        9.9282854029392720        10.294518538449497        10.406631369237489        10.505718911155858        8.2274332390581275        8.5806810993847247     
   32582.769792562573      -0.60824199999999995        8.4534922619914146E-003   7.7647480000000000        1.5568200000000001E-002   9.6681010362717998        9.5274117188941148        9.9244968604049788        9.1506283693834760        9.4514289082719145        9.9031407305457719        10.250496860404979        10.575936595508583        9.4962440709607563        9.9060989279235727        10.260788245301260        10.528329212471622        10.724595546678948        8.4002111391760366        9.5013051713089887        9.6891485918569273        9.8124321154420535        9.9530796301975428        10.316576248952916        10.428235200123282        10.526876961915846        8.2830302053329703        8.6269179940805039     
   32135.347457458945      -0.63479699999999994        8.8052039470330780E-003   7.7672828000000003        1.5522800000000000E-002   9.6956065673139875        9.5562696561416161        9.9492850680248210        9.1861749914458031        9.4802743345076905        9.9290802834150966        10.275285068024822        10.599618758302391        9.5244082244938753        9.9320158305811717        10.285352741753549        10.552423636377085        10.747827915325924        8.4353103389032640        9.5310680924266933        9.7157389998289077        9.8381479571438248        9.9774204154822783        10.338232500227029        10.449441657250567        10.547646135908028        8.3375750220020279        8.6722805136799366     
   31693.485246416909      -0.66131799999999996        9.1709943407095127E-003   7.7697507999999997        1.5478799999999999E-002   9.7232861247058882        9.5854379295434331        9.9741357724076014        9.2222389467543788        9.5092967799898265        9.9552133230683513        10.300123664584410        10.623510635077244        9.5527580046594540        9.9581343198683516        10.310135772407600        10.576443739700432        10.770976608770079        8.4709445398239875        9.5611541778969755        9.7425150887987240        9.8640479578683671        10.001958299384428        10.359978061309329        10.470750549755744        10.568369780825373        8.3931537935960510        8.7181903162636178     
   31256.259219975091      -0.68785200000000002        9.5508646481866893E-003   7.7721532000000000        1.5436099999999999E-002   9.7508429473696694        9.6145346528997564        9.9988314066995088        9.2582799876271622        9.5381957349862425        9.9812398546395826        10.324798454223014        10.647310972662964        9.5809915110162045        9.9841512418395837        10.334831406699507        10.600255312339456        10.793912103902912        8.5065691993236356        9.5911766522128019        9.7691782402096194        9.8898350317730745        10.026393631356505        10.381592268762837        10.491937140782813        10.588910142412779        8.4488266908987981        8.7640368630247352     
   30824.284184390246      -0.71437799999999996        9.9588860404983288E-003   7.7745062000000003        1.5394300000000000E-002   9.7780321973280664        9.6432452274827014        10.023193994926604        9.2938434064247772        9.5667149942287395        10.006917191973432        10.349136370272763        10.670784938641543        9.6088533957053244        10.009819167173433        10.359193994926603        10.623744538495384        10.816531531810323        8.5417253152630082        9.6208099332216008        9.7954847160968477        9.9152717094117904        10.050490887711117        10.402906359563495        10.512828668547883        10.609163119624469        8.5037737937656885        8.8092797877683111     
   30398.069247682841      -0.74087700000000001        1.0380990807647322E-002   7.7768150000000000        1.5353400000000000E-002   9.8048277342996144        9.6715417519327254        10.047200664409555        9.3288935608773080        9.5948266981028141        10.032220976666505        10.373114752863305        10.693910891358673        9.6363165419743346        10.035113716666505        10.383200664409554        10.646889542904919        10.838814289854039        8.5763775416712349        9.6500246965298508        9.8214093527949835        9.9403340997440992        10.074227875940903        10.423901237597086        10.533406566844768        10.629110930716294        8.5579372300928362        8.8538724397119459     
   29977.126459031842      -0.76736099999999996        1.0831251217727185E-002   7.7790749000000003        1.5313500000000001E-002   9.8312776961599155        9.6994828297401199        10.070902535346775        9.3634945872282813        9.6226017895237845        10.057206415353342        10.396766022389471        10.716697401766567        9.6634397428418488        10.060069902396037        10.406899875163106        10.669717615123869        10.860811041182899        8.6105906734709770        9.6789003491630226        9.8469966896943113        9.9650672422123776        10.097626849248503        10.444605907602693        10.553676460120755        10.648769886179789        8.6114533440537855        8.8979272526115167     
   29562.012752151582      -0.79379699999999997        1.1295598834942211E-002   7.7812865000000002        1.5274599999999999E-002   9.8579913234442298        9.7278136060835063        10.095003483252901        9.3983363393448425        9.6509935644356215        10.082622549348565        10.420495162357168        10.739181200613627        9.6909924439399244        10.085114228452836        10.430948670900781        10.692564375509354        10.883251534261509        8.6450783104491133        9.7085030058270458        9.8728102445964137        9.9900594161007188        10.120932029109321        10.465429251622231        10.573678423126536        10.668365581878687        8.6657965939937167        8.9427228872931988     
   29152.848787822360      -0.82017200000000001        1.1788107117265099E-002   7.7834485999999998        1.5236599999999999E-002   9.8842956087005742        9.7557046638611435        10.118718424451222        9.4326310118796979        9.6789518023492871        10.107640810975900        10.443850822927187        10.761309369290656        9.7181237055249294        10.109773209451864        10.454605080363079        10.715043176414687        10.905329819602512        8.6790309991556622        9.7376475006976744        9.8982203733880763        10.014659865363724        10.143869877315010        10.485920764441948        10.593360256417588        10.687646899605410        8.7193133244520507        8.9868288465719655     
   28748.884627571675      -0.84651200000000004        1.2294706810411298E-002   7.7855504000000000        1.5199799999999999E-002   9.9107014850747319        9.7834548311920138        10.142123755695302        9.4667259601431226        9.7067749433997577        10.132554821985018        10.467123755695301        10.783585815942700        9.7453816264273314        10.134554821985017        10.477981554095301        10.737443614342702        10.926868178833161        8.7129746543353761        9.7666704911170399        9.9235572431651882        10.039161505012586        10.166479323350444        10.506114832715873        10.612970209935703        10.706897005171019        8.7731395271645383        9.0308616428538286     
   28349.995872524338      -0.87280899999999995        1.2843545741776324E-002   7.7875744999999998        1.5164400000000000E-002   9.9369613348260870        9.8109113472085170        10.165160109806283        9.5004622289277734        9.7343096375288667        10.157211020316186        10.490160109806283        10.805762407230979        9.7725093354013914        10.159211020316185        10.501009811806284        10.759612109230979        10.947910089168907        8.7466651306074255        9.7954099479112955        9.9486581227640158        10.063410718188710        10.188709803551333        10.525960076786479        10.632362676338651        10.725960664531527        8.8268121373015589        9.0745620341146669     
   27958.315407243448      -0.89894300000000005        1.3406481879896091E-002   7.7895415999999997        1.5130100000000000E-002   9.9627158036991492        9.8378825420701705        10.187743068255122        9.5335873109503328        9.7613987258629269        10.181390898928123        10.512743068255121        10.827459848076851        9.7991988748701733        10.183390898928119        10.523549810364338        10.781308274778825        10.968576329884096        8.7797037927575783        9.8236819460411997        9.9733161017136336        10.087191047935365        10.210543217262364        10.545451276105824        10.651374500022287        10.744649148229529        8.8796165226795924        9.1175129439620033     
   27573.760558574002      -0.92493499999999995        1.3997591433884736E-002   7.7914725000000002        1.5096500000000001E-002   9.9882339998122127        9.8649389575779196        10.210089815419867        9.5666220309188574        9.7888628670193398        10.205363152046509        10.535089815419866        10.848645207095586        9.8262707375779144        10.207363152046511        10.545568394839378        10.802550025956528        10.989384857654162        8.8123616814774337        9.8523074753436219        9.9980497409293605        10.110771022605086        10.232497685978441        10.565106139329885        10.670324369307970        10.763229909866546        8.9328327184558205        9.1605383663959330     
   27195.371760898797      -0.95083499999999999        1.4630953348270850E-002   7.7933709000000002        1.5063600000000000E-002   10.013321593975835        9.8915401069322435        10.232051043859446        9.5990940775506992        9.8158651859713437        10.228929597419430        10.557051043859442        10.869463675542139        9.8528870741322407        10.230929597419429        10.567212521823922        10.823429781745723        11.009832530903040        8.8444629329115934        9.8804525542886417        10.022365370297631        10.133951485580329        10.254072932020343        10.584418646185735        10.688948979511114        10.781491318472014        8.9851800317947017        9.2028409281673298     
   26823.534273404115      -0.97662000000000004        1.5306573883251986E-002   7.7952377000000004        1.5031200000000000E-002   10.038221440660989        9.9178147010695792        10.253615892623829        9.6308863541109151        9.8426785533083656        10.252190092842410        10.578615892623828        10.889905544644042        9.8790001369429827        10.254190092842409        10.588615892623830        10.844050078756238        11.029910029717447        8.8759227707987183        9.9083569696737559        10.046394005110001        10.156864607930215        10.275226544482832        10.603380632537659        10.707240583498868        10.799426019372271        9.0377067891542762        9.2447103068843983     
   26457.938339942284       -1.0022920000000000        1.6010383137749159E-002   7.7970705000000002        1.4999500000000001E-002   10.062921236346380        9.9437515422335103        10.274763330652760        9.6619679693204610        9.8692984511001463        10.275124706499572        10.599763330652760        10.909948863672589        9.9045860445734526        10.277124706499574        10.609763330652761        10.864388864879167        11.049595084012530        8.9067162501138810        9.9360108576268438        10.070122608273163        10.179496423292992        10.295930926539224        10.621968899032357        10.725175118165719        10.817009620505662        9.0904985327781596        9.2861615347090343     
   26098.467118494907       -1.0278550000000000        1.6756463133309807E-002   7.7988697000000000        1.4968499999999999E-002   10.087162214695100        9.9692192744712873        10.295521953011724        9.6924735150305157        9.8954325460684647        10.297635302053409        10.620521953011727        10.929621875567209        9.9297086991897832        10.299635302053412        10.630521953011725        10.884347177882875        11.068915821485705        8.9369436915148501        9.9631563929471429        10.093419119582260        10.201714520937744        10.316248710764382        10.640211222841190        10.742779866444012        10.834269291162508        9.1423869937186755        9.3268734180443342     
   25745.658244448074       -1.0532690000000000        1.7544821244957348E-002   7.8006412000000003        1.4938000000000000E-002   10.110145435439961        9.9936677117571833        10.315503006995542        9.7212375145369627        9.9201758827308737        10.319128068417754        10.640503006995544        10.948537416928886        9.9538700202884769        10.321076547730911        10.650248665239992        10.903386372815731        11.087537160660183        8.9656426441369632        9.9888873873106867        10.115839572997565        10.222822205975355        10.335640714571284        10.657825656080369        10.759976443924820        10.851381573524819        9.1947164819224092        9.3663246737590740     
   25399.490207834042       -1.0785279999999999        1.8375465265940874E-002   7.8023844999999996        1.4907999999999999E-002   10.132379899174651        10.017424035272988        10.334947206837324        9.7489898671581479        9.9440947705146492        10.339977860005988        10.659947206837327        10.966936139460824        9.9773684311016524        10.341852030385159        10.669346697045160        10.921852431081657        11.105670997289490        8.9934089431581477        10.013770470270320        10.137653559761656        10.243251520592988        10.354452940873824        10.674995297533822        10.776813863741655        10.868232939741656        9.2465911823712510        9.4048152087152950     
   25060.226965797858       -1.1036090000000001        1.9262483542283007E-002   7.8041026000000002        1.4878600000000001E-002   10.154147267251593        10.040668823247882        10.353979851777977        9.7761457982000675        9.9675083973643641        10.360388175114783        10.678979851777980        10.984944122275371        10.000365247671921        10.362184798456544        10.688040078743777        10.939931088533610        11.123424136299411        9.0205786190000676        10.038124339808730        10.159004117559151        10.263245025422341        10.372870861567813        10.691808193855044        10.793301241620844        10.884734062420842        9.2974216947334991        9.4424951726603350     
   24727.089455938578       -1.1285390000000000        2.0191806594930313E-002   7.8057876000000004        1.4849700000000000E-002   10.173539918255027        10.060923489040221        10.370808982896680        9.8001147600777436        9.9883010116312718        10.378509176175850        10.695808982896676        11.001100911505628        10.020804950687211        10.380346925872924        10.705081893440738        10.956100911505626        11.139335201858639        9.0445001607806752        10.059623682319394        10.177892746961046        10.281074015328862        10.389312921952616        10.707012531170516        10.808670842417502        10.899966032867585        9.3472450994585934        9.4759478157701658     
   24399.110843805312       -1.1533840000000000        2.1191608101551539E-002   7.8074339000000004        1.4821600000000001E-002   10.192121934050915        10.080232022394137        10.386901705263019        9.8230419925759787        10.008214697475692        10.395856423056967        10.711901705263022        11.016608236981464        10.040384072719499        10.397764733087799        10.721502594419215        10.971608236981465        11.154604864656099        9.0673634181451437        10.080186740188081        10.195966511400192        10.298163843931603        10.405071080506827        10.721632821943713        10.823555136669073        10.914689809974545        9.3961880055153539        9.5080072855514626     
   24076.702139583729       -1.1781020000000000        2.2247821106722767E-002   7.8090463000000003        1.4794099999999999E-002   10.210338083664851        10.099166563475503        10.402679283761163        9.8455215223310368        10.027739830706516        10.412862961513007        10.727679283761166        11.031814572130155        10.059580347646101        10.414844845602829        10.737602581621580        10.986814572130154        11.169581713959559        9.0897758234412116        10.100350241227346        10.213691441323665        10.314921547742411        10.420519800700749        10.735971303438728        10.838148902409319        10.929134113528548        9.4442410165039199        9.5394429990339979     
   23760.085548776002       -1.2026820000000000        2.3374544183048785E-002   7.8106293000000004        1.4767199999999999E-002   10.225578758702691        10.115240318675410        10.416136669246567        9.8639230778720783        10.044149601345685        10.427101532549019        10.741078485865620        11.044838571414394        10.075543622005140        10.429101532549018        10.750896754795347        10.999838571414395        11.182384391944124        9.1079256806208537        10.117205181977857        10.228523178070516        10.329101532549016        10.433654237595347        10.748568725763169        10.850869426344124        10.942021226214395        9.4875964064307663        9.5650565768561560     
   23449.738281928963       -1.2270960000000000        2.4571795895695685E-002   7.8122014000000002        1.4740500000000000E-002   10.239738197101333        10.130252074058626        10.428738082910977        9.8808492000912782        10.059411844379776        10.440336217547122        10.753601174714058        11.057050912995985        10.090336331737477        10.442336217547121        10.763187821192910        11.012050912995983        11.194383976274837        9.1245477439732046        10.132850208694764        10.242299832786339        10.342336217547123        10.445939015592907        10.760495873677913        10.862881587474837        10.954290163395983        9.5288952986888962        9.5885490108980758     
   23146.429098482502       -1.2513740000000000        2.5839595973126052E-002   7.8138654000000001        1.4712299999999999E-002   10.253865410528936        10.145208068645273        10.441342094421350        9.8976595701794654        10.074609969758574        10.453560159424383        10.766124039833135        11.069270468931618        10.105083475531972        10.455560159424385        10.775488523519831        11.024270468931617        11.206401337418315        9.1410614608779479        10.148426133648309        10.256049246639206        10.355560159424384        10.458233061919833        10.772438744430099        10.874912260618315        10.966569623331617        9.5694875983320156        9.6117621198482066     
   22851.620338974059       -1.2754500000000000        2.7177965307650084E-002   7.8156740999999998        1.4681700000000001E-002   10.267157612305409        10.159191675227460        10.453301397261304        9.9131660595298055        10.088904426491274        10.466123549383360        10.778038700861307        11.080890321200277        10.119089165285702        10.468123549383359        10.787262418458523        11.035999722058518        11.218011528855738        9.1564677347325922        10.163123228207754        10.269048211447169        10.368084570580576        10.469999722058523        10.783902127997495        10.886497942852953        10.978473390516760        9.6065228441266708        9.6329665753756029     
   22560.878153454076       -1.2993830000000000        2.8615106746909078E-002   7.8173623000000001        1.4653200000000000E-002   10.279179821477555        10.171788615970645        10.464153884891367        9.9270158185731212        10.101884957247446        10.477571026984464        10.788884435691372        11.091445313844822        10.131917764386937        10.479571026984459        10.798035563861117        11.046766114661118        11.228725590430862        9.1704035888033744        10.176526558880028        10.280859020661261        10.379452705954208        10.480766114661115        10.794404789614568        10.897146167800607        10.989511958277408        9.6400708668335184        9.6519497086551667     
   22275.425059902831       -1.3231390000000001        3.0136961355798120E-002   7.8189988000000001        1.4625600000000001E-002   10.290942793186860        10.184115947867054        10.474768498226473        9.9405709297620337        10.114592492412656        10.488769638506669        10.799492503026473        11.101767928086376        10.144468529201648        10.490769638506665        10.808568519020968        11.057292523820964        11.239196525415460        9.1840469041675394        10.189641683881840        10.292418197452273        10.390569659301159        10.491292523820968        10.804671929680866        10.907548536609953        11.000301076355557        9.6729466806012017        9.6705566749602045     
   21995.052351517614       -1.3467420000000001        3.1743559232605550E-002   7.8205964000000003        1.4598699999999999E-002   10.302538520238972        10.196263876576825        10.485223654458704        9.9539274798532915        10.127119531529104        10.499806062893523        10.809937718354913        11.111931373561742        10.156833595425308        10.501804665748839        10.818942666003391        11.067645437457944        11.249494747617057        9.1974908539086080        10.202561105122271        10.303822302983658        10.401518729645044        10.501655332754911        10.814777133217056        10.917772185568573        11.010903881327689        9.7053329564605129        9.6889300115334613     
   21719.458829446608       -1.3702110000000001        3.3463123590940086E-002   7.8221616999999997        1.4572399999999999E-002   10.317174633020793        10.211328482013643        10.498040784575176        9.9704898305998544        10.142674527443601        10.513621656309136        10.822552573915774        11.124191055434069        10.172186316784197        10.515540678997981        10.831833115086324        11.079702844774664        11.261687371722923        9.2139861468887094        10.218458752325306        10.318544257131942        10.415052468338581        10.514263927115772        10.826976018522922        10.929695477352366        11.022968651100621        9.7445057242591009        9.7128346365305820     
   21448.750629837494       -1.3935360000000001        3.5281602035884131E-002   7.8236983999999996        1.4546699999999999E-002   10.331578260017871        10.226159725360688        10.510650960624236        9.9868024081704867        10.157984100114685        10.527219305507383        10.834967422440403        11.136253668283913        10.187300561930851        10.529056800721055        10.844518671810565        11.091570130100077        11.273680750697583        9.2302294905841542        10.234108267071175        10.333035558404198        10.428373262537217        10.526672628840405        10.838975544297586        10.941424294927423        11.034829709124931        9.7830749260517500        9.7363794967425150     
   21183.074811535036       -1.4166980000000000        3.7227236235368763E-002   7.8252081000000002        1.4521400000000000E-002   10.345770749803059        10.240778357721656        10.523076851142136        10.002884440759178        10.173068947733519        10.540620806637662        10.847204851118736        11.148142168365204        10.202196947710121        10.542375049072596        10.857021776307199        11.103270168341808        11.285498075600138        9.2462403479941102        10.249529965687049        10.347317339768125        10.441503049049196        10.538904018718739        10.850798908000137        10.952981982811671        11.046510722470003        9.8210452113703752        9.7595787862612013     
   20922.231347698176       -1.4397009999999999        3.9271879658213944E-002   7.8266885999999998        1.4496700000000000E-002   10.361632844677329        10.257328442338837        10.537012663606612        10.021066377033529        10.190019719791140        10.555628524468121        10.861066576382639        11.161448747373433        10.218965807015115        10.557345625944398        10.870988807730336        11.116502660149456        11.298677733121130        9.2643192186575032        10.266814589919717        10.363401890781931        10.456220145539545        10.552550371902010        10.863637154988696        10.965859007116277        11.059185297183346        9.8634298140530898        9.7860415927353070     
   20665.741849242662       -1.4625800000000000        4.1443788461607255E-002   7.8281383000000000        1.4472499999999999E-002   10.381660807878173        10.278644651831961        10.554714824921358        10.044422339292666        10.211604016382719        10.574636328475147        10.878944609617470        11.178295023814439        10.240374231686605        10.576428248729790        10.888610351466713        11.133524808510554        11.315273318863685        9.2875051077965516        10.288730194788119        10.383954430579688        10.474885043669740        10.569733755419843        10.879102690432365        10.982042667003636        11.074435214255249        9.9167809764898074        9.8205041818430523     
   20413.759785562535       -1.4853099999999999        4.3728920080911851E-002   7.8295576000000002        1.4448900000000001E-002   10.401338807783402        10.299588239255590        10.572107954653463        10.067373034029023        10.232810940270026        10.593312077325651        10.896507635409966        11.194844444152215        10.261411259513524        10.595180406383589        10.905921395195525        11.150244124908715        11.331576434337778        9.3102915836725213        10.310265509542399        10.404147749012276        10.493221047253277        10.586617243824589        10.894310020740837        10.997935305607468        11.089413365007653        9.9692052434196423        9.8543778216671445     
   20166.103879791342       -1.5079020000000001        4.6155554112407120E-002   7.8309452999999998        1.4425800000000001E-002   10.420691881407702        10.320185143208743        10.589215472725822        10.089945812856893        10.253666601728955        10.611680078126870        10.913779368959556        11.211120003278722        10.282102705495223        10.613626296813347        10.922945472839348        11.166683899512453        11.347609888358512        9.3327056978231617        10.331446716535641        10.424007236048123        10.511252400920181        10.603223899285407        10.909280292269646        11.013559773665353        11.104141751470994        10.020750699374048        9.8876970118515608     
   19922.966284245958       -1.5303359999999999        4.8695545625543672E-002   7.8323055999999998        1.4403200000000000E-002   10.440764657960546        10.341402015223562        10.606852586171499        10.113181393848723        10.275161904922690        10.630785745497530        10.931523363771500        11.227886006508481        10.303596372387457        10.632684300598406        10.940523363771501        11.183658229007609        11.364316673807611        9.3557383937495970        10.353267149987456        10.444423102760549        10.529920610733644        10.620523363771500        10.925190563308483        11.029577871645468        11.119464093946341        10.073207822966115        9.9220610365688060     
   19684.074496527370       -1.5526210000000000        5.1377192425623434E-002   7.8336353000000001        1.4381200000000000E-002   10.463005397562849        10.364603640776739        10.626210667921175        10.138447468004518        10.298782747202459        10.651988017560786        10.950964345909345        11.246366102695454        10.327272723176737        10.653741695548955        10.959964345909345        11.202277883507286        11.382858746719116        9.3808702283926912        10.377201883990626        10.466762699151015        10.550477993535065        10.639876126721173        10.943619671907285        11.047014181493395        11.136507781067674        10.129167752462905        9.9595483001850944     
   19449.569812506837       -1.5747460000000000        5.4200582959914756E-002   7.8349394999999999        1.4359600000000000E-002   10.485815385597380        10.388356864347351        10.646190949347464        10.164072230085868        10.323104916585923        10.673480480336003        10.971190949347463        11.265649470597488        10.351104916585925        10.675480480336006        10.980190949347463        11.221309712597488        11.401649470597491        9.4066832098472979        10.401765158585924        10.489967844108783        10.571411944097434        10.659718006836059        10.962554834086085        11.065107991847519        11.153925545097543        10.185958569346369        9.9975265743469137     
   19219.319212131253       -1.5967169999999999        5.7151688613355872E-002   7.8362227000000004        1.4338399999999999E-002   10.509092895568186        10.412640906585247        10.666812776865241        10.190402772488197        10.347755976050832        10.695395460282297        10.991770450779347        11.285302836827872        10.375675578985247        10.697395460282300        11.000812776865237        11.240877548962287        11.421222439762287        9.4327476632881950        10.426453411336722        10.513905400319663        10.592927846330822        10.679728124693456        10.981717072427875        11.083754825810813        11.171789498210812        10.243526553989822        10.036500459808847     
   18993.062615211824       -1.6185440000000000        6.0230597026924446E-002   7.8374784999999996        1.4317699999999999E-002   10.532414453640239        10.437424163592482        10.688253713483629        10.216948820257695        10.373151741131633        10.718358954561932        11.012913509435872        11.305526135944472        10.400519694718543        10.720358954561931        11.022271753070537        11.260553885483628        11.440885759896720        9.4592806946707881        10.452142031179392        10.538142031179390        10.615018750514178        10.700563595435870        11.002075441831266        11.102498386405323        11.190538418453080        10.301846599667194        10.075746679758080     
   18770.982292148477       -1.6402040000000000        6.3465656971027781E-002   7.8387077999999999        1.4297499999999999E-002   10.556865507068540        10.462190557580936        10.709136730142919        10.244000913962761        10.398816290812338        10.741033365405730        11.034106949455310        11.325510996911511        10.426762142331352        10.743033365405729        11.043727750461930        11.281427067742918        11.461190878623906        9.4857647248437438        10.477491240299948        10.563491240299950        10.638003584718120        10.721752118255310        11.025274967418969        11.121594926080103        11.209334369167710        10.360947100693377        10.115570280914838     
   18553.421027099652       -1.6616629999999999        6.6828721098790997E-002   7.8399124000000002        1.4277600000000000E-002   10.581189795839615        10.487839279026931        10.731255417060526        10.270873298714418        10.424558578226931        10.764403479948013        11.056255417060525        11.346246284273208        10.452558578226929        10.766403479948012        11.065392249764811        11.302246284273211        11.481965583473210        9.5130961156101339        10.503985244518530        10.588412612735327        10.661120681752125        10.743392249764812        11.046042434877323        11.140170134794291        11.228110153494120        10.420222800603499        10.155466285088439     
   18395.390011588872       -1.6773929999999999        6.9372798704613159E-002   7.8407812999999997        1.4263400000000001E-002   10.599354969937135        10.506925355982634        10.747532601506265        10.291193554381778        10.444070046336279        10.781670036121699        11.072532601506264        11.361751036352622        10.471803552474487        10.784088476075343        11.081532601506265        11.318017530214409        11.497325340660769        9.5331382396281334        10.523288481182632        10.607288481182632        10.678306910921702        10.759380655414411        11.061477286752623        11.154277281645331        11.241592347829897        10.464033335066627        10.185400327456382     
   18372.658385588089       -1.6796650000000000        6.9754453713181647E-002   7.8409085999999997        1.4261299999999999E-002   10.602013490035786        10.509708079659644        10.749891932937610        10.294184788541143        10.446944714917292        10.784179980286700        11.074891932937609        11.364018932079963        10.474620571625847        10.786689346744344        11.083891932937609        11.320343075371403        11.499560977713754        9.5360390564834940        10.526071714059642        10.610071714059641        10.680816345886699        10.761706709771405        11.063746200879963        11.156363833564667        11.243530323815579        10.470394960274104        10.189782377531094     
   18350.799915712501       -1.6818510000000000        7.0107848068546447E-002   7.8410266000000002        1.4259300000000001E-002   10.604566938815459        10.512381037974887        10.752157909511414        10.297058554271466        10.449706051112038        10.786590636963435        11.077157909511413        11.366197002774264        10.477326549597166        10.789187437300583        11.086157909511414        11.322576504289138        11.501707916751986        9.5388258603343132        10.528745144374888        10.612745144374887        10.683226530563438        10.763940610689136        11.065925215574264        11.158367508499964        11.245391206647945        10.476509443546014        10.193993294021308     
   18329.600522516092       -1.6839789999999999        7.0461252124348908E-002   7.8411442999999998        1.4257400000000000E-002   10.607037358113143        10.514967451080611        10.754349647788462        10.299839638358012        10.452378203390548        10.788922657350806        11.079349647788465        11.368303472678527        10.479945100538142        10.791604255260740        11.088349647788466        11.324736575530931        11.503784132020996        9.5415226176480736        10.531332028280612        10.615332028280609        10.685558080150802        10.766101152730933        11.068032627078527        11.160304854058655        11.247190153296312        10.482433687425630        10.198071100801922     
   18308.130524915912       -1.6861320000000000        7.0814665880854596E-002   7.8412610999999997        1.4255500000000001E-002   10.609535611422523        10.517583252832502        10.756565849240459        10.302652794942816        10.455080819532839        10.791280819131494        11.081565849240462        11.370433326940123        10.482593505142141        10.794048297031829        11.090565849240463        11.326920641330819        11.505883252230483        9.5442503614424794        10.533948297232499        10.617948297232502        10.687915774731493        10.768285685730820        11.070163415740126        11.162263415539453        11.249008623248422        10.488430010055261        10.202197336328915     
   18286.475143715088       -1.6883060000000001        7.1182226478416849E-002   7.8413817000000003        1.4253500000000001E-002   10.612068174440687        10.520234470095581        10.758814061999633        10.305503016775614        10.457819623120720        10.793672171820159        11.083814061999636        11.372594435774495        10.485277719925332        10.796526271245302        11.092814061999636        11.329136338969882        11.508013293144742        9.5470144441504736        10.536599996895578        10.620599996895582        10.690306645020161        10.770501865769884        11.072325489374496        11.164251763724216        11.250855761103690        10.494491017105780        10.206371849118341     
   18264.635096526472       -1.6905019999999999        7.1549797568846774E-002   7.8414998000000002        1.4251600000000000E-002   10.614604494105276        10.522890527184689        10.761063805780733        10.308360030277992        10.460563985198583        10.796066148343005        11.086063805780732        11.374756346966841        10.487967099050206        10.799007607956902        11.095063805780732        11.331353233115216        11.510143771901323        9.5497845698641015        10.539256526384690        10.623256526384687        10.692700149143008        10.772719232315218        11.074488345366838        11.166239426939050        11.252701081176781        10.500586026392075        10.210564233169265     
   18243.199188264425       -1.6926620000000001        7.1917379152446295E-002   7.8416193999999999        1.4249599999999999E-002   10.617155318975374        10.525539030441667        10.763330784653899        10.311195705735553        10.463289219507960        10.798484623947783        11.088340754034551        11.376937103806956        10.490655697107957        10.801467390081495        11.097357987900843        11.333553392340665        11.512276378160013        9.5525621833355530        10.541932711288613        10.625915477422321        10.695090943100841        10.774947073187608        11.076642855760017        11.168249174913072        11.254571215399839        10.506644394185653        10.214730390486633     
   18221.033223528266       -1.6948939999999999        7.2284971229515577E-002   7.8417392000000001        1.4247700000000000E-002   10.619858386327721        10.528298692011205        10.765734353187657        10.314126944622981        10.466105954494694        10.801066957799431        11.090776871410061        11.379251529281774        10.493472911294692        10.803993608915945        11.099850220293547        11.335811223598284        11.514502618975882        9.5554939014229774        10.544781515917094        10.628708167033608        10.697584133893542        10.777294047504171        11.078869575775883        11.170386751869998        11.256564492680624        10.513006725130168        10.219081688717171     
   18199.103714738176       -1.6971050000000001        7.2666712570338854E-002   7.8418599999999996        1.4245700000000000E-002   10.622551124744762        10.531047344561584        10.768130683997393        10.317045234843677        10.468911004378404        10.803640174279488        11.093205489321621        11.381559658856345        10.496278444378403        10.806511394462666        11.102334269138440        11.338063439039525        11.516723513715297        9.5584126748436784        10.547618369702631        10.631489589885808        10.700069149138441        10.779634464180573        11.081090953715298        11.172519928574252        11.258555003616385        10.519319530020296        10.223404917100437     
   18177.326162795125       -1.6993050000000001        7.3048465228001083E-002   7.8419787000000003        1.4243700000000000E-002   10.625227485399561        10.533779144427259        10.770512618631978        10.319945557524898        10.471698718254958        10.806197753729622        11.095619569753103        11.383854008483164        10.499066633054957        10.809014009501924        11.104803313980801        11.340302349455465        11.518931227934340        9.5613134723248994        10.550437754576079        10.634254010348380        10.702539143580802        10.781960959604286        11.083299142734342        11.174640532585522        11.260534007809005        10.525590702607738        10.227700427506010     
   18155.031216785472       -1.7015610000000001        7.3430229202838745E-002   7.8421016000000003        1.4241699999999999E-002   10.627960368797970        10.536568701900682        10.772943982169251        10.322907575366399        10.474545441403395        10.808808951634967        11.098083930599396        11.386195700636391        10.501913847803396        10.811569024932252        11.107323857302111        11.342587367533680        11.521184231903534        9.5642759817663983        10.553316983433541        10.637077056730829        10.705060670102108        10.784335649066540        11.085552638303534        11.176804356770676        11.262552961335105        10.532003633917720        10.232090796692129     
   18132.721863902610       -1.7038150000000001        7.3812004495188377E-002   7.8422213999999997        1.4239699999999999E-002   10.630694986294415        10.539359935576400        10.775376828598841        10.325871533465179        10.477393770458384        10.811421710487622        11.100549877461248        11.388538830454451        10.504762656058386        10.814125646805635        11.109845941143234        11.344873881172468        11.523438603510062        9.5672404190651790        10.556197933720789        10.639901870038805        10.707583712343229        10.786711879316854        11.087807489110062        11.178969490965674        11.264573200339299        10.538420501033968        10.236483990975412     
   18110.606729390369       -1.7060550000000001        7.4207931567561905E-002   7.8423426000000003        1.4237800000000000E-002   10.633393386026722        10.542114378516672        10.777775974986920        10.328797079881550        10.480204741406620        10.813999232351794        11.102981925979410        11.390849031504477        10.507574111806623        10.816647610261846        11.112333548069355        11.347128039014528        11.525660828822041        9.5701664502815476        10.559041321999111        10.642689699909159        10.710072288869355        10.789054982496967        11.090030199222038        11.181103255739604        11.266563430967214        10.544768923904162        10.240826360400565     
   18088.268666672633       -1.7083200000000001        7.4589729915138375E-002   7.8424645999999996        1.4235800000000000E-002   10.636131490596750        10.544909003561362        10.780211727028124        10.331764553427981        10.483056374925972        10.816615152894741        11.105450997796822        11.393194943294816        10.510426233325973        10.819207498330130        11.114858652361434        11.349417430330202        11.527917876361506        9.5731344118279793        10.561925787294669        10.645518132730061        10.712598369161434        10.791434214063514        11.092287734761506        11.183270951028199        11.268586229530275        10.551193671458350        10.245224933960934     
   18066.082951913497       -1.7105740000000000        7.4999822228999619E-002   7.8425851000000000        1.4233800000000000E-002   10.638853174151189        10.547686735090915        10.782633041121530        10.334713986675608        10.485890636430637        10.819215398706225        11.107905488774152        11.395527032529182        10.513260976830642        10.821752178166497        11.117368709313878        11.351693471589458        11.530161704736839        9.5760843270756038        10.564792743683261        10.648329523143536        10.715109390113879        10.793799480181805        11.094532045136839        11.185426036544493        11.270597488212422        10.557576683324482        10.249595698953142     
   18043.425883319938       -1.7128800000000000        7.5395785818811414E-002   7.8427091999999998        1.4231700000000000E-002   10.641641644611601        10.550532356740755        10.785114660473871        10.337734908074195        10.488793905669906        10.821879763807312        11.110421081611440        11.397917527207150        10.516164742469902        10.824359888478162        11.119940956940594        11.354026815077999        11.532462067540431        9.5791057448741963        10.567729490007475        10.651209614678324        10.717682630540592        10.796223948344723        11.096832904340433        11.187635771073714        11.272660436077841        10.564104090738715        10.254068161941719     
   18021.170683091317       -1.7151449999999999        7.5805903798534927E-002   7.8428323000000004        1.4229700000000000E-002   10.644371270168657        10.553318032607551        10.787542775937014        10.340692716742824        10.491636124246449        10.824487398072280        11.112882659965750        11.400256129469378        10.519007453446450        10.826911964833387        11.122458093204651        11.356309367030482        11.534712141401743        9.5820640459428237        10.570604679075187        10.654029245836293        10.720200751604649        10.798596013498114        11.099083470601743        11.189796824134108        11.274677402827580        10.570506156551838        10.258451780624979     
   17997.948302106252       -1.7175080000000000        7.6216034836945251E-002   7.8429564000000003        1.4227699999999999E-002   10.647208333227095        10.556224746810244        10.790068236052367        10.343774097897018        10.494599623905447        10.827200126435518        11.115440061652368        11.402679996869217        10.521968398010245        10.829577107331890        11.125063080755996        11.358688203660794        11.537060029260793        9.5851428720018177        10.573601727706613        10.656960191218669        10.722823145539145        10.801068236052370        11.101423648069218        11.192038460381273        11.276779060086067        10.577194554961192        10.263020883362220     
   17975.542242762796       -1.7197970000000000        7.6626178934457126E-002   7.8430797999999999        1.4225700000000001E-002   10.649975678532941        10.559171340590845        10.792565227846099        10.346837765590225        10.497580084161276        10.829877847503996        11.117937547046099        11.404997246588200        10.524915978990842        10.832311573362512        11.127503821187583        11.361095077617149        11.539467396817150        9.5881736604197929        10.576605066449355        10.659818147961895        10.725444121645483        10.803565227846098        11.103741884988201        11.194210328100739        11.278918542130304        10.583871500236258        10.267520019653405     
   17952.378659346643       -1.7221590000000000        7.7050479674664524E-002   7.8432035000000004        1.4223700000000001E-002   10.652826340513649        10.562207311238879        10.795136442425807        10.349995044211468        10.500651140848852        10.832635855151032        11.120509256425809        11.407382657700580        10.527952939238876        10.835128138903670        11.130016972673175        11.363573143063192        11.541945957063195        9.5912968426014871        10.579699594991510        10.662762453876262        10.728143571398398        10.806136442425810        11.106128285700581        11.196445516585335        11.281120128975356        10.590763866858662        10.272161252013284     
   17929.822904795441       -1.7244690000000000        7.7460650341980006E-002   7.8433279000000002        1.4221599999999999E-002   10.655625617138025        10.565187033899665        10.797663557195573        10.353092794775257        10.503665137194439        10.835344908757207        11.123036868795570        11.409728828833934        10.530933657099663        10.837894137043250        11.132487640509531        11.366009537214754        11.544382848814752        9.5943613146804800        10.582736262185701        10.665652948718844        10.730795680471164        10.808663557195572        11.108475452033936        11.198645515367076        11.283287346872296        10.597498682599252        10.276704063668351     
   17906.841931735078       -1.7268230000000000        7.7884978569078153E-002   7.8434518999999998        1.4219600000000001E-002   10.658456438306187        10.568201702852308        10.800217118687010        10.356227936701044        10.506714803227984        10.838083806033131        11.125590926287009        11.412098046540889        10.533949318052306        10.840690953130514        11.134983779189627        11.368470678813951        11.546844486413951        9.5974624515253684        10.585808849949691        10.668576685779248        10.733476658935745        10.811217118687010        11.110845661740891        11.200865882370449        11.285474204794772        10.604339157945139        10.281311475869996     
   17883.725697837450       -1.7291939999999999        7.8323465754108840E-002   7.8435790000000001        1.4217499999999999E-002   10.661317525182987        10.571247719600287        10.802799285557036        10.359395118135687        10.509796128927039        10.840852427974333        11.128173601557037        11.414494775139737        10.536996351600287        10.843517747856232        11.137508281675139        11.370959872348386        11.549334188348386        9.6005953408089368        10.588913039482183        10.671531254391638        10.736187108092437        10.813799285557035        11.113243407139734        11.203112990049185        11.287687528722437        10.611233393036841        10.285959621474092     
   17860.145804178868       -1.7316080000000000        7.8761967864049445E-002   7.8437044000000000        1.4215500000000001E-002   10.664214367022154        10.574333200588725        10.805411663872299        10.362604485428118        10.512917697444834        10.843654950238868        11.130786481472299        11.416918012705732        10.540082835788724        10.846379505366045        11.140061926345126        11.373477429489014        11.551852247089016        9.6037696237720098        10.592057755715899        10.674523419005439        10.738930395111694        10.816411663872302        11.115667647905731        11.205383675995272        11.289923631939160        10.618244208630564        10.290679606760669     
   17837.336281278309       -1.7339540000000000        7.9200484899409271E-002   7.8438303999999999        1.4213399999999999E-002   10.667041975403988        10.577343285153761        10.807964045979327        10.365734285657341        10.515962811582453        10.846391320529102        11.133339367579330        11.419287414629556        10.543093928353764        10.849173092175297        11.142557595933136        11.375938069504445        11.554313391104442        9.6068654024286477        10.595125056799960        10.677443273478874        10.741609548882908        10.818964045979330        11.118038057829557        11.207605631308473        11.292112069679783        10.625051263470317        10.295270728455529     
   17813.448395936044       -1.7364130000000000        7.9653163301509261E-002   7.8439578000000001        1.4211300000000000E-002   10.669988169737628        10.580480582570139        10.810622056888860        10.368997262239269        10.519136861423011        10.849241963321376        11.135997888088866        11.421753812856352        10.546232244970142        10.852083553284761        11.145156298125478        11.378500019272607        11.556875850472608        9.6100926457863949        10.598322172533528        10.680486038553887        10.744400373357987        10.821622056888863        11.120505475256351        11.209917678876707        11.294388893623839        10.632164973200016        10.300064058499359     
   17790.329833605614       -1.7387940000000000        8.0091710670740210E-002   7.8440849000000004        1.4209200000000000E-002   10.672849963652041        10.583527324983198        10.813204902855311        10.372165559194986        10.522219293329410        10.852011282986467        11.138581242455309        11.424151201924154        10.549280004183199        10.854910674505831        11.147681850935946        11.380989882589731        11.559366222189730        9.6132262700487772        10.601426716502566        10.683441323517620        10.747111891467100        10.824204902855310        11.122903881124156        11.212165808939211        11.296602859393001        10.639059944591242        10.304713468644227     
   17766.259447985958       -1.7412740000000000        8.0558567821211916E-002   7.8442129999999999        1.4207100000000000E-002   10.675816443747316        10.586686368163427        10.815881001123145        10.375451448749516        10.525415562541458        10.854881481539259        11.141257853123147        11.426634224707033        10.552440072163428        10.857840953369283        11.150298381293119        11.383569186915089        11.561946038915089        9.6164759583714812        10.604645839993452        10.686505109955370        10.749922009709231        10.826881001123148        11.125387928707035        11.214493494668950        11.298894856290921        10.646225586523755        10.309541400078412     
   17742.752726316157       -1.7437050000000001        8.1011293939933240E-002   7.8443413000000000        1.4205000000000001E-002   10.678761458648934        10.589801387219202        10.818535285621058        10.378708348208670        10.528574167238402        10.857725359410528        11.143919760964726        11.429117991850786        10.555585106713936        10.860714419934995        11.152901711345523        11.386117991850787        11.564466367956053        9.6197083482086736        10.607812326694733        10.689574167238403        10.752703480459461        10.829524346145524        11.127865612107120        11.216803804585785        11.301152180691050        10.653293187892819        10.314322318943640     
   17719.073107090684       -1.7461500000000001        8.1464035965311266E-002   7.8444681000000003        1.4203000000000000E-002   10.681801680781636        10.592972134030266        10.821266724649071        10.382062952773538        10.531804840724909        10.860647756992346        11.146674813266724        11.431718399000445        10.558851586401904        10.863601011315353        11.155597851372079        11.388718399000442        11.566972563828806        9.6230629527735410        10.611018879707260        10.692804840724911        10.755554265638359        10.832219978972081        11.130443927582789        11.219179982980172        11.303434147808538        10.660535814810668        10.319252853014383     
   17695.302855629910       -1.7486150000000000        8.1945091796875202E-002   7.8446030000000002        1.4200800000000000E-002   10.684883047519170        10.596184628319831        10.824038241655613        10.385459673474793        10.535077448674128        10.863611054810571        11.149469857786729        11.434358248854947        10.562160240897311        10.866528262587392        11.158333861432430        11.391358248854948        11.569517872277471        9.6264596734747929        10.614267420543014        10.696077448674130        10.758445470364206        10.834955449432430        11.133061868723834        11.221594703476809        11.305754326899327        10.667835713151488        10.324231523068777     
   17670.994837363814       -1.7511350000000001        8.2426165586864955E-002   7.8447326000000004        1.4198600000000000E-002   10.688026456883588        10.599462227365649        10.826865082744444        10.388926034266742        10.538416358984673        10.866633915245533        11.152320534131949        11.437050381862381        10.565536108816193        10.869514165414014        11.161124263312924        11.394050381862382        11.572113291611839        9.6299260342667417        10.617581977197169        10.699416358984674        10.761394415582497        10.837745332912927        11.135731721674876        11.224056451529773        11.308119361279228        10.675293254539074        10.329315426694482     
   17646.801477332876       -1.7536449999999999        8.2907257335953541E-002   7.8448649000000001        1.4196500000000001E-002   10.691141390343512        10.602710823114707        10.829665112541894        10.392362355696045        10.541725897724854        10.869629079523230        11.155144088871507        11.439716220170700        10.568882536405377        10.872472440842705        11.163887933461366        11.396716220170697        11.574682885680028        9.6333623556960450        10.620867461795237        10.702725897724852        10.764315802162175        10.840508473861368        11.138375622641087        11.226492912508833        11.310459578018166        10.682702049813456        10.334361595356883     
   17622.478930655885       -1.7561730000000000        8.3388367044808551E-002   7.8449942000000004        1.4194399999999999E-002   10.694271226766539        10.605975131235361        10.832478599639927        10.395815554990115        10.545051348921291        10.872638698594677        11.157981020334407        11.442394718371101        10.572245169112737        10.875444878403229        11.166664756248480        11.399394718371102        11.577264610893724        9.6368155549901147        10.624168951426810        10.706051348921292        10.767251058211784        10.843284779448478        11.141032228076622        11.228940683224902        11.312810575747527        10.690148801562550        10.339433097914068     
   17598.027823117587       -1.7587150000000000        8.3883645799804077E-002   7.8451263999999998        1.4192200000000000E-002   10.697431252797356        10.609270446562276        10.835320791282021        10.399300662377337        10.548408041412413        10.875678085497077        11.160846575474769        11.445101091917101        10.575639346469805        10.878446780439686        11.169469991824629        11.402101091917098        11.579873708809570        9.6403006623773368        10.627501751619667        10.709408041412415        10.770215475382296        10.846089486224630        11.143716824524352        11.231415020644649        11.315187637537120        10.697648649786052        10.344544982147950     
   17573.732035998193       -1.7612470000000000        8.4378943588002589E-002   7.8452595000000001        1.4189999999999999E-002   10.700573386951573        10.612547117977448        10.838147303867279        10.402765843689464        10.551745606663586        10.878700561579295        11.163696095383548        11.447792534841403        10.579014265833456        10.881431902409426        11.172259682697414        11.404792534841404        11.582468500985398        9.6437658436894633        10.630815777147317        10.712745606663587        10.773163243239557        10.848878644697413        11.146386857325135        11.233875807959519        11.317551774103512        10.705103131785760        10.349626520071714     
   17548.580812844288       -1.7638689999999999        8.4888412599028018E-002   7.8453922000000000        1.4187900000000000E-002   10.703798971522524        10.615912069381302        10.841046400348350        10.406326166078550        10.555173462619770        10.881802460245595        11.166618803676656        11.450551733689569        10.582480883729929        10.884495039135437        11.175120548038191        11.407551733689569        11.585127625740945        9.6473261660785496        10.634219490491464        10.716173462619771        10.776187618025276        10.851738979238192        11.149124036761265        11.236396096682164        11.319971988733542        10.712793031972090        10.354859956094980     
   17523.828732887061       -1.7664519999999999        8.5383748999684025E-002   7.8455225000000004        1.4185700000000001E-002   10.706993793327577        10.619244149513833        10.843920125289380        10.409850529650733        10.558567343464478        10.884875765426280        11.169515558122221        11.453287679103120        10.585913014582282        10.887530094308474        11.177956544171572        11.410287679103121        11.587765084034672        9.6508505296507359        10.637589820631639        10.719567343464480        10.779184423190671        10.854574454171573        11.151838516270278        11.238896817848413        11.322374222779960        10.720381427457259        10.360030774696611     
   17499.554796206845       -1.7689940000000000        8.5893257727928357E-002   7.8456555999999997        1.4183599999999999E-002   10.710120545184262        10.622504948399433        10.846730799523572        10.413299663629781        10.561888252179211        10.887883327789313        11.172348858503346        11.455963773908399        10.589271974014606        10.890501386769090        11.180731480903349        11.412962674473002        11.590345296873002        9.6542985641943826        10.640888670234832        10.722887570799434        10.782116983553914        10.857347077688173        11.154491119933676        11.241341053862884        11.324721895447711        10.727817378087254        10.365096281723114     
   17473.946431683940       -1.7716730000000001        8.6416940462815547E-002   7.8457903000000000        1.4181400000000000E-002   10.713550849299668        10.626038224772930        10.849750831006610        10.417031880119460        10.565461316838935        10.891173026560402        11.175407600672610        11.458880294333348        10.592908761446196        10.893829796226402        11.183790761872611        11.415816010926086        11.593199172126084        9.6579675967121972        10.644485669380195        10.726421385972934        10.785342420753139        10.860303386399345        11.157228863128083        11.243950812713557        11.327229759640289        10.735817399530561        10.370634128572213     
   17449.138909450674       -1.7742750000000000        8.6940644472457279E-002   7.8459247000000003        1.4179199999999999E-002   10.716884582870341        10.629471726032540        10.852687106621550        10.420657927956933        10.568933486190181        10.894370474750501        11.178381469179191        11.461716264659357        10.596442567994734        10.897064837308141        11.186765167979194        11.418590881654799        11.595974580454799        9.6615325449523777        10.647980807837092        10.729855424832538        10.788477694145945        10.863178024816994        11.159891492781872        11.246489630372762        11.329669884810565        10.743577819011579        10.376009262718844     
   17424.005520076866       -1.7769120000000000        8.7464369757721219E-002   7.8460576000000000        1.4177000000000000E-002   10.720257782607579        10.632945990927272        10.855657640528808        10.424327412366654        10.572447018884947        10.897605467930209        11.181390207686480        11.464585201809115        10.600018429646962        10.900338035087888        11.189774438086484        11.421398021447100        11.598782251847098        9.6651402320046387        10.651517401689290        10.733330221327272        10.791649826768197        10.866086229766790        11.162584550374074        11.249057498450039        11.332137750930347        10.751435761036067        10.381450678163446     
   17398.547773865896       -1.7795859999999999        8.8002271927245607E-002   7.8461913000000001        1.4174800000000000E-002   10.723670290773990        10.636460864878524        10.858662289955840        10.428040065487595        10.576001771222840        10.900877871125134        11.184433665900157        11.467486950651304        10.603636204183060        10.903649247069451        11.192818431100159        11.424237282891086        11.601622048091086        9.6687903977273759        10.655095297838743        10.736845630078522        10.794858672964915        10.869027856995620        11.165307920258138        11.251654289137695        11.334633245433158        10.759390785133812        10.386958015024939     
   17373.047217260442       -1.7822670000000000        8.8540196539814139E-002   7.8463244999999997        1.4172600000000000E-002   10.727088097082930        10.639981206213889        10.861671554559095        10.431758550475806        10.579562162827024        10.904155223338833        11.187481915172235        11.470393147428140        10.607259613344844        10.906965583951973        11.195867213172235        11.427080994910316        11.604466292910317        9.6724463979579838        10.658678656731709        10.740366504213888        10.798072474821012        10.871974104041275        11.168035211070908        11.254255012035262        11.337132498904303        10.767358641362915        10.392474088219917     
   17348.223156482891       -1.7848869999999999        8.9092300400945526E-002   7.8464603999999998        1.4170400000000000E-002   10.730424375593788        10.643417324567856        10.864610104497515        10.435387281715993        10.583037413448437        10.907354704139138        11.190458510178097        11.473231313923446        10.610796115141923        10.910203109819719        11.198844351778096        11.429858453829958        11.607244295429958        9.6760144216225044        10.662176026261342        10.743803166167858        10.801210160845649        10.874851402804026        11.170699078388214        11.256795833401242        11.339574567627174        10.775124118546287        10.397852650368641     
   17321.799207621716       -1.7876719999999999        8.9644427903873294E-002   7.8465980999999996        1.4168200000000001E-002   10.733954009314182        10.647053204883694        10.867716404236131        10.439228494822721        10.586715019011091        10.910738569217273        11.193605433563523        11.476230816266618        10.614538792853207        10.913627598544668        11.201991825963525        11.432793434824500        11.610179827224499        9.6797911133806025        10.665876978725812        10.747439597283694        10.804528402975155        10.877892630394012        11.173512739242309        11.259478799158078        11.342152388388563        10.783368337814878        10.403556314946563     
   17296.092530473768       -1.7903860000000000        9.0210737082188644E-002   7.8467323000000002        1.4166000000000000E-002   10.737397122925659        10.650599682003763        10.870747674213240        10.442974720559972        10.590302202219993        10.914039760431320        11.196676336029467        11.479158185935132        10.618189170281868        10.916968422247555        11.205063265229468        11.435658147073260        11.613045076273258        9.6834746816980992        10.669486650065638        10.750986611203762        10.807765863169449        10.880860706151365        11.176259090824564        11.262098225500820        11.344669524822711        10.791397947224150        10.409114325749632     
   17270.583070923396       -1.7930870000000001        9.0777071132399217E-002   7.8468704999999996        1.4163700000000000E-002   10.740831935044893        10.654137084761198        10.873773782179663        10.446710118193812        10.593880146483245        10.917333651606535        11.199741879901717        11.482081150463360        10.621829716477501        10.920301749328585        11.208129361901713        11.438519062469103        11.615906544469103        9.6871480301995536        10.673086654755453        10.754524566761200        10.810996599612279        10.883824212185411        11.179002251302956        11.264715629314439        11.347185443598134        10.799383920556631        10.414647521365277     
   17244.158260734202       -1.7958870000000000        9.1357589347375326E-002   7.8470088000000002        1.4161500000000000E-002   10.744373955352419        10.657799657264690        10.876906752079371        10.450601370935878        10.597590027419894        10.920729556393496        11.202906752079372        11.485093014967102        10.625590027419893        10.923729556393496        11.211309087034579        11.441486282720451        11.618865250718592        9.6909660391788108        10.676823024221754        10.758187692464688        10.814327221438290        10.886897684877514        11.181845718410038        11.267401882094056        11.349752250581787        10.807701364487738        10.420386644405951     
   17217.654945998700       -1.7986979999999999        9.1938133695712174E-002   7.8471466999999997        1.4159200000000000E-002   10.747982940113582        10.661580011901473        10.880155937221447        10.454693697749486        10.601436290273357        10.924191871253457        11.206155937221448        11.488170278633556        10.629436290273356        10.927191871253457        11.214623628793328        11.444587694761319        11.621926006117201        9.6949529043334817        10.680709392117480        10.761968598701474        10.817724179681571        10.890105661777325        11.184818072017551        11.270120449341421        11.352300551153528        10.816315465993592        10.426281748221578     
   17191.509041770711       -1.8014730000000001        9.2518704178586625E-002   7.8472830000000000        1.4156999999999999E-002   10.751532940940070        10.665298957791673        10.883350874627087        10.458720397290424        10.605220142810360        10.927597066292922        11.209350874627088        11.491195725775487        10.633220142810359        10.930597066292922        11.217882927645775        11.447636735979941        11.624934825165710        9.6988755654575094        10.684532921624591        10.765688089791677        10.821065013274236        10.893259831812859        11.187740025942571        11.272791923462503        11.354804170610901        10.824802855291633        10.432086914450018     
   17164.691409788418       -1.8043229999999999        9.3113462016821358E-002   7.8474221999999996        1.4154699999999999E-002   10.755181075485059        10.669120257798152        10.886634708393924        10.462857384080692        10.609107894550402        10.931096554715612        11.212634708393924        11.494305837280827        10.637107894550400        10.934096554715612        11.221232656346171        11.450770810024480        11.628027523615881        9.7029058385198468        10.688461492159000        10.769509946598152        10.824498606763367        10.896501733185325        11.190743980519979        11.275538847789690        11.357379043076595        10.833514996788487        10.438048057015081     
   17138.507544419001       -1.8071180000000000        9.3722409170743051E-002   7.8475634000000003        1.4152400000000001E-002   10.758751680876269        10.672859832792263        10.889849476480641        10.466904952659235        10.612912268485935        10.934521923325292        11.215849476480642        11.497351070964648        10.640912268485934        10.937521923325292        11.224511658574315        11.453839211729665        11.631055424001012        9.7068492364369092        10.692305802614591        10.773250086392263        10.827859741231620        10.899675435151991        11.193685608342324        11.278229373769022        11.359901729053028        10.842029642490516        10.443876693238742     
   17111.260381916956       -1.8100220000000000        9.4331385075078295E-002   7.8477044999999999        1.4150100000000001E-002   10.762453142596314        10.676736989780736        10.893180561419076        10.471102867197736        10.616856696492832        10.938072114363742        11.219180561419076        11.500505896234650        10.644856696492830        10.941072114363742        11.227909450131168        11.457017897186503        11.634191827426264        9.7109387267254021        10.696291948253069        10.777127807780737        10.831343225651651        10.902963673658839        11.196732573762322        11.281014951057415        11.362512739872990        10.850875737747778        10.449927979227382     
   17084.528593979896       -1.8128780000000000        9.4954552972270900E-002   7.8478434999999998        1.4147900000000000E-002   10.766076201410847        10.680532301834770        10.896440125714367        10.475212844707013        10.620717890634612        10.941546644962525        11.222440125714368        11.503592651290443        10.648717890634611        10.944546644962525        11.231234340514209        11.460127821266045        11.637260150441808        9.7149423330829272        10.700194187458852        10.780923675834767        10.834752430162684        10.906181080890128        11.199713513666364        11.283739323593966        11.365065971170043        10.859545873718229        10.455856274316378     
   17057.367248357208       -1.8157820000000000        9.5577750975529854E-002   7.8479840000000003        1.4145599999999999E-002   10.769767663582638        10.684398662755189        10.899762135722334        10.479398959774901        10.624651066921167        10.945087069735475        11.225762135722334        11.506739200549781        10.652651066921166        10.948087069735475        11.234622603888312        11.463297669875168        11.640387607034580        9.7190203647683298        10.704169193761761        10.784790598755187        10.838226601569495        10.909460136881741        11.202752541543212        11.286517544689474        11.367670417516926        10.868365282216871        10.461889922886613     
   17030.445153534423       -1.8186659999999999        9.6200979086312144E-002   7.8481239000000000        1.4143299999999999E-002   10.773430005523872        10.688234242650809        10.903058154521498        10.483551449208401        10.628552755991889        10.948599584493225        11.229058154521498        11.509861421794563        10.656552755991887        10.951599584493225        11.237984172262577        11.466442742290853        11.643490540646065        9.7230657254225381        10.708112462036675        10.788626738250814        10.841673566752148        10.912713457276714        11.205768193608700        11.289274561992189        11.370255316065249        10.877110150355692        10.467873674368059     
   17003.095731179470       -1.8216019999999999        9.6838402615543606E-002   7.8482687999999996        1.4140900000000000E-002   10.777160563945731        10.692140665516906        10.906416429740496        10.487779689542752        10.632526225212800        10.952177814291058        11.232416429740496        11.513043252969322        10.660526225212799        10.955177814291059        11.241408914236388        11.469647529685826        11.646652397106433        9.7271851476674733        10.712128282592190        10.792533740716909        10.845185329795168        10.916028221961110        11.208841786294041        11.292085269164087        11.372891317992913        10.886003617600494        10.473962255022549     
   16975.712053409028       -1.8245460000000000        9.7490023664375258E-002   7.8484107999999999        1.4138599999999999E-002   10.781031145067159        10.696128296853525        10.909796342875412        10.492030768366325        10.636619091839888        10.955875084634505        11.235834586015484        11.516267304748977        10.664619091839887        10.958875084634505        11.244834586015484        11.472911904689047        11.649814752902683        9.7314244115663211        10.716225448639888        10.796463031407233        10.848777932848142        10.919402699675414        11.211957439362616        11.294955183883664        11.375665984003524        10.895022706226262        10.480173143720874     
   16947.787111422680       -1.8275459999999999        9.8141677624858856E-002   7.8485543000000000        1.4136299999999999E-002   10.784990872249187        10.700199723803498        10.913240512952596        10.496363370587071        10.640802792557805        10.959655502015524        11.239322845827550        11.519555111323333        10.668802792557804        10.962655502015524        11.248322845827550        11.476243226998287        11.653034375443978        9.7357575877870719        10.720408575357807        10.800467422324145        10.852446650461216        10.922846295752597        11.215134694169022        11.297884370856005        11.378508139506094        10.904230026501724        10.486516915764637     
   16920.570430736247       -1.8304860000000001        9.8807531970152920E-002   7.8486991000000002        1.4133900000000000E-002   10.788874601253099        10.704192319530154        10.916621851099819        10.500610429716261        10.644904834207210        10.963364598730983        11.242747285131816        11.522783902390771        10.672904834207209        10.966364598730983        11.251747285131817        11.479514540022766        11.656196821745709        9.7400052261162600        10.724510037807210        10.804394831685094        10.856046880453931        10.926227054699822        11.218255776913715        11.300763897346542        11.381302622082551        10.913228174674686        10.492724155103250     
   16891.997170257884       -1.8335690000000000        9.9487588895271983E-002   7.8488457000000000        1.4131599999999999E-002   10.792918078629327        10.708350089948297        10.920138066279410        10.505035711631159        10.649177484067266        10.967224865836315        11.246308876124338        11.526139862315517        10.677177484067265        10.970224865836315        11.255308876124335        11.482915289360442        11.659483278041474        9.7444310944311567        10.728782101267264        10.808484271274253        10.859792854517348        10.929742683479411        11.221498616596548        11.303753436729494        11.384202582639645        10.922641079420846        10.499207298172593     
   16864.209938739798       -1.8365720000000001       0.10016768166168731        7.8489890999999998        1.4129200000000000E-002   10.796875441344142        10.712418601589185        10.923582795094188        10.509364469454514        10.653357718234226        10.971004188629308        11.249797862869436        11.529428610673897        10.681357718234224        10.974004188629308        11.258797862869436        11.486247722049146        11.662704561804105        9.7487604258545133        10.732961761834225        10.812486465519392        10.863461028384272        10.933186838694191        11.224677363228857        11.306686105244232        11.387047882493732        10.931820147261057        10.505537310265247     
   16835.848150053425       -1.8396420000000000       0.10084781027129065        7.8491346999999996        1.4126900000000000E-002   10.800891635586481        10.716548242986267        10.927075891297932        10.513759901296226        10.657601389186055        10.974838791097291        11.253336261608315        11.532762374787765        10.685601389186054        10.977838791097291        11.262336261608315        11.489626206298148        11.665969598898361        9.7531564400962232        10.737204850386057        10.816548544696865        10.867182183697505        10.936679352497933        11.227898844987976        11.309656685809383        11.389929022788621        10.941166028176440        10.511975373292380     
   16807.650162217120       -1.8426959999999999       0.10154214519995548        7.8492794999999997        1.4124500000000000E-002   10.804902062543725        10.720671461894856        10.930566372119589        10.518147504928645        10.661837979245991        10.978668806172987        11.256871914451114        11.536094312436937        10.689837979245990        10.981668806172987        11.265871914451115        11.493002736768460        11.669233337417328        9.7575446229286449        10.741440861245987        10.820604722875249        10.870899406821856        10.940169254119592        11.231119149085803        11.312627799695459        11.392810951032413        10.950475360046909        10.518393811249009     
   16779.267586814000       -1.8457830000000000       0.10225068873674172        7.8494292999999997        1.4122100000000000E-002   10.808936418059487        10.724819347712229        10.934077491705056        10.522561474127004        10.666099994564975        10.982521715063287        11.260428648014342        11.539445688543024        10.694099994564974        10.985521715063287        11.269428648014342        11.496399127652312        11.672516197999565        9.7619591913270067        10.745702277364979        10.824685291568771        10.874638785410541        10.943679774505055        11.234358193290278        11.315616282550620        11.395709404332047        10.959843242938456        10.524851925076399     
   16750.547240171589       -1.8489059999999999       0.10297344321764285        7.8495765000000004        1.4119700000000001E-002   10.813014328140971        10.729012139180282        10.937626095068227        10.527023829382740        10.670408256219600        10.986416140186170        11.264023529192054        11.542832543905091        10.698408256219599        10.989416140186171        11.273023529192054        11.499831672028916        11.675833860989600        9.7664221353827383        10.750009950219598        10.828810068264795        10.878418329146855        10.947227789068227        11.237631344865774        11.318636167995484        11.398637911747835        10.969318222988713        10.531382734090384     
   16721.837549406198       -1.8520310000000000       0.10368206533185184        7.8497234000000002        1.4117299999999999E-002   10.817163970882508        10.733389270487262        10.941314478073007        10.531670569377219        10.674833099372467        10.990337564877759        11.267781086190173        11.546336326553469        10.702833099372469        10.993337564877759        11.276736150904966        11.503336326553466        11.679223676751089        9.7710245276920098        10.754434205772469        10.833187057687258        10.882337564877758        10.950847869955840        11.240931593380676        11.321706293775922        11.401525929456380        10.979155951316063        10.538164873937138     
   16693.061753786398       -1.8551720000000000       0.10441907359889592        7.8498710000000003        1.4114900000000000E-002   10.821323898330441        10.737779404300149        10.945013402391023        10.536331053943258        10.679269871973553        10.994267876360730        11.271549655702476        11.549849912094714        10.707269871973551        10.997267876360731        11.280458672029077        11.506849912094715        11.682622159109862        9.7756395542698584        10.758870387973552        10.837578372300150        10.886267876360733        10.954477149079572        11.244239159763058        11.324783653793350        11.404419131497043        10.989022627899761        10.544966860982093     
   16663.683181940516       -1.8583820000000000       0.10515612394576056        7.8500202000000003        1.4112500000000000E-002   10.825563357037666        10.742253891582145        10.948782207148717        10.541081752933110        10.683792107188633        10.998272903293191        11.275389420414463        11.553429645810731        10.711792107188636        11.001272903293192        11.284251285607972        11.510429645810731        11.686084378538492        9.7803436989266217        10.763392026388633        10.842054053182142        10.890272903293194        10.958174993882970        11.247608270525511        11.327917735981035        11.407365336243050        10.999088262643074        10.551903777099142     
   16634.777641804943       -1.8615470000000001       0.10590739164168918        7.8501678999999998        1.4110100000000000E-002   10.829740669893335        10.746662448758892        10.952496440562209        10.545762176930909        10.688247785665348        11.002219562627770        11.279173336288538        11.556957983803104        10.716247785665347        11.005219562627770        11.287988670982083        11.513957983803104        11.689497094370326        9.7849781832244549        10.767847114065349        10.846463791958891        10.894219562627770        10.961819544835885        11.250929106957416        11.331007328091856        11.410270214532749        11.008997789825889        10.558735082447280     
   16605.616352885350       -1.8647480000000001       0.10667287916380701        7.8503211000000004        1.4107600000000000E-002   10.833967302504719        10.751122371681641        10.956255879750886        10.550496352479366        10.692755411702448        11.006213517727803        11.283002943118538        11.560529997394779        10.720755411702450        11.009213517727803        11.291771187497728        11.517529997394780        11.692952462806320        9.7896658812585589        10.772354127302451        10.850924940481638        10.898213517727806        10.965508816383236        11.254291520364704        11.334136451187787        11.413213137631677        11.019007138706842        10.565639038439270     
   16575.361159690503       -1.8680680000000001       0.10745258903622744        7.8504740000000002        1.4105100000000001E-002   10.838338097181312        10.755735207903788        10.960141979736362        10.555394105231725        10.697417850509249        11.010342882458835        11.286961684492139        11.564221823619347        10.725417850509251        11.013342882458835        11.295680937886681        11.521221823619348        11.696523268258110        9.7945152546262673        10.777015954509251        10.855538999903791        10.902342882458838        10.969322274980582        11.257765567047185        11.337368456324709        11.416252092207698        11.029377534637751        10.572787806489787     
   16545.961139830542       -1.8713029999999999       0.10821816817541184        7.8506233999999999        1.4102699999999999E-002   10.842581006954424        10.760213317835783        10.963913891591714        10.560149190058615        10.701944308777259        11.014351189673070        11.290804043290917        11.567805090851840        10.729944308777261        11.017351189673070        11.299475545949440        11.524805090851840        11.699988935411161        9.7992231863171373        10.781541815177262        10.860018305035782        10.906351189673073        10.973023739892517        11.261136927928204        11.340504617046848        11.419200803506973        11.039450307246840        10.579730139690016     
   16516.194932636514       -1.8745820000000000       0.10901215004282676        7.8507746000000003        1.4100200000000000E-002   10.846887716198406        10.764758156737312        10.967743736720589        10.564974599070485        10.706538240931575        11.018420374059495        11.294705069595775        11.571444085175944        10.734538240931577        11.021420374059495        11.303328083801514        11.528444085175945        11.703508864906492        9.8040007116762204        10.786135142531577        10.864564353537315        10.910420374059495        10.976782403845398        11.264561090117962        11.343690649579056        11.422197194834411        11.049659350276837        10.586769896795847     
   16486.140624675983       -1.8778960000000000       0.10980618073023651        7.8509266000000002        1.4097699999999999E-002   10.851245272784425        10.769356147787018        10.971675253880541        10.569889102690908        10.711252055115537        11.022593541683129        11.298619816379244        11.575105234976650        10.739218998088315        11.025648979184425        11.307238490453315        11.532160672477946        11.707082854502577        9.8089114831649802        10.790848348715539        10.869163560587019        10.914571161209061        10.980619816379246        11.267994359974061        11.346883484971464        11.425209373396097        11.060054053350527        10.593942415215533     
   16456.141006153914       -1.8812120000000001       0.11061444067562660        7.8510783999999996        1.4095300000000000E-002   10.855595214524389        10.773946086475156        10.975664592998235        10.574833572001310        10.716034654475148        11.026824092149006        11.302489157022855        11.578733971472083        10.743930149650541        11.029999528124389        11.311155774573628        11.535909407447470        11.710663040321307        9.8139045031520880        10.795630340875149        10.873754713675158        10.918753160998229        10.984489157022853        11.271383099521316        11.350032227570544        11.428190174044381        11.070520881268990        10.601166855533613     
   16426.120332298891       -1.8845400000000001       0.11142275120642625        7.8512339999999998        1.4092800000000001E-002   10.859963588060454        10.778554625402064        10.979672096048043        10.579796757414476        10.720835868595190        11.031073005389652        11.306376577377238        11.582380604035629        10.748660016072870        11.034368524060456        11.315091307525718        11.539676122706434        11.714260937887149        9.8189164235629587        10.800430932595193        10.878364497402062        10.922953339241170        10.988376577377236        11.274789566694020        11.353198529352410        11.431188280533123        11.081010360271479        10.608411612159761     
   16395.474875026139       -1.8879360000000001       0.11225947679254931        7.8513884999999997        1.4090200000000001E-002   10.864430336429326        10.783266537429117        10.983770480929639        10.584870852928802        10.725744284098770        11.035417789929429        11.310352380429745        11.586110625429949        10.753495745929012        11.038835890429326        11.319116388759877        11.543528725929850        11.717941063099818        9.8240404152589385        10.805338730098772        10.883077645429115        10.927248227599296        10.992352380429743        11.278274424430162        11.356438223430370        11.434256114600341        11.091725691923994        10.615814762426815     
   16364.848910073075       -1.8913380000000000       0.11309625658311961        7.8515423999999996        1.4087799999999999E-002   10.868863824274081        10.787945032993496        10.987835841594960        10.589911319672618        10.730619003856370        11.039729389514372        11.314295237235251        11.589807858915835        10.758297976553203        11.043269993874079        11.323108644691791        11.547348463275542        11.721588281859292        9.8291308967291595        10.810212834256371        10.887757372193496        10.931509812457834        10.996295237235250        11.281726650196420        11.359645441477005        11.437291429660755        11.102403798619173        10.623182802507069     
   16334.430597934410       -1.8947250000000000       0.11393309058164595        7.8516959999999996        1.4085300000000000E-002   10.873285345612629        10.792609900829156        10.991891728787845        10.594935677653943        10.735478620111081        11.044029852004371        11.318229451179583        11.593498111963058        10.763085746437419        11.047692129612631        11.327092071114180        11.551160389571322        11.725228708028457        9.8342050815885429        10.815071836111080        10.892423468829158        10.935760448069772        11.000229451179582        11.285173556746535        11.362849001530009        11.440324103987145        11.113027583634011        10.630518952210927     
   16303.468173081919       -1.8981749999999999       0.11479834883353396        7.8518515000000004        1.4082700000000000E-002   10.877794624790797        10.797366879406143        10.996028836867781        10.600058607329158        10.740433673039577        11.048415903483127        11.322242709560109        11.597263048944763        10.767967818713815        11.052202030790797        11.331155576542018        11.555049176252433        11.728942775962851        9.8393788803110684        10.820026267039575        10.897181691406141        10.940095630501213        11.004242709560105        11.288690794329417        11.366118539714074        11.443419545424492        11.123850087482085        10.637995026174933     
   16272.639376576790       -1.9016219999999999       0.11567785103280767        7.8520098999999997        1.4080199999999999E-002   10.882270998503358        10.802089883490744        11.000134631422281        10.605145854571823        10.745353759126779        11.052769595609668        11.326225188928589        11.600998264341200        10.772815405184438        11.056679038103361        11.335188237879937        11.558907706834894        11.732627175789851        9.8445169431231712        10.824945719526781        10.901905962690744        10.944398507058317        11.008225188928588        11.292179379353819        11.369360494366433        11.446488002921388        11.134612367681694        10.645425261951988     
   16241.120926837188       -1.9051490000000000       0.11655741310482881        7.8521679000000004        1.4077599999999999E-002   10.886927918994697        10.806998951580002        11.004341665931445        10.610427456057959        10.750407623180003        11.057265558009398        11.330341665931446        11.604861961746142        10.777801780279859        11.061265558009399        11.339362667723950        11.562861961746140        11.736432288353637        9.8498216131578111        10.830019953372510        10.906766263987208        10.948821370116747        11.012306149638793        11.295790929160841        11.372705382075392        11.449684380282886        11.145752410005073        10.653102265618333     
   16209.999445780602       -1.9086380000000001       0.11745122299514696        7.8523237999999997        1.4075100000000000E-002   10.891701111500423        10.812021115934177        11.008491805216034        10.615817465784810        10.755430411134176        11.061790402266665        11.334491805216034        11.608762505582279        10.782774218194822        11.065790402266666        11.343586319293555        11.566762505582281        11.740258696304759        9.8551612728454518        10.835115630011698        10.911614215977943        10.953221104849787        11.016331802999156        11.299442501148524        11.376057008575414        11.452962494497891        11.157069264855577        10.660857507905485     
   16178.565070659302       -1.9121660000000000       0.11834509471365345        7.8524813000000000        1.4072500000000000E-002   10.896534018362644        10.817105497797368        11.012695394575829        10.621273390149454        10.760515422997369        11.066372464127916        11.338695394575829        11.612713989941103        10.787808216286578        11.070372464127917        11.347864002382401        11.570713989941105        11.744135456934529        9.8605661834386673        10.840274105603942        10.916522476569220        10.957676799210553        11.020409654858465        11.303142510506376        11.379453899160865        11.456285291354291        11.168511465472083        10.668702444779349     
   16147.191652970021       -1.9156979999999999       0.11925321818461271        7.8526387000000000        1.4069999999999999E-002   10.901343079577979        10.822165546354219        11.016876357837381        10.626704253318580        10.765576101154219        11.070931167601740        11.342876357837378        11.616643336261140        10.792817822112804        11.074931167601742        11.352118757384085        11.574643336261142        11.747990381914432        9.8659459742771656        10.845407945900925        10.921406588724688        10.962109379413620        11.024465124449259        11.306820869484900        11.382829568867246        11.459587169320541        11.179916841306921        10.676517687692860     
   16115.693534657761       -1.9192469999999999       0.12017559640375475        7.8527962999999996        1.4067400000000001E-002   10.906185319592861        10.827259771315596        11.021088005086014        10.632170782099706        10.770670956515598        11.075522053070124        11.347088005086015        11.620602368163276        10.797861242392347        11.079522053070122        11.356404331624134        11.578602368163278        11.751874856425161        9.8713610679764514        10.850576097853715        10.926324016530977        10.966573642008754        11.028550779224645        11.310527916440542        11.386232565394550        11.462916238856433        11.191381464922163        10.684378073465716     
   16084.293894731001       -1.9227920000000001       0.12109804045286909        7.8529556999999999        1.4064800000000001E-002   10.911013909179683        10.832339558021836        11.025287964274305        10.637621626085064        10.775751380821834        11.080100083137534        11.351287964274302        11.624550492632153        10.802890237412839        11.084100083137532        11.360677822486384        11.582550492632155        11.755748811620073        9.8767604826760689        10.855729416233917        10.931227412991763        10.971025435916456        11.032625139853227        11.314224843790001        11.389626228738852        11.466236370526772        11.202811523287718        10.692215290085510     
   16052.364031677147       -1.9264049999999999       0.12203474331064172        7.8531148000000002        1.4062300000000000E-002   10.915901921447926        10.837483009194507        11.029536742881469        10.643142508014378        10.780895468394505        11.084733292901340        11.355536742881466        11.628543195934881        10.807981860500963        11.088733292901338        11.365001219661217        11.586543195934883        11.759666259955132        9.8822289001208361        10.860947485974254        10.936191316627671        10.975530289828050        11.036746199008174        11.317962108188301        11.393054953348177        11.469590476568428        11.214412383638823        10.700162841606918     
   16020.350000887223       -1.9300310000000001       0.12298570806737370        7.8532742000000004        1.4059700000000000E-002   10.920817417340320        10.842654617333224        11.033811320558065        10.648692546122575        10.786067714133225        11.089393314147419        11.359811320558066        11.632561023765163        10.813101340214210        11.093393314147420        11.369350449835501        11.590561023765162        11.763608797687727        9.8877261722035641        10.866193746610662        10.941182740217755        10.980061617350966        11.040892720561615        11.321723823772260        11.396507153060345        11.472968023782904        11.226058262433213        10.708145946055147     
   15987.737167289681       -1.9337320000000000       0.12396513295404475        7.8534359000000000        1.4057099999999999E-002   10.925843391029487        10.847941493691168        11.038184390775280        10.654414006614532        10.791383993947806        11.094179326642008        11.364204685449488        11.636692839187804        10.818404288622011        11.098159031967805        11.373762185192854        11.594692839187802        11.767623493182755        9.8933852499579000        10.871548044765378        10.946326480634534        10.984716531711170        11.045155634118645        11.325545685195282        11.400033838933597        11.476357941854340        11.238009701294915        10.716345981900519     
   15955.337677473088       -1.9374220000000000       0.12494463204388558        7.8535994000000002        1.4054400000000000E-002   10.930897384801387        10.853254683381603        11.042589740750845        10.660239702142032        10.796773698434645        11.099028515658230        11.368663772587912        11.640892076407692        10.823847730271709        11.102954483821168        11.378144757534866        11.598892076407694        11.771639395280523        9.8991350846889858        10.876914317618663        10.951564463528555        10.989435468768125        11.049485123297803        11.329356128537370        11.403584432357153        11.479672116992923        11.250058060867200        10.724634038654077     
   15922.673872690037       -1.9411419999999999       0.12595259987818280        7.8537613999999998        1.4051800000000000E-002   10.935973717767165        10.858592326785644        11.047012149620965        10.666094134422604        10.802188301419264        11.103898529824303        11.373140525096584        11.645106870478106        10.829316676894884        11.107770154348685        11.382544550462963        11.603106870478104        11.775669190493243        9.9049132053889828        10.882305656661263        10.956826443352025        10.994174179715063        11.053831220587345        11.333178956950388        11.407145302331905        11.482994292471425        11.262185887666117        10.732970920098158     
   15890.076937324853       -1.9448650000000001       0.12694644790928397        7.8539230000000000        1.4049200000000000E-002   10.941040511321685        10.863919895823084        11.051426358068181        10.671937436825885        10.807592503522709        11.108759595371357        11.377609134619259        11.649314058117856        10.834775280073782        11.112576818820283        11.386936526919637        11.607314058117858        11.779691589316077        9.9106805211262632        10.887686980374159        10.962078672123461        10.998904211120660        11.058169442368555        11.336994981365756        11.410699904864355        11.486310351511495        11.274289740859512        10.741291589589199     
   15857.181605178823       -1.9486280000000000       0.12796877129057246        7.8540853000000004        1.4046599999999999E-002   10.946150020629341        10.869292567787911        11.055877311532916        10.677830591305048        10.813042337839667        11.113661659398298        11.382115156260445        11.653556267901871        10.840280182567193        11.117423814670770        11.391365386208689        11.611556267901873        11.783747149595060        9.9164971624532914        10.893114071315440        10.967375480136154        11.003674044619013        11.062543882681160        11.340842447164020        11.414283558805453        11.489652936971114        11.286500746710713        10.749684789311457     
   15824.281498640579       -1.9523980000000001       0.12899117549277070        7.8542475999999999        1.4043900000000000E-002   10.951275706257849        10.874681454268725        11.060344345830661        10.683740036690477        10.818508226961484        11.118580040359650        11.386637437543339        11.657814699132462        10.845801318674162        11.122286948646977        11.395810664850575        11.615814699132461        11.787818733414348        9.9223302543977141        10.898557555581402        10.972688662375962        11.008460175954212        11.066934563537899        11.344706077116147        11.417883338705273        11.493011271674483        11.298728960151482        10.758094642793790     
   15791.522374948307       -1.9561620000000000       0.13002786227235993        7.8544124000000002        1.4041300000000000E-002   10.956365868834492        10.880033689834907        11.064778666733456        10.689610485435733        10.823936967548267        11.123463979820922        11.391126949120302        11.662041478519892        10.851285249935113        11.127115697434078        11.400223671406945        11.620041478519891        11.791859285632839        9.9281248573223735        10.903964322621750        10.977965711321545        11.013212419720720        11.071293038620098        11.348539747019270        11.421454276418856        11.496341450744954        11.310891138245655        10.766454784939661     
   15758.105364284896       -1.9600080000000000       0.13107883505071913        7.8545769999999999        1.4038600000000000E-002   10.961565591315486        10.885500748401205        11.069309390601182        10.695606290572647        10.829481889098959        11.128453488074870        11.395714136446289        11.666360671360566        10.856886634944063        11.132048742229765        11.404732995748533        11.624360671360565        11.795988346972601        9.9340434578748944        10.909487186246311        10.983356223703451        11.018067601532012        11.075746557903431        11.352457935731985        11.425104470646263        11.499745708413192        11.323304984629944        10.774990282886995     
   15724.759068564268       -1.9638510000000000       0.13214409729655927        7.8547405000000001        1.4036000000000000E-002   10.966769011663754        10.891029602876518        11.073845231035040        10.701646435982674        10.835071902840983        11.133463671973544        11.400322856796318        11.670601003619087        10.862490864840982        11.137044709973544        11.409322856796319        11.628701967344828        11.800123377857808        9.9400230980182123        10.915231530328004        10.988766563150772        11.022943746247801        11.080221893070576        11.356298112441859        11.428677222990370        11.503098633503352        11.335967872066636        10.783724374258814     
   15691.266553787809       -1.9677169999999999       0.13322365252594681        7.8549043999999997        1.4033300000000000E-002   10.972018583437670        10.896624802441259        11.078424296913425        10.707750210097721        10.840723384792216        11.138524302501864        11.404980265947319        11.674855846992770        10.868143002392216        11.142104684901867        11.413980265947320        11.633090780777621        11.804299877958883        9.9460712453467650        10.921094670010959        10.994229103856412        11.027869751117017        11.084745332162470        11.360151045638226        11.432261560468529        11.506470657649789        11.348793521223094        10.792585237228586     
   15657.701162043686       -1.9716030000000000       0.13430329784238165        7.8550687999999997        1.4030700000000000E-002   10.977263417321078        10.902215839726226        11.082997165361947        10.713851276282357        10.846371003376552        11.143579608718925        11.409631472263447        11.679103611007969        10.873791278576549        11.147159333518923        11.418631472263447        11.637472806359797        11.808469304106476        9.9521163878320262        10.926954230429873        10.999687194774397        11.032790138167096        11.089262276911620        11.363996024952494        11.435837359048845        11.509833856795522        11.361630737524786        10.801449215020357     
   15624.027691162564       -1.9755069999999999       0.13541144855986567        7.8552336000000000        1.4028000000000001E-002   10.982539536385019        10.907839099778123        11.087599155808270        10.719986566510066        10.852051204091069        11.148665411636721        11.414311875130672        11.683379273024624        10.879472138491067        11.152244477236721        11.423311875130672        11.641883162259973        11.812666553702222        9.9581953965971195        10.932846878248821        11.005177079342772        11.037740588001373        11.093807985895324        11.367867605318573        11.439438892447875        11.513222283890123        11.374523512087009        10.810356136139461     
   15590.031762365381       -1.9794560000000001       0.13653390307770313        7.8553993999999996        1.4025299999999999E-002   10.987862386822510        10.913512236773872        11.092241424469815        10.726177015025993        10.857782005674121        11.153795940171715        11.419033126120102        11.687691909668484        10.885203603274125        11.157374342571718        11.428033126120102        11.646331782619026        11.816900208018200        9.9643288437257382        10.938791982674946        11.010715559023335        11.042734469621177        11.098393253169561        11.371772290816871        11.443070947315793        11.516639372714970        11.387535790502948        10.819344578087048     
   15556.253082180394       -1.9833920000000000       0.13765645495999887        7.8555676999999999        1.4022600000000000E-002   10.993154213573645        10.919151921923541        11.096857004417251        10.732330957065257        10.863479176587481        11.158896512838423        11.423727008224590        11.691979774410756        10.890901447387479        11.162474242038426        11.432727008224591        11.650754762082036        11.821109770603419        9.9704259732013139        10.944701897266098        11.016221475852261        11.047699254367148        11.102952020553312        11.375654811396918        11.446682565254362        11.520037573775747        11.400467631372576        10.828278443498162     
   15522.261656478278       -1.9873600000000000       0.13879331558938976        7.8557329999999999        1.4019900000000000E-002   10.998476851213802        10.924824440003654        11.101499152343369        10.738521454790735        10.869209711336065        11.164026490507304        11.428447766385048        11.696291974262785        10.896632643336066        11.167603558507309        11.437447766385048        11.655202927636871        11.825343360221108        9.9765591154583220        10.950646346751828        11.021759350629566        11.052692605133220        11.107536813010960        11.379559114140527        11.450314275392351        11.523454707976590        11.413478330204349        10.837266204314147     
   15488.558485119354       -1.9912980000000000       0.13993027608119518        7.8558968000000000        1.4017300000000000E-002   11.003787202502442        10.930474533338495        11.106108404862313        10.744738253236109        10.874943886598020        11.169119257583398        11.433134785004830        11.700593285543272        10.902348087881011        11.172715056300406        11.442108404862315        11.659593285543268        11.829547519483748        9.9827118730935940        10.956520299398017        11.027275941678974        11.057669290240883        11.112089018945307        11.383455987364703        11.453895101986136        11.526803569867090        11.426495909471763        10.846275753286081     
   15454.786148275291       -1.9952529999999999       0.14106733644418817        7.8560606000000002        1.4014700000000000E-002   11.009194510812776        10.936208705758446        11.110761862503256        10.751143285992942        10.880813803565346        11.174257042398978        11.437865991378281        11.704975909289459        10.908161319433471        11.177909526530854        11.446761862503259        11.663975909289462        11.833795053882561        9.9890391571179187        10.962389561165345        11.032876335151549        11.062728671123956        11.116685135971380        11.387433343068764        11.457466534448066        11.530104823634268        11.439791154144785        10.855517007137820     
   15421.016434429323       -1.9992179999999999       0.14221871182226822        7.8562237000000001        1.4012000000000000E-002   11.014616780558361        10.941957993108113        11.115430519009854        10.757563400819526        10.886698822170397        11.179409806833794        11.442612214446948        11.709373755685286        10.913989478145210        11.183119150858984        11.451430519009852        11.668373755685286        11.838057821423005        9.9953817053824299        10.968273927370396        11.038491848445831        11.067803216596699        11.121296280184664        11.391425952898439        11.461053255311588        11.533421386787024        11.453100942995944        10.864773125527462     
   15387.320509606496       -2.0031789999999998       0.14338440601703042        7.8563859999999996        1.4009400000000000E-002   11.020012483425763        10.947680175673153        11.120074431980559        10.763954957481022        10.892556437634727        11.184536591502617        11.447333349617892        11.713747452057412        10.919790181310486        11.188302847826854        11.456074431980557        11.672747452057411        11.842296734095836        10.001696039843686        10.974130893634726        11.044080545711576        11.072852129865279        11.125882631656321        11.395395298172691        11.464617600287969        11.536716164364819        11.466367117521298        10.873994490674075     
   15353.804272529236       -2.0071310000000002       0.14455020516695913        7.8565474999999996        1.4006800000000000E-002   11.025381438698670        10.953374043146802        11.124695779867736        10.770314627696216        10.898385016056682        11.189638062878903        11.452031334149254        11.718100024047970        10.925561977428316        11.193461101507268        11.460695779867734        11.677100024047967        11.846515241138086        10.007979073414695        10.979958826056681        11.049641640236917        11.077876318597383        11.130446551239373        11.399345675318322        11.468165136588670        11.539995570768902        11.479564746100252        10.883168878803758     
   15320.325763200697       -2.0110820000000000       0.14571610928150039        7.8567080999999996        1.4004200000000000E-002   11.030744662288299        10.959061986925537        11.129312411347961        10.776667644861522        10.904207516272734        11.194734100793902        11.456724345152310        11.722448185053565        10.931327585529889        11.198614031536749        11.465312411347959        11.681448185053565        11.850729488106367        10.014255711057171        10.985780683872733        11.055196954778339        11.082895334589551        11.135005648205116        11.403292094211974        11.471709170970382        11.543271777075987        11.492748021568580        10.892333448352666     
   15287.096250943407       -2.0150150000000000       0.14689633864107055        7.8568707000000000        1.4001599999999999E-002   11.036070951094313        10.964710749049875        11.133897829080066        10.782976444431007        10.909989846846102        11.199795203901861        11.461385393313183        11.726767116287611        10.937053278882992        11.203731771864970        11.469897829080065        11.685767116287611        11.854915501291384        10.020488880197892        10.991562364046100        11.060714099653648        11.087880156868742        11.139533778316956        11.407212271298935        11.475229943510254        11.546526713517803        11.505836292038552        10.901432876551763     
   15253.692950439749       -2.0189770000000000       0.14807667556046364        7.8570304999999996        1.3998999999999999E-002   11.041422776207996        10.970386908471168        11.138505082885240        10.789316195462371        10.915800258669409        11.204880441811520        11.466068513216792        11.731106504488759        10.942806582802723        11.208874117678205        11.474505082885239        11.690106504488758        11.859121276290518        10.026752765130817        10.997372136669407        11.066257924272927        11.092888889479964        11.144083285018555        11.411150819894035        11.478767013299313        11.549796556902828        11.518990955572663        10.910577865625436     
   15220.362638322289       -2.0229339999999998       0.14927134292809752        7.8571897000000002        1.3996500000000000E-002   11.046878575041177        10.976115673934601        11.143167278360913        10.795757938686666        10.921662982181310        11.210070234947757        11.470670799232714        11.735382871220779        10.948662982181311        11.213951685501044        11.479099558032715        11.694433700339296        11.863264321774068        10.033135868368156        11.003352772828023        11.071803812969378        11.097833136054334        11.148619970114204        11.415027222880649        11.482361365187227        11.553124266293807        11.532537538490541        10.919818718267596     
   15187.175094471511       -2.0268869999999999       0.15046612048317184        7.8573483000000000        1.3993900000000000E-002   11.052344409511015        10.981847008755246        11.147836611778331        10.802205660814714        10.927527701577361        11.215271203466791        11.475263825305117        11.739653319711991        10.954527701577359        11.219019903844675        11.483693218505117        11.698761226060888        11.867402020089877        10.039527147665815        11.009349607999471        11.077346589184231        11.102768604222561        11.153155918956219        11.418899420845648        11.485967428401423        11.556464829157193        11.546097327259968        10.929053559679105     
   15154.059915063885       -2.0308380000000001       0.15167523375383463        7.8575062000000004        1.3991399999999999E-002   11.057783735350945        10.987551256030436        11.152481173312481        10.808624910592506        10.933365041170180        11.220446239471457        11.479832414636086        11.743899867493248        10.960365041170181        11.224062479131714        11.488262439436085        11.703064893956594        11.871516107153504        10.045889908929158        11.015318776709925        11.082862518827348        11.107678718791970        11.157667388172737        11.422748586474015        11.489551040994527        11.559783520315037        11.559612967275360        10.938253852927140     
   15121.121394956297       -2.0347740000000001       0.15288445987200247        7.8576652999999999        1.3988799999999999E-002   11.063211736722200        10.993242765562554        11.157118650201154        10.815027721322236        10.939188941182726        11.225611369081852        11.484394486639788        11.748141445740627        10.966188941182727        11.229095854661677        11.492825147839786        11.707363457799437        11.875625931320455        10.052236370463424        11.021273794402900        11.088366561483566        11.112580340241502        11.162172474580979        11.426594902480103        11.493133212439757        11.563102183599403        11.573074149152864        10.947422862945908     
   15088.046018768144       -2.0387339999999998       0.15409379884820737        7.8578222000000002        1.3986300000000000E-002   11.068645080289372        10.998940712139223        11.161758184739803        10.821440165916748        10.945019816864153        11.230780737239513        11.488958475767760        11.752383448165023        10.972019816864155        11.234132921314590        11.497389764567760        11.711662843917907        11.879735632240099        10.058592058963860        11.027236343989081        11.093876078061413        11.117485105389662        11.166679080014880        11.430440000390242        11.496713079740388        11.566417447890530        11.586574118909944        10.956613011540220     
   15055.112321617358       -2.0426890000000002       0.15531748021000022        7.8579783000000001        1.3983799999999999E-002   11.074056862414913        11.004615963841971        11.166379558133727        10.827827023252866        10.950827427755502        11.235929674187851        11.493504792463440        11.756608992793133        10.977827427755500        11.239150123474317        11.501936705663439        11.715945691036378        11.883829442079605        10.064922238209626        11.033175065269035        11.099363541285197        11.122370572760786        11.171168094220199        11.434270340652546        11.500279326025485        11.569720224598420        11.600017976740276        10.965765675037012     
   15022.250511071785       -2.0466389999999999       0.15655550799894627        7.8581338000000001        1.3981199999999999E-002   11.079473257531552        11.010295253442974        11.171007269797274        10.834216535504515        10.956638786598687        11.241083796820126        11.498057775324535        11.760841740730134        10.983638786598688        11.244172798864410        11.506490310524535        11.720235779413107        11.887930742774421        10.071255032021542        11.039117249354403        11.104855287204289        11.127261800908697        11.175663736641559        11.438108746862996        11.503854215751572        11.573032219840142        11.613448921630036        10.974914957374486     
   14989.494944767584       -2.0505870000000002       0.15779365405287354        7.8582888000000004        1.3978800000000000E-002   11.084827730056745        11.015953790719536        11.175599427674896        10.840606980845116        10.962452785084196        11.246176844814890        11.502617628952102        11.765058413089310        10.989410764863266        11.249218865035818        11.511032582874897        11.724515387233041        11.892016392868381        10.077606980845115        11.045037831161395        11.110321106754878        11.132158643537686        11.180100433310241        11.441914151149319        11.507331116342804        11.576289096121872        11.626941911939973        10.984122089449293     
   14956.948558945232       -2.0545209999999998       0.15903191838307976        7.8584455000000002        1.3976199999999999E-002   11.090150620454704        11.021667237747362        11.180214891872797        10.847097780332678        10.968370731514984        11.251239990926269        11.507289591633612        11.769339192340954        10.995198525750769        11.254412196690485        11.515648673872796        11.728870480344359        11.896166986576734        10.084097780332677        11.051011649275800        11.115831307979736        11.137165291165452        11.184511398105172        11.445747875287481        11.510699969991418        11.579527764227198        11.640666603368132        10.993550031148903     
   14924.197924011758       -2.0584799999999999       0.16028453597149747        7.8585995000000004        1.3973800000000000E-002   11.095473275464229        11.027382900376089        11.184825520863644        10.853595762199806        10.974292001903173        11.256301256856325        11.511957233944464        11.773613211032604        11.000988793599220        11.259604465160276        11.520259918863644        11.733219104255738        11.900310002728652        10.090595762199804        11.056989316983994        11.121342594849004        11.142169543775502        11.188916419336557        11.449571873039925        11.514056354904934        11.582753146600979        11.654443714140349        11.003003442109904     
   14891.587579977255       -2.0624330000000000       0.16153727459406947        7.8587531000000004        1.3971300000000001E-002   11.100790324008786        11.033091273049061        11.189433432620236        10.860083096729605        10.980204941821144        11.261358037048604        11.516622075608334        11.777886114168057        11.006771292141055        11.264791686728694        11.524868445020234        11.737566133260055        11.904452464487969        10.097083096729607        11.062958572409242        11.126847629076972        11.147169394060507        11.193319763848150        11.453396522139689        11.517415554007423        11.585981904327328        11.668178835826604        11.012433383983600     
   14859.082705930390       -2.0663840000000002       0.16279013426249003        7.8589060000000002        1.3968800000000000E-002   11.106091481426780        11.038782488955615        11.194027587724140        10.866550760013286        10.986099903486927        11.266399767074223        11.521273135545389        11.782146504016556        11.012536234310648        11.269963436250503        11.529463211724142        11.741900249371586        11.908582834840274        10.103550760013288        11.068909827308172        11.132336322424305        11.152154219252978        11.197710173192831        11.457209948666470        11.520765195782605        11.589201526606328        11.681870686063633        11.021833979246441     
   14826.648782467582       -2.0703320000000001       0.16407159323014822        7.8590583000000001        1.3966400000000000E-002   11.111366415624742        11.044446630235134        11.198596905048701        10.872989660255909        10.991967186949998        11.271415839084481        11.525899391274093        11.786382943463705        11.018273782079868        11.275109243954612        11.534033138248700        11.746210095308440        11.912689538593574        10.109989660255911        11.074833439975391        11.137798539920263        11.157113352859090        11.202076348333835        11.461000242627923        11.524092876172796        11.592399471302668        11.695517846757779        11.031199252843498     
   14794.217524673908       -2.0742870000000000       0.16533893829721819        7.8592100000000000        1.3963900000000000E-002   11.116656532511895        11.050125922215807        11.203181306939284        10.879443661623631        10.997849445952331        11.276447112709283        11.530540883005370        11.790634653301458        11.024026316051026        11.280270242610589        11.538618146939287        11.750535047136678        11.916811523400154        10.116443661623633        11.080772182018416        11.143276078479284        11.162087536643197        11.206457783202763        11.464805687531458        11.527435903992329        11.595612774091022        11.709179360030591        11.040579233287547     
   14761.891196273727       -2.0782400000000001       0.16662064914053190        7.8593612999999998        1.3961500000000000E-002   11.121915293901532        11.055772599546247        11.207736479613933        10.885862539635676        11.003698276962984        11.281447868671721        11.535153117827003        11.794858366982288        11.029745841748076        11.285400303886624        11.543173924813933        11.754831609184125        11.920905931767381        10.122862539635674        11.086677469976054        11.148721812529503        11.167031230458649        11.210810802197196        11.468584423124502        11.530753875277954        11.598801440063047        11.722782273457289        11.049914466165420     
   14729.635503005586       -2.0821900000000002       0.16791672999439652        7.8595117999999999        1.3959100000000000E-002   11.127230368610547        11.061474742574479        11.212303573482679        10.892416665290320        11.009556200562457        11.286469817391037        11.539705938239130        11.799104975063173        11.035510425018032        11.290469817391038        11.547705938239126        11.759059199518745        11.924942059087215        10.129335207302343        11.092637658550434        11.154233696542949        11.171985994646612        11.215222115494704        11.472331002810385        11.534132404390881        11.601969488414923        11.736657405848597        11.059368329069382     
   14697.653344709370       -2.0861179999999999       0.16921294035160100        7.8596642000000001        1.3956600000000000E-002   11.132557983670555        11.067186143534045        11.216863007143584        10.899019909082181        11.015395530155207        11.291486018363027        11.544209815078379        11.803352385036053        11.041277992399248        11.295486018363029        11.552209815078381        11.763234847280092        11.928933611793727        10.135810522461018        11.098604916776370        11.159762221647679        11.176929823807068        11.219653620522418        11.476050492860647        11.537539870753118        11.605121097510793        11.750608138553648        11.068840950012959     
   14665.571784016902       -2.0900639999999999       0.17050928022508380        7.8598138999999998        1.3954200000000000E-002   11.137885377285190        11.072898515876986        11.221419844501593        10.905626972324512        11.021236228740918        11.296500864890650        11.548710757834922        11.807596076507057        11.047046858143659        11.300500864890648        11.556710757834917        11.767406705909796        11.932920650779192        10.142289259460579        11.104573941604851        11.165290971946380        11.181872238693391        11.224082131637662        11.479764941120742        11.540941173126203        11.608265747398338        11.764585692235332        11.078326486397700     
   14633.526554934939       -2.0940129999999999       0.17181999726386493        7.8599629999999996        1.3951800000000000E-002   11.143207207541305        11.078604888882086        11.225971992859744        10.912227033343907        11.027070782662346        11.301510347669751        11.553206920548710        11.811835280988188        11.052809813193125        11.305510347669749        11.561206920548710        11.771574311518965        11.936903493427668        10.148761139563650        11.110536676442610        11.170813774790791        11.186809526200523        11.228506099079485        11.483475808708956        11.544339096837401        11.611407309276881        11.778548051129778        11.087801916820670     
   14601.551346764705       -2.0979600000000000       0.17314509579866172        7.8601115000000004        1.3949500000000000E-002   11.148502709135503        11.084284092974325        11.230499495457853        10.918797979264912        11.032877887587265        11.306494031447528        11.557678406995763        11.816050371769879        11.058545627436416        11.310494031447529        11.565678406995762        11.775718111619032        11.940862782543999        10.155204184651971        11.116471682200210        11.176309655899292        11.191721325296680        11.232905700844913        11.487164021629358        11.547714897941386        11.614527308715502        11.792465360664654        11.097242103211709     
   14569.646006505893       -2.1019079999999999       0.17447032964631945        7.8602594999999997        1.3947100000000000E-002   11.153803038785906        11.089967286707836        11.235033504942049        10.925370970525673        11.038688702681814        11.311483072979623        11.562156371083717        11.820272501135765        11.064285458566165        11.315483072979621        11.570156371083716        11.779869257020120        11.944829669187811        10.161649554551698        11.122410118655790        11.181809774875529        11.196638790863975        11.237312088968071        11.490860726982543        11.551099723176261        11.617656891228307        11.806368814900658        11.106678217811481     
   14538.011230152846       -2.1058349999999999       0.17579569882065516        7.8604083999999999        1.3944700000000001E-002   11.159061694198982        11.095605559437146        11.239532330122650        10.931891443392864        11.044453514516533        11.316432932185855        11.566599478268301        11.824461934509522        11.069980044891494        11.320432932185856        11.574599478268301        11.783988464884484        11.948766024350746        10.168043488313479        11.128301469595925        11.187266386103410        11.201517828960817        11.241684375043263        11.494529496421279        11.554459100808153        11.620763190649377        11.820157734772366        11.116037673393766     
   14506.244729185315       -2.1097800000000002       0.17713545680771675        7.8605552999999997        1.3942299999999999E-002   11.164340688217214        11.101265751466991        11.244048340517660        10.938437571849802        11.050240772550248        11.321401692257234        11.571059386724196        11.828667123357681        11.075696926460454        11.325401692257232        11.579059386724198        11.788123277267887        11.952717081191162        10.174462550766544        11.134215793633510        11.192743997790268        11.206415624967436        11.246073319434403        11.498212146728315        11.557830929568334        11.623880887401816        11.834002727389015        11.125434768274959     
   14474.547640090435       -2.1137260000000002       0.17847535307574436        7.8607016999999999        1.3939999999999999E-002   11.169759321079166        11.106962939958443        11.248547120674235        10.945063847148084        11.056109831310255        11.326453892760249        11.575547120674237        11.832798885555320        11.081507556198080        11.330397165232789        11.583603848201697        11.792343501794960        11.956697076115681        10.181063847148089        11.140166558837720        11.198202127879167        11.211295355793151        11.250445311234600        11.501891182124233        11.561142947005315        11.626939328126038        11.848127331614204        11.135064466899404     
   14442.919811198692       -2.1176729999999999       0.17982964406934115        7.8608475999999996        1.3937600000000000E-002   11.175223007731725        11.112679649242137        11.253054286521065        10.951718787359555        11.062009205228323        11.331538045466113        11.580054286521063        11.836925933855449        11.087351360397344        11.335410959941884        11.588181372045289        11.796597645010651        11.960697613100246        10.187718787359552        11.146136290752546        11.203666398131725        11.216182639186679        11.254825965765859        11.505583126758852        11.564454774093237        11.629998132582829        11.862316797440888        11.144755095084479     
   14411.493825324213       -2.1216029999999999       0.18118407633101197        7.8609945999999997        1.3935299999999999E-002   11.180638590380886        11.118346639778290        11.257519593710549        10.958318121588507        11.067857843796284        11.336576516284778        11.584519593710551        11.841013541214439        11.093144642876995        11.340379670905365        11.592716439089964        11.800811544313143        11.964659516515740        10.194318121588504        11.152054689175701        11.209082568780888        11.221025646206661        11.259165569011850        11.509238266199043        11.567732213702934        11.633024164305526        11.876402424191403        11.154370735957380     
   14380.003773122588       -2.1255470000000001       0.18255290929585680        7.8611395999999996        1.3932900000000000E-002   11.186079931812003        11.124039901627022        11.262008875474436        10.964945826902099        11.073733267857040        11.341639977089478        11.589008875474434        11.845124362351903        11.098964444934534        11.345373373504472        11.597275479059437        11.805048905659415        11.968644377444395        10.200945826902100        11.157999871442044        11.214524490212007        11.225893388596965        11.263528890566924        11.512915584706867        11.571031071584343        11.636071101769321        11.890531540030171        11.164020906282332     
   14348.615567605286       -2.1294909999999998       0.18392188654874736        7.8612840000000004        1.3930600000000000E-002   11.191489212801965        11.129700288261123        11.266469321608128        10.971537783010966        11.079575372633496        11.346672599613228        11.593469321608126        11.849207572419392        11.104750961990703        11.350336608526444        11.601805312694914        11.809258246148971        11.972602034689814        10.207537783010970        11.163911363720281        11.219934348801964        11.230731070796864        11.267863783878550        11.516566548587861        11.574304799399123        11.639093723939968        11.904600500142905        11.173625552520861     
   14317.229941811978       -2.1334369999999998       0.18530527054723461        7.8614280000000001        1.3928299999999999E-002   11.196897985292182        11.135360145757684        11.270929482662865        10.978129286619652        11.085417077223138        11.351704744593924        11.597929482662867        11.853290529964607        11.110536937990435        11.355299515593874        11.606334711662914        11.813467322197358        11.976559449731855        10.214129286619649        11.169822306223189        11.225343697292182        11.235568435361120        11.272198402430110        11.520217150033652        11.577578197335395        11.642116036869890        11.918668249352073        11.183229500205702     
   14285.847178855320       -2.1373940000000000       0.18668880188664660        7.8615716999999998        1.3925999999999999E-002   11.202306206291277        11.141019428860437        11.275389323523688        10.984720281361527        11.091258334454055        11.356736372437544        11.602389323523690        11.857373202869953        11.116322326945015        11.360262055462004        11.610863640499227        11.817676100954531        11.980516591585372        10.220720281361524        11.175732651429593        11.230752493091279        11.240405444177425        11.276532712239112        11.523867361507177        11.580851240853443        11.645138018284284        11.932734664127212        11.192832665391416     
   14254.762963370029       -2.1413210000000000       0.18808674607895592        7.8617163999999997        1.3923700000000001E-002   11.207666350506958        11.146628246799999        11.279810251716864        10.991252042207702        11.097047546928582        11.361723506067399        11.606810251716862        11.861420541677301        11.122056060546516        11.365180909902943        11.615352847881322        11.821848355423821        11.984439593530784        10.227252042207699        11.181590143093036        11.236113216106958        11.245199961756423        11.280829303570343        11.527486210855681        11.584096500816120        11.648134604523083        11.946670579016828        11.202347932124180     
   14223.615378305007       -2.1452650000000002       0.18948484069800725        7.8618589999999999        1.3921400000000000E-002   11.212969769081710        11.152391923028830        11.284278221392622        10.998046272641442        11.102944897515609        11.366747597058112        11.611336538161030        11.865572486700689        11.127839359028830        11.370206128108148        11.619772468624213        11.826019922700691        11.988408631445498        10.233940734154661        11.187708538489169        11.241522743568492        11.250100589621372        11.285125461187469        11.531150332753572        11.587327964524821        11.651222426038043        11.961083906053389        11.212131760324159     
   14192.437814515211       -2.1492179999999999       0.19089735434219984        7.8620010999999996        1.3919100000000000E-002   11.218265802987608        11.158186797955365        11.288757214243519        11.004891918340361        11.108865051097306        11.371781361660757        11.615884310535973        11.869745559910156        11.133634802355365        11.375253309903732        11.624182113551063        11.830193564310155        11.992388214875762        10.240661669598422        11.193877544181182        11.246944056129548        11.255023061161792        11.289423813052094        11.534824564942399        11.590558718024125        11.654328469282190        11.975592239648135        11.221969883746903     
   14161.361198329270       -2.1531680000000000       0.19231002153194093        7.8621429000000003        1.3916899999999999E-002   11.223530189864871        11.163948410691599        11.293207346814437        11.011701037741414        11.114751537498282        11.376784611037518        11.620402858624768        11.873890621404723        11.139396982291601        11.380269651051503        11.628563263404107        11.834339193004720        11.996340554387704        10.247346482534731        11.200012076311648        11.252333316671550        11.259915095844821        11.293693748211407        11.538472400577991        11.593764651547609        11.657410096340925        11.990039377145418        11.231761791101803     
   14130.320093070992       -2.1571220000000002       0.19373711398406521        7.8622842000000004        1.3914599999999999E-002   11.228804487996520        11.169719366507383        11.297668461204196        11.018518450130799        11.120647222935098        11.381798350316750        11.624932170230224        11.878046874547074        11.145168503307382        11.385296185541087        11.632955615378169        11.838496011347075        12.000304445893331        10.254039730503084        11.206155525390532        11.257732344424234        11.264817465913371        11.297974730974790        11.542131996036211        11.596982991327035        11.660504271699320        12.004486221223168        11.241558584395985     
   14099.509354269436       -2.1610559999999999       0.19517863641644362        7.8624273000000002        1.3912300000000001E-002   11.234042295258709        11.175450145590395        11.302099265289849        11.025288008365370        11.126501817373319        11.386777823733132        11.629430519761174        11.882174922812409        11.150899854790397        11.390288079292864        11.637318301618523        11.842624632012408        12.004241705758160        10.260686045782448        11.212256033339164        11.263093967041632        11.269686116709940        11.302226594595330        11.545767072480720        11.600180221060624        11.663578258477704        12.018828724835222        11.251285401155505     
   14068.603825639348       -2.1650100000000001       0.19660604384776342        7.8625677999999999        1.3910100000000000E-002   11.239279391997332        11.181181730787106        11.306527009007656        11.032061762259065        11.132357586684545        11.391756057689847        11.633925883812680        11.886298858520352        11.156632001987106        11.395278493802451        11.641677863002631        11.846749129720351        12.008174399017886        10.267336177561621        11.218358484879435        11.268455247894778        11.274552909105008        11.306474714417792        11.549396519730582        11.603370619633228        11.666645034935787        12.033198867495482        11.261025523797688     
   14037.701394469083       -2.1689720000000001       0.19806216089309600        7.8627079999999996        1.3907800000000000E-002   11.244531543350897        11.186928321039394        11.310970026415747        11.038850560436094        11.138228347461515        11.396749648123956        11.638436376818154        11.890437961551784        11.162379153039394        11.400283986506649        11.646052844013338        11.850888793551784        12.012122416727250        10.274001366013975        11.224475904305764        11.273831569773021        11.279434792084528        11.310737987973907        11.553041183863291        11.606576418194512        11.669727223772385        12.047583432205355        11.270780394567064     
   14006.899094160555       -2.1729270000000001       0.19950416297283119        7.8628475000000000        1.3905600000000001E-002   11.249752162575582        11.192641777069014        11.315384270483626        11.045602989327421        11.144065570692369        11.401712818248605        11.642917740835436        11.894549139965363        11.168093167069014        11.405258745328865        11.650399410131815        11.855000529965363        12.016043265990195        10.280630585704067        11.230558987939087        11.279175956198941        11.284286341705510        11.314972933588720        11.556659525471929        11.609757454250051        11.672785050626690        12.061907153623793        11.280489286288010     
   13976.100019494601       -2.1768860000000001       0.20097488424862239        7.8629861999999999        1.3903400000000000E-002   11.255067523472965        11.198449923161048        11.319859456965558        11.052406943337223        11.150006656029815        11.406737007341283        11.647355118131175        11.898659579452749        11.173954261995432        11.410285062541282        11.654859456965559        11.859068318365109        12.020015924330727        10.287406943337222        11.236641123005091        11.284667462229370        11.289189462619261        11.319259518209153        11.560233973877024        11.612990379998598        11.675755974266915        12.076673332303008        11.290536196431807     
   13945.561331102976       -2.1808260000000002       0.20244577185722845        7.8631259000000000        1.3901100000000000E-002   11.260383861209586        11.204254879911939        11.324332767206819        11.059186902916643        11.155945823313871        11.411754824283790        11.651761043705847        11.902753810853707        11.179826603412906        11.415302320683793        11.659332767206816        11.863107779679083        12.023988559778118        10.294186902916643        11.242690389263117        11.290173339386143        11.294084566008202        11.323543289030262        11.563784257376732        11.616229528124588        11.678695483998791        12.091460176730838        11.300613775557522     
   13914.929169269024       -2.1847859999999999       0.20391682581745954        7.8632628999999996        1.3898900000000000E-002   11.265699794057999        11.210060927349696        11.328802813912651        11.065970987533087        11.161886213787737        11.416771164708249        11.656163644893629        11.906843909228760        11.185700096368718        11.420318113108250        11.663802813912652        11.867142794924858        12.027956677505836        10.300970987533089        11.248741493995544        11.295679246399944        11.298977829785327        11.327823361570706        11.567328610033163        11.619461925968293        11.681627193418541        12.106275520942161        11.310705585652032     
   13884.236413463894       -2.1887560000000001       0.20540233065618849        7.8634000999999998        1.3896700000000000E-002   11.271025649566814        11.215877866951393        11.333280840616679        11.072767900120544        11.167837492770415        11.421796700037893        11.660574227507167        11.910941505705372        11.191584480060902        11.425343099637891        11.668280840616680        11.871185064468738        12.031932051759226        10.307767900120547        11.254803975643680        11.301195317022467        11.303880045291747        11.332111173161023        11.570879246684159        11.622700125282359        11.684563974953440        12.121119445329446        11.320816767066445     
   13853.675156370982       -2.1927249999999998       0.20688800513090247        7.8635377000000002        1.3894500000000001E-002   11.276330263208676        11.221671460706739        11.337740989403228        11.079537252502865        11.173764581897421        11.426802151880464        11.664967353407887        11.915023118663514        11.197445096702081        11.430348001080466        11.672740989403225        11.875211455284335        12.035891970088995        10.314537252502868        11.260842059455770        11.306689198578530        11.308762701705950        11.336382054033370        11.574416106986275        11.625926023041904        11.687489610113692        12.135901197041752        11.330886184814799     
   13823.181169123331       -2.1966869999999998       0.20838813704731909        7.8636751000000000        1.3892300000000000E-002   11.281624046941728        11.227453148235755        11.342191898655672        11.086292549223812        11.179679202537754        11.431797298722207        11.669351521304675        11.919096593306664        11.203293525586757        11.435342598322206        11.677191898655670        11.879229695334152        12.039844018383155        10.321292549223811        11.266867698882768        11.312171699616234        11.313635322998698        11.340644245981165        11.577945893640125        11.629145666042119        11.690409517022593        12.150651122202744        11.340934282558491     
   13792.786062677056       -2.2006489999999999       0.20990273136662471        7.8638121999999999        1.3890100000000001E-002   11.286901869972681        11.233217292969847        11.346629313106451        11.093027143764182        11.185575582097954        11.436777320488858        11.673722544142400        11.923158063679761        11.209124061933899        11.440322071688858        11.681629313106448        11.883235976894522        12.043784456730471        10.328027143764182        11.272875004468432        11.317637494686025        11.318493215939565        11.344893688393107        11.581465305097353        11.632356073434721        11.693321026350898        12.165354287632198        11.350951000195060     
   13762.584548024919       -2.2045970000000001       0.21141750197007059        7.8639504999999996        1.3887900000000000E-002   11.292148388563646        11.238947035795245        11.351040504213515        11.099721122258448        11.191436445908320        11.441727811196483        11.678067898156979        11.927195968484643        11.214919641851782        11.445272009196483        11.686040504213512        11.887218912733278        12.047702108676742        10.334721122258451        11.278846359411048        11.323070656428083        11.323322347388579        11.349118236349078        11.584964463501677        11.635548335829341        11.696216154462174        12.179965943828506        11.360906189071759     
   13732.164586181383       -2.2085759999999999       0.21293244887817492        7.8640863000000003        1.3885800000000000E-002   11.297487277991245        11.244701302957065        11.355460199549047        11.106621895131756        11.197381412256231        11.446729598225421        11.682492755970994        11.931207389349897        11.220772644612342        11.450305809447364        11.690492755970990        11.891317516238498        12.051631178127952        10.341550553476484        11.284986669578164        11.328519834413189        11.328163126136815        11.353421414315715        11.588465677528799        11.638746782996304        11.699147754485754        12.195016782490416        11.371059218202223     
   13701.843412355645       -2.2125509999999999       0.21446186656649843        7.8642216999999999        1.3883599999999999E-002   11.302876521714355        11.250454400766086        11.359878624109735        11.113641125508769        11.203366157190485        11.451755529462622        11.686966632546648        11.935196127144335        11.226647027116664        11.455386651099532        11.694966632546643        11.895493371408579        12.055565005507423        10.348448499158193        11.291224906168393        11.333964530151261        11.333001398398379        11.357774006196065        11.591968734942027        11.641952360603961        11.702110221102805        12.210282830548033        11.381297141737447     
   13671.652149045804       -2.2165200000000000       0.21600576009386349        7.8643568999999998        1.3881400000000000E-002   11.308244118361893        11.256184292573346        11.364279559531360        11.120631850089220        11.209326964132577        11.456761371750444        11.691422913409069        11.939169347793802        11.232497683977160        11.460447298028152        11.699422913409068        11.899652776723725        12.059483421516093        10.355318458685405        11.297437858188610        11.339387472239602        11.337820515220516        11.362109522005250        11.595458354578534        11.645145645493193        11.705061435085559        12.225485037948760        11.391492636514565     
   13641.653054224300       -2.2204720000000000       0.21754983670617367        7.8644938000000000        1.3879200000000000E-002   11.313579742236353        11.261879905585662        11.368654664771530        11.127580363473331        11.215252279882051        11.461737554087044        11.695853145628174        11.943119594495766        11.238313293368765        11.465478059743688        11.703853145628177        11.903787889205322        12.063379088839117        10.362146975690234        11.303613456718072        11.344778223092998        11.342611284177483        11.366419757845073        11.598928068163353        11.648320786940502        11.707996036174297        12.240592757524322        11.401625377560464     
   13611.500391841433       -2.2244489999999999       0.21910839598187523        7.8646285000000002        1.3877100000000000E-002   11.318925189712765        11.267587185010669        11.373034688251693        11.134547129374354        11.221190701517983        11.466721708414866        11.700288704289036        11.947072710558494        11.244141183443304        11.470517210452208        11.708288704289032        11.907926691386422        12.067277208521155        10.368993130941718        11.309803178741205        11.350179205750109        11.347409213586936        11.370734705856400        11.602398202827960        11.651494703925351        11.710928193060084        12.255760508793482        11.411792557018138     
   13581.383104703915       -2.2284310000000001       0.22066714179311384        7.8647628000000003        1.3875000000000000E-002   11.324264706871304        11.273288109614857        11.377409915021829        11.141506195779204        11.227122756301046        11.471700355327751        11.704719530174334        11.951021659849594        11.249962577196040        11.475550919280256        11.712719530174329        11.912060979859458        12.071171095897089        10.375831728198019        11.315985979939594        11.355574322023809        11.352201984117887        11.375045062593149        11.605864738324858        11.654665239209987        11.713857252847614        12.270910940099739        11.421948154118677     
   13551.332456140986       -2.2324130000000002       0.22224037715773740        7.8648964000000001        1.3872799999999999E-002   11.329608743333020        11.278992753859326        11.381791796329532        11.148466332183068        11.233058276373525        11.476684318406710        11.709157015298912        11.954978334597167        11.255787424034763        11.480589951776091        11.717157015298911        11.916202455978658        12.075072701227787        10.382671662007629        11.322171434561072        11.360973962302401        11.357000611425219        11.379362345123473        11.609340068295422        11.657845094575171        11.716796168624297        12.286044318512721        11.432097622350460     
   13521.379432796688       -2.2363909999999998       0.22381380254195757        7.8650294000000001        1.3870700000000000E-002   11.334920845037939        11.284664291844376        11.386144869287431        11.155389413519277        11.238960195286726        11.481637515831498        11.713565638674201        11.958907709598943        11.261578774113190        11.485598167618267        11.721565638674196        11.920315904749803        12.078947057812176        10.389474931250465        11.328322220919627        11.366341614424705        11.361769203080637        11.383651156405389        11.612789662923692        11.661000046599298        11.719710964461672        12.301114090198578        11.442199547790466     
   13491.647943197322       -2.2403490000000001       0.22540172443526718        7.8651643000000000        1.3868500000000001E-002   11.340249659244247        11.290383292153091        11.390503717739758        11.162317384338390        11.244877357580304        11.486576683535407        11.717982393426563        11.962848760517719        11.267365273666282        11.490576683535405        11.725948985199352        11.924403493058126        12.082848760517720        10.396317384338392        11.334465498347917        11.371710316444247        11.366543275308192        11.387915576972144        11.616254470408879        11.664120837500032        11.722624143326421        12.316262119497562        11.452364908527503     
   13461.764848931469       -2.2443360000000001       0.22698983986573512        7.8652968000000003        1.3866399999999999E-002   11.345685677248763        11.296297439665857        11.394918558859345        11.169360877753373        11.250911567470130        11.491535102031666        11.722462152414568        11.966850389997472        11.273215033310635        11.495535102031663        11.730309211810290        11.928459737046520        12.086850389997469        10.403360877753375        11.340673855123459        11.377146864448761        11.371382161427388        11.392156271206019        11.619777440380375        11.667165677963279        11.725539678052833        12.331911414061114        11.462873780877327     
   13431.886087449082       -2.2483260000000000       0.22859245882678261        7.8654289999999998        1.3864300000000000E-002   11.351120880802469        11.302210703403283        11.399332861083622        11.176403453388104        11.256944875053485        11.496492774201652        11.726941235600840        11.970851413000023        11.279064044886070        11.500492774201653        11.734668779950635        11.932515494133014        12.090851413000024        10.410403453388106        11.346881411836680        11.382582596802468        11.376220318551450        11.396396324300433        11.623299874399208        11.670210051798392        11.728455018763967        12.347558544202769        11.473381235244013     
   13402.104502159315       -2.2523160000000000       0.23020958662147131        7.8655606999999996        1.3862200000000000E-002   11.356539406322327        11.308105734287775        11.403733931556179        11.183424249766158        11.262959559079139        11.501435321156873        11.731406750391425        11.974840422425974        11.284895158252528        11.505435321156877        11.739015168400062        11.936559185582087        12.094840422425971        10.417424249766160        11.353069904226619        11.388001649122327        11.381043739165513        11.400623586408699        11.626811851660523        11.673245523695069        11.731362128824582        12.363155910344275        11.483855641915678     
   13372.388949503877       -2.2563029999999999       0.23182691506447189        7.8656924999999998        1.3860100000000000E-002   11.361946582453925        11.313988359261863        11.408126032899418        11.190430265343075        11.268961573463848        11.506367575645985        11.735863028838047        11.978821252030109        11.290714133323227        11.510367575645986        11.743352584636064        11.940594700293460        12.098821252030110        10.424430265343076        11.359245465929185        11.393409352453922        11.385857131443998        11.404842140434077        11.630316705222171        11.676274928414234        11.734263706536971        12.378719477885959        11.494307607200625     
   13342.739283073181       -2.2602899999999999       0.23345875949350192        7.8658241000000002        1.3858000000000001E-002   11.367342431243365        11.319858602714195        11.412509182330055        11.197421532619614        11.274950941981903        11.511289556172539        11.740310088301708        11.982793916830879        11.296520993142543        11.515289556172540        11.747681045434000        11.944622053726931        12.102793916830880        10.431421532619616        11.365408121745666        11.398805727643367        11.390660513304830        11.409052002566295        11.633814448960052        11.679298277489224        11.737159761945918        12.394249322694542        11.504737182983128     
   13313.400596425608       -2.2642500000000001       0.23509080818875919        7.8659593000000001        1.3855900000000001E-002   11.372685121588571        11.325670712045760        11.416849912839393        11.204342985953939        11.280880946860055        11.516163368331380        11.744713940674188        11.986728350216996        11.302270521410964        11.520163368331378        11.751967543059891        11.948610719996498        12.106728350217001        10.438342985953941        11.371509714253857        11.404148958788571        11.395416970717083        11.413221145445593        11.637278922559812        11.682293332102621        11.740029113633028        12.409619776983366        11.515060842368570     
   13283.759372252111       -2.2682530000000001       0.23673738008841974        7.8660901000000001        1.3853799999999999E-002   11.378079381719498        11.331539231763461        11.421232013058162        11.211332467499975        11.286868554674452        11.521083892075531        11.749159681631564        11.990699831587598        11.308075923590064        11.525083892075532        11.756294719120572        11.952637125525190        12.110699831587599        10.445332467499977        11.377670811123036        11.409543742119496        11.400218929564542        11.417429756609582        11.640775621143632        11.685315771099667        11.742924794352863        12.425145407891367        11.525487659518731     
   13254.184141899235       -2.2722530000000001       0.23838415990591419        7.8662196000000000        1.3851700000000000E-002   11.383462287627980        11.337395341357590        11.425605136267587        11.218307174980451        11.292843483189996        11.525994112298369        11.753596180168755        11.994663126439141        11.313869175856423        11.529994112298366        11.760612916736351        11.956655345970374        12.114663126439142        10.452307174980453        11.383818966153632        11.414927166027978        11.405010848865961        11.421629653303951        11.644265194309531        11.688332140579918        11.745814931177582        12.440637263713471        11.535892057720142     
   13224.705209410977       -2.2762509999999998       0.24004547021224606        7.8663483000000003        1.3849600000000000E-002   11.388861980908738        11.343266697558162        11.430052547609888        11.225448881944081        11.298934449082873        11.531023836621669        11.757998456541676        11.998701922028678        11.319833269920517        11.535023836621667        11.765106638678104        11.960701922028674        12.118499563703965        10.459394790875868        11.390089719313442        11.420428553271092        11.409922657459310        11.425951368447533        11.647723630042824        11.691420092555758        11.748690130405118        12.456619014014924        11.546600558508905     
   13195.291841687122       -2.2802470000000001       0.24172131650651862        7.8664769000000003        1.3847600000000000E-002   11.394240217722329        11.349115548255332        11.434489556656315        11.232590892021102        11.305019121121836        11.536049627422573        11.762372679810023        12.002731102969600        11.325800288488585        11.540049627422571        11.769606433502604        11.964731102969600        12.122293437703098        10.466474015174809        11.396354830601380        11.425924957955578        11.414830794789319        11.430270724023062        11.651156111144013        11.694499613244256        11.751542776637086        12.472639387701923        11.557326011605605     
   13165.883261630903       -2.2842509999999998       0.24339737809567852        7.8666062999999999        1.3845500000000000E-002   11.399633323968581        11.354979191782485        11.438941588340770        11.239747477870727        11.311118550889441        11.541090348308154        11.766762058053361        12.006775250814274        11.331782083935964        11.545090348308152        11.774121118628175        11.968775250814270        12.126102316907319        10.473567947583321        11.402634548130324        11.431436216122060        11.419753881354675        11.434605121387294        11.654603897225551        11.697594496365122        11.754410581279510        12.488673010847522        11.568065572741085     
   13136.540224996661       -2.2882590000000000       0.24508798308860605        7.8667363999999997        1.3843500000000000E-002   11.404999474707742        11.360814831107794        11.443368761907637        11.246873170007943        11.317189454907821        11.546104903007704        11.771126840978484        12.010795326436737        11.337735615807810        11.550104903007702        11.778610682836787        11.972795326436733        12.129887648236709        10.480631249078789        11.408885214936989        11.436920259407755        11.424651063907691        11.438914922807621        11.658029182578373        11.700667665278333        11.757256935436603        12.504656075079803        11.578766369979201     
   13107.262585706558       -2.2922650000000000       0.24677880712891420        7.8668665999999998        1.3841400000000000E-002   11.410370059198344        11.366653857827037        11.447802461940954        11.253999371255953        11.323263223541387        11.551124676626825        11.775498412064602        12.014822713188613        11.343692273884214        11.555124676626823        11.783106511817307        11.976822713188612        12.133680813874266        10.487695321379599        11.415138223074917        11.442408475255517        11.429553726969649        11.443231512283779        11.661463348407212        11.703750499435690        11.760113216616878        12.520620028924805        11.589459827951986     
   13078.050198008432       -2.2962710000000000       0.24848418205508643        7.8669957999999998        1.3839300000000001E-002   11.415729409818837        11.372480606650701        11.452227016155106        11.261110431538327        11.329324188266632        11.556133995394937        11.779861095421442        12.018841740056907        11.349636389058666        11.560133995394935        11.787592936888771        11.980841740056906        12.137466141640971        10.494744510804665        11.421377908208264        11.447885192226799        11.434446196186968        11.447539216947142        11.664890718557711        11.706827320933812        11.762963747977246        12.536549267410102        11.600130319851623     
   13048.872870300132       -2.3002760000000002       0.25020411351353139        7.8671236999999996        1.3837300000000000E-002   11.421067029093301        11.378285063168498        11.456630960942906        11.268197667275295        11.335362575006101        11.561121998336901        11.784203360481719        12.022840527328896        11.355558066487298        11.565121998336906        11.792058561404090        11.984840527328892        12.141231510291295        10.501770066814110        11.427594683986086        11.453340032412100        11.439317489818105        11.451826452424108        11.668298797531325        11.709885271974926        11.765795442140899        12.552444219442869        11.610772841296892     
   13020.090412001713       -2.3042440000000002       0.25192427159643194        7.8672554000000003        1.3835200000000001E-002   11.426352403820420        11.384030957228394        11.460995297004473        11.275208935900316        11.341339255532379        11.566062510364439        11.788506988903755        12.026805051697224        11.361419617180385        11.570062510364441        11.796483605105195        11.988805051697224        12.144965774993238        10.508720627799597        11.433747201985092        11.458741063772415        11.444142872012449        11.456075658652480        11.671680860487811        11.712921945431830        11.768608668177293        12.568144120951075        11.621291373511387     
   12990.922742081011       -2.3082669999999998       0.25365899382547469        7.8673824000000003        1.3833200000000000E-002   11.431726786220031        11.389891283213290        11.465400004934947        11.282404980558523        11.347397121844969        11.571087388725006        11.792888795401504        12.030821548239922        11.367360812813290        11.575087388725004        11.800911214468391        11.992838596405038        12.148748930176568        10.515821152961729        11.440017258473441        11.464215576686586        11.449034031528209        11.460346647738151        11.675092484516421        11.715983557421390        11.771441409758042        12.584256345895804        11.632061030940479     
   12961.850259445278       -2.3122859999999998       0.25540828594523735        7.8675094000000003        1.3831100000000001E-002   11.437185168391657        11.395876435952786        11.469811777731685        11.289839275549376        11.353499072515007        11.576197409104999        11.797362687043943        12.034883943245028        11.373346473552786        11.580197409104997        11.805260868419431        11.996955670494991        12.152578745320589        10.523084986937192        11.446405960089407        11.469736077703910        11.453973082892816        11.464587451519503        11.678519258783972        11.719061461897311        11.774286226372876        12.600822866314704        11.643099805778164     
   12932.872617340105       -2.3163019999999999       0.25715781239993341        7.8676363000000000        1.3829100000000000E-002   11.442611193542856        11.401827395325252        11.474194607767100        11.297234765163726        11.359566450055897        11.581276210150936        11.801807316626942        12.038918533975181        11.379297940525255        11.585276210150933        11.809581898907254        12.001044879845974        12.156381514913900        10.530310454962294        11.452759269787972        11.475223902402696        11.458881354749497        11.468799752365662        11.681920185651183        11.722114657059265        11.777107092797987        12.617320672213456        11.654088015413553     
   12903.959757941502       -2.3203170000000002       0.25890757322095487        7.8677628000000004        1.3827100000000000E-002   11.448025858154226        11.407765703510316        11.478568409440120        11.304614492214204        11.365620915678553        11.586344426449527        11.806242662123273        12.042944875335420        11.385236754710318        11.590344426449525        11.813894156756964        12.005125834820499        12.160176553398950        10.537520422960890        11.459099145900096        11.480700110837381        11.463779305996210        11.473003288986808        11.685314162209169        11.725161679304469        11.779922306167999        12.633782249219612        11.665052431029457     
   12875.052244477331       -2.3243390000000002       0.26068625883887397        7.8678892999999999        1.3825100000000000E-002   11.453439648703236        11.413702923758725        11.482941529504421        11.311992981678779        11.371674271980821        11.591411832836966        11.810677197671550        12.046970599238149        11.391174480958727        11.595411832836964        11.818205861337292        12.009206279293108        12.163971017193967        10.544729067801724        11.465437976879960        11.486175316870364        11.468676361759909        11.477206058427369        11.688707521272731        11.728208148206461        11.782737008962277        12.650240792368978        11.676014946163589     
   12846.179910309143       -2.3283640000000001       0.26246518663564711        7.8680155000000003        1.3823100000000000E-002   11.458847300710653        11.419633252027749        11.487309777481782        11.319362942809631        11.377720594386515        11.596473521634364        11.815106669363827        12.050991874405492        11.397105314027753        11.600473521634362        11.822512885599737        12.013282324882210        12.167761313687967        10.551929273974151        11.471769543580761        11.491644192592700        11.473567790798880        11.481404046646299        11.692097084134955        11.731251243058663        11.785548620341137        12.666679640675225        11.686964571931297     
   12817.637942982712       -2.3323600000000000       0.26424435664425072        7.8681443000000000        1.3821000000000000E-002   11.464212485693565        11.425515006232747        11.491647451640944        11.326667951170741        11.383717031660815        11.601496718209358        11.819504756467847        12.054986529756736        11.402987583432743        11.605496718209356        11.826790146814037        12.017331250357902        12.171527633300595        10.559066359541507        11.478048071518121        11.497069790520467        11.478422549380124        11.485573282811707        11.695467145215222        11.734278800531015        11.788347326874877        12.682949640587037        11.697808269040888     
   12788.864913033583       -2.3363870000000002       0.26605247108057667        7.8682699999999999        1.3819000000000000E-002   11.469602758184973        11.431425924776537        11.496001895054182        11.334013784098691        11.389743545124400        11.606542217141378        11.823919980254281        12.058995194010588        11.408899004776533        11.610542217141376        11.831083809854089        12.021394729158356        12.175306113314857        10.566242788603059        11.484359080967902        11.502520843385074        11.483298141645744        11.489757819558552        11.698846037123491        11.737312416079892        11.791150255384164        12.699332936432310        11.708721454882529     
   12760.303380349847       -2.3403980000000000       0.26786083567368224        7.8683966999999999        1.3816999999999999E-002   11.474955804427111        11.437295668199830        11.500326726119706        11.341308000963323        11.395728041478431        11.611553031791310        11.828305030778026        12.062976779883904        11.414769254999833        11.615553031791308        11.835348421461390        12.025430848504186        12.179059206926702        10.573368732664438        11.490626096255916        11.507934109085429        11.488140176692426        11.493913871020823        11.702202365670615        11.740326006234817        11.793934846477612        12.715598064152488        11.719556794999939     
   12731.629739315767       -2.3444289999999999       0.26966945045817919        7.8685216000000002        1.3814999999999999E-002   11.480417778225199        11.443272452359167        11.504756448840567        11.348714974835026        11.401893500844643        11.616597940454252        11.832756448840570        12.066984629952920        11.420820019801901        11.620597940454253        11.839791285203589        12.029497361032639        12.182876312547165        10.580680138472012        11.497040462930116        11.513452614588218        11.493050373011513        11.498205073081131        11.705655869418955        11.743361945248004        11.796775733125550        12.732343623298895        11.730704407525067     
   12703.137530419637       -2.3484500000000001       0.27149267254112786        7.8686474999999998        1.3813000000000001E-002   11.485896786058431        11.449260957409470        11.509209737153538        11.356124727787074        11.408110447166111        11.621621576545143        11.837209737153534        12.070975821437434        11.426922997287788        11.625621576545141        11.844298698991286        12.033548899478005        12.186699409721362        10.588035765949327        11.503485346922753        11.518985747896179        11.497959536666825        11.502538171072400        11.709137060086396        11.746387260573110        11.799626732654220        12.749218003890574        11.741934471812256     
   12674.563162308756       -2.3524829999999999       0.27333050796344471        7.8687718000000002        1.3811100000000000E-002   11.491374850810146        11.455250109317191        11.513659124653262        11.363539346630354        11.414328691218721        11.626642948607088        11.841659124653262        12.074962013307402        11.433026943867958        11.630642948607090        11.848802480957247        12.037595491554185        12.190516909652658        10.595395990326370        11.509932185920249        11.524518207114131        11.502866114056324        11.506867255359698        11.712611667600360        11.749404678197301        11.802469452599752        12.766124324286647        11.753180313052379     
   12646.198663129791       -2.3565019999999999       0.27518296281503174        7.8688969000000002        1.3809100000000000E-002   11.496830511962882        11.461213212267522        11.518093663835552        11.370917555352003        11.420519210562484        11.631645278172956        11.846093663835555        12.078936982527582        11.439104005215002        11.635645278172960        11.853291130350270        12.041630308960345        12.194324310665385        10.602720088837289        11.516349621257442        11.530027978477596        11.507754485225478        11.511182598570025        11.716078694622942        11.752417873233020        11.805309341452771        12.782924283910967        11.764361483051639     
   12617.781426477672       -2.3605350000000000       0.27703568006060597        7.8690202999999999        1.3807099999999999E-002   11.502295623326273        11.467186826411208        11.522535754679470        11.378309023848860        11.426720656199389        11.636656207349915        11.850535754679466        12.082918876226181        11.445191781905297        11.640656207349917        11.857787541788046        12.045672044611688        12.198138214823512        10.610057236740278        11.522778404787566        11.535547410434852        11.512651251855825        11.515505499108446        11.719551591941244        11.755436094764885        11.808154052085289        12.799754809135205        11.775562881539319     
   12589.486022708496       -2.3645570000000000       0.27890302494603203        7.8691447999999999        1.3805100000000001E-002   11.507738567928666        11.473136202856875        11.526960064746174        11.385670285058413        11.432896893875206        11.641646923492001        11.854960064746173        12.086885186983434        11.451254837966044        11.645646923492002        11.862266055237718        12.049697831601055        12.201937140582721        10.617364294566869        11.529181005693541        11.541044558420214        11.517528288382838        11.519811354710932        11.723010972855224        11.758442749218560        11.810988048691772        12.816514421245270        11.786717616278512     
   12561.138378554422       -2.3685990000000001       0.28077063638512662        7.8692678000000003        1.3803200000000000E-002   11.513175144666498        11.479080261171134        11.531376126294457        11.393028949562030        11.439068225342698        11.646630429923366        11.859376126294457        12.090842626188561        11.457312778856920        11.650630429923368        11.866736528055963        12.053714742112835        12.205726777941269        10.624668547800521        11.535579118314264        11.546535546428007        11.522397912237583        11.524108965645908        11.726460438483922        11.761438652540793        11.813811090130738        12.833288579644726        11.797876657117122     
   12532.941138753400       -2.3726250000000002       0.28266725308348212        7.8693917000000004        1.3801200000000000E-002   11.518600105871274        11.485010121274330        11.535785986866395        11.400366020237273        11.445224158964303        11.651604730891330        11.863785986866398        12.094796523687679        11.463355923519318        11.655604730891328        11.871200627289506        12.057727685509560        12.209513647819586        10.631951379814163        11.541960629854275        11.552014746294384        11.527258928646342        11.528401230022640        11.729908941484625        11.764435999704682        11.816636602437820        12.849990949969916        11.808993818143703     
   12504.720816258545       -2.3766650000000000       0.28456414467931429        7.8695142000000002        1.3799300000000000E-002   11.524013414125205        11.490928853791813        11.540183363510513        11.407693227338148        11.451369144061745        11.656567003985343        11.868183363510516        12.098737782089172        11.469388027326781        11.660567003985344        11.875652393037258        12.061727926097396        12.213287635827465        10.639224197811403        11.548331377531680        11.557482443651951        11.532107830450377        11.532681132294071        11.733344285622566        11.767419818682702        11.819448557939515        12.866690917221790        11.820104110000242     
   12476.650222585031       -2.3806900000000000       0.28646131121246615        7.8696375999999999        1.3797300000000000E-002   11.529485947185911        11.496952942734207        11.544645355198970        11.415264537016533        11.457573595172242        11.661733003185301        11.872694058127344        12.102754315907415        11.475480196062581        11.665688307004014        11.880127912346058        12.065847715017075        12.217133663469387        10.646737283688157        11.554809096319932        11.563106599623943        11.537018951637609        11.536985810308021        11.736760067030747        11.770479869701763        11.822199672372786        12.883950601609858        11.831572398307546     
   12448.556649892200       -2.3847309999999999       0.28837312832925638        7.8697596000000001        1.3795399999999999E-002   11.534961373694577        11.502990240696734        11.549109413090699        11.422879694982191        11.463782252537092        11.666930291933211        11.877216613130626        12.106773984568393        11.481576479136661        11.670831718572705        11.884597078170119        12.069979757968825        12.220981972728035        10.654293456542264        11.561300999377879        11.568753385534938        11.541932506692424        11.541284104729760        11.740158879126311        11.773541558925016        11.824924238723723        12.901336238940287        11.843115060517865     
   12420.554934622116       -2.3887640000000001       0.29029960236774238        7.8698826999999998        1.3793400000000001E-002   11.540435747978385        11.509024649285941        11.553575725624782        11.430486582362562        11.469987355185935        11.672127332832332        11.881741120463264        12.110797144794191        11.487669574924425        11.675974947409308        11.889068265840237        12.074114925055703        12.224834438894195        10.661841656724079        11.567788310547446        11.574398453878381        11.546846846670825        11.545585090740243        11.743563317848150        11.776609977063615        11.827656636279080        12.918681863298609        11.854636820500005     
   12392.530601392960       -2.3928110000000000       0.29224073971519282        7.8700044000000000        1.3791500000000000E-002   11.545898665590164        11.515048053562305        11.558029767240312        11.438083519856386        11.476181477539990        11.677312579190138        11.886253296023570        12.114807454434684        11.493751599945563        11.681106230378967        11.893526964812397        12.078237332029113        12.228674030456999        10.669379973473129        11.574264761512106        11.580032089567849        11.551749277618024        11.549873558434713        11.746954520079287        11.779664887296002        11.830375254512719        12.936025637799547        11.866152020489286     
   12364.768794014846       -2.3968270000000000       0.29418216480778575        7.8701265999999999        1.3789500000000000E-002   11.551329088052011        11.521033712171715        11.562460764636548        11.445627748851180        11.482336150379773        11.682467826964306        11.890741771620661        12.118798660885080        11.499795225555832        11.686207909124484        11.897962360180841        12.082339585709022        12.232496222677021        10.676866235467060        11.580699007011773        11.585631526260070        11.556624463932309        11.554140428372783        11.750332523381257        11.782709748909433        11.833086974437613        12.953225600189718        11.877578015744803     
   12337.097585957052       -2.4008440000000002       0.29613826182042974        7.8702486000000000        1.3787600000000001E-002   11.556727194656402        11.526985242937263        11.566862707750856        11.453132546588629        11.488456036053998        11.687591549148452        11.895200896811422        12.122762031991128        11.505804426397829        11.691278128552851        11.902368470615817        12.086413641647303        12.236291238874392        10.684313363128060        11.587097444426908        11.591197987773141        11.561469146375542        11.558378671899076        11.753684800249706        11.785729971281190        11.835775142312675        12.970354835010612        11.888952127289679     
   12309.459959889980       -2.4048579999999999       0.29808026466351295        7.8703687999999996        1.3785700000000000E-002   11.562119225267836        11.532930026070034        11.571259783823876        11.460628506045275        11.494568860375235        11.692709418931273        11.899654982768634        12.126720856111195        11.511806700214795        11.696342457715595        11.906769496752954        12.090483016271634        12.240082021805993        10.691751831900518        11.593488379640874        11.596758059573034        11.566308424465632        11.562612137647754        11.757033381164234        11.788746900682913        11.838460420201592        12.987463776674481        11.900312923531601     
   12282.167051859044       -2.4088330000000000       0.30003694379287665        7.8704888999999998        1.3783800000000001E-002   11.567447863341203        11.538804522304021        11.575605877208128        11.468034612718712        11.500609198252265        11.697767212119190        11.904057265763806        12.130633950956666        11.517737866459699        11.701347268882307        11.911119278126924        12.094505282749234        12.243829275008425        10.699101268563028        11.599803250393071        11.602252539289447        11.571091204378385        11.566796557778682        11.760343947838168        11.791729952460477        11.841115957082787        13.004363166552968        11.911535868939650     
   12254.878222561969       -2.4128189999999998       0.30199391511989598        7.8706076999999999        1.3781900000000000E-002   11.572775861083478        11.544678296632242        11.579951477095712        11.475439568917029        11.506648684470996        11.702824300483229        11.908458947024716        12.134546412204962        11.523668197361246        11.706351283302482        11.915468360643967        12.098526899314713        12.247576024366204        10.706449668188021        11.606117128619506        11.607746248922236        11.575873425534716        11.570980403605212        11.763654075927192        11.794712614597938        11.843771153268680        13.021260202317205        11.922757303410094     
   12227.903423743443       -2.4167640000000001       0.30395117868820670        7.8707266000000002        1.3780000000000001E-002   11.578190728687698        11.550632660212830        11.584352569630095        11.482992641988226        11.512809432822884        11.707837183467596        11.912823959237439        12.138558800322361        11.529678364205491        11.711354277067596        11.919823959237437        12.102558800322360        12.251382027712307        10.713904255683200        11.612503299032937        11.613236432680356        11.580748797162567        11.575175797020041        11.767028482492204        11.797720641264753        11.846452460669386        13.038641275650637        11.934262935274194     
   12200.959906664517       -2.4207160000000001       0.30590873454144640        7.8708451999999998        1.3778100000000000E-002   11.583631608709471        11.556612410576179        11.588771345191194        11.490588054576307        11.519004731322863        11.712846967216098        11.917186624176050        12.142598143056023        11.535713750791327        11.716363586416101        11.924186624176048        12.106598143056022        12.255205822309339        10.721391894202963        11.618913671269542        11.618732948924617        11.585650806842761        11.579379024444510        11.770421180815969        11.800737879537753        11.849142878360770        13.056151428123766        11.945845988389959     
   12174.131821973118       -2.4246550000000000       0.30788097974852824        7.8709629000000003        1.3776300000000000E-002   11.589034747832418        11.562552111392957        11.593156657666139        11.498136498874569        11.525159056817170        11.717820856983987        11.921516169111346        12.146605750975024        11.541708748347755        11.721337005383990        11.928516169111344        12.110605750975022        12.258998805550807        10.728833026162462        11.625282150641386        11.624191384787217        11.590517384271880        11.583549712241926        11.773784914702379        11.803727660808743        11.851807441474936        13.073572136788460        11.957364989222551     
   12147.362728224563       -2.4285960000000002       0.30985352164356661        7.8710792999999999        1.3774399999999999E-002   11.594442434469915        11.568495179905423        11.597548656701672        11.505684781811947        11.531316278079625        11.722800238121508        11.925852626398896        12.150620979137592        11.547706893008201        11.726315920921508        11.932852626398898        12.114620979137595        12.262799880963389        10.736274232724849        11.631653059053829        11.629654147572690        11.595389689034405        11.587727558527469        11.777157684614981        11.806727201369352        11.854482676989598        13.090970980625311        11.968875098034715     
   12120.875768433001       -2.4325040000000002       0.31182636027119587        7.8711957000000004        1.3772599999999999E-002   11.599780576283207        11.574363060914548        11.601881715120689        11.513140949208568        11.537396054767084        11.727714588578136        11.930130824220528        12.154581333441724        11.553629169014711        11.731229805778137        11.937130824220530        12.118581333441723        12.266548339589187        10.743624452282303        11.637944265819618        11.635046684383367        11.600198091651867        11.591848721268155        11.780482351884116        11.809682472279205        11.857117262226348        13.108173883625225        11.980251335480487     
   12094.418714201878       -2.4364180000000002       0.31381389921540720        7.8713125000000002        1.3770700000000000E-002   11.605128830798540        11.580240456514504        11.606225921234072        11.520604833662391        11.543485106800889        11.732639530225770        11.934420329366615        12.158553353937039        11.559560798381961        11.736154280225771        11.941420329366617        12.122553353937038        12.270308703650651        10.750982508519195        11.644244507087274        11.640449172665997        11.605017205082577        11.595981270947687        11.783819403077880        11.812650444372570        11.859765110351271        13.125373496836099        11.991630863960511     
   12068.130560648300       -2.4403120000000000       0.31580173933080369        7.8714275000000002        1.3768900000000001E-002   11.610429127586219        11.586066516373251        11.610528484548006        11.528007262734356        11.549521471888067        11.737519216556592        11.938668640012150        12.162486206739928        11.565440650909110        11.741033506556590        11.945668640012151        12.126486206739930        12.274031251225118        10.758279784976949        11.650490717402882        11.645803262122076        11.609791738799181        11.600073529033192        11.787121340195490        11.815585563701717        11.862382339115193        13.142449506415780        12.002923939758404     
   12042.370923125913       -2.4441380000000001       0.31776106486920980        7.8715415999999996        1.3767100000000001E-002   11.615628626804796        11.591781208342276        11.614750210913972        11.535266620154719        11.555442240957266        11.742306561574811        11.942837297329827        12.166345748407341        11.571207955526415        11.745820395174807        11.949837297329829        12.130345748407340        12.277684715792347        10.765436103847225        11.656617107172263        11.651055373988935        11.614476045267313        11.604089178298974        11.790362650562361        11.818467332516516        11.864952805533246        13.159187954044384        12.013995723532087     
   12016.887627215872       -2.4479320000000002       0.31972068300046885        7.8716546999999997        1.3765299999999999E-002   11.620775440875335        11.597437688331013        11.618929648002666        11.542451193098060        11.561302587313289        11.747045642910784        11.946964327163968        12.170166978690560        11.576916390369714        11.750559024110785        11.953964327163966        12.134166978690558        12.281302079708283        10.772518743606923        11.662680867495560        11.656254142914030        11.619113193419651        11.608064749020393        11.793572281743739        11.821321185817894        11.867498882758220        13.175749927482620        12.024951824270111     
   11991.568703349121       -2.4517080000000000       0.32166618159162136        7.8717652999999999        1.3763500000000000E-002   11.618479157378964        11.594149614160539        11.618158582869103        11.537954935589735        11.557718895382305        11.745095405778013        11.946175507208114        12.170513233467528        11.573166538499549        11.748369240521132        11.953665058552954        12.134034517963286        12.282445783094321        10.768169937766253        11.659060615264242        11.653504201415423        11.617310407954527        11.607614469175214        11.797815139997763        11.827440500914694        11.874107398839360        13.200870940937282        12.020023326371668     
   11966.165358704904       -2.4555009999999999       0.32364079721632516        7.8718757999999998        1.3761799999999999E-002   11.623815958979783        11.599954203111832        11.622545853383752        11.545262271881203        11.563686431548337        11.750080481800769        11.950608319075283        12.174505600702329        11.579016668803362        11.753383003351811        11.958109420654583        12.138124930175433        12.286234923571971        10.775331463416439        11.665261451585192        11.658919284077946        11.622149673336001        11.611906542863284        11.801174052644228        11.830591420705613        11.877053747783304        13.218995331635721        12.031215082174516     
   11939.138767729717       -2.4595470000000001       0.32575987572857412        7.8719923999999999        1.3759900000000000E-002   11.629499207859542        11.606135130449353        11.627245858752747        11.553046279183583        11.570040718251921        11.755402818416638        11.955347788644129        12.178780921090659        11.585237060340734        11.758735998217258        11.962856630698369        12.142495471786457        12.290294031232499        10.782965029127400        11.671864192875720        11.664690461585568        11.627321568360454        11.616491939529890        11.804780090713120        11.833967123535334        11.880216108912894        13.238301123413155        12.043123080341271     
   11912.118361124916       -2.4635989999999999       0.32789371528576522        7.8721076999999999        1.3758100000000001E-002   11.635156181998429        11.612289669164529        11.631947601158640        11.560807987245227        11.576368576664134        11.760712671160224        11.960079723957236        12.183053400343642        11.591421791963125        11.764076643085840        11.967591629364239        12.146853784101015        12.294350347232641        10.790581146264241        11.678440678352636        11.670440118599547        11.632485830179238        11.621065349301851        11.808388220256262        11.837335640954723        11.883375779470615        13.257595937849597        12.054998906771562     
   11885.213839839855       -2.4676450000000001       0.33002790161537088        7.8722251999999999        1.3756300000000001E-002   11.640780920509483        11.618409838293244        11.636648809866498        11.568532844954246        11.582661322155081        11.766005412350692        11.964801794372454        12.187322558523471        11.597562822799196        11.769400184016382        11.972312121591985        12.151199112287939        12.298404269242189        10.798165805538565        11.684981179367186        11.676161874891518        11.637638372935013        11.625625104757964        11.812000599621021        11.840700187364826        11.886536808352629        13.276818296122661        12.066811324476850     
   11858.834277169368       -2.4716209999999998       0.33214801108847858        7.8723429999999999        1.3754400000000000E-002   11.646308334805450        11.624423016408940        11.641297459028102        11.576123686342811        11.588843709338455        11.771220528147985        11.969461983243690        12.191543118304224        11.603587540624527        11.774645638579912        11.976966294085102        12.155485347202685        12.302413792521577        10.805623793003804        11.691406650900717        11.681788987025616        11.642720634808981        11.630121803858604        11.815581758285131        11.844029386401154        11.889670766850603        13.295695744113914        12.078401311525404     
   11836.001185833642       -2.4750719999999999       0.33399437152867356        7.8724480999999997        1.3752700000000000E-002   11.651094281654149        11.629629420935498        11.645344162451696        11.582699078883625        11.594196574446851        11.775746739815197        11.973511548168073        12.195215726126126        11.608796806651878        11.779198227407175        11.981007092869167        12.159207598008017        12.305903735612791        10.812087868263159        11.696970027613645        11.686664875446187        11.647135529194731        11.634026378908469        11.818704560721503        11.846926941083503        11.892402780217594        13.312051129046747        12.088431260841244     
   11814.381755231701       -2.4783510000000000       0.33575442536470473        7.8725490000000002        1.3751100000000000E-002   11.655618229666141        11.634551477791094        11.649186446345064        11.588920303930623        11.599257306978826        11.780033811685032        11.977350446174563        12.198700763273644        11.613715477620589        11.783510376123454        11.984834655019432        12.162733474797763        12.309215817315495        10.818206830336452        11.702230160076917        11.691277094876137        11.651320338090857        11.637725009047253        11.821672121630124        11.849675094703175        11.894997149530630        13.327541723511390        12.097917472410222     
   11793.779396284321       -2.4814759999999998       0.33744256732651595        7.8726428000000004        1.3749600000000001E-002   11.659919928862227        11.639232557066475        11.652855101016005        11.594842134768403        11.604070538026132        11.784117978516196        11.981010357191781        12.202026228335196        11.618387813242247        11.787618524789526        11.988481014170421        12.166092274569717        12.312376463505469        10.824034043103435        11.707233476672950        11.695665719309776        11.655309886851231        11.641248540440582        11.824507270678701        11.852295592781186        11.897473781025791        13.342305213308432        12.106945306467313     
   11772.589478040314       -2.4846960000000000       0.33918865166678552        7.8727387000000002        1.3748099999999999E-002   11.664331938193172        11.644034766028639        11.656632862016963        11.600923223709540        11.609008667600595        11.788314607125137        11.984773508508127        12.205448222752025        11.623175412519807        11.791839907517854        11.992227437594543        12.169542872981722        12.315628938576346        10.830020693443885        11.712367163606935        11.700169984859784        11.659412076859482        11.644868658006118        11.827427820003766        11.854989711736692        11.900022669247662        13.357488627567157        12.116215477630703     
   11749.624839718679       -2.4881910000000000       0.34107930203785874        7.8728408999999999        1.3746500000000000E-002   11.669107314963423        11.649233113058916        11.660737694552587        11.607510979768861        11.614353578583369        11.792865080448649        11.988856549420099        12.209164974117606        11.628351317725443        11.796416389861911        11.996289854405994        12.173284502042474        12.319161972835353        10.836510802386080        11.717924038160426        11.705047281990716        11.663863402424742        11.648794188222503        11.830604370395090        11.857914031191498        11.902791324601594        13.373959010082537        12.126256691231582     
   11725.786975128032       -2.4918220000000000       0.34307127367161044        7.8729462000000003        1.3744800000000000E-002   11.674341217460185        11.654909843094011        11.665131474417603        11.614644381451154        11.620136196298127        11.797800781984350        11.993255682323777        12.213196307707491        11.633990250443247        11.801325643400837        12.000709387376631        12.177365779535624        12.323002603508513        10.843636593830567        11.723925417153360        11.710304311010269        11.668696142264274        11.653070335596844        11.834077124921322        11.861102984950499        11.905732021302800        13.391875956562849        12.137195852801177     
   11701.216098840139       -2.4955740000000000       0.34513573663671920        7.8730542000000003        1.3743099999999999E-002   11.679735396669354        11.660756629378888        11.669659697317105        11.621985223025710        11.626092173433868        11.802880046648951        11.997793213090933        12.217350970410511        11.639798077147507        11.806385221994145        12.005267940261731        12.181579465848380        12.326960699201233        10.850977135090318        11.730106804054099        11.715718457106487        11.673676823108920        11.657480981982825        11.837659874925539        11.864400698896691        11.908773844314158        13.410346973384403        12.148459366049703     
   11676.320303592251       -2.4993859999999999       0.34722940420496889        7.8731641999999997        1.3741400000000001E-002   11.685205217793950        11.666681079728100        11.674252110948103        11.629415785630520        11.632127286542211        11.808022978137537        12.002398992688796        12.221564920595430        11.645683052724614        11.811516054444766        12.009894997296783        12.185861030898437        12.330975483024169        10.858415204151385        11.736370243077285        11.721204511817071        11.678727677872772        11.661958077702970        11.841298335267659        11.867758114011139        11.911871984657736        13.429070462345251        12.159864348834223     
   11652.979971145702       -2.5029650000000001       0.34922230776186736        7.8732693999999999        1.3739700000000001E-002   11.690458210389172        11.672339407946405        11.678696112091695        11.636415688700952        11.637889179131493        11.812934032962938        12.006902200425431        12.225706940097686        11.651328540098598        11.816444870809137        12.014389891644607        12.190095020213102        12.334986116012695        10.865423531024371        11.742339150971235        11.726433745986165        11.683574284124541        11.666346746042530        11.845012011508510        11.871237138022616        11.915166947888464        13.446706422634813        12.170430739077377     
   11630.382552501782       -2.5064410000000001       0.35115773497904956        7.8733718000000001        1.3738100000000000E-002   11.695555318702070        11.677824655910435        11.683017125694679        11.643193001784635        11.643474610873401        11.817695131015245        12.011273470353974        12.229738465534847        11.656805935851889        11.821224512700713        12.018754509599344        12.194216935324842        12.338903031812659        10.872196053300058        11.748121554719464        11.731502691451201        11.688270794359923        11.670610586027035        11.848647857914312        11.874647001651475        11.918405028261642        13.463796069702664        12.180626593473210     
   11608.176424075657       -2.5098620000000000       0.35307900030296879        7.8734728000000000        1.3736500000000000E-002   11.700581239620039        11.683228789488261        11.687286700667304        11.649863691668738        11.648977120494695        11.822387682599693        12.015583061461239        12.233723566525626        11.662205559265413        11.825935259764652        12.023060478987329        12.198290860829321        12.342784950661812        10.878849415056155        11.753814593069077        11.736497833122623        11.692896743700096        11.674817695997188        11.852256998103652        11.878033927356572        11.921626306822649        13.480612970743767        12.190631286439828     
   11586.092727883661       -2.5132710000000000       0.35500054620673654        7.8735727000000004        1.3734900000000000E-002   11.705593321963605        11.688613855078685        11.691552810529831        11.656505247680816        11.654459949984478        11.827065117372172        12.019879746048240        12.237706768664964        11.667589283716939        11.830630759615978        12.027356450271334        12.202362397753426        12.346674830085256        10.885461331690518        11.759483913508909        11.741476246684464        11.697504856292870        11.679015509769158        11.855878945670877        11.881434756664909        11.924865517324523        13.497357074971148        12.200563554633000     
   11563.917908997271       -2.5166970000000002       0.35693682361782159        7.8736720000000000        1.3733400000000000E-002   11.710621747865131        11.694013655933924        11.695838410473650        11.663163626921174        11.659957850115633        11.831754394997384        12.024186785590439        12.241708289490761        11.672990885212036        11.835338145367553        12.031665695601534        12.206452617854771        12.350591972428836        10.892077500079944        11.765166068892599        11.746467787604344        11.702121420979326        11.683226334673721        11.859530380603589        11.884864046287477        11.928135653425622        13.514172051144476        12.210501234567568     
   11541.121151411719       -2.5202290000000001       0.35896010433716036        7.8737741000000003        1.3731699999999999E-002   11.715829255914171        11.699599674814786        11.700288760740493        11.670040272207769        11.665644646164969        11.836609991683565        12.028649496714946        12.245866593112352        11.678582035336662        11.840212328989514        12.036133749921257        12.210702108506707        12.354673284562358        10.898897746090503        11.771039139293491        11.751634153990095        11.706899014045723        11.687593339543517        11.863341988867907        11.888447176466476        11.931558446719498        13.531503117285039        12.220723043561327     
   11518.024553492200       -2.5238100000000001       0.36099815143291741        7.8738770000000002        1.3730100000000000E-002   11.721099428257808        11.705249953333350        11.704798539405012        11.676994787509305        11.671396953407701        11.841520270506706        12.033161780671300        12.250080481739928        11.684240895708925        11.845141407477627        12.040654652710781        12.215008383525959        12.358819261138805        10.905781674670909        11.776976907324567        11.756859303844422        11.711726894017730        11.692011983338141        11.867218261252283        11.892091875681920        11.935044099013929        13.549063006369700        12.231039728095880     
   11494.815369657483       -2.5274179999999999       0.36306542928245655        7.8739790999999997        1.3728499999999999E-002   11.726435310398891        11.710974705588178        11.709387422150044        11.684066748828755        11.677237384559458        11.846489621716323        12.037752049067784        12.254377954415311        11.689988099085856        11.850137081894360        12.045243392771354        12.219385420403498        12.363060317193117        10.912758650608065        11.783025650365651        11.762147950699568        11.716612912573645        11.696508475470608        11.871168212806211        11.895813487572070        11.938619722255105        13.566933073414045        12.241478978716167     
   11471.626538635737       -2.5310269999999999       0.36514749163812305        7.8740819999999996        1.3726900000000000E-002   11.731876117933606        11.716836566955063        11.714124479288568        11.691401831731067        11.683262808734188        11.851561969839270        12.042517860793932        12.258848622682322        11.695911902145717        11.855259500378519        12.049962268902927        12.223887345958023        12.367484087690936        10.919963637094543        11.789339411252225        11.767551417142538        11.721610686379453        11.701171364487788        11.875220335709923        11.899663313581819        11.942363270687274        13.585529812411981        12.252211197419768     
   11448.247239599494       -2.5346769999999998       0.36727326986508707        7.8741855999999997        1.3725200000000000E-002   11.737389176964395        11.722770759822680        11.718934989812283        11.698803980536717        11.689365364079002        11.856710549711309        12.047357253896475        12.263397460855991        11.701911923921848        11.860455004142825        12.054754473441541        12.228464171437203        12.371985596140696        10.927245052785779        11.795722310862175        11.773037260255059        11.726684055040451        11.705907122046018        11.879347118995586        11.903603428651785        11.946199816750642        13.604327976001414        12.263017788885335     
   11424.731441429480       -2.5383529999999999       0.36941385580576569        7.8742901999999999        1.3723600000000001E-002   11.742931033927437        11.728732778979047        11.723777269373038        11.706224939138160        11.695500236189989        11.861892880129790        12.052228475962632        12.267983536127421        11.707943586743397        11.865680938549712        12.059578347842983        12.233074833589992        12.376524018313209        10.934555131448217        11.802128660693231        11.778562300471780        11.731790727425565        11.710674219903566        11.883508622061587        11.907594678919803        11.950090496480723        13.623253834048281        12.273842182749309     
   11401.080181783162       -2.5420579999999999       0.37159819051972770        7.8743945000000002        1.3721900000000000E-002   11.748533338053141        11.734754185621311        11.728683119513613        11.713695920693146        11.701699053070348        11.867140729278871        12.057163323851965        12.272638777847321        11.714038518227616        11.870969014020814        12.064465676108631        12.237751208491177        12.381131284369230        10.941925265007503        11.808589885833337        11.784158361640364        11.736962493410983        11.715504444567129        11.887736804872608        11.911669326129816        11.954067608362616        13.642338765411187        12.284715071531872     
   11377.661269275113       -2.5457350000000001       0.37376841802547095        7.8745012000000001        1.3720300000000000E-002   11.754081429203264        11.740713818652004        11.733548674473376        11.721073292625370        11.707837867689317        11.872344896402133        12.062057483614570        12.277263191463874        11.720074397224160        11.876209440685749        12.069312864062390        12.242392999670436        12.385708146438162        10.949213319103254        11.814978011507307        11.789710810604049        11.742091351890220        11.720295089897739        11.891938348551154        11.915736326204275        11.958041589496872        13.661258249344396        12.295439996364447     
   11356.408340772783       -2.5490819999999998       0.37575087147180963        7.8745992999999999        1.3718700000000000E-002   11.759151863085734        11.746154757534445        11.738005792674361        11.727785714836372        11.713444456864799        11.877109268408915        12.066540463949003        12.281507497758898        11.725587504105249        11.881003646111793        12.073753273427279        12.246650028699470        12.389909257038980        10.955853753488157        11.820801785723724        11.794794268374424        11.746787421019093        11.724684186191340        11.895798899103454        11.919489825429615        11.961713710009708        13.678481607715344        12.305172329738056     
   11336.213067233357       -2.5522670000000001       0.37766125469817596        7.8746935000000002        1.3717200000000001E-002   11.763977373161861        11.751329706211695        11.742253882157755        11.734155538125155        11.718779500855700        11.881649271623299        12.070813041452457        12.285558678833606        11.730833657496234        11.885569294603808        12.077985436046006        12.250710618570054        12.393919354282101        10.962163161179721        11.826335204997974        11.799640143947492        11.751262570003984        11.728867589340954        11.899485437790542        11.923087901136640        11.965237114686300        13.694871289760115        12.314395869174628     
   11316.757245892566       -2.5553409999999999       0.37951401195726064        7.8747851999999998        1.3715800000000000E-002   11.768628858427915        11.756315407895547        11.746354042317590        11.740280080399712        11.723921919955410        11.886030599236632        12.074936711461296        12.289474037014974        11.735890384175141        11.889972841946944        12.082070194681512        12.254632575682818        12.397795097543588        10.968236858151515        11.831661355231025        11.804318607196150        11.755581475856280        11.732905373840760        11.903049531248870        11.926578986300283        11.968658695423740        13.710678273123564        12.323254965368461     
   11297.725018543113       -2.5583570000000000       0.38132359653684944        7.8748753000000002        1.3714300000000000E-002   11.773209031704685        11.761220210402140        11.750399596406403        11.746287275452989        11.728982393345184        11.890351133673192        12.079005185756845        12.293343460129773        11.740866975910208        11.894312755787222        12.086100617068219        12.258506118760600        12.401625734561033        10.974201296098851        11.836894546530427        11.808932152276373        11.759841013085548        11.736889844817110        11.906575370819521        11.930045000522775        11.972059011117789        13.726185040456659        12.331923238377854     
   11279.140330329295       -2.5613049999999999       0.38310447020688299        7.8749614000000001        1.3712999999999999E-002   11.777664292336862        11.765990253750264        11.754337289585589        11.752122698615945        11.733906713756866        11.894557272868628        12.082965190081630        12.297113590458547        11.745709333297501        11.898535573849127        12.090023466142398        12.262278051129545        12.405357960801137        10.980001622586769        11.841980830234672        11.813426654986365        11.763987657633134        11.740767823019443        11.910010027562368        11.933432297629064        11.975384323670919        13.741323265919103        12.340343869781631     
   11259.367642228508       -2.5644439999999999       0.38501591927102891        7.8750532000000000        1.3711500000000000E-002   11.782432490534477        11.771090953706748        11.758559702794061        11.758344829139338        11.739174011905940        11.899065205242112        12.087211261652174        12.301162540639732        11.750889372862362        11.903058821984493        12.094229999474630        12.266326511283962        12.409366549756635        10.986193630446087        11.847413174723252        11.818243821272306        11.768432379130461        11.744926617172853        11.913702112979268        11.937085989612529        11.978974412005803        13.757471729448300        12.349302013445270     
   11239.500215999333       -2.5676040000000002       0.38695661306046530        7.8751449999999998        1.3710099999999999E-002   11.787348874842529        11.776353402855484        11.762911714738788        11.764707108819586        11.744583914513619        11.903717031101660        12.091565989702577        12.305345251611712        11.756226075593879        11.907704038623564        12.098565989702578        12.270506251502930        12.413508720142765        10.992510613567045        11.852976385271383        11.823236377861996        11.772993244370959        11.749187160503062        11.917590844428815        11.940876058835457        11.982730520062169        13.774080389102906        12.358440373181313     
   11219.693680593389       -2.5707570000000000       0.38888310642011492        7.8752364999999998        1.3708600000000000E-002   11.792394409853097        11.781756161733819        11.767380905100771        11.771179133269596        11.750110518373267        11.908492852921674        12.096019194956758        12.309650643691102        11.761694532101055        11.912459158860242        12.103019194956756        12.274806232578863        12.417773792920881        10.998919198009508        11.858651496833742        11.828376925148261        11.777655795314002        11.753542646975680        11.921666372337546        11.944791576425720        11.986637241941414        13.791003622114671        12.367702265484644     
   11199.767317199439       -2.5739359999999998       0.39085334545157274        7.8753282000000002        1.3707199999999999E-002   11.797463290486981        11.787184345629100        11.771874974313882        11.777668049742832        11.755658356803021        11.913290365075248        12.100497160221607        12.313984943722648        11.767186390754489        11.917240865669591        12.107497160221609        12.279132610297893        12.422067611505334        11.005344267122034        11.864351221413358        11.833541369328582        11.782341834568847        11.757924862623696        11.925777060883689        11.948741187374168        11.990578021412020        13.808024719477462        12.376982780207463     
   11179.773373367476       -2.5771320000000002       0.39282387870563434        7.8754198999999998        1.3705800000000001E-002   11.802558788414604        11.792640283414716        11.776398772376371        11.784173192909645        11.761229374638468        11.918113550610617        12.105004777399817        12.318353491778627        11.772703773166480        11.922053254534436        12.112004777399815        12.283490704667212        12.426395622804637        11.011785322825904        11.870077146271445        11.838732731343924        11.787055667252009        11.762338991938552        11.929928938619302        11.952731330515338        11.994559331840346        13.825115667372746        12.386273729423191     
   11159.660945458238       -2.5803550000000000       0.39483818368023277        7.8755119999999996        1.3704300000000001E-002   11.807709299540356        11.798153287810102        11.780979311182186        11.790726332948104        11.766853107590919        11.922990112052481        12.109569016438257        12.322782976004298        11.778276108330264        11.926924071336018        12.116569016438255        12.287907136293484        12.430784412607224        11.018273972050370        11.875859241763155        11.843979651078957        11.791824747304780        11.766811808623281        11.934148245002056        11.956787820838887        11.998606977579904        13.842335456026724        12.395613772227872     
   11139.328204371206       -2.5836139999999999       0.39688178556663845        7.8756050000000002        1.3702799999999999E-002   11.812924116410207        11.803734484720591        11.785623127516518        11.797343473369255        11.772541114254752        11.927927954421444        12.114196330941931        12.327279298402035        11.783914753710542        11.931861321880683        12.121196330941933        12.292387670839803        12.435239678821711        11.024825891270099        11.881709938390701        11.849291908676081        11.796656493899642        11.771349375607953        11.938440009604237        11.960914849059415        12.002725117144310        13.859754571381151        12.405032642304969     
   11118.930099642394       -2.5868899999999999       0.39894020085624832        7.8756982000000004        1.3701400000000001E-002   11.818149682441140        11.809327523850095        11.790281126490372        11.803960039630931        11.778236121773277        11.932875631413035        12.118837751283758        12.331794598363961        11.789562861697677        11.936813674614571        12.125837751283759        12.296884507310638        12.439713875360725        11.031377002515002        11.887570784154549        11.854615204528068        11.801500317643148        11.775903469549620        11.942758092182531        11.965067515887130        12.006868931788999        13.877226528463568        12.414444093875231     
   11098.467126365575       -2.5901860000000001       0.40102793567592382        7.8757921000000000        1.3699899999999999E-002   11.823417675035104        11.814964071957226        11.794985051835630        11.810607517690306        11.783969745609204        11.937864827153552        12.123525019568524        12.336360675639680        11.795252068207324        11.941812864095658        12.130525019568529        12.301429414693635        12.444238804695713        11.037958793310514        11.893473419693310        11.859981213644387        11.806387924822628        11.780505867606900        11.947134372895819        11.969277690172381        12.011070304178402        13.894782755694612        12.423879399251616     
   11078.322405608991       -2.5934360000000001       0.40310149901576731        7.8758859000000001        1.3698399999999999E-002   11.828617875233643        11.820527008358898        11.799635151219110        11.817150144090665        11.789623146993865        11.942790543000559        12.128158691995470        12.340880264569147        11.800864311720531        11.946753606532067        12.135158691995468        12.305925566864698        12.448717972954146        11.044436730539864        11.899295794879787        11.865277882437972        11.811216165884787        11.785058673184107        11.951474995731246        11.973454611395372        12.015238651657764        13.912082938479561        12.433150894270003     
   11059.334655184839       -2.5965050000000001       0.40507386132891771        7.8759756999999997        1.3697000000000001E-002   11.833526702293327        11.825777657217870        11.804030189555590        11.823310121499127        11.794954433926222        11.947440628337084        12.132538219462713        12.345157006239738        11.806159132330084        11.951422568078499        12.139538219462715        12.310177854720649        12.452956696832238        11.050535712253829        11.904788708502572        11.870277615806547        11.815776670202524        11.789364422720617        11.955590204538709        11.977415344097359        12.019191397986624        13.928399431530714        12.441868850547870     
   11041.040425444773       -2.5994690000000000       0.40698849465806414        7.8760627000000003        1.3695600000000000E-002   11.838312541678182        11.830872760731236        11.808356419978036        11.829243550650247        11.800121624874048        11.951979401057248        12.136849528442564        12.349390876689302        11.811286661025306        11.955978967549619        12.143850402892042        12.314387757160244        12.457157992706691        11.056410390939238        11.910110657596970        11.875132833213332        11.820239240021859        11.793617511475215        11.959686434925832        11.981362213898677        12.023113279538155        13.944251345637202        12.450185914728682     
   11023.131795876234       -2.6023730000000000       0.40887438962477607        7.8761488999999996        1.3694300000000000E-002   11.843167669558886        11.835939913333190        11.812903441433440        11.835013260952605        11.805253008152269        11.956603649179828        12.141382139469718        12.353923223132126        11.816348655600313        11.960602103387044        12.148385259734257        12.318904661023728        12.461679421312860        11.062122775772748        11.915375903492810        11.879975520130136        11.824825752375551        11.798141429236017        11.964137589093754        11.985666705940462        12.027314051882199        13.960278415404771        12.457977412189029     
   11005.784378195080       -2.6051959999999998       0.41071702389288295        7.8762327000000001        1.3692899999999999E-002   11.847902675602651        11.840874431860509        11.817347755586756        11.840620553360349        11.810251695926794        11.961116967816441        12.145812512321335        12.358351401489781        11.821276250120427        11.965116266461383        12.152813929002189        12.323319783855919        12.466102819105458        11.067674593181199        11.920496499717462        11.884696553212226        11.829304446613538        11.802565332647124        11.968489035861690        11.989877984694456        12.031419035870446        13.975870559976610        12.465525673667297     
   10988.388355281282       -2.6080250000000000       0.41255991511708451        7.8763161999999998        1.3691600000000000E-002   11.852797488766242        11.845944671292980        11.821914364545481        11.846376672129676        11.815447340420707        11.965791410427183        12.150388585770163        12.362925397138607        11.826360613057435        11.969791410427181        12.157388585770164        12.327901505028624        12.470688380125335        11.073377139852962        11.925772658153601        11.889552436733609        11.833948563934733        11.807155737199448        11.972998253890015        11.994253457070283        12.035633219156527        13.992263526785319        12.473257362421684     
   10971.070352493844       -2.6108490000000000       0.41441757733113627        7.8763984999999996        1.3690300000000001E-002   11.857755307249874        11.851065240204232        11.826532683119982        11.852178601087363        11.820716023097010        11.970531778135662        12.155027959983588        12.367563376558468        11.831504692777809        11.974531778135660        12.162027959983586        12.332555300872972        12.475339293711929        11.079128320679811        11.931106507121562        11.894458197326575        11.838663480477020        11.811817482419958        11.977569234325895        11.998698779245373        12.039886369626640        14.009020028533744        12.481031829809677     
   10953.123890732471       -2.6137760000000001       0.41634808106513449        7.8764836999999996        1.3689000000000000E-002   11.862893589499478        11.856370183639282        11.831329210003730        11.858177570557427        11.826166408017770        11.975446755723741        12.159846313439694        12.372380264886786        11.836831943582443        11.979446755723743        12.166846313439692        12.337386596431998        12.480163515018411        11.085076696097616        11.936628437452065        11.899540543335419        11.843556103714008        11.816657022670888        11.982306715334104        12.003311985622517        12.044292376791070        14.026462007428560        12.489056808873222     
   10935.156427396194       -2.6167129999999998       0.41829338498154539        7.8765687000000000        1.3687599999999999E-002   11.868061694332415        11.861703115322324        11.836165424904955        11.864193045712682        11.831636745691828        11.980393375868637        12.164704379633033        12.377236842618210        11.842185107026783        11.984393375868638        12.171704379633034        12.342255588930307        12.485021239958858        11.091043548560581        11.942174498096922        11.904650613880900        11.848484433964007        11.821534268686875        11.987073647372245        12.007960529988974        12.048725275798962        14.044026579734346        12.497082197061861     
   10917.268713583997       -2.6196449999999998       0.42025349553006347        7.8766539000000000        1.3686300000000000E-002   11.873200123669211        11.867003623067749        11.840983648320215        11.870160839677187        11.837065896530543        11.985313376565198        12.169544345917274        12.382075311956022        11.847503666357081        11.989313376565200        12.176544345917275        12.347104432226896        12.489854693230139        11.096964950186941        11.947683101303884        11.909729242852730        11.853390284627309        11.826391317432435        11.991812822085443        12.012587804121626        12.053129717838100        14.061584397918292        12.505032612115055     
   10899.209487761880       -2.6226060000000002       0.42224294179995375        7.8767395000000002        1.3684900000000000E-002   11.878409946855371        11.872375046052120        11.845880530561061        11.876193579139802        11.842558940535685        11.990304778980914        12.174463162079142        12.386992594255936        11.852891190894951        11.994304778980915        12.181463162079144        12.352030191945069        12.494760670933097        11.102952886817356        11.953260478475187        11.914876638873110        11.858371499564186        11.831325343851351        11.996619709029751        12.017287728007119        12.057596436614759        14.079411582395309        12.513048396822555     
   10881.280355146691       -2.6255489999999999       0.42423268734538760        7.8768246000000000        1.3683600000000001E-002   11.883576161828962        11.877699678145468        11.850746337921702        11.882162466224599        11.847996113736087        11.995256240414264        12.179350718347898        12.391878609126969        11.858229695706321        11.999256240414265        12.186350718347896        12.356922651129160        12.499629257426918        11.108879311911821        11.958785469234968        11.919978831750548        11.863316912735616        11.836225983177805        12.001386070660512        12.021953838825883        12.062022845012230        14.097182720411130        12.520967559700807     
   10863.380715844474       -2.6284939999999999       0.42622273221138313        7.8769098000000000        1.3682300000000000E-002   11.888742356270757        11.883022026409240        11.855622840281910        11.888115785619046        11.853422664313246        12.000210119944480        12.184248898490466        12.396775232745437        11.863563789885244        12.004210119944482        12.191248898490468        12.361823760688058        12.504502309834251        11.114792240908272        11.964303759473363        11.925079073280539        11.868268787085444        11.841135224073849        12.006153275940093        12.026626833989813        12.066448412788617        14.115011110570986        12.528849568790211     
   10845.610412642307       -2.6314220000000001       0.42821307644296575        7.8769944000000001        1.3680899999999999E-002   11.893896627893218        11.888329349238381        11.860499618692794        11.894037440447883        11.858825376976453        12.005155675905007        12.189147155400368        12.401671925347612        11.868880689523477        12.009155675905005        12.196147155400373        12.366722994314033        12.509369497077889        11.120675771428713        11.969801569088522        11.930165851713292        11.873216329998661        11.846042487635172        12.010911666040196        12.031297474670362        12.070865396932328        14.132813204291997        12.536667811920298     
   10827.894110196490       -2.6343489999999998       0.43021825143156273        7.8770788999999999        1.3679600000000000E-002   11.899028019355137        11.893611372050595        11.865364388126766        11.899919945722369        11.864194506354744        12.010081038432682        12.194033287411612        12.406556479862664        11.874170188993803        12.014081038432684        12.201033287411613        12.371608197221123        12.514218577434614        11.126522222380663        11.975269493220383        11.935227950928104        11.878147610829418        11.850935645423627        12.015648628849087        12.035952658211992        12.075259751382417        14.150630503221739        12.544423118893087     
   10810.132073322366       -2.6372849999999999       0.43223826382800690        7.8771633999999997        1.3678299999999999E-002   11.904180120312235        11.898912539582737        11.870259232463992        11.905811138537208        11.869574992156592        12.015028639607083        12.198949491261798        12.411471081660304        11.879476771860615        12.019028639607084        12.205949491261796        12.376521572406821        12.519091536098726        11.132379222300026        11.980753026460567        11.940308567176009        11.883105083275543        11.855856937814577        12.020405550685494        12.040633280531479        12.079670917206228        14.168577967864055        12.552173883788937     
   10792.647680262449       -2.6401819999999998       0.43425858453455113        7.8772475000000002        1.3676900000000001E-002   11.909278613433319        11.904155857702676        11.875114331930646        11.911623505894863        11.874888555151220        12.019927850403757        12.203825549572191        12.416345550262317        11.884723383425257        12.023927850403759        12.210825549572188        12.381393008956270        12.523919066679721        11.138159839029502        11.986171931026998        11.945334722090674        11.888017856517092        11.860736101020859        12.025115349521126        12.045273502095721        12.084038123793274        14.186346910538628        12.559799069383512     
   10775.092323873227       -2.6430920000000002       0.43627921359825450        7.8773318999999997        1.3675600000000000E-002   11.914388827949677        11.909409585245127        11.879989987836145        11.917436869589826        11.880204990940312        12.024839993969861        12.208722176483617        12.421240561987284        11.889978378724001        12.028839993969859        12.215722176483618        12.386283168151470        12.528761009388495        11.143943223165591        11.991598037533576        11.950370331801272        11.892947445939383        11.865633945330048        12.029835604933220        12.049929395757571        12.088412145740550        14.204253937777091        12.567414964811006     
   10757.937082651442       -2.6459440000000001       0.43828561084620926        7.8774150000000001        1.3674300000000000E-002   11.919394835787099        11.914553997267781        11.884776299470591        11.923116808365194        11.885403111790019        12.029654405756347        12.213528901797346        12.426045694626119        11.895122052273365        12.033654405756344        12.220528901797344        12.391081819565692        12.533508528504665        11.149595701115850        11.996907103732461        11.955301522878390        11.897782605794205        11.870440027338724        12.034460880988519        12.054497066727379        12.092696875983592        14.221837701130543        12.574839258569696     
   10740.883349771661       -2.6487850000000002       0.44027776971565979        7.8774978000000004        1.3672999999999999E-002   11.924505173033994        11.919781905016405        11.889678262682155        11.928911020152436        11.890693494729627        12.034565887394232        12.218432826456153        12.430938371854639        11.900346587138673        12.038565887394229        12.225432826456151        12.395974988453839        12.538356191881173        11.155355809357511        12.002312841956980        11.960333862932794        11.902701449227846        11.875340471052541        12.039208914092546        12.059132419972324        12.097051558332707        14.240165910383565        12.582359681780323     
   10723.980114540205       -2.6516030000000002       0.44228477286362977        7.8775801000000003        1.3671700000000000E-002   11.929686307509694        11.925062031238014        11.894659796475775        11.934781750000504        11.896048031479506        12.039547053895209        12.223400524330778        12.435887985974500        11.905623700327293        12.043547053895210        12.230400524330779        12.400932117175049        12.543273961794672        11.161185728033868        12.007780956154971        11.965439932451392        11.907673374509518        11.880304808927178        12.044050215635469        12.063805389573083        12.101450050871101        14.259091597033699        12.589934162374185     
   10707.202096934920       -2.6544040000000000       0.44427753333333203        7.8776619999999999        1.3670399999999999E-002   11.934836021339652        11.930308193520009        11.899616766091100        11.940605099655457        11.901367991836455        12.044505467233428        12.228343742623231        12.440815047386618        11.910868646070419        12.048505467233426        12.235343742623229        12.405866594167023        12.548167649120074        11.166968568842545        12.013210067630283        11.970520513591218        11.912619013906447        11.885246502082254        12.048869716795402        12.068450670523717        12.105821034760588        14.277976242740827        12.597434423378772     
   10690.499560543361       -2.6571959999999999       0.44628514256428936        7.8777435999999996        1.3669100000000000E-002   11.939968874334305        11.935535267050096        11.904563059462390        11.946397814935761        11.906668470504005        12.049454991297711        12.233276329069692        12.445733326459525        11.916096267614119        12.053454991297713        12.240276329069694        12.410792205633800        12.553050960335835        11.172720957518425        12.018615659357071        11.975589868191648        11.917552257569721        11.890179364265418        12.053680861425430        12.073081326151737        12.110176789859789        14.296873475783432        12.604882452168582     
   10674.044277783532       -2.6599560000000002       0.44827850481591852        7.8778248000000000        1.3667900000000000E-002   11.945018166796920        11.940675628899779        11.909433744007309        11.952086702005314        11.911881091644211        12.054330608614904        12.238133490794009        12.450578133402995        11.921238888124400        12.058330608614902        12.245133490794011        12.415644181447966        12.557859618906804        11.178370114952731        12.023928373750024        11.980581800361641        11.922408359369637        11.895038554012626        12.058420065336776        12.077635830773971        12.114458666636153        14.315572480428386        12.612188437762740     
   10657.467084345826       -2.6627369999999999       0.45028672031289169        7.8779063000000003        1.3666599999999999E-002   11.950124613117076        11.945872057221816        11.914365457092828        11.957826953277035        11.917150254205950        12.059269055512512        12.243051564475937        12.455485505250561        11.926439321127276        12.063269055512514        12.250051564475939        12.420558712922812        12.562728873639074        11.184070342248059        12.029294899314344        11.985635680121710        11.927323655555384        11.899960432824493        12.063220977022038        12.082243785945678        12.118790168094378        14.334519104488880        12.619544039507559     
   10641.160654872974       -2.6654779999999998       0.45229524011415922        7.8779868999999998        1.3665300000000000E-002   11.955156195466436        11.950990420547861        11.919230251960229        11.963471661454584        11.922340104736492        12.064142202057816        12.247902924896415        12.460328053839348        11.931563319380054        12.068142202057814        12.254902924896417        12.425408236918997        12.567532265399876        11.189675680181736        12.034577119955301        11.990620668874005        11.932170612536744        11.904817267525871        12.067958733204467        12.086784990516286        12.123057661906365        14.353252360101848        12.626764271826040     
   10624.805781197909       -2.6682299999999999       0.45430406426583431        7.8780678000000002        1.3664000000000001E-002   11.960207263471927        11.956126800641682        11.924119103527568        11.969127388022466        11.927548125382303        12.069041156333293        12.252778285197786        12.465196286168267        11.936707044029928        12.073041156333291        12.259778285197784        12.430283391591603        12.572359571897129        11.195291919542067        12.039874396959304        11.995630102584125        11.937039894848541        11.909699845074416        12.072721779948397        12.091344191051350        12.127340569697902        14.372133009656624        12.633986831664528     
   10608.695888603612       -2.6709470000000000       0.45631319281403376        7.8781480000000004        1.3662799999999999E-002   11.965174920825913        11.961176796895675        11.928931935123135        11.974680559503728        11.932668630752868        12.073865630504301        12.257577809791751        12.469990469076151        11.941765934471338        12.077865630504302        12.264577809791749        12.435084314812574        12.577111827101287        11.200806195298110        12.045079502562196        12.000561743854952        11.941831808639694        11.914508174098884        12.077412271704528        12.095827321204634        12.131549809926849        14.390808526992114        12.641070280373885     
   10592.537251772897       -2.6736719999999998       0.45833718802467227        7.8782281999999997        1.3661500000000000E-002   11.970177957881917        11.966260731160856        11.933784615010095        11.980260830875087        11.937823229816912        12.078731680961697        12.262417126645721        12.474826102169294        11.946860449125866        12.082731680961698        12.269417126645722        12.439926623630063        12.581903798814770        11.206347453256159        12.050315651781686        12.005533637936422        11.946661876434346        11.919358012849584        12.082143803594706        12.100344329591413        12.135790366953541        14.409646014823094        12.648172437438243     
   10576.549346392221       -2.6763789999999998       0.46036149215329897        7.8783079999999996        1.3660300000000000E-002   11.975119387816639        11.971280531523290        11.938582144930850        11.985763471262890        11.942912890563951        12.083544108626013        12.267201417220273        12.479608404213691        11.951892355097923        12.087544108626011        12.274201417220274        12.444715441273116        12.586641320158469        11.211811492444673        12.055482739525553        12.010449168184257        11.951435426196598        11.924154386172058        12.086823011310420        12.104804838359923        12.139975633043216        14.428359695864115        12.655168049732330     
   10560.609889120919       -2.6790759999999998       0.46238610524706747        7.8783877999999996        1.3658999999999999E-002   11.980067238266360        11.976304856889223        11.943391347543306        11.991261000930043        11.948006807357709        12.088369819928674        12.271997403753469        12.484404050383406        11.956930373711247        12.092369819928676        12.278997403753467        12.449517488221273        12.591390759343847        11.217270537885655        12.060650620044102        12.015376066282352        11.956219133845925        11.928964076864647        12.091515774746805        12.109273195142288        12.144167882781334        14.447121205847930        12.662141335465099     
   10544.670173483737       -2.6817810000000000       0.46442559625773355        7.8784676999999999        1.3657700000000000E-002   11.985020082601302        11.981332519206411        11.948210346574552        11.996753713457210        11.953104005149399        12.093206985301627        12.276803170043323        12.489211118424748        11.961973354775523        12.097206985301629        12.283803170043321        12.454330855918521        12.596150063099408        11.222724765562852        12.065818559506177        12.020312822510174        11.961011055973145        11.933785205709583        12.096219849818084        12.113746506721149        12.148363384033466        14.465970948225721        12.669097169919098     
   10528.899977669551       -2.6844619999999999       0.46646540079109944        7.8785470999999996        1.3656500000000000E-002   11.989911393789869        11.986296216970894        11.952973963346279        12.002169476790547        11.958136441887541        12.097990208129660        12.281553677762821        12.493964534121320        11.966953810000300        12.101990208129662        12.288553677762822        12.459090398640521        12.600854693805788        11.228102453334886        12.070917812520372        12.025193007013916        11.965746329423697        11.938552548315132        12.100871257785206        12.118163356525196        12.152503702382370        14.484693098690132        12.675948046531980     
   10513.104952393758       -2.6871489999999998       0.46852009229554642        7.8786265999999996        1.3655199999999999E-002   11.994830835398867        11.991286526521117        11.957770216826285        12.007604550952523        11.963195542632436        12.102807731339000        12.286336785714427        12.498752171295939        11.971962504325644        12.106807731339002        12.293336785714425        12.463884060935710        12.605591948027916        11.233499391987300        12.076040672688309        12.030106083339421        11.970512649672530        11.943354150262637        12.105556606476467        12.122607557658322        12.156669263901128        14.503546614583479        12.682808100162037     
   10497.526991981407       -2.6898049999999998       0.47056052625921801        7.8787056000000000        1.3653999999999999E-002   11.999708523877704        11.996238617422922        11.962527248265360        12.012982843540744        11.968211514944297        12.107588017604360        12.291085250560304        12.503494376440610        11.976935228454245        12.111588017604358        12.298081088903320        12.468636470132363        12.610285145304193        11.238849327444058        12.081115788393937        12.034975595037299        11.975243060886680        11.948114559492428        12.110182443784961        12.126990778087492        12.160776283413735        14.522515107548877        12.689592845051177     
   10481.923843305263       -2.6924670000000002       0.47263042970086100        7.8787849999999997        1.3652800000000000E-002   12.004781615268826        12.001415270371730        11.967462212039365        12.018554391197711        11.973430603557055        12.112550545070469        12.296035997441884        12.508371414550545        11.982138231850342        12.116550545070467        12.303004730881923        12.473547829369579        12.615126693423889        11.244442462127054        12.086388514655461        12.040005710165779        11.980174238252985        11.953034226824798        12.114862170875256        12.131426622964884        12.164935284757242        14.543218038287627        12.696632687315713     
   10466.729488052835       -2.6950660000000002       0.47465691537590282        7.8788628000000003        1.3651500000000000E-002   12.009750086320036        12.006480040777891        11.972297581920216        12.023996455238354        11.978535399309159        12.117412769511212        12.300888284232776        12.513147393529916        11.987228805906476        12.121412769511213        12.307829219160915        12.478358756099993        12.619872591020744        11.249906989723556        12.091544015042842        12.044929362992740        11.985006041082592        11.957853297280273        12.119447447656285        12.135765613205450        12.169003263999553        14.563504507350999        12.703495575799110     
   10451.629355236137       -2.6976510000000000       0.47668371034905066        7.8789407999999996        1.3650300000000001E-002   12.014680342233000        12.011501547830090        11.977096936546367        12.029385829496327        11.983595422281748        12.122238824130076        12.305705965735076        12.517884809518758        11.992276102422796        12.126238824130073        12.312617905490011        12.483132397410699        12.624584493097277        11.255320095286447        12.096652931207021        12.049812177270020        11.989801973290508        11.962635084512204        12.123996750635992        12.140061563879652        12.173028497789158        14.583753289577732        12.710288155701587     
   10436.695194343447       -2.7002120000000001       0.47871081466751092        7.8790182000000000        1.3649100000000001E-002   12.019565578839902        12.016472666938022        11.981854052346236        12.034713837972419        11.988603406858282        12.127022360079842        12.310482696456909        12.522577808016766        11.997272877386290        12.131022360079843        12.317364620106876        12.487862690902261        12.629256556100074        11.260672951188056        12.101707802700680        12.054647648891404        11.994555831469611        11.967373486378570        12.128505075786880        12.144310905505364        12.177008742777026        14.603882305005172        12.716995310212234     
   10421.806369695416       -2.7027679999999998       0.48073822837849728        7.8790953999999997        1.3647899999999999E-002   12.024443563317465        12.021431949669299        11.986605628863089        12.040022072950698        11.993598236881706        12.131800290995912        12.315255306201863        12.527262631070606        12.002257892315562        12.135800290995913        12.322105981242991        12.492586151453054        12.633924764551619        11.266007318650914        12.106747921443482        12.059473203246306        11.999304292211463        11.972105082147568        12.133007139346489        12.148546447873841        12.180974667056581        14.624050465035566        12.723669952534536     
   10407.178416589610       -2.7052870000000002       0.48276595152923435        7.8791719999999996        1.3646699999999999E-002   12.029347805030973        12.026402433083636        11.991374508442348        12.045213364476197        11.998604430209546        12.136636587778170        12.320049877413979        12.531947779794017        12.007270803888517        12.140636587778172        12.326875446248216        12.497308687790849        12.638600621524326        11.271230267815191        12.111771416246302        12.064354811977452        12.004104620005904        11.976844531641845        12.137452978631394        12.152647203666668        12.184745184912543        14.645014463076230        12.730085444988362     
   10392.523135698517       -2.7078099999999998       0.48479398416694675        7.8792483000000004        1.3645500000000000E-002   12.034392305685715        12.031500539952413        11.996268358123151        12.050385143451665        12.003740397628897        12.141649355325614        12.324974275473524        12.536735971131035        12.012430501509007        12.145649355325611        12.331782863884014        12.502132262838545        12.643383202876519        11.276437923289587        12.116891432548423        12.069416013732118        12.009071559731888        11.981698033940139        12.141923259297146        12.156676570555293        12.188362101303786        14.667463569359368        12.736336625292390     
   10377.912388221066       -2.7103310000000000       0.48683691985015864        7.8793243000000004        1.3644300000000000E-002   12.039427459253384        12.036589208311634        12.001153360950605        12.055543118184646        12.008866790154050        12.146652929037275        12.329889691132545        12.541512924680697        12.017577840124678        12.150652929037273        12.336681372100410        12.506944492577409        12.648153168249168        11.281628953501576        12.122000527460626        12.074469212889015        12.014028071023207        11.986542847476096        12.146379211110601        12.160692919659569        12.191964484411587        14.690013251914950        12.742558614494607     
   10363.059698433082       -2.7128939999999999       0.48890936114305078        7.8794012999999996        1.3643100000000000E-002   12.044548355747011        12.041764585129467        12.006121667887818        12.060784704688409        12.014080488726009        12.151741785685992        12.334888865919375        12.546368617624552        12.022810056131874        12.155741785685990        12.341663380971156        12.511836045855986        12.653000326803184        11.286901367350879        12.127195212524775        12.079609884286612        12.019067676941575        11.991470335473672        12.150904441023833        12.164771228656090        12.195619134011203        14.713105315311754        12.748869454746959     
   10348.442716866703       -2.7154250000000002       0.49098212557556870        7.8794776999999998        1.3641900000000000E-002   12.049596459261327        12.046866382392032        12.011019660034972        12.065947465189758        12.019219968258444        12.156758426386116        12.339817181905762        12.551153050895142        12.027965027195584        12.160758426386113        12.346574826277571        12.516655770367361        12.657774950655487        11.292091733938808        12.132314567333882        12.084678859349385        12.024034460857958        11.996328193705548        12.155359589032624        12.168786495168508        12.199214663884096        14.736003570393290        12.755072309121640     
   10333.679791810222       -2.7179799999999998       0.49308441392359781        7.8795548999999996        1.3640700000000000E-002   12.054698537512614        12.052022777503726        12.015970186787314        12.071161207119076        12.024414385344592        12.161828800588417        12.344798276757334        12.555986134030057        12.033172339578044        12.165828800588418        12.351538903977801        12.521524497109034        12.662596703608791        11.297330606677718        12.137487235791312        12.089803440362481        12.029053079633833        12.001238222196406        12.159856006971605        12.172838580030021        12.202839997422188        14.759299264145106        12.761324270338761     
   10319.009208253759       -2.7205249999999999       0.49520163737763323        7.8796315999999997        1.3639500000000001E-002   12.059775351833968        12.057153660921534        12.020896460716235        12.076344865364588        12.029583011452543        12.166874186706016        12.349754864356781        12.560792960255592        12.038351041631701        12.170874186706014        12.356478602635596        12.526366743991998        12.667390851489889        11.302536499849571        12.142632830343159        12.094904035724431        12.034045636788539        12.006124287258130        12.164324207012497        12.176865157139195        12.206439676291494        14.782620411102519        12.767527457241288     
   10304.311999104004       -2.7230770000000000       0.49731919792879486        7.8797084999999996        1.3638200000000000E-002   12.064882407674288        12.062314980519181        12.025852771500615        12.081554835635446        12.034782095872350        12.171949839966631        12.354741475519310        12.565626869015590        12.043557482748254        12.175949839966632        12.361448316146264        12.531236137694263        12.672210637947041        11.307766007865107        12.147807420215250        12.100036336713993        12.039066966200123        12.011040352496300        12.168814817916109        12.180913264168518        12.210057290106009        14.806169397812626        12.773746621468325     
   10289.754187458620       -2.7256130000000001       0.49946631037035150        7.8797855999999999        1.3637000000000000E-002   12.069932449151036        12.067418866041070        12.030753574065255        12.086702730028204        12.039923339281426        12.176968864235473        12.359672218408225        12.570403729334185        12.048703311919716        12.180968864235471        12.366362345567548        12.536048146393785        12.676972105463591        11.312930553535523        12.152922993236789        12.105112788343167        12.044030801333633        12.015901330008912        12.173247644336936        12.184907694104037        12.213622521204055        14.829648967578198        12.779882109301813     
   10275.358901268253       -2.7281179999999998       0.50158454992825863        7.8798618999999999        1.3635800000000000E-002   12.074933509463765        12.072473272210402        12.035607137146489        12.091796564675569        12.045014632438718        12.181939342987459        12.364555312242356        12.575132090441048        12.053796496206321        12.185939342987457        12.371228934008418        12.540811263480105        12.681683868594053        11.318038210126364        12.157987525329570        12.110141340983432        12.048945351550660        12.020715548186761        12.177631908069610        12.188858361014713        12.217146048109729        14.853032698626137        12.785940759989437     
   10261.125515680123       -2.7306050000000002       0.50370312674507300        7.8799378999999998        1.3634600000000000E-002   12.079885621507021        12.077478232535331        12.040413491441701        12.096836500119121        12.050056008961104        12.186861310034690        12.369390786782429        12.579812066461177        12.058837158169265        12.190861310034688        12.376048111239221        12.545525604586881        12.686346084681919        11.323089227641407        12.163001090901073        12.115121984783727        12.053810692900651        12.025483036771991        12.181967848147742        12.192765478795593        12.220628152794522        14.876316218137472        12.791923170622507     
   10246.911846120140       -2.7330880000000000       0.50582204087449101        7.8800137000000001        1.3633500000000000E-002   12.084846321518826        12.082504403805254        12.045208606108369        12.101924150305971        12.055122480369574        12.191788968792833        12.374217691494069        12.584478413444232        12.063894533385009        12.195788968792835        12.380859965463854        12.550221908566941        12.690979434994484        11.328171934208745        12.168050933291552        12.120127531627157        12.058689446778457        12.030237310175691        12.186247993572588        12.196639076053133        12.224077699229570        14.900169169279858        12.797958027450131     
   10232.953485026565       -2.7355299999999998       0.50794129237021657        7.8800888999999996        1.3632300000000000E-002   12.089830944755388        12.087597853772273        12.049958710596361        12.107182263250984        12.060268874970610        12.196728896602067        12.379007352528017        12.589099569140714        12.069011935126362        12.200728896602072        12.385639877204646        12.554857794988052        12.695516911657549        11.333377375743396        12.173223927024033        12.125209091027838        12.063613365327935        12.034939283671562        12.190344923757024        12.200418295099851        12.227450237940808        14.925396788347157        12.804199014775634     
   10218.943547831650       -2.7379869999999999       0.51009011935453419        7.8801646999999999        1.3631100000000000E-002   12.094833275104252        12.092709349431454        12.054724353121513        12.112455422178263        12.065432283109148        12.201683806461419        12.383810212591877        12.593733301240396        12.074148728445239        12.205683806461424        12.390434209335366        12.559507527529137        12.700064170361495        11.338598883926410        12.178412849938256        12.130307500432858        12.068553552687833        12.039655403362476        12.194442608769153        12.204204481929745        12.230828316496799        14.950885038274210        12.810451144397215     
   10205.070281179724       -2.7404220000000001       0.51221005039921697        7.8802396000000003        1.3629900000000000E-002   12.099788666302029        12.097772776521492        12.059444075454348        12.117675384995149        12.070545905095571        12.206589707502612        12.388564335959096        12.598319946530257        12.079238448684084        12.210589707502614        12.395181130235922        12.564111214631414        12.704562732388194        11.343768897324772        12.183550574351383        12.135356835951438        12.073446209015859        12.044324887867422        12.198488681166776        12.207949382830467        12.234169169153358        14.976292383030380        12.816633091224674     
   10191.098518880754       -2.7428780000000001       0.51437419016205965        7.8803146000000002        1.3628700000000001E-002   12.104777876852996        12.102870721884784        12.064194643416467        12.122927416323574        12.075693185435799        12.211526524794266        12.393347081718264        12.602934025172601        12.084364125055568        12.215526524794267        12.399957873579911        12.568743657925232        12.709085634931650        11.348971826457937        12.188720961316413        12.140439455949323        12.078371035725219        12.049023657754706        12.202548542295904        12.211713259061934        12.237526212795952        15.002045519240795        12.822846456557507     
   10176.981850433489       -2.7453599999999998       0.51656793391472455        7.8803897999999997        1.3627600000000000E-002   12.109800909679059        12.108003543681644        12.068975230447691        12.128212301113777        12.080874616546058        12.216494015290650        12.398157665416893        12.607574192447359        12.089526242991671        12.220494015290647        12.404763670133015        12.573403602708652        12.713631165630481        11.354208322187258        12.193924551999736        12.145555644614298        12.083327792259581        12.053750684792490        12.206618753694578        12.215491876371743        12.240893868934510        15.028217770161682        12.829095019541544     
   10162.603929335022       -2.7478919999999998       0.51880592478045584        7.8804660999999996        1.3626400000000000E-002   12.114929585752625        12.113243958108859        12.073855600451813        12.133603855197121        12.086163264632889        12.221563424536518        12.403065988790535        12.612308945555084        12.094797818918215        12.225563424536523        12.409668440952798        12.578159760047603        12.718266932316970        11.359551852395457        12.199234544731281        12.150777939825430        12.088387703614023        12.058575241712203        12.210762686015050        12.219346522105146        12.244330046127560        15.055062747932821        12.835460197501822     
   10148.176219835574       -2.7504379999999999       0.52107355381970955        7.8805424999999998        1.3625200000000001E-002   12.120075353475602        12.118501761947744        12.078750807193451        12.139009536479069        12.091468178282987        12.226646980109006        12.407986609802915        12.617055395255964        12.100088237186664        12.230646980109011        12.414586842132440        12.582928964604474        12.722911416925989        11.364910620008796        12.204559636110741        12.156016374368406        12.093463191334589        12.063413164935550        12.214905808480630        12.223207166497996        12.247770877086264        15.082178282505925        12.841834864904264     
   10133.488990640906       -2.7530299999999999       0.52338546967679034        7.8806197999999998        1.3623900000000000E-002   12.125326173423474        12.123866537740533        12.083745120359680        12.144520965461695        12.096879585309551        12.231831643893646        12.413004082258389        12.621895563478120        12.105487600217558        12.235831643893647        12.419603440979358        12.587793607541137        12.727645073827283        11.370375602012604        12.209990310505010        12.161360217435334        12.098641154661784        12.068347851740615        12.219121038894372        12.227142868372439        12.251279326938718        15.109977396586896        12.848324468106505     
   10118.846317423475       -2.7556170000000000       0.52572705903971473        7.8806969000000002        1.3622700000000000E-002   12.130545748970112        12.129199620167283        12.088707521473887        12.149996357117226        12.102257829089863        12.236982422726529        12.417986848545647        12.626701563411837        12.110856560398434        12.240982422726530        12.424586731750034        12.592625322096302        12.732342161699767        11.375806001748161        12.215386485147294        12.166671219746261        12.103786780592776        12.073249493362665        12.223293197727900        12.231044407675439        12.254755027741242        15.137861166347607        12.854766777023849     
   10104.178270985620       -2.7582179999999998       0.52808369859200321        7.8807748000000002        1.3621500000000000E-002   12.135774030768378        12.134541494571415        12.093676735100285        12.155476884824704        12.107643616300667        12.242138940507029        12.422973735840127        12.631511378047250        12.116235774717218        12.246138940507031        12.429575544427355        12.597462209715395        12.737040148753881        11.381242773375700        12.220788955597477        12.171989772932349        12.108939673495865        12.078156531073567        12.227457267487924        12.234945454611509        12.258229619569271        15.165977640101328        12.861207585151359     
   10089.577951126430       -2.7608079999999999       0.53047003758836586        7.8808528999999998        1.3620300000000000E-002   12.140979048319176        12.139859465482500        12.098622438211157        12.160928998772990        12.113003980623271        12.247269689290166        12.427934320732740        12.636295707876064        12.121592306778675        12.251269689290163        12.434539439457575        12.602274790855452        12.741710457059485        11.386652636609709        12.226164658306354        12.177283341730780        12.114068349151092        12.083039044260437        12.231588098773377        12.238822489194400        12.261682293932724        15.194148777963841        12.867607280005652     
   10075.230716504528       -2.7633580000000002       0.53282751563705455        7.8809310999999997        1.3619100000000000E-002   12.146097149721022        12.145088442394673        12.103484317801609        12.166286030070978        12.118273339175548        12.252312049735188        12.432808190032034        12.640996377356586        12.126860533607825        12.256312049735186        12.439417918710092        12.607004487450808        12.746296447382854        11.391969415095026        12.231447857643566        12.182487193894765        12.119110172282021        12.087837569572301        12.235636169034322        12.242628945184414        12.265071871131031        15.222013688011749        12.873887415569449     
   10061.483052295991       -2.7658049999999998       0.53512682416993806        7.8810067000000004        1.3617900000000000E-002   12.151009355673567        12.150106777171034        12.108149700650012        12.171423582457878        12.123329181955329        12.257149107555543        12.437482611856103        12.645504837376022        12.131917741642818        12.261149107555541        12.444098021431872        12.611541935459959        12.750692570999265        11.397069570749780        12.236515821911647        12.187480393171262        12.123948116384762        12.092441074470058        12.239509607565155        12.246278099006469        12.268321690214458        15.248888202426210        12.879902013286292     
   10047.800418515882       -2.7682449999999998       0.53742652909047317        7.8810821999999998        1.3616700000000001E-002   12.155899225790261        12.155102161285772        12.112792640038382        12.176534244289822        12.128360745913863        12.261961680158095        12.442132167041766        12.649989215804386        12.136953044819922        12.265961680158096        12.448754460328445        12.616056302834732        12.755062763986881        11.402144150825215        12.241558344767778        12.192449735411788        12.128762938883860        12.097021291560562        12.243352552252258        12.249904842925286        12.271551112796420        15.275797781110995        12.885878301951141     
   10034.321229106126       -2.7706499999999998       0.53972663046699199        7.8811571999999996        1.3615500000000001E-002   12.160719229828203        12.160025994782877        12.117368139471772        12.181568350953171        12.133319100866174        12.266703088925304        12.446711861828092        12.654406189813891        12.141917405468490        12.270703088925309        12.453342138110859        12.620503928507741        12.759364928280952        11.407143820841341        12.246526419036940        12.197346921301502        12.133507905045938        12.101533895175081        12.247128448780700        12.253474600526573        12.274729581755711        15.302467578758915        12.891758063423268     
   10020.952418073935       -2.7730410000000001       0.54201247426005650        7.8812318000000001        1.3614400000000000E-002   12.165485376974813        12.164895005175756        12.121890560144211        12.186543516078130        12.138221253417205        12.271388880489875        12.451236167047332        12.658769106744101        12.146827790987556        12.275388880489876        12.457875540798488        12.624898330365587        12.763611699198227        11.412085915578318        12.251437158932818        12.202188534008739        12.138198545378982        12.105992851662085        12.250846541192798        12.256994949939182        12.277861974171492        15.329058878828517        12.897564998218224     
   10007.739679499868       -2.7754070000000000       0.54431336622731397        7.8813060999999998        1.3613200000000001E-002   12.170213874707660        12.169725046373923        12.126376977406355        12.191475329042035        12.143082978759981        12.276035604945076        12.455722219308999        12.663095654823476        12.151699880730032        12.280035604945077        12.462371740768003        12.629257055289113        12.767821229649911        11.416986103713459        12.256306343171989        12.206990556806026        12.142851360593195        12.110415488443621        12.254526993276354        12.260486527783804        12.280970252423227        15.355508860346273        12.903312050440750     
   9994.6364156497148       -2.7777579999999999       0.54658533658189845        7.8813798000000004        1.3612000000000001E-002   12.174446860886089        12.174222355607402        12.130108527655377        12.196656145423429        12.147681877956824        12.280088669986629        12.459474924817361        12.666598796347888        12.156243809944801        12.284088669986627        12.466129981992776        12.632787633199158        12.771192107408222        11.422118254249241        12.261024943308186        12.211293369935571        12.146852252375783        12.114067538175892        12.257550573537177        12.263242500185445        12.283517682208590        15.377762378654619        12.910174958608096     
   9981.7111929526945       -2.7800799999999999       0.54887235524483180        7.8814530999999999        1.3610900000000000E-002   12.177958797851300        12.178225746556574        12.132755220808125        12.202166414320832        12.151885806536431        12.283282826612368        12.462174088979850        12.668924732229730        12.160298901784763        12.287282826612365        12.468828376036317        12.635133799270054        12.773366956015938        11.427553157724734        12.265507203999821        12.214868754379580        12.149911420635636        12.116614632069975        12.259641044140011        12.264950507089775        12.285261743036155        15.393746212326992        12.918599790082201     
   9968.5731478372127       -2.7824430000000002       0.55120375816694289        7.8815274999999998        1.3609700000000001E-002   12.181543806786646        12.182307006849431        12.135460751261963        12.207779459080285        12.156169858083654        12.286541508702083        12.464930782646594        12.671306395697130        12.164432714258080        12.290541508702081        12.471586458670611        12.637537055523353        12.775595013439865        11.433087330441541        12.270073141089778        12.218515054238505        12.153034021384119        12.119220034126347        12.261781018220468        12.266706219864925        12.287050796066584        15.409826854350651        12.927181841753278     
   9955.6128593976446       -2.7847759999999999       0.55353556813004801        7.8816012000000004        1.3608600000000000E-002   12.185069099909715        12.186318579138295        12.138118477832197        12.213302184325435        12.160380444071571        12.289741615221999        12.467636834930076        12.673646782440347        12.168496127700706        12.293741615222004        12.474296026394605        12.639899758501944        12.777783841551930        11.438530009649508        12.274560783133989        12.222097648160290        12.156101005969443        12.121780087057239        12.263880660056561        12.268431252035015        12.288805448019350        15.425499455469616        12.935639769383695     
   9942.6694208195295       -2.7871079999999999       0.55586778520521152        7.8816749000000002        1.3607400000000000E-002   12.188608130209122        12.190340025868906        12.140791081774051        12.218832917671218        12.164599622891718        12.292952633230904        12.470355575255446        12.676004585634104        12.172569348185629        12.296952633230905        12.477020404090769        12.642280853451684        12.779990252564286        11.443978575428776        12.279055653271516        12.225690773725777        12.159180185208040        12.124356236102589        12.265995718519196        12.270176608853323        12.290577143719329        15.440992215946924        12.944108198480411     
   9929.9028600303682       -2.7894150000000000       0.55820040946351224        7.8817481999999996        1.3606300000000000E-002   12.192087546921780        12.194292100495904        12.143415925185820        12.224273748660679        12.168745727657583        12.296105338805198        12.473023842821803        12.678321011943591        12.176572489055783        12.300105338805199        12.479696313745698        12.644621235454625        12.782157324949328        11.449336180282000        12.283472699681894        12.229220482484362        12.162203942641934        12.126887014086538        12.268070446745057        12.271891022266754        12.292314359467852        15.456088151939664        12.952452746778114     
   9917.0841867004601       -2.7917290000000001       0.56056278987824226        7.8818216000000003        1.3605100000000000E-002   12.195598499101783        12.198274477370427        12.146068827298430        12.229751065273783        12.172921929860971        12.299285064540436        12.475718266235484        12.680666318117845        12.180606140623626        12.303285064540434        12.482400490551628        12.646991573640586        12.784352637678419        11.454727746180085        12.287919970969542        12.232778873359054        12.165255283091946        12.129446537715845        12.270170790998060        12.273633919963389        12.294076977628000        15.471088997205195        12.960851802180626     
   9904.4873124015467       -2.7940119999999999       0.56289623384014154        7.8818944999999996        1.3604000000000000E-002   12.199038093710103        12.202174247508557        12.148665231667154        12.235120006239081        12.177011199599230        12.302396057381896        12.478353442909940        12.682962479381667        12.184556298258952        12.306396057381898        12.485047282417549        12.649313288443240        12.786501370296380        11.460010285695548        12.292274664884806        12.236262100628002        12.168241177910124        12.131952227792008        12.272224000576939        12.275340109312248        12.295799443953841        15.485650140717651        12.969097933618999     
   9891.8608850910168       -2.7963030000000000       0.56527412404703503        7.8819676000000003        1.3602800000000000E-002   12.202503337329519        12.206097670978179        12.151285318622206        12.240516155395289        12.181123602551592        12.305528835362344        12.481010373204162        12.685283638772416        12.188530227437818        12.309528835362341        12.487717875081840        12.651661008227356        12.788674725625347        11.465317702440734        12.296652167810562        12.239768112439750        12.171249625770715        12.134482431233939        12.274299413349317        12.277071914817489        12.297544477710757        15.500094078329406        12.977384003839672     
   9879.3187978691494       -2.7985780000000000       0.56763775500172775        7.8820402999999999        1.3601700000000000E-002   12.205932761919382        12.209979164906525        12.153875243676605        12.245860647768577        12.185191859168551        12.308624947757156        12.483634893419087        12.687578635071521        12.192461889715045        12.312624947757154        12.490357968485132        12.653983324352502        12.790822875730832        11.470571942272478        12.300982816779676        12.243235093979898        12.174223292331622        12.136984109339014        12.276348092372356        12.278783478354686        12.299266119681068        15.514261420403450        12.985605037101376     
   9866.9062093110442       -2.8008320000000002       0.57000180381537213        7.8821126000000001        1.3600599999999999E-002   12.209330562604396        12.213821371860206        12.156442224932913        12.251150856294085        12.189217965311617        12.311689866437025        12.486234148064607        12.689855697321686        12.196353747022965        12.315689866437030        12.492974600095671        12.656288342190262        12.792954578518962        11.475770753974626        12.305267688197848        12.246667181420761        12.177168065412602        12.139464773464944        12.278379203637503        12.280485079124897        12.300974688664006        15.528122053475499        12.993747891861073     
   9854.5999799981473       -2.8030759999999999       0.57238095799684374        7.8821851000000001        1.3599399999999999E-002   12.212718656908292        12.217647119752646        12.159006631938142        12.256412303789526        12.193225119401712        12.314744972517280        12.488828622590239        12.692134598867151        12.200228719832657        12.318744972517285        12.495588232018148        12.658595859868592        12.795089335881903        11.480939546446100        12.309530490204315        12.250086439272659        12.180105074779467        12.141944605225659        12.280412118142751        12.282195362318022        12.302688925804331        15.541722233258282        13.001843235348003     
   9842.3090992936977       -2.8053129999999999       0.57477522545805371        7.8822574000000003        1.3598300000000001E-002   12.216088724483793        12.221451369685507        12.161554050572331        12.261650580079877        12.197209640225811        12.317779524176878        12.491404153808691        12.694398785565706        12.204082133288331        12.321779524176879        12.498184814175154        12.660889518877088        12.797209529957239        11.486083249323674        12.313769448227152        12.253484822225278        12.183022691111891        12.144408551008095        12.282428485610620        12.283893540108469        12.304388115756655        15.555131176343703        13.009917538894999     
   9830.0335480545455       -2.8075540000000001       0.57716992145289436        7.8823299000000002        1.3597200000000000E-002   12.219456728361360        12.225250093462526        12.164100443498123        12.266881658136173        12.201187504520663        12.320809493617469        12.493976711600800        12.696664212464457        12.207929959270308        12.324809493617467        12.500780309305904        12.663185269653690        12.799331114651514        11.491217840472617        12.318000544054444        12.256878305182640        12.185936884596137        12.146872571508785        12.284444262924810        12.285595559484543        12.306088214293981        15.568365606410426        13.017986750752216     
   9817.9541588948523       -2.8097629999999998       0.57956504605806736        7.8824015000000003        1.3596000000000000E-002   12.222791564163387        12.229005915267230        12.166626809283393        12.272047062491204        12.205118722420622        12.323808829858187        12.496526958252055        12.698915967920062        12.211734098631652        12.327808829858185        12.503354992647814        12.665467729310617        12.801441297933323        11.496286314665692        12.322180081976310        12.260235482126916        12.188823285320954        12.149318854645280        12.286448264488264        12.287294759622611        12.307782662612073        15.581253165126377        13.025950438678766     
   9805.8218767365288       -2.8119820000000000       0.58198999530478435        7.8824734000000003        1.3594900000000000E-002   12.226126064845811        12.232760397878536        12.169149310843789        12.277217422785998        12.209048490612659        12.326803497558330        12.499071582213038        12.701164519726785        12.215537110371589        12.330803497558332        12.505926023336841        12.667747981492685        12.803547629836384        11.501357334556278        12.326358395802174        12.263589697017032        12.191705513230868        12.151761896329525        12.288445880026568        12.288990182819056        12.309470454640216        15.594026300387856        13.033936829980004     
   9793.7496885113815       -2.8141940000000001       0.58441538390260028        7.8825450000000004        1.3593800000000000E-002   12.229446780939803        12.236496181306418        12.171662060964454        12.282362195489792        12.212957818987142        12.329783213075974        12.501604491901958        12.703406530283864        12.219321182552374        12.333783213075971        12.508487062210410        12.670022391052601        12.805648097044951        11.506401280452810        12.330514183061229        12.266927320768101        12.194574332597288        12.154196550097630        12.290436104506458        12.290683641033400        12.311153474246353        15.606583816305761        13.041889146808590     
   9781.6022703525559       -2.8164229999999999       0.58685591525900782        7.8826162999999996        1.3592699999999999E-002   12.232788971951589        12.240253173173979        12.174191260029577        12.287537093411931        12.216888561363419        12.332779406175550        12.504152110193072        12.705665168594987        12.223126764092566        12.336779406175555        12.511064850948170        12.672314489875127        12.807764284644211        11.511472726829620        12.334692060564773        12.270283799221286        12.197459932847149        12.156648144204592        12.292439272816658        12.292392158268132        12.312848622789279        15.619063894776506        13.049894589265943     
   9769.2899602933539       -2.8186830000000000       0.58935571566315226        7.8826885999999998        1.3591499999999999E-002   12.236192040441123        12.244073748721616        12.176770312131731        12.292794957239975        12.220884350122466        12.335828838724423        12.506747921497871        12.707971897338302        12.226996588880441        12.339828838724424        12.513693152290559        12.674656012059414        12.809926600615190        11.516623689292514        12.338937460392470        12.273698560314310        12.200398291480708        12.159149540969684        12.294484893884869        12.294143191414227        12.314583170198310        15.631569021505266        13.058027042647224     
   9756.9482154892266       -2.8209510000000000       0.59187069153969785        7.8827609000000001        1.3590400000000001E-002   12.239588749549629        12.247886007266164        12.179341045724605        12.298048082018216        12.224871337538605        12.338868092937886        12.509333524531495        12.710271586363117        12.230858214404211        12.342868092937888        12.516313252862648        12.676991463835080        12.812081503707692        11.521767586831523        12.343173769486430        12.277104174021794        12.203327238415419        12.161643448667217        12.296520651742707        12.295887769093557        12.316308255462939        15.643927932317634        13.066167308875812     
   9744.5771867253316       -2.8232279999999998       0.59441556288938591        7.8828332999999997        1.3589300000000000E-002   12.243088919144828        12.251821726820360        12.182002402079195        12.303468767315511        12.229003327045238        12.342013346019524        12.512002402079197        12.712619811534513        12.234845969737020        12.346013346019525        12.518996957563903        12.679390502291209        12.814288777082258        11.527090056258782        12.347564949489691        12.280628858128530        12.206356880570244        12.164204575554106        12.298553953167978        12.297647078683820        12.318044701976589        15.657657018258330        13.074565774781785     
   9732.2442527296680       -2.8254990000000002       0.59696091767504544        7.8829054000000003        1.3588100000000001E-002   12.246715290591039        12.255910303713309        12.184781423001366        12.309087443178674        12.233314733884475        12.345295342453268        12.514781423001365        12.715033183313009        12.238989025880246        12.349295342453269        12.521764985057485        12.681872760905419        12.816569236554541        11.532627918811164        12.352146829649543        12.284303789418663        12.209515482421724        12.166854384475995        12.300591236196686        12.299431987602935        12.319803485342481        15.673101980153261        13.083260684151268     
   9719.9045466116495       -2.8277770000000002       0.59955090773939990        7.8829779000000002        1.3587000000000000E-002   12.250327577623896        12.259986086936738        12.187549768574378        12.314691221983477        12.237612459679202        12.348566045705414        12.517549768574380        12.717437609924684        12.243118408021591        12.352566045705416        12.524524262128804        12.684346112179167        12.818843795886373        11.538151710542522        12.356714267036768        12.287966593923557        12.212661802103945        12.169495378060763        12.302619356561706        12.301210458454836        12.321552951676441        15.688356573086192        13.091951114911087     
   9707.5134288937934       -2.8300640000000001       0.60215611847029682        7.8830507000000001        1.3585900000000000E-002   12.253954192117948        12.264079175191483        12.190332824023539        12.320315710761175        12.241927397530663        12.351852654733417        12.520332824023537        12.719857173777992        12.247264404012189        12.355852654733415        12.527300154874855        12.686834887859188        12.821136096267576        11.543696753259745        12.361299125700842        12.291645879944571        12.215822583420884        12.172152494509234        12.304661034922059        12.303004328090470        12.323314815042284        15.703489872430602        13.100683907748166     
   9695.1157837518149       -2.8323559999999999       0.60480600460386080        7.8831240999999999        1.3584700000000000E-002   12.257598617421369        12.268191369714405        12.193137157542115        12.325957136275225        12.246260535923970        12.355159907661818        12.523137157542116        12.722299773380531        12.251428618637782        12.359159907661816        12.530099271077955        12.689346735748011        12.823454522846287        11.549259565920241        12.365901411592279        12.295344953682214        12.219003015786381        12.174832771845480        12.306725538904210        12.304823779599378        12.325099354381674        15.718462596037515        13.109444087218105     
   9683.0238153557584       -2.8345980000000002       0.60741223670211186        7.8831961000000002        1.3583599999999999E-002   12.261141940398682        12.272191942193965        12.195864870892146        12.331446366774054        12.250475617910167        12.358377275880303        12.525864870892145        12.724676549897689        12.255479048083400        12.362377275880307        12.532823773910669        12.691791053163440        12.825713236193737        11.554672963015109        12.370378124439791        12.298943455840019        12.222095798938499        12.177441365906342        12.308733531270848        12.306595541938075        12.326834283283970        15.732877111290401        13.117983670059660     
   9671.0137331024962       -2.8368259999999998       0.61001897534105043        7.8832683000000001        1.3582500000000001E-002   12.264662467152483        12.276167613842645        12.198578996433248        12.336897807747189        12.254663380254073        12.361576896315825        12.528578996433250        12.727043951050135        12.259503379877259        12.365576896315822        12.535536546595242        12.694225537830913        12.827966358017626        11.560049904307483        12.374824886702996        12.302520624023281        12.225170808236374        12.180039014746875        12.310734635096480        12.308364731708494        12.328564170065654        15.747021514752326        13.126473108149014     
   9659.1742334763258       -2.8390240000000002       0.61262622061912775        7.8833396999999996        1.3581400000000000E-002   12.268135498020042        12.280090295355850        12.201260672968852        12.342272561404661        12.258794196359633        12.364736351541731        12.531260672968854        12.729385618707719        12.263473193896575        12.368736351541729        12.538218680374479        12.696633336197207        12.830198286701533        11.565352014780300        12.379210187572935        12.306051282711062        12.228206575045208        12.182607659818890        12.312715197390888        12.310119322603240        12.330277366587312        15.760797902944569        13.134850813935381     
   9647.3714419331573       -2.8412199999999999       0.61524870713678503        7.8834112000000003        1.3580200000000001E-002   12.271614305284986        12.284018319413496        12.203954130941353        12.347645448995126        12.262928775582749        12.367905297326091        12.533954130941355        12.731741891806708        12.267447379171189        12.371905297326089        12.540914363988124        12.699055534968247        12.832448048667979        11.570653271568945        12.383597637380605        12.309589308937747        12.231251380200876        12.185190206594319        12.314711474176550        12.311892944676503        12.332007105275858        15.774380518122266        13.143225352588987     
   9635.6940069105585       -2.8433970000000000       0.61785696885232577        7.8834822999999998        1.3579100000000000E-002   12.275042222815731        12.287891627724225        12.206608530202690        12.352945613878749        12.267005525965086        12.371029340349001        12.536608530202692        12.734064426423689        12.271365549118915        12.375029340348998        12.543572704267387        12.701443295065896        12.834668045557397        11.575883338085681        12.387923763323588        12.313077555485446        12.234251781355507        12.187736611652820        12.316677825550613        12.313641575301045        12.333709747995385        15.787640248737372        13.151503159271407     
   9624.0750269672681       -2.8455629999999998       0.62048047774925907        7.8835533000000000        1.3578000000000000E-002   12.278453870829228        12.291747371754127        12.209253976980165        12.358218444170781        12.271062784754250        12.374141297954061        12.539253976980163        12.736381386574280        12.275265132762716        12.378141297954066        12.546223789099237        12.703825154190469        12.836885791942841        11.581087181087909        12.392228351891440        12.316550947284448        12.237239908175116        12.190276321590915        12.318640375054244        12.315390028926359        12.335409907897564        15.800671865385041        13.159746498744134     
   9612.4700575036404       -2.8477299999999999       0.62311924256930795        7.8836241999999999        1.3576899999999999E-002   12.281861627348219        12.295599621561104        12.211899885280749        12.363483455835409        12.275115399930487        12.377252377964806        12.541899885280751        12.738700913706660        12.279160376805793        12.381252377964808        12.548877038016316        12.706209502039892        12.839109028177619        11.586284044397575        12.396527206094641        12.320022082497262        12.240226503756334        12.192818329913097        12.320605908449826        12.317144247377184        12.337113368145699        15.813525943677677        13.167986181682531     
   9600.9675093968890       -2.8498820000000000       0.62575852604865945        7.8836947000000004        1.3575800000000001E-002   12.285240870499546        12.299420356012956        12.214527386758331        12.368701900686158        12.279133836061732        12.380340180884350        12.544527386758329        12.741006600321096        12.283022945875679        12.384340180884355        12.551513501104985        12.708579437286648        12.841322042703506        11.591435685714536        12.400788927868113        12.323465830764750        12.243190130457609        12.195344534177021        12.322560715272846        12.318892090749177        12.338808413883253        15.826108409768707        13.176160680158496     
   9589.3683232397561       -2.8520509999999999       0.62842782621723925        7.8837652000000000        1.3574700000000000E-002   12.288647037933394        12.303272655084768        12.217178903894975        12.373961054120578        12.283184593746171        12.383455098315004        12.547178903894974        12.743335298401838        12.286916645994118        12.387455098315005        12.554175754661038        12.710972923781195        12.843560085421288        11.596628224228056        12.405084230103515        12.326938744768903        12.246179032939217        12.197895602574640        12.324535575236055        12.320660753885587        12.340521332761156        15.838633751066432        13.184408431572407     
   9577.8272577932385       -2.8542120000000000       0.63109765690968012        7.8838353999999997        1.3573600000000000E-002   12.292094793385020        12.307180866190867        12.219858501257326        12.379193195173597        12.287300531838559        12.386628325323050        12.549849390572289        12.745653255462683        12.290889180924344        12.390628325323052        12.556843164992946        12.713350404907869        12.845763700306312        11.601811764271810        12.409428655962612        12.330481286007709        12.249215036329757        12.200445212264034        12.326415610920192        12.322314665502292        12.342090265083099        15.853406933611192        13.192482834511475     
   9566.1679199258815       -2.8563980000000000       0.63382703773498361        7.8839063999999999        1.3572499999999999E-002   12.295595948624388        12.311153120698222        12.222577242574175        12.384477686069364        12.291486646583245        12.389857184629758        12.552556245117973        12.747993488469376        12.294935140934580        12.393857184629759        12.559541438432944        12.715748143682163        12.847978077138418        11.607053610729288        12.413839499360751        12.334087602721183        12.252301760070900        12.203021818015316        12.328283997114500        12.323949134086796        12.343629373014295        15.869119627599645        13.200592133510412     
   9554.5007751969260       -2.8585900000000000       0.63657173092832997        7.8839775000000003        1.3571400000000001E-002   12.299097614264740        12.315126227516176        12.225296903742811        12.389766426585707        12.295673756835102        12.393086398694210        12.555264804532472        12.750336917490126        12.298981992085396        12.397086398694208        12.562241421517781        12.718148183845409        12.850194675213794        11.612299791726398        12.418250555610102        12.337693707273507        12.255389536374798        12.205600041423397        12.330157922619401        12.325592297413644        12.345178055277971        15.884725051919583        13.208711947755981     
   9542.8478600181097       -2.8607840000000002       0.63933174564486950        7.8840484999999996        1.3570300000000000E-002   12.302593510542511        12.319093016495405        12.228012682448284        12.395049758641324        12.299854288244141        12.396310202137560        12.557970285350134        12.752679447262150        12.303022424957437        12.400310202137558        12.564938346965270        12.720546322515769        12.852409637985573        11.617540732590360        12.422653826686567        12.341293124760522        12.258472864885075        12.208175345195801        12.332034178220024        12.327241376458510        12.346733712243669        15.900194123498320        13.216827270602220     
   9531.1433180017539       -2.8629840000000000       0.64210709109209707        7.8841194999999997        1.3569200000000000E-002   12.306102392344275        12.323074904040404        12.230738929424955        12.400356552218657        12.304050865179043        12.399545811180491        12.560686982531205        12.755033329779547        12.307078272210926        12.403545811180493        12.567646461327339        12.722955120077625        12.854634490013883        11.622805068123480        12.427073189887768        12.344905192694011        12.261568170353424        12.210761288597887        12.333922394955021        12.328904731529057        12.348304183275125        15.915612572106316        13.224983003183080     
   9519.5188901792080       -2.8651749999999998       0.64489777652990776        7.8841900999999996        1.3568100000000000E-002   12.309586751710064        12.327029057855828        12.233446945408467        12.405629048529804        12.308218238897794        12.402758794897551        12.563386299863637        12.757374046248763        12.311105869032332        12.406758794897552        12.570337265057447        12.725349441523115        12.856846167440683        11.628035518777736        12.431460890774837        12.348491246133456        12.264642596612099        12.213330747123010        12.335803287149218        12.330565592699109        12.349873740486899        15.930809414357405        13.233089300965275     
   9507.8648543715844       -2.8673750000000000       0.64771858142316341        7.8842610999999998        1.3566999999999999E-002   12.313077826465905        12.330991149985325        12.236160636369403        12.410915344419694        12.312394094012118        12.405977830012977        12.566092054543743        12.759722017868553        12.315141580671197        12.409977830012975        12.573034495010196        12.727750218562521        12.859063878248596        11.633279786268082        12.435856698150369        12.352083489456595        12.267723505882655        12.215906312239087        12.337692920007550        12.332237923773095        12.351455480816925        15.945927237188103        13.241220980280945     
   9496.4437469100194       -2.8695339999999998       0.65053997792945306        7.8843323999999999        1.3565799999999999E-002   12.316573278276840        12.334953723518064        12.238868585393165        12.416198092799705        12.316571802090051        12.409192513784754        12.568798780998110        12.762066507362798        12.319182086423277        12.413191425042678        12.575726145515739        12.730145697623280        12.861260181687536        11.638514554768038        12.440251228093954        12.355664977918495        12.270802646842837        12.218473252415203        12.339570794420025        12.333909951040214        12.353031822457874        15.961661579360248        13.249305982991684     
   9485.2984436560200       -2.8716420000000000       0.65331763717539437        7.8844022999999996        1.3564700000000001E-002   12.320093902664228        12.338941491171243        12.241565199750172        12.421519266697166        12.320781195109388        12.412409062875222        12.571507021817952        12.764394665755001        12.323257989529049        12.416404000975637        12.578405087880286        12.732523152560864        12.863402098211823        11.643773435946715        12.444677157420246        12.359243140179005        12.273885149070418        12.221019794976764        12.341403276973219        12.335551693453590        12.354563562378127        15.979067506186952        13.257387302998852     
   9474.4716368122863       -2.8736959999999998       0.65606631114956693        7.8844718000000000        1.3563700000000000E-002   12.323502956935918        12.342803523662127        12.244176010438750        12.426678184363922        12.324857801948948        12.415523528812141        12.574129214055993        12.766649849619849        12.327205033018217        12.419513791679019        12.580998731584298        12.734825520477607        12.865477954300921        11.648870966797730        12.448964917685942        12.362708791838116        12.276869388171093        12.223486418544763        12.343179880023598        12.337143899448627        12.356048826264832        15.995843174038125        13.265232715659092     
   9463.8968906849714       -2.8757039999999998       0.65878598185905135        7.8845400999999997        1.3562599999999999E-002   12.326852398480685        12.346594620388526        12.246747897252437        12.431737491245254        12.328857795785201        12.418585995744301        12.576712303382791        12.768876578093657        12.331078589315663        12.422570915047313        12.583553851080882        12.737097666753581        12.867531043418690        11.653869484257847        12.453171916686443        12.366114180866841        12.279804650561363        12.225918996408478        12.344941954437186        12.338726723361887        12.357527119734016        16.012131618918186        13.272920955631026     
   9453.4210161778919       -2.8776980000000001       0.66150620206360145        7.8846084000000003        1.3561500000000001E-002   12.330172188128829        12.350351177315575        12.249299453043834        12.436751879929504        12.332820633285502        12.421622231741638        12.579275042502344        12.771088336607301        12.334916280262279        12.425601098920970        12.586088796326015        12.739353768722731        12.869572263255295        11.658822838094112        12.457340572846208        12.369490044601795        12.282714861780478        12.228334029964239        12.346696115049253        12.340304143933045        12.359000908659612        16.028156080502228        13.280544549120146     
   9443.1306850274941       -2.8796569999999999       0.66419739533442412        7.8846756999999998        1.3560500000000000E-002   12.333420304702633        12.354027589242724        12.251794926696752        12.441665284603333        12.336699030578457        12.424592531305015        12.581781586838217        12.773252100257151        12.338671855443993        12.428564717426950        12.588567953630205        12.741560462223935        12.871569941277277        11.663675498054131        12.461421870542457        12.372793870322178        12.285561359625669        12.230696840136700        12.348413010739639        12.341848242439545        12.360443133751188        16.043773830389021        13.288025650789960     
   9432.9167152651062       -2.8816050000000000       0.66690391765297141        7.8847430000000003        1.3559399999999999E-002   12.336661536522520        12.357693215535704        12.254291045847971        12.446560133944018        12.340564515255799        12.427558709887581        12.584288779869198        12.775420999394875        12.342415537235446        12.431523541898251        12.591047877511315        12.743771357811990        12.873575393722007        11.668509275094511        12.465489463420496        12.376091012719947        12.288404646011635        12.233062693902127        12.350140929220409        12.343405444819219        12.361899140513614        16.059185190113109        13.295473750024986     
   9422.8656706610491       -2.8835240000000000       0.66958139547513196        7.8848094000000000        1.3558400000000000E-002   12.339837879972455        12.361286480028090        12.256736051334334        12.451364389775987        12.344353840439501        12.430465070364304        12.586744768017388        12.777545978409849        12.346085109547717        12.434421961744645        12.593476946061690        12.745937066668409        12.875540902491201        11.673252673238517        12.469478368069081        12.379322971621255        12.291190065878935        12.235380889165766        12.351834460026771        12.344931763210566        12.363325800054033        16.074232635811839        13.302795011505621     
   9412.9770537764743       -2.8854129999999998       0.67224460834916677        7.8848754000000003        1.3557400000000001E-002   12.342965496025743        12.364823597008007        12.259145978325515        12.456094257077099        12.348083259922968        12.433327729913005        12.589165583948544        12.779642961990119        12.349696816939725        12.437276126431806        12.595871193662271        12.748073544870090        12.877482320928744        11.677921928101865        12.473404815309594        12.382505881378806        12.293933730251252        12.237667389551264        12.353509385096197        12.346442935378564        12.364738846434408        16.088938169946189        13.310005542349240     
   9403.0771628708171       -2.8873069999999998       0.67493794767273541        7.8849416000000003        1.3556300000000000E-002   12.346112530030826        12.368379919788421        12.261576319947590        12.460846017531967        12.351831519858980        12.436210163745077        12.591606912918696        12.781761903825871        12.353327337688174        12.440149376693672        12.598285838017656        12.750231454439007        12.879446840818527        11.682612271050157        12.477350998220007        12.385708844044657        12.296697024802594        12.239975492344417        12.355208186242074        12.347978553507627        12.366176148847760        16.103575396615380        13.317245105154345     
   9393.1227983392619       -2.8892110000000000       0.67763182525571575        7.8850069999999999        1.3555299999999999E-002   12.349259914083785        12.371938159330885        12.264004891958013        12.465607626536720        12.355582165412649        12.439092153240779        12.594046623886005        12.783879282300060        12.356959706506547        12.443021446711398        12.600698626388013        12.752387439994500        12.881410280676594        11.687311378841780        12.481301334228711        12.388913039572632        12.299459212504264        12.242282497554424        12.356905528052337        12.349512583966607        12.367611243075270        16.118173828532179        13.324512567218786     
   9382.8116843128573       -2.8911870000000000       0.68038546518560361        7.8850727999999997        1.3554300000000000E-002   12.352514377039986        12.375617477232547        12.266516705772487        12.470534881865317        12.359460166230159        12.442072409188990        12.596570076012428        12.786070781841930        12.360715310200584        12.445990702693853        12.603194090900436        12.754618323721617        12.883443736156353        11.692173100162586        12.485386900897433        12.392226956557844        12.302315366943029        12.244669813253966        12.358664487906120        12.351103198576547        12.369099289550173        16.133181179086577        13.332040099503784     
   9372.2313402259824       -2.8932129999999998       0.68322852212348339        7.8851399999999998        1.3553200000000000E-002   12.355865673252257        12.379403952929358        12.269108004147395        12.475603388992273        12.363449857457827        12.445143084181371        12.599173421647293        12.788335551029792        12.364579535416794        12.449049321797290        12.605768613082116        12.756922863717801        12.885547831839983        11.697173520079794        12.489590337851343        12.395639900907721        12.305258691538373        12.247134869765649        12.360488122275495        12.352754957351767        12.370645706790842        16.148478130756459        13.339781643246781     
   9361.5982590040512       -2.8952510000000000       0.68608699074297697        7.8852070999999997        1.3552200000000000E-002   12.359216793347739        12.383191636220351        12.271697420783672        12.480681037815208        12.367441102036315        12.448212946034031        12.601775055382872        12.790599004987774        12.368444820355107        12.452106282252201        12.608341169905168        12.759225633052209        12.887651341627175        11.702181879274368        12.493797170510009        12.399053630089780        12.308200559756431        12.249598955701172        12.362310994047755        12.354405983566286        12.372190766817800        16.163717945630268        13.347550616519667     
   9350.8695848515436       -2.8973100000000001       0.68899051150629753        7.8852745999999998        1.3551100000000000E-002   12.362612642347843        12.387027173904494        12.274326834424203        12.485819706663341        12.371481354103233        12.451325784048501        12.604416909414306        12.792901755693043        12.372358116499905        12.455205303606066        12.610953572160321        12.761567389420703        12.889794267588607        11.707249755172326        12.498055739233097        12.402513314205253        12.311184244585784        12.252103478930247        12.364171995356335        12.356094498267071        12.373772258903886        16.178991086139597        13.355409845317395     
   9340.1532060834325       -2.8993709999999999       0.69190947584616513        7.8853418000000000        1.3550100000000001E-002   12.365988796582776        12.390841710356561        12.276939552155262        12.490937456386192        12.375499692767018        12.454420030752068        12.607042169464599        12.795190422428043        12.376249783486969        12.458284946912933        12.613549298001566        12.763894353296941        12.891924856783668        11.712295906598143        12.502292938103160        12.405953894218904        12.314149477294869        12.254593023131331        12.366022217903200        12.357773341813989        12.375344096015240        16.194112290290281        13.363250090083657     
   9329.2987368675767       -2.9014600000000002       0.69485871542423228        7.8854094999999997        1.3549000000000000E-002   12.369422435963964        12.394718562259468        12.279602076064210        12.496135923698178        12.379582284214559        12.457568924662164        12.609717518404990        12.797527000817604        12.380204214561354        12.461418230592487        12.616194611064488        12.766269047251471        12.894102916581568        11.717420945926309        12.506598019912902        12.409453464634874        12.317167686030148        12.257132392408502        12.367917551273441        12.359496018840078        12.376958276815573        16.209321390194056        13.371211282573364     
   9318.3925125551177       -2.9035579999999999       0.69785307500822269        7.8854771000000001        1.3547999999999999E-002   12.372855599778964        12.398596221047329        12.282262634255920        12.501343133388106        12.383665966680597        12.460716791994004        12.612391088084399        12.799862372946253        12.384159273334292        12.464549582436318        12.618837876347301        12.768642033617462        12.896280634454572        11.722553454205363        12.510906075752084        12.412953556915932        12.320184236398552        12.259670839284047        12.369812459626568        12.361218395069896        12.378571524555435        16.224463544439317        13.379199607959185     
   9307.4347442357484       -2.9056690000000001       0.70086292728026822        7.8855449000000002        1.3546900000000001E-002   12.376320278822240        12.402506655583720        12.284953263806502        12.506591051209407        12.387782695889614        12.463895642553654        12.615094918924877        12.802228615904484        12.388146922660797        12.467710999242433        12.621511131260801        12.771045380070712        12.898490116205130        11.727725382125501        12.515249069751738        12.416486169247827        12.323231140169364        12.262240428231282        12.371739067852394        12.362972615079672        12.380215981698649        16.239568888946131        13.387247048009824     
   9296.4684555399781       -2.9077880000000000       0.70390311414471762        7.8856127000000003        1.3545900000000000E-002   12.379771504546305        12.406403138936319        12.287632052572739        12.511827714217482        12.391884930285833        12.467061638171405        12.617787050339675        12.804585111560023        12.392120131530348        12.470858703082353        12.624172531880056        12.773438318327059        12.900691375180720        11.732885053762118        12.519578580004481        12.420006070827636        12.326265077062985        12.264799738245955        12.373658505586974        12.364720496779306        12.381853893639125        16.254545748519824        13.395290689351413     
   9285.5364683558273       -2.9098970000000000       0.70694398537575220        7.8856802999999998        1.3544799999999999E-002   12.383228485925455        12.410303143065038        12.290321217042193        12.517065357128262        12.395989342003647        12.470235100098202        12.620489648583538        12.806955327771719        12.396096077883863        12.474013088290954        12.626844362590996        12.775844177578021        12.902908482094317        11.738045004191678        12.523910389426634        12.423532198823503        12.329306883922671        12.267371448860148        12.375595934728482        12.366487872102427        12.383511519679550        16.269368778470849        13.403331785326538     
   9274.5532698472362       -2.9120200000000001       0.71003005678215592        7.8857482000000001        1.3543700000000001E-002   12.386700855812721        12.414219763110262        12.293024387759003        12.522327545047281        12.400110624779868        12.473423446503142        12.623206452134339        12.809340406908129        12.400088453377629        12.477181420662946        12.629530118348621        12.778264378658678        12.905141387949081        11.743228184826494        12.528260973702723        12.427074727313778        12.332362949110051        12.269958278241278        12.377549116474613        12.368271178076919        12.385184435591773        16.284136208146776        13.411415841634545     
   9263.6470533662487       -2.9141309999999998       0.71310199109448147        7.8858154999999996        1.3542700000000000E-002   12.390134109788384        12.418093311433338        12.295696028768649        12.527538882862018        12.404186706097136        12.476575486125665        12.625891768106026        12.811698518874191        12.404036691759142        12.480312744503053        12.632184466461784        12.780656685193801        12.907350035431062        11.748360122161685        12.532565582251745        12.430578329348720        12.335383625576906        12.272516045167141        12.379481248819783        12.370035595926087        12.386839109032007        16.298662077846480        13.419434508266630     
   9252.6897462847046       -2.9162550000000000       0.71620431434477538        7.8858829000000004        1.3541600000000001E-002   12.393598749497215        12.421999462107575        12.298397688645185        12.532790751872369        12.408295642277253        12.479758416417667        12.628607307781056        12.814087523544288        12.408017349694916        12.483474016010518        12.634868752432574        12.783079362237210        12.909590525857922        11.753531264586805        12.536904953246093        12.434114329046622        12.338434568416790        12.275104957707015        12.381445176413493        12.371832001171846        12.388525124772904        16.313147538364323        13.427512114239619     
   9241.7241199391410       -2.9183829999999999       0.71933704713374935        7.8859500999999996        1.3540600000000000E-002   12.397164776361734        12.426048024341995        12.301170927950828        12.538220475967570        12.412556012692413        12.483059763730978        12.631394312503016        12.816533452685633        12.412147926557971        12.486756090221860        12.637624604641452        12.785558389250767        12.911894753673117        11.758902860516478        12.541401958095520        12.437792325007109        12.341590385222219        12.277740428160623        12.383459045318656        12.373612729698834        12.390211932164728        16.330350209483342        13.435830051896939     
   9230.7502346575584       -2.9205139999999998       0.72247050576438965        7.8860172999999998        1.3539499999999999E-002   12.400787407902843        12.430165733127335        12.303993620233225        12.543731153715687        12.416888603276870        12.486423565457404        12.634230599192627        12.819024051224407        12.416350139244098        12.490102409762390        12.640429896731717        12.788082773433953        12.914246159930617        11.764362902001974        12.545971810849398        12.441538722407969        12.344805648607579        12.280416088292416        12.385516554544889        12.375416050985251        12.391926672247305        16.348361284200852        13.444253664226586     
   9219.7256922497400       -2.9226600000000000       0.72564925750719889        7.8860843999999997        1.3538500000000000E-002   12.404410628485563        12.434284909688186        12.306817110942978        12.549249626324700        12.421223523647575        12.489787457187814        12.637067617147052        12.821514636159469        12.420554088337790        12.493449721044326        12.643235906927400        12.790608127290545        12.916597713805873        11.769830470934087        12.550543550452536        12.445284741997211        12.348022009617031        12.283091050917696        12.387574406347516        12.377219262442052        12.393640893595935        16.366287975955466        13.452703103745703     
   9208.7143167603408       -2.9248020000000001       0.72882875622693610        7.8861514000000001        1.3537499999999999E-002   12.408030429209497        12.438398668350438        12.309642043722125        12.554760900420820        12.425552635279551        12.493148934487394        12.639905927843632        12.824007780162681        12.424752394434584        12.496795623520015        12.646043380069941        12.793136827644780        12.918952798136552        11.775290869133975        12.555107659520658        12.449025656108912        12.351237828219276        12.285766813447236        12.389637692556384        12.379028931829264        12.395361679158345        16.384042852699647        13.461146428309156     
   9197.7372710120944       -2.9269390000000000       0.73203872754772414        7.8862186999999997        1.3536400000000001E-002   12.411656196284392        12.442515456328218        12.312479310373883        12.560270730859491        12.429883968983892        12.496517875346340        12.642756394859491        12.826515006175102        12.428953340979787        12.500150021499108        12.648863241518329        12.795680324808961        12.921323196629535        11.780749949833465        12.559671727166917        12.452770628129253        12.354463253080782        12.288454557791470        12.391718748897583        12.380857875771712        12.397102016385668        16.401609330912805        13.469583722066330     
   9187.0059997571279       -2.9290340000000001       0.73521972773315425        7.8862852999999999        1.3535400000000000E-002   12.415189377019674        12.446527317361658        12.315245401220951        12.565644327519317        12.434105438073017        12.499800647244614        12.645535256493821        12.828959133460296        12.433047353361504        12.503419528462809        12.651612316862055        12.798160709011684        12.923634334150341        11.786073901493774        12.564119241806337        12.456418867316453        12.357607354256723        12.291073684116940        12.393748515898922        12.382641862649551        12.398799380440133        16.418626161162585        13.477823627870722     
   9176.3506367583486       -2.9311159999999998       0.73841634515868282        7.8863516999999996        1.3534300000000001E-002   12.418715413567096        12.450527334360050        12.318013447407353        12.570996336078469        12.438313447922159        12.503078696537049        12.648315850602142        12.831408165676724        12.437128817750217        12.506685342791815        12.654363467905245        12.800646523427243        12.925952076112125        11.791376584681945        12.568550252938753        12.460057703122299        12.360749313436955        12.293695032186999        12.395788337310098        12.384438314641240        12.400509822339902        16.435398460004194        13.486025971745658     
   9165.8131568829667       -2.9331800000000001       0.74159884402459830        7.8864175999999997        1.3533300000000000E-002   12.422189004918160        12.454468377161490        12.320741035144181        12.576274301613378        12.442460050404591        12.506307680231362        12.651055715350516        12.833820926473095        12.441150284230346        12.509903147814569        12.657074347414341        12.803096426691507        12.928235743770827        11.796605739449888        12.572915973202385        12.463641429424126        12.363845282732818        12.296276786081368        12.397798589575423        12.386208547640752        12.402194996800084        16.451832576508234        13.494126953803576     
   9155.3721012181286       -2.9352250000000000       0.74478209074797996        7.8864830000000001        1.3532300000000001E-002   12.425632920681938        12.458374208821816        12.323449306164257        12.581504712073741        12.446569429208406        12.509509849139583        12.653776019496057        12.836217895563376        12.445135681070340        12.513095147175697        12.659766063096907        12.805530952001618        12.930505532556730        11.801787755159992        12.577241075502393        12.467193083111390        12.366917196835779        12.298839812655309        12.399798867624252        12.387971646899704        12.403873815855953        16.467981832654871        13.502158684319795     
   9144.9429392763523       -2.9372699999999998       0.74798096574092054        7.8865483000000003        1.3531300000000000E-002   12.429073733007110        12.462275163144716        12.326158822622050        12.586728625642445        12.450673566146849        12.512709807250937        12.656497422710794        12.838617103838265        12.449115985852151        12.516285851882278        12.662459043075872        12.807968423738702        12.932778433655125        11.806963298657935        12.581559309720200        12.470740130152864        12.369988583532804        12.301403508773094        12.401803958566342        12.389740468362897        12.405558453122199        16.483977716925729        13.510184838172266     
   9134.6308232275933       -2.9392939999999999       0.75116571220320838        7.8866130999999999        1.3530300000000000E-002   12.432478354694879        12.466133538173434        12.328843807723615        12.591894999438942        12.454732710508452        12.515876883724545        12.659194028189223        12.840995890160215        12.453052696979199        12.519444670653627        12.665127677286581        12.810385782044897        12.935033046432459        11.812081815151743        12.585828792006058        12.474248437737256        12.373030041996625        12.303943580346715        12.403795136986808        12.391498655775568        12.407233401132387        16.499663167698071        13.518126039648429     
   9124.3513450060073       -2.9413170000000002       0.75435120705112424        7.8866778000000002        1.3529299999999999E-002   12.435873325979745        12.469979617231903        12.331524836900456        12.597044824621378        12.458778789982659        12.519035659970296        12.661886507481857        12.843372309093596        12.456976739463787        12.522596101295186        12.667792407323102        12.812801382289415        12.937286394744334        11.817183904683063        12.590083201184264        12.477745424251939        12.376065094869787        12.306479431563123        12.405787240381621        12.393259124996284        12.408910894403171        16.515168076931555        13.526045906611959     
   9114.1254065962294       -2.9433270000000000       0.75755234120585369        7.8867419999999999        1.3528300000000000E-002   12.439252061893711        12.473805915854676        12.334196734128039        12.602167967220407        12.462803913575286        12.522180022361219        12.664569661427979        12.845741795343031        12.460880469568835        12.525734037241548        12.670448090303083        12.815210571503453        12.939534156339235        11.822259530961382        12.594314239493244        12.481224314138231        12.379087863385266        12.309006189786125        12.407776459879319        12.395018529495388        12.410587755125711        16.530462763040187        13.533928625876875     
   9103.9738165130129       -2.9453269999999998       0.76073933685184780        7.8868058999999997        1.3527300000000001E-002   12.442608000852811        12.477604985460488        12.336854315005755        12.607254337198167        12.466800227927600        12.525303874628314        12.667238282527620        12.848099767246399        12.464756281779717        12.528852381734566        12.673089574819908        12.817608674499027        12.941771984216047        11.827298700839464        12.598513659429848        12.484678366877713        12.382092473005137        12.311518978191099        12.409758950510831        12.396773479318480        12.412260761311938        16.545519000497791        13.541758413643333     
   9093.6450816024771       -2.9473620000000000       0.76395687695010561        7.8868692999999999        1.3526300000000000E-002   12.446020317234913        12.481466965657818        12.339559498807320        12.612425975548495        12.470862759042328        12.528480647204093        12.669954563460758        12.850500730422604        12.468696211394539        12.532024444882792        12.675778381379745        12.820051204044185        12.944051424584119        11.832422288327075        12.602781498667985        12.488189167476671        12.385149423265469        12.314076117765532        12.411779947059165        12.398563580993896        12.413967489437420        16.560703047107189        13.549725359501545     
   9083.0770867933679       -2.9494460000000000       0.76723478561406411        7.8869330000000000        1.3525300000000001E-002   12.449508601696447        12.485414078768631        12.342327834997622        12.617712967735645        12.475014924171479        12.531728550456666        12.672734109282825        12.852958440963334        12.472722939890016        12.535268465501339        12.678529960957835        12.822552211901442        12.946385546818785        11.837660088467906        12.607142327145365        12.491776816858341        12.388276297014375        12.316692221817849        12.413851048413161        12.400399081004579        12.415717684592227        16.576097391125536        13.557876598889887     
   9072.2289145439681       -2.9515880000000001       0.77058801128108645        7.8869977999999996        1.3524300000000000E-002   12.453085783378498        12.489460937883443        12.345169734688724        12.623135098562670        12.479272116096755        12.535059628900669        12.675587360271191        12.855482153749890        12.476851376582353        12.538596545792359        12.681354659787381        12.825121178705441        12.948783182816847        11.843031693026273        12.611612240971013        12.495454524305551        12.391484789350237        12.319377053920118        12.415980175271859        12.402287034300610        12.417518071440035        16.591751002615130        13.566243311039749     
   9061.3102404333094       -2.9537439999999999       0.77398679175308649        7.8870624999999999        1.3523300000000000E-002   12.456685856051749        12.493532396528032        12.348033587943171        12.628590630663332        12.483555113091519        12.538412663922731        12.678462477189271        12.858026440443371        12.481004788837687        12.541947576299890        12.684201200392522        12.827711842012814        12.951201380704639        11.848436339995317        12.616107834970631        12.499154268690006        12.394716133579809        12.322081999670541        12.418129638144428        12.404194444460892        12.419337346061056        16.607357392631293        13.574667059046195     
   9050.3005112087303       -2.9559210000000000       0.77740133570211578        7.8871273000000004        1.3522299999999999E-002   12.460315307952644        12.497635802374521        12.350924584198300        12.634089510937873        12.487871655027579        12.541793692624722        12.681364664678124        12.860595902986102        12.485190672955465        12.545327616092901        12.687074739621362        12.830328910638851        12.953644524169075        11.853883879964570        12.620637215622647        12.502882692284810        12.397976177486214        12.324811929850366        12.420303348873283        12.406124781744456        12.421178812808474        16.622942366769223        13.583163476454029     
   9039.1792773540728       -2.9581219999999999       0.78086148725028948        7.8871922000000003        1.3521200000000001E-002   12.463996659998390        12.501794521189151        12.353863981793424        12.639657691566303        12.492245497048067        12.545224792112560        12.684315195360746        12.863211220585686        12.489432541135333        12.548758772014185        12.689996503388464        12.832993176810252        12.956133082393613        11.859400169538102        12.625224490938351        12.506662457378251        12.401286822895383        12.327587779261091        12.422521318427368        12.408097623163766        12.423061883626236        16.638546405705444        13.591764211687167     
   9028.0093460529479       -2.9603359999999999       0.78435236062710467        7.8872568999999997        1.3520200000000000E-002   12.467678014964559        12.505953931847817        12.356804161419433        12.645232585263965        12.496620796988470        12.548655492386416        12.687266380922104        12.865826618273076        12.493675296851922        12.552190599840547        12.692918971971778        12.835658608909483        12.958622015630628        11.864922913994480        12.629812579552496        12.510441077122170        12.404598320214657        12.330362832494135        12.424740069435227        12.410070889806672        12.424944986581796        16.654046964849812        13.600389651322441     
   9016.6871226600069       -2.9625810000000001       0.78788890311359139        7.8873220000000002        1.3519200000000000E-002   12.471408102212319        12.510167161607978        12.359787089004318        12.650880440385844        12.501052677299167        12.552132215916355        12.690260282308682        12.868481067964719        12.497972833429884        12.555669564762919        12.695883947039633        12.838364667734620        12.961149147386784        11.870517877522584        12.634458534558327        12.514268140103376        12.407956036646635        12.333177499329825        12.426994962689871        12.412077683893717        12.426860387679710        16.669598158147242        13.609134463797304     
   9005.3998343898693       -2.9648200000000000       0.79144129393898399        7.8873867999999998        1.3518199999999999E-002   12.475127905031545        12.514367184187940        12.362766169821384        12.656510499436322        12.505470489589477        12.555600145705533        12.693250116881245        12.871133416829750        12.502256725451055        12.559140834208442        12.698845130732799        12.841069361999022        12.963675443578591        11.876095175750990        12.639088142427767        12.518083000853046        12.411307154791523        12.335987952402281        12.429251492714361        12.414087612680401        12.428779205473575        16.684943173324946        13.617856748933917     
   8994.1059660785559       -2.9670660000000000       0.79500954504699617        7.8874516999999997        1.3517200000000000E-002   12.478963302003661        12.518671064122193        12.365806012519988        12.662292740439709        12.509994950190544        12.559151479489321        12.696301944195914        12.873834871157241        12.506657163039369        12.562705170351817        12.701879236800808        12.843813500210102        12.966240525736952        11.881804012600616        12.643855007123397        12.522011893677194        12.414741881783945        12.338879527554854        12.431524446117406        12.416113760348649        12.430679881374770        16.702380425442286        13.626733890345021     
   8983.1572072994604       -2.9692460000000001       0.79859366843671165        7.8875166999999999        1.3516200000000001E-002   12.482789740659321        12.522938960267194        12.368811873288671        12.668035560860901        12.514478652128798        12.562672969021985        12.699321279999712        12.876503849893144        12.511030009606156        12.566247648765501        12.704891005732211        12.846513366756351        12.968768679622638        11.887456861881727        12.648602352882591        12.525927426649670        12.418150026212082        12.341761573303618        12.433748062092842        12.418098748237895        12.432510931578506        16.721115618255030        13.635474646554975     
   8972.5523316836243       -2.9713630000000002       0.80207415854508690        7.8875798000000001        1.3515200000000000E-002   12.486504752866338        12.527077876611802        12.371734170401506        12.673602414070888        12.518825956112213        12.566091813022329        12.702257438586958        12.879102114435543        12.515270580046103        12.569687471047139        12.707819844268027        12.849139941684545        12.971231855731030        11.892935929766107        12.653205650931262        12.529727285156948        12.421459891307915        12.344565393935351        12.435915582892289        12.420036585586445        12.434297397648766        16.739106982193373        13.643945307833018     
   8962.0218826687978       -2.9734650000000000       0.80555553916111788        7.8876426000000004        1.3514200000000001E-002   12.490198434096516        12.531188894988844        12.374642733629546        12.679130703886145        12.523143277526177        12.569490627422670        12.705180555493978        12.881691129246061        12.519482539094870        12.573107746999675        12.710735701461509        12.851755500960614        12.973688006834092        11.898376428239974        12.657777782947544        12.533503805630588        12.424751277774515        12.347357723760719        12.438077490125426        12.421971832914235        12.436080126000579        16.756816989046570        13.652357058229331     
   8951.5862392724175       -2.9755520000000000       0.80903781051264556        7.8877049000000001        1.3513300000000001E-002   12.493846921740145        12.535253434426073        12.377500289377467        12.684598050735881        12.527406361969627        12.572848049702744        12.708059519945904        12.884226463124103        12.523640744511896        12.576485855352383        12.713612645247318        12.854314128220354        12.976086685817380        11.903754411943458        12.662296416631721        12.537240597749156        12.427999381117049        12.350105934321833        12.440176483916860        12.423828497332812        12.437779727883663        16.775357841811093        13.660664787055135     
   8941.1833352596677       -2.9776340000000001       0.81252097282757496        7.8877670000000002        1.3512300000000000E-002   12.497499245712481        12.539328998464788        12.380343463186859        12.690071069594294        12.531671148415333        12.576213986956814        12.710934091625623        12.886737215956826        12.527799531782710        12.579870673688559        12.716493008030410        12.856845798539679        12.978452602658818        11.909135809193961        12.666820089108613        12.540992639797848        12.431251214629265        12.352847105250374        12.442232534495249        12.425613907026344        12.439402961668995        16.795566501731649        13.668945677956371     
   8930.9159050810540       -2.9796909999999999       0.81599007140997493        7.8878285999999997        1.3511300000000000E-002   12.501104774419771        12.543352255512646        12.383153795910294        12.695474926421097        12.535881048938917        12.579538204527614        12.713775298588752        12.889220079256445        12.531904928271997        12.583213507081927        12.719339321907958        12.859350030442853        12.980793869025907        11.914449858874411        12.671285617780805        12.544696587983514        12.434463417555568        12.355556019314461        12.444269296571003        12.427384898745848        12.441015340930074        16.815385989278695        13.677126119066804     
   8920.6602653018199       -2.9817480000000001       0.81947501250931598        7.8878899999999996        1.3510400000000001E-002   12.504688961989299        12.547353691732706        12.385947088908505        12.700856713000537        12.540068799852616        12.582842738929340        12.716599315919073        12.891686894883701        12.535988409610287        12.586536615371852        12.722167835821246        12.861838909056235        12.983120593748691        11.919742557962660        12.675728818268421        12.548379082013366        12.437656661395188        12.358247271154415        12.446293181047274        12.429144652988622        12.442618106774997        16.835039584862319        13.685286540374342     
   8910.5189879331265       -2.9837850000000001       0.82294588269404989        7.8879508999999999        1.3509400000000000E-002   12.508249575498327        12.551326901080492        12.388728958983029        12.706196190635422        12.544226131016368        12.586128129661796        12.719411452463033        12.894146532988058        12.540042749177024        12.589840353531704        12.724983826921124        12.864321071253768        12.985443022225430        11.924994545592858        12.680138864955387        12.552036905750397        12.440832588040875        12.360927510735154        12.448317438891687        12.430909037891839        12.444228672419909        16.854366786949399        13.693378810128445     
   8900.4097334035578       -2.9858180000000001       0.82641763711327254        7.8880115000000002        1.3508500000000000E-002   12.511782101880531        12.555270720458658        12.391488498466732        12.711503263335633        12.548353375617001        12.589387600733023        12.722201047647559        12.896585455261341        12.544067442591430        12.593118094166154        12.727776678541620        12.866783147642014        12.987746474726489        11.930215002240526        12.684518142713994        12.555666335402481        12.443983518004668        12.363585019997235        12.450324940758851        12.432658785813640        12.445826493064740        16.873493619397877        13.701435073972430     
   8890.2914774542223       -2.9878540000000000       0.82990524617798289        7.8880720000000002        1.3507600000000000E-002   12.515316366500508        12.559216644295562        12.394252385486128        12.716814953666590        12.552482770994247        12.592649864990578        12.724994900123322        12.899029035638671        12.548094312475927        12.596398624278764        12.730573205328968        12.869250604781483        12.990055771121627        11.935440596060991        12.688899913285324        12.559297589576348        12.447137720582981        12.366246064555662        12.452339301106685        12.434416460789210        12.447433513470687        16.892513576942619        13.709503492171232     
   8880.2051716498845       -2.9898870000000000       0.83339374757178486        7.8881319999999997        1.3506600000000001E-002   12.518854732439413        12.563165369566137        12.397026090491226        12.722126427772531        12.556614270339375        12.595918381969083        12.727798357841033        12.901484037664789        12.552123728192941        12.599685329294809        12.733378746761920        12.871730108449109        12.992378214520679        11.940666838996323        12.693283110264646        12.562932638807832        12.450299089205201        12.368916532664214        12.454369012143951        12.436191589496504        12.449059867617938        16.911366679584525        13.717568056263028     
   8870.0077645335205       -2.9919400000000000       0.83692807516316137        7.8881923000000000        1.3505700000000001E-002   12.522412935162091        12.567138451755113        12.399814543690244        12.727478584320924        12.560772018050006        12.599205075197670        12.730616769659544        12.903950877317644        12.556178389638848        12.602990390523516        12.736198675165799        12.874222431533955        12.994712356326268        11.945933426957644        12.697695451340010        12.566588589795817        12.453478033418374        12.371599880966055        12.456408488612073        12.437974991263896        12.450694283590810        16.930284392389591        13.725708769580208     
   8859.9240704652238       -2.9939789999999999       0.84044833690346610        7.8882520999999999        1.3504800000000001E-002   12.525931795148169        12.571067564814912        12.402575536517050        12.732772689138612        12.564883613985026        12.602456750413106        12.733407263622807        12.906394436124190        12.560188172251189        12.606260209868561        12.738990088295539        12.876691893518815        12.997026001181238        11.951143509846391        12.702058924344820        12.570204108039421        12.456623735258200        12.374256217286637        12.458432032022065        12.439746612580544        12.452319992498504        16.948869206018131        13.733765410267770     
   8849.8110848664182       -2.9960200000000001       0.84398449270361020        7.8883118000000003        1.3503800000000000E-002   12.529475261257817        12.575022475718326        12.405362228537653        12.738097854501079        12.569021413556298        12.605733551049878        12.736223418184830        12.908863362661601        12.564223987039396        12.609555187523339        12.741806584190607        12.879187503273775        12.999365940408337        11.956385000936889        12.706449458034774        12.573844513183479        12.459794825498614        12.376937225273272        12.460482302715233        12.441545524813803        12.453973981784829        16.967400042623204        13.741866208153992     
   8839.7299967426570       -2.9980590000000000       0.84753655444868314        7.8883713000000002        1.3502900000000000E-002   12.532990706773907        12.578948068285795        12.408126572154421        12.743390670861670        12.573129191700611        12.608984463360072        12.739017005174974        12.911311531299051        12.568230228311856        12.612824200273872        12.744599934738941        12.881662973905142        13.001686827410692        11.961594995226621        12.710809299433132        12.577456591977549        12.462940929825793        12.379595496058490        12.462515706759502        12.443329654385122        12.455615055359926        16.985733756319043        13.749930952570123     
   8829.7213856358831       -3.0000879999999999       0.85107454717240583        7.8884305000000001        1.3502000000000000E-002   12.536480662431234        12.582845222281588        12.410874071817286        12.748646493370249        12.577207094743219        12.612213062913899        12.741793411244505        12.913745709472437        12.572207451196501        12.616070751311742        12.747375537904688        12.884124952673506        13.003995921412088        11.966769170974725        12.715137579758380        12.581042486177171        12.466066036458756        12.382236971268124        12.464540641075324        12.445108381629186        12.457253148945806        17.003815174570686        13.757943759137820     
   8819.6631822976233       -3.0021260000000001       0.85464345145093645        7.8884895999999998        1.3501100000000000E-002   12.539985933146937        12.586759708985760        12.413636465972303        12.753927664002347        12.581303097875232        12.615456962643254        12.744584726813560        12.916193810175233        12.576202403527379        12.619332671934078        12.750165475220538        12.886601691315704        13.006319607087573        11.971968872395113        12.719485330577498        12.584644170806452        12.469206491456038        12.384892098063151        12.466580019651758        12.446901613313823        12.458906452827108        17.021863216432241        13.766000582297043     
   8809.6975765033330       -3.0041490000000000       0.85819828718934510        7.8885483000000001        1.3500200000000000E-002   12.543459019430154        12.590638243944911        12.416376737973886        12.759161565432263        12.585361348788053        12.618672349788236        12.747353524570856        12.918623256376273        12.580160663332885        12.622565895446042        12.752932345406164        12.889060203220092        13.008627056262911        11.977122628268797        12.723793140371553        12.588212783400232        12.472319941788589        12.387525379617793        12.468607026107373        12.448686004570122        12.460553591358048        17.039625819083469        13.773989526106407     
   8799.7229690159911       -3.0061770000000001       0.86178405843168915        7.8886067999999998        1.3499199999999999E-002   12.546949955843338        12.594534995266116        12.419137411073482        12.764416170995183        12.589437848210494        12.621906615766434        12.750142619007242        12.921073393430198        12.584137211513987        12.625817994956321        12.755718949754979        12.891540123192044        13.010956355763213        11.982297587410386        12.728119555293425        12.591799332410616        12.475452730447586        12.390178256734252        12.470656872101397        12.450494277693036        12.462225873272558        17.057299996176940        13.782006592123782     
   8789.7394159363248       -3.0082049999999998       0.86535576162150751        7.8886650999999999        1.3498300000000000E-002   12.550426549540076        12.598417767820502        12.421886306150698        12.769659281328730        12.593500397839302        12.625127572581215        12.752919828679078        12.923512044564296        12.588099852493007        12.629056782438825        12.758493106195667        12.894009277096410        13.013275332872608        11.987461551505268        12.732432377796345        12.595371624453415        12.478572670679101        12.392818548162859        12.472697389966742        12.452294269780348        12.463891142029228        17.074853143610177        13.790019576865271     
   8779.8682708880788       -3.0102180000000001       0.86894341131743935        7.8887229999999997        1.3497400000000000E-002   12.553864404619626        12.602257228459452        12.424607824523333        12.774845004253537        12.597517478890468        12.628313912114686        12.755669210348836        12.925927373749952        12.592018282292345        12.632260733689415        12.761238920087786        12.896455447030030        13.015573585038924        11.992569579918561        12.736697045287636        12.598904100380610        12.481659674437994        12.395431985056996        12.474721542999804        12.454081848230485        12.465546881004146        17.092091848544662        13.797948835543641     
   8769.9072435666967       -3.0122450000000001       0.87254701958380432        7.8887811000000001        1.3496500000000000E-002   12.557331011244640        12.606129097486148        12.427354765547721        12.780076649585203        12.601568451147786        12.631527965938057        12.758444133866815        12.928365901305140        12.595969839537615        12.635492540950350        12.764009688663192        12.898925785348075        13.017895230729527        11.997723388336636        12.740997994220718        12.602466189428780        12.484774033076048        12.398069153932946        12.476767828021396        12.455890657459376        12.467224032078926        17.109366527604521        13.805953889567613     
   8760.0381998954053       -3.0142600000000002       0.87615157756193551        7.8888387000000000        1.3495600000000000E-002   12.560765720556681        12.609965326863492        12.430079620231687        12.785261339551944        12.605581994388604        12.634713695842350        12.761196577179575        12.930785749035209        12.599885021264328        12.638695842092751        12.766757468150377        12.901377832804918        13.020200524294477        12.002831518533533        12.745259341082733        12.605995499445505        12.487861528673918        12.400684549023552        12.478801526669216        12.457690314481958        12.468894615990777        17.126364633947077        13.813891217733815     
   8750.1399661829983       -3.0162800000000001       0.87977211043955506        7.8888961999999996        1.3494700000000000E-002   12.564208938598457        12.613811252561545        12.432814049172039        12.790460957355984        12.609605621641430        12.637908439021770        12.763958539592069        12.933214825602731        12.603810132832079        12.641908190209373        12.769514205449957        12.903839888587109        13.022515956808791        12.007954907917069        12.749531642732871        12.609533597996021        12.490958285435186        12.403308493177706        12.480845783649032        12.459501078563965        12.470577297106376        17.143294063584754        13.821856455951130     
   8740.2931672308732       -3.0182959999999999       0.88339360146557377        7.8889534000000001        1.3493900000000000E-002   12.567780684866989        12.617840645684257        12.435651854206363        12.795885394191082        12.613824493362543        12.641274019953975        12.766825076742272        12.935703744941865        12.607901053773997        12.645235192622899        12.772370668310526        12.906390722362559        13.024861081341552        12.013315424215023        12.753967949638252        12.613217936220003        12.494167995660014        12.406000238344141        12.482905110252460        12.461264959391816        12.472202826998100        17.164654270975227        13.830123106380142     
   8730.4775518257684       -3.0203050000000000       0.88703108380103912        7.8890102999999998        1.3493000000000000E-002   12.571360626505049        12.621875707404817        12.438501497203889        12.801311786895967        12.618048076790130        12.644648365643336        12.769703392036996        12.938206844390168        12.611997218339551        12.648570275850640        12.775238305567933        12.908955296853714        13.027220267217343        12.018678259093202        12.758408406849719        12.616908477694649        12.497386777743829        12.408704995773443        12.484980379334710        12.463047232118322        12.473845271421625        17.185883900627559        13.838388281465912     
   8720.6327995650572       -3.0223220000000000       0.89066953276531791        7.8890671000000001        1.3492100000000000E-002   12.574951446546253        12.625921081431825        12.441361623146305        12.806752641936912        12.622281987342360        12.648032307763634        12.772592286498172        12.940721307389639        12.616103894415955        12.651914838961895        12.778115915490380        12.911530753493357        13.029590263639980        12.024055360925798        12.762860398652355        12.620608308795424        12.500615358367012        12.411421044757473        12.487066843760593        12.464842285613988        12.475498316962556        17.207029111475656        13.846680688722062     
   8710.8593208233106       -3.0243270000000000       0.89432398953006309        7.8891235000000002        1.3491200000000000E-002   12.578517994363310        12.629936992410343        12.444204522214697        12.812153948616672        12.626484530661198        12.651392809223701        12.775463756481827        12.943222939006972        12.620180681339523        12.655236246506995        12.780975615068989        12.914092277981176        13.031948347585256        12.029393368920651        12.767280001258669        12.624281178491195        12.503822282299097        12.414122136702936        12.489144664490503        12.466633237317936        12.477146540492818        17.227876787759023        13.854917203366441     
   8701.0166558227720       -3.0263450000000001       0.89797942144793885        7.8891796999999997        1.3490300000000000E-002   12.582109446476288        12.633979074861038        12.447068968805674        12.817591256108116        12.630714025256921        12.654776084442133        12.778356987499272        12.945745607681989        12.624284088032113        12.658580151065422        12.783856419984510        12.916674600063544        13.034326324236471        12.034766923538083        12.771728652816329        12.627977791276827        12.507051556260880        12.416845008139191        12.491241618508390        12.468443740689192        12.478811547894985        17.248724190409391        13.863214127417152     
   8691.1851123489214       -3.0283669999999998       0.90165087773854424        7.8892357999999998        1.3489500000000000E-002   12.585681590100286        12.637999421373348        12.449916697438496        12.823005269082635        12.634921029883088        12.658139612561911        12.781233478727280        12.948253855763006        12.628365707130897        12.661904353011305        12.786719928406917        12.919241767402220        13.036689912364992        12.040117248731306        12.776155126823490        12.631653058480751        12.510261923880204        12.419552559077150        12.493325728336291        12.470244177133122        12.480464890794579        17.269385284734440        13.871488866413088     
   8681.3047092996276       -3.0303960000000001       0.90533837075870727        7.8892914999999997        1.3488600000000000E-002   12.589287632700223        12.642053962267095        12.452796504565676        12.828460424973603        12.639162612153722        12.661535323182829        12.784142202558048        12.950794418664721        12.632481842151247        12.665260542020029        12.789615029626500        12.921840871230437        13.039084963760050        12.045508394465774        12.780617833284225        12.635360805134116        12.513504383983488        12.422292738297884        12.495441147772752        12.472076983937765        12.482148102005144        17.290016347035202        13.879823344397618     
   8671.3556720874149       -3.0324450000000001       0.90905697001237240        7.8893474000000001        1.3487700000000000E-002   12.592918417208560        12.646134402577877        12.455697811304384        12.833951228700530        12.643430841882571        12.664953625472632        12.787072637712752        12.953356075137551        12.636624322011434        12.668639048160982        12.792531167150033        12.924460793578879        13.041499960750086        12.050934736673154        12.785109292788986        12.639092042200323        12.516769052906907        12.425054709301383        12.497575821595392        12.473929584467557        12.483848272746803        17.310639878207667        13.888217902402721     
   8661.4379804471446       -3.0344899999999999       0.91277657787076893        7.8894029000000003        1.3486900000000000E-002   12.596522817396803        12.650185085632067        12.458576831353355        12.839407850847337        12.647668173031462        12.668345523698790        12.789980705197252        12.955898463773003        12.640736866547968        12.671991275620577        12.795424403295179        12.927060582822961        13.043896013344181        12.056327093790088        12.789569718365605        12.642794622214431        12.520008483499787        12.427796093056426        12.499693683868383        12.475768761464259        12.485533708374152        17.331033114872191        13.896573556965528     
   8651.4519487865145       -3.0365489999999999       0.91652732517712143        7.8894584999999999        1.3486000000000000E-002   12.600167972633619        12.654277624816201        12.461493422273234        12.844916036664914        12.651948092847546        12.671776016515496        12.792926554551693        12.958478070135920        12.644891710835457        12.675381824310639        12.798354736187433        12.929697296798453        13.046328133870402        12.061770565235937        12.794074841973204        12.646536659678452        12.523286146599164        12.430575370721160        12.501846957752720        12.477643950951338        12.487252290530142        17.351431064964146        13.905005218853388     
   8641.4774303213417       -3.0386060000000001       0.92027909804637054        7.8895137000000002        1.3485199999999999E-002   12.603793697903665        12.658348240039004        12.464393239635317        12.850400686220059        12.656205318992214        12.675186628569179        12.795855607407091        12.961043261947726        12.649024576481388        12.678752538290468        12.801267707508252        12.932318839799873        13.048745866616279        12.067190568668984        12.798557584435294        12.650257177285091        12.526544795719374        12.433339306684353        12.503987428099375        12.479509183016567        12.488959287101359        17.371638247109246        13.913414450422700     
   8631.5144117777072       -3.0406680000000001       0.92404697030828542        7.8895686999999999        1.3484299999999999E-002   12.607432200246528        12.662429144851103        12.467308482652328        12.855894013502798        12.660472067757699        12.678609568321590        12.798800062849157        12.963626232533599        12.653167677276258        12.682135625968705        12.804195519623789        12.934957406459048        13.051181403126218        12.072619317670267        12.803050159208290        12.653988388119075        12.529816637888267        12.436120095444373        12.506147281716174        12.481396635366313        12.490686881967676        17.391687512155592        13.921833452498930     
   8621.4834727340294       -3.0427399999999998       0.92783095465766019        7.8896236000000002        1.3483500000000001E-002   12.611079129918757        12.666519498893255        12.470229050354369        12.861406439406146        12.664748976716691        12.682038760542483        12.801750052847382        12.966214248773642        12.657320668045461        12.685524694433418        12.807128167490056        12.937600700386369        13.053620832762444        12.078066719029533        12.807555008310807        12.657726664227908        12.533094399852921        12.438906575022138        12.508310421077070        12.483288060469775        12.492415539709462        17.411703852200695        13.930296011428201     
   8611.5038482917480       -3.0448089999999999       0.93163106384585803        7.8896781999999996        1.3482600000000001E-002   12.614724878311776        12.670604416523723        12.473153972424321        12.866906171698396        12.669018941635574        12.685467182621736        12.804704257254585        12.968810300362186        12.661467919421398        12.688913198014905        12.810064537123054        12.940251051121336        13.056068908492961        12.083501752529205        12.812052318118617        12.661461305026499        12.536372862098034        12.441699372032147        12.510484886495860        12.485194734749484        12.494158466406414        17.431482931406215        13.938735273741017     
   8601.4961641177215       -3.0468820000000001       0.93544731068088727        7.8897328000000000        1.3481800000000000E-002   12.618365077803800        12.674683029412014        12.476073140733652        12.872403595659319        12.673282568869963        12.688888739883216        12.807652800783428        12.971401656948286        12.665609058464318        12.692294724539691        12.812994614183081        12.942896161877242        13.058511722151342        12.088934289187632        12.816544500467545        12.665188656208789        12.539644735532624        12.444487322983408        12.512654589180938        12.487098430644837        12.495896139630512        17.451149154683463        13.947184991648554     
   8591.5990240402498       -3.0489370000000000       0.93924952749553448        7.8897868999999998        1.3480900000000001E-002   12.621983301137449        12.678732861790143        12.478980091095979        12.877856583667198        12.677514827640936        12.692290041335754        12.810588812292147        12.973986371599318        12.669720743796164        12.695656437431916        12.815911791453965        12.945533348820598        13.060949383799505        12.094323099578235        12.821003351096065        12.668891106890241        12.542898694667246        12.447265765265650        12.514823406076312        12.489006677956796        12.497638411029742        17.470466149008423        13.955562090990243     
   8581.7527922508016       -3.0509810000000002       0.94305279647380302        7.8898409000000003        1.3480100000000000E-002   12.625568245861981        12.682745258760455        12.481859190743599        12.883264934859039        12.681708176306191        12.695658493683698        12.813496833922837        12.976546823297479        12.673794693046720        12.698985504852701        12.818800512292388        12.948145323071937        13.063363388243527        12.099667596103327        12.825422679203122        12.672557909004048        12.546121242422899        12.450018261113254        12.516971181582992        12.490897690078899        12.499362538131638        17.489520904344506        13.963883882035418     
   8571.9967951847302       -3.0530100000000000       0.94684201931292589        7.8898942999999999        1.3479200000000000E-002   12.629138311392701        12.686736953580461        12.484731619365679        12.888639808152213        12.685878637897382        12.699013374639737        12.816397929561063        12.979105422984659        12.677847392539491        12.702301361820474        12.821681930419114        12.950754303737217        13.065776733589619        12.104979193522638        12.829817592785815        12.676207176134135        12.549332225315695        12.452766469183583        12.519121950733993        12.492796474757569        12.501094234478920        17.508273050088526        13.972149798293891     
   8562.3307506496712       -3.0550259999999998       0.95063228655837151        7.8899473999999996        1.3478400000000000E-002   12.632661359731621        12.690675871724512        12.487565170258360        12.893949167026513        12.689994158138028        12.702322558194645        12.819259893175122        12.981629904254955        12.681846769898016        12.705571881197244        12.824523855277857        12.953328043428602        13.068157151171199        12.110225852944062        12.834156028172416        12.679806823850114        12.552499495613340        12.455478145574322        12.521243403819362        12.494670648097486        12.502801159217782        17.526695066355401        13.980327764839902     
   8552.6362194046687       -3.0570469999999998       0.95442359849800418        7.8900002999999996        1.3477599999999999E-002   12.636195084459796        12.694624820587897        12.490409071128791        12.899272613656688        12.694119714376257        12.705641122371283        12.822132300244899        12.984165688868384        12.685856371526160        12.708851667248901        12.827375622811584        12.955912573197907        13.070548298648667        12.115486409711995        12.838505688489345        12.683415502424708        12.555676386735730        12.458201012926555        12.523376014024610        12.496557630633159        12.504518701709952        17.545028265804628        13.988532501520098     
   8543.0116774329272       -3.0590530000000000       0.95821595541976790        7.8900527000000000        1.3476800000000001E-002   12.639704895599978        12.698545003283639        12.493235727671324        12.904557387775851        12.698214719620500        12.708936666547624        12.824987266903966        12.986688301874265        12.689836784949014        12.712108713257356        12.830209563092884        12.958482926289198        13.072927169254305        12.120708741873729        12.842823706033505        12.686997871399148        12.558831933817457        12.460908698752243        12.525499393145600        12.498439513960067        12.506230685752326        17.563088766732356        13.996681950645884     
   8533.4176151489064       -3.0610590000000002       0.96202447285872217        7.8901050000000001        1.3476000000000000E-002   12.643204662116075        12.702452001256779        12.496056177411978        12.909824671449526        12.702295481582356        12.712222189881794        12.827835946853535        12.989207505169896        12.693803839196653        12.715355860342390        12.833036752559805        12.961049069989217        13.075302935244848        12.125913774792137        12.847127294989809        12.690568125463622        12.561978551904131        12.463611733728042        12.527621646200336        12.500323374887147        12.507943517364412        17.580952481450034        14.004808986748442     
   8523.8343272890197       -3.0630609999999998       0.96581892477504516        7.8901570000000003        1.3475200000000000E-002   12.646701304631858        12.706353583403292        12.498875934104273        12.915085028740965        12.706370130136161        12.715504176100172        12.830683911514445        12.991728181560578        12.697765425329177        12.718599513409330        12.835862722848692        12.963615987010190        13.077680185102039        12.131111945544365        12.851425038857325        12.694133341875141        12.565122435928433        12.466315382598292        12.529746833443827        12.502212768963314        12.509660412796688        17.598656564494004        14.012930025998099     
   8514.3206163932864       -3.0650529999999998       0.96961442253895802        7.8902086000000002        1.3474399999999999E-002   12.650174150967366        12.710226614692267        12.501678457365387        12.920306986010381        12.710414475241222        12.718763277872707        12.833514447446518        12.994235604353726        12.701698040649482        12.721820560338280        12.838670902728040        12.966168674273440        13.080045072128520        12.136272161574063        12.855691371416860        12.697672449524887        12.568245078604022        12.469003802815184        12.531862640199826        12.504096799083428        12.511371554537945        17.616095040871016        14.020995987436823     
   8504.7587750445855       -3.0670570000000001       0.97342609420425286        7.8902600999999999        1.3473600000000001E-002   12.653664572790129        12.714117424419024        12.504496819051658        12.925553563317832        12.714476968164663        12.722038223424581        12.836360972691333        12.996759187564228        12.705648750258627        12.725057258524759        12.841494436487176        12.968737107275084        13.082425246864952        12.141456680047030        12.859977488005621        12.701227646272033        12.571383518378648        12.471708650209878        12.533993631390524        12.505997154740422        12.513096499705378        17.633482346051167        14.029105070184015     
   8495.2272328959771       -3.0690559999999998       0.97723882064954892        7.8903112000000002        1.3472800000000000E-002   12.657232242969851        12.718109307844955        12.507379783721600        12.930926664070057        12.718645609615315        12.725384664017795        12.839268723155143        12.999331583598014        12.709691905577643        12.728384664017796        12.844384938906700        12.971350674666432        13.084853349602223        12.146775734531165        12.864371817630719        12.704873710569657        12.574616513132614        12.474476326016450        12.536136312298076        12.507876546233675        12.514791976126851        17.653319475647869        14.037366146124448     
   8485.6282171528492       -3.0710709999999999       0.98106773832246108        7.8903622000000002        1.3472000000000000E-002   12.660912428930143        12.722242398660526        12.510356963494836        12.936480220621149        12.722962725080855        12.728836563672601        12.842266288212706        13.001978700042947        12.713867758646217        12.731836563672601        12.847371611851298        12.974036187174335        13.087354417855888        12.152283210880867        12.868918618343343        12.708647717887875        12.577976400462433        12.477333989514694        12.538312763211703        12.509752083039977        12.516474452683635        17.675796672421271        14.045862739492314     
   8475.9619807753515       -3.0731020000000000       0.98492800052456009        7.8904131000000000        1.3471199999999999E-002   12.664618029586101        12.726402889822413        12.513358178196953        12.942070605079376        12.727308529592928        12.732312932147689        12.845286321543053        13.004648703641177        12.718070788089960        12.735312932147689        12.850381205106757        12.976744855718078        13.089878020773373        12.157827862710803        12.873495716557834        12.712447286089489        12.581360112262434        12.480214322671092        12.540510656634400        12.511646279942564        12.518174259729225        17.698270442717178        14.054420851613052     
   8466.2872611314942       -3.0751360000000001       0.98880448832192813        7.8904639000000003        1.3470400000000000E-002   12.668327316107561        12.730566273490489        12.516366020920291        12.947664614144319        12.731657389245591        12.735793442331428        12.848311282873205        13.007326215097201        12.722276223414838        12.738793442331428        12.853396246957359        12.979461066052675        13.092409676351981        12.163376772298918        12.878076072900505        12.716250109132254        12.584747884453876        12.483100648003116        12.542717503648856        12.513548484819694        12.519881926215316        17.720603291056754        14.062989288212048     
   8456.5651684211298       -3.0771850000000001       0.99269721478949580        7.8905146000000004        1.3469600000000000E-002   12.672054684610568        12.734748761453506        12.519392099051277        12.953284207386705        12.736026261391725        12.739291577049407        12.851352834139483        13.010021523505490        12.726500440860793        12.742291577049407        12.856428363432133        12.982195262831805        13.094959094458005        12.168951725001687        12.882677575279374        12.720070955901836        12.588152827080297        12.486004080463200        12.544941718773263        12.515465881154451        12.521603853757551        17.742882952326656        14.071602002920685     
   8446.8736895057536       -3.0792269999999999       0.99659103984308062        7.8905649000000002        1.3468800000000000E-002   12.675771270471815        12.738917834907882        12.522413182722024        12.958885337044295        12.740381132126027        12.742780313095230        12.854387617762969        13.012714055853584        12.730710586683246        12.745780313095230        12.859454273134036        12.984926561095561        13.097506874489833        12.174509033281355        12.887264343719538        12.723880210971936        12.591548664486156        12.488902373499910        12.547166513150268        12.517384138839224        12.523327280062672        17.764931373825476        14.080190946614747     
   8437.1350354523329       -3.0812800000000000        1.0005011212854771        7.8906152000000001        1.3468100000000000E-002   12.679489747160197        12.743089796206004        12.525436372119522        12.964495799318904        12.744739795108085        12.746270497577243        12.857422840252006        13.015408278325168        12.734923292282545        12.749270497577243        12.862481111924211        12.987659738183361        13.100056323193854        12.180076144027499        12.891856033214143        12.727691290982719        12.594945498126201        12.491801641138082        12.549392604134766        12.519301512423020        12.525048895757891        17.786907942571581        14.088807907072585     
   8427.4076093853037       -3.0833360000000001        1.0044274723097715        7.8906651999999999        1.3467300000000000E-002   12.683220739108069        12.747272543571153        12.528476481286699        12.970114863489780        12.749109028903195        12.749774128479746        12.860473234665072        13.018120984471299        12.739146209357653        12.752774128479746        12.865523665312370        12.990411354033757        13.102625106777701        12.185652590942453        12.896458024858550        12.731514262814894        12.598355885813724        12.494717438410920        12.551639603772109        12.521239460905718        12.526791333774565        17.808712877648613        14.097434145564247     
   8417.6720159311571       -3.0853929999999998        1.0083701061663888        7.8907150000000001        1.3466499999999999E-002   12.686955305020332        12.751458037070405        12.531523189686782        12.975737354451182        12.753481165411023        12.753281811634087        12.863528502565012        13.020841200505595        12.743371379047856        12.756281811634087        12.868571618202074        12.993170512441869        13.105201964826831        12.191233114283486        12.901063114644911        12.735340369474512        12.601770247463781        12.497639197943135        12.553895609480575        12.523185465202792        12.528541685034581        17.830373342498525        14.106070480190359     
   8407.8895894816014       -3.0874609999999998        1.0123290361631752        7.8907647000000001        1.3465700000000001E-002   12.690707768490297        12.755662381318876        12.534588119643045        12.981385080627247        12.757873050512783        12.756806975974746        12.866600286288465        13.023579261999734        12.747615059433292        12.759806975974746        12.871636587657365        12.995947703641809        13.107796670244268        12.196839362485191        12.905689073645112        12.739184294601591        12.605201641377795        12.500578042035114        12.556169130076894        12.525146796582584        12.530306443689392        17.851973402098530        14.114750724777833     
   8398.1572063342519       -3.0895239999999999        1.0162891008215102        7.8908139999999998        1.3465000000000000E-002   12.694426117982042        12.759829089744224        12.537626066542499        12.986987261668988        12.762226340401272        12.760299861430381        12.869643315039800        13.026293201375944        12.751820376101159        12.763299861430381        12.874673369269660        12.998700572550606        13.110368674999430        12.202400965837262        12.910275239995906        12.742993121380666        12.608601236101860        12.503490015809453        12.558422797658691        12.527089178290050        12.532053279654685        17.873284484283523        14.123374062160421     
   8388.3588287151106       -3.0916009999999998        1.0202654796597872        7.8908633000000004        1.3464200000000001E-002   12.698185594264150        12.764038746554963        12.540704167710341        12.992641596922507        12.766623843868363        12.763833022954589        12.872724783162820        13.029046295445983        12.756068372286546        12.766833022954589        12.877749083505034        13.001492860131123        13.112979566382950        12.208015142628472        12.914907199041025        12.746843169106644        12.612040474297888        12.506440754026290        12.560714406994844        12.529066691621669        12.533833942460880        17.894591060497408        14.132074224501810     
   8378.6104679903074       -3.0936689999999998        1.0242430025277445        7.8909121999999998        1.3463500000000000E-002   12.701910959151927        12.768210779901846        12.543755261245249        12.998250408399233        12.770982764987718        12.767333904350988        12.875777485412367        13.031775233808258        12.760278022320573        12.770333904350988        12.880796593756056        13.004260791936300        13.115567719610951        12.213584692299182        12.919499378934162        12.750658126233656        12.615447911808054        12.509364602230587        12.562986116521511        12.531025211280511        12.535596637622245        17.915609836404901        14.140717478595459     
   8368.8541661037543       -3.0957420000000000        1.0282216697545263        7.8909609999999999        1.3462699999999999E-002   12.705655942328100        12.772401582949520        12.546829044546996        13.003878635577884        12.775360608049461        12.770854897012363        12.878851140750072        13.034527790882798        12.764505947159829        12.773854897012363        12.883865583938235        13.007052374218382        13.118180068248527        12.219174317071570        12.924110670785804        12.754492259098580        12.618875384462392        12.512310505473280        12.565282970594630        12.533007923439808        12.537383386835071        17.936498416969229        14.149386777146880     
   8359.0707297117897       -3.0978230000000000        1.0322318663162369        7.8910096000000003        1.3462000000000000E-002   12.709395401355309        12.776586884530968        12.549899074289097        13.009504833778330        12.779733469846004        12.774370422208637        12.881919296925201        13.037276897559050        12.768727945774227        12.777370422208637        12.886929594780145        13.009840614640201        13.120789272073736        12.224762501041265        12.928717630646691        12.758320598847963        12.622297129551114        12.515251766695481        12.567577014842744        12.534986251741657        12.539165227852006        17.957264371938042        14.158066682420500     
   8349.3179554373273       -3.0998999999999999        1.0362432254458036        7.8910578999999998        1.3461200000000000E-002   12.713140170886986        12.780774885441756        12.552980137878896        13.015128691754205        12.784108443142314        12.777892637890139        12.884996754109663        13.040039236936343        12.772952003862914        12.780892637890139        12.890003449901760        13.012641965114595        13.123412840598982        12.230349157457821        12.933325968324196        12.762153455641991        12.625725859039859        12.518203935058272        12.569887619959411        12.536981431425838        12.540964556872572        17.977818145442683        14.166738837565914     
   8339.4997500271948       -3.1019899999999998        1.0402709486386010        7.8911059999999997        1.3460500000000000E-002   12.716893616579982        12.784973313450882        12.556069080954822        13.020772084065035        12.788495097930335        12.781422721253348        12.888080313805601        13.042808520214271        12.777186200869336        12.784422721253348        12.893083917443887        13.015450521214161        13.126043122619775        12.235955799230270        12.937947553129616        12.765995061473896        12.629161829013624        12.521162584076917        12.572204057611577        12.538979622870473        12.542765603660220        17.998327597818204        14.175455178285658     
   8329.7506298100379       -3.1040730000000001        1.0442998439038311        7.8911538999999999        1.3459700000000000E-002   12.720638123371932        12.789158455088652        12.559157390569821        13.026391498499711        12.792867141900954        12.784946117821070        12.891161538545012        13.045580614424109        12.781406336822519        12.787946117821070        12.896162601259752        13.018261611904867        13.128677888852971        12.241539416926221        12.942552874047150        12.769826593375283        12.632591774414918        12.524120986968173        12.574528397725468        12.540987254412778        12.544577498995030        18.018546041073748        14.184130078968357     
   8319.9554341862640       -3.1061630000000000        1.0483451216060129        7.8912015000000002        1.3459000000000000E-002   12.724361409859576        12.793340286315761        12.562191277837712        13.032072751004041        12.797252518194711        12.788434663915830        12.894196952631042        13.048280985609992        12.785631904937318        12.791434663915830        12.899194482995036        13.021009043579731        13.131233388289665        12.247173093538645        12.947180509486635        12.773636127466958        12.635982998481857        12.527020658428313        12.576737024751573        12.542866664383439        12.546257040952092        18.039963769693863        14.192932801163984     
   8310.1908919170728       -3.1082510000000001        1.0523915809318514        7.8912488999999999        1.3458200000000000E-002   12.728065855356149        12.797518439746710        12.565177112479923        13.037805250382728        12.801648834933541        12.791891913431318        12.897194850038098        13.050919597919894        12.789862856152666        12.794891913431318        12.902187134122247        13.023702196716599        13.133720812654367        12.252845521307087        12.951825954849131        12.777425666675374        12.639339915470977        12.529870416012351        12.578845356870758        12.544637563291783        12.547826498527321        18.062413542151276        14.201830671551868     
   8300.4378095993707       -3.1103380000000000        1.0564392222265016        7.8912959999999996        1.3457500000000001E-002   12.731747564689302        12.801673828282107        12.568141580589193        13.043516783578246        12.806022130734002        12.795326035827420        12.900172574075215        13.053539124617673        12.794071660602322        12.798326035827420        12.905159097611596        13.026376200230645        13.136189870075386        12.258495861055954        12.956448086888644        12.781192230009383        12.642673828916637        12.532700174087667        12.580937661175275        12.546394029545334        12.549382975367168        18.084660803536352        14.210712856188616     
   8290.7343539381891       -3.1124160000000001        1.0604880458352146        7.8913431000000003        1.3456800000000000E-002   12.735408729192383        12.805806782070768        12.571089674676600        13.049201555182478        12.810371883009125        12.798740197039926        12.903135054057792        13.056145891597911        12.798258435618781        12.801740197039926        12.908115330926254        13.029037166832499        13.138647469110218        12.264118567598558        12.961045409248161        12.784937676296749        12.645988296906978        12.535515441004364        12.583022303531816        12.548145730559156        12.550936911547613        18.106636867441239        14.219561060737419     
   8281.1375814726744       -3.1144759999999998        1.0645380521033438        7.8913897999999998        1.3456100000000000E-002   12.739028542775662        12.809893708180978        12.574004768320107        13.054826761623415        12.814673224047171        12.802115058964395        12.906065550171546        13.058725235225880        12.802399255707710        12.805115058964395        12.911039144055382        13.031670114192428        13.141079809853148        12.269681230930319        12.965591598498248        12.788640706087397        12.649264567406389        12.538300342564339        12.585087632495560        12.549882944330212        12.552479718582449        18.128216905005658        14.228323667043574     
   8271.5328716275126       -3.1165370000000001        1.0685892413763449        7.8914362000000002        1.3455300000000000E-002   12.742665064305296        12.813998237800572        12.576936494909411        13.060474354307072        12.818992345934721        12.805505764408721        12.909013861665279        13.061322751153604        12.806558384356443        12.808505764408721        12.913980264749238        13.034321278187143        13.143530723652479        12.275265073557009        12.970155771108960        12.792360373162776        12.652556605459143        12.541102939084716        12.587173068066623        12.551641155479231        12.554044539442710        18.149675537186230        14.237119968769012     
   8261.9963732626456       -3.1185879999999999        1.0726416139997692        7.8914822999999998        1.3454600000000001E-002   12.746258232298453        12.818056592074038        12.579830375375069        13.066068286107354        12.823263768467969        12.808854206375125        12.911925366993705        13.063886593816948        12.810671605718850        12.811854206375125        12.916884133905812        13.036938387915432        13.145949521486697        12.280794564407005        12.974670504044967        12.796035956663568        12.655807086362573        12.543869764289790        12.589230802298930        12.553375138322666        12.555587671791150        18.170813063596626        14.245848867853349     
   8252.4898718510813       -3.1206360000000002        1.0766951703192771        7.8915281999999998        1.3453900000000000E-002   12.749838165648013        12.822100745946168        12.582713718059287        13.071646632121416        12.827520320395953        12.812189532562501        12.914827427281134        13.066442721922881        12.814771104794636        12.815189532562501        12.919778090305252        13.039547615535332        13.148361572265321        12.286307537993965        12.979169601045447        12.799697906630007        12.659044765147550        12.546627599543646        12.591284729820226        12.555107472731811        12.557130912461799        18.191732167924847        14.254560869325116     
   8242.9753287318799       -3.1226840000000000        1.0807499106806226        7.8915739000000000        1.3453200000000000E-002   12.753565528356605        12.826305964447757        12.585702528607053        13.077469362309794        12.831966215309523        12.815657659813228        12.917856915526096        13.069081378753802        12.819068515684252        12.818657659813228        12.922802143763354        13.042249610218471        13.150839044654413        12.292026997987476        12.983887928398525        12.803491786367646        12.662388652636169        12.549491944317863        12.593324451561957        12.556828127587517        12.558617874672114        18.217246905471569        14.263592437588956     
   8233.5286302192544       -3.1247210000000001        1.0848058354296646        7.8916193000000003        1.3452499999999999E-002   12.757317478614675        12.830536498426655        12.588706535087043        13.083335387580187        12.836445597998045        12.819146317582364        12.920907790615354        13.071731879211347        12.823402818764896        12.822146317582364        12.925849104612597        13.044965048640053        13.153323419250912        12.297778410484861        12.988648672930752        12.807304331528973        12.665745057098293        12.552373508600491        12.595348285444247        12.558536344203828        12.560078725700196        18.244064877446647        14.272677501747941     
   8224.0738212566703       -3.1267630000000000        1.0888629449123637        7.8916645000000001        1.3451800000000000E-002   12.761071406234874        12.834768946211428        12.591711890425783        13.089206354254605        12.840927108141164        12.822635606855760        12.923958921351156        13.074386322694094        12.827738465734695        12.825635606855760        12.928896812084487        13.047682721621852        13.155811594245487        12.303535799436824        12.993412275522667        12.811118906076102        12.669102473855455        12.555257450070465        12.597378285567059        12.560250965023192        12.561546406714546        18.270721161814230        14.281781132992348     
   8214.6866143848711       -3.1287919999999998        1.0929059805086527        7.8917093999999999        1.3451100000000001E-002   12.764798166244512        12.838970335000701        12.594695444004346        13.095036151604708        12.845375778487474        12.826098512425764        12.926986801226688        13.077024341912123        12.832041663982862        12.829098512425764        12.931921781956463        13.050381771583625        13.158284533798662        12.309253952952668        12.998141504755383        12.814905879385813        12.672434938584539        12.558121579697085        12.599399058602765        12.561959115957785        12.563010016582920        18.297005105890136        14.290831229199375     
   8205.3101223552258       -3.1308210000000001        1.0969654560398068        7.8917539999999997        1.3450400000000000E-002   12.768519672613959        12.843165462397511        12.597674605547635        13.100859425987789        12.849817905186665        12.829555362946543        12.930009122604492        13.079661217534682        12.836337834759703        12.832555362946543        12.934941682079074        13.053077870118234        13.160756518183302        12.314966826802220        13.002864350380772        12.818687530326052        12.675761982580322        12.560982569469619        12.601422109747439        12.563670401546073        12.564477669676837        18.323077390683533        14.299881821356887     
   8195.8311025641960       -3.1328730000000000        1.1010261173418003        7.8917982999999996        1.3449700000000000E-002   12.772279489889574        12.847403608186376        12.600683973707003        13.106745145983076        12.854305751105194        12.833046509811119        12.933060988943581        13.082327457455236        12.840677466553537        12.836046509811119        12.937991592854122        13.055802213689436        13.163256063853737        12.320742072671699        13.007636472181275        12.822508149826533        12.679122395709904        12.563873607290937        12.603470572636208        12.565404198098001        12.565965807992786        18.349248467205676        14.309041019244113     
   8186.2876343777589       -3.1349390000000001        1.1051185094606444        7.8918425000000001        1.3448999999999999E-002   12.776062937721440        12.851668157006158        12.603711883242172        13.112670118446195        12.858821697780046        12.836558322289852        12.936130534203519        13.085012852366054        12.845043519693055        12.839558322289852        12.941059668761069        13.058544312140532        13.165773631150733        12.326556971291636        13.012439122024764        12.826352813281053        12.682503085094572        12.566783533355848        12.605536792526065        12.567154126494342        12.567469058199469        18.375408999965664        14.318272763688222     
   8176.6611410558289       -3.1370279999999999        1.1092426597103622        7.8918866000000003        1.3448399999999999E-002   12.779860987082337        12.855951005720353        12.606747834470070        13.118629510426913        12.863358131430633        12.840081215839554        12.939207312950391        13.087706305260465        12.849428072418991        12.843081215839554        12.944135472441737        13.061293136242238        13.168297796384511        12.332406502245117        13.017265255174866        12.830212610821039        12.685894221890717        12.569701645118194        12.607608531690286        12.568907344643907        12.568974113553200        18.401589104003474        14.327578916563152     
   8167.0271625102541       -3.1391179999999999        1.1133527513244426        7.8919303999999997        1.3447700000000000E-002   12.783676870593101        12.860251575770519        12.609801040424014        13.124609609836856        12.867912483595937        12.843620565880745        12.942300201305532        13.090419759729759        12.853829738475419        12.846620565880745        12.947227894300060        13.064060168673844        13.170841831561020        12.338277832067572        13.022110036370865        12.834090290524117        12.689302222056494        12.572638096842585        12.609702652061838        12.570683220151725        12.570502299501594        18.427613787761278        14.336919660727002     
   8157.3669688470663       -3.1412200000000001        1.1174946289129402        7.8919740000000003        1.3447000000000001E-002   12.787501635155250        12.864561854162753        12.612861065184712        13.130605677137753        12.872477234672425        12.847166875449345        12.945398834316615        13.093142135855837        12.858240697431109        12.850166875449345        12.950326570536815        13.066834423333484        13.173394327385738        12.344166015937931        13.026966512724078        12.837977019432822        12.692717335324057        12.575582231803589        12.611806884067670        12.572468866668155        12.572040252330384        18.453516269147144        14.346296849735209     
   8147.6806799950937       -3.1433260000000001        1.1216377390866219        7.8920174999999997        1.3446300000000000E-002   12.791335224977662        12.868881775297659        12.615927862581565        13.136617638519400        12.877052315901484        12.850720082722734        12.948503155718807        13.095873416873179        12.862660876602575        12.853720082722734        12.953431448489599        13.069615867213269        13.175955269202166        12.350070991000269        13.031834615359262        12.841872740986769        12.696139505102533        12.578534014884280        12.613921241449201        12.574264305217049        12.573588002552601        18.479294718807804        14.355710459366033     
   8137.9871544876951       -3.1454380000000000        1.1257973772750229        7.8920607000000000        1.3445700000000000E-002   12.795154240513591        12.873186990891375        12.618979525721540        13.142617860120145        12.881612882220219        12.854257327662362        12.951591179423273        13.098592365664471        12.867065728255065        12.857257327662362        12.956520542943812        13.072383155122859        13.178503751531624        12.355965337827060        13.036688930828101        12.845753934673043        12.699546128432106        12.581471769255709        12.616025702432852        12.576050137118729        12.575126637440709        18.504881919882934        14.365126293414763     
   8128.2490134920354       -3.1475590000000002        1.1299582579024701        7.8921036999999998        1.3445000000000000E-002   12.799005324257264        12.877526014768149        12.622059737963804        13.148661405231222        12.886208432101048        12.857824156484879        12.954706719421820        13.101341407949556        12.871504144327107        12.860824156484879        12.959637675495314        13.075178883428913        13.181081542764742        12.361903721025802        13.041580093894778        12.849667482748641        12.702982251319591        12.584438748613726        12.618160345862576        12.577865216128389        12.576694063377394        18.530406839228611        14.374612678789722     
   8118.5225254258021       -3.1496840000000002        1.1341356855579052        7.8921463999999997        1.3444299999999999E-002   12.802850721903646        12.881858270864129        12.625135199407779        13.154697856285004        12.890796907234954        12.861384451451325        12.957816265589017        13.104089173499574        12.875934970724828        12.864384451451325        12.962749328934308        13.077971402116923        13.183658262186551        12.367836336765798        13.046464340123386        12.853575269980404        12.706412513381888        12.587402313429948        12.620297365906232        12.579683584623126        12.578265758287863        18.555705593701006        14.384099362085699     
   8108.7703339914251       -3.1518160000000002        1.1383296743765805        7.8921891000000004        1.3443699999999999E-002   12.806688612957576        12.886183807779748        12.628201132701978        13.160733809649866        12.895379340276900        12.864935294695499        12.960915168878177        13.106829633533820        12.880358632792113        12.867935294695499        12.965850862905409        13.080754849747333        13.186227224083439        12.373769385221141        13.051343838576294        12.857475715491400        12.709833497936383        12.590357259197713        12.622428393912180        12.581495650387456        12.579831185112770        18.580858423044919        14.393606215075902     
   8099.1044523214678       -3.1539280000000001        1.1425249251068745        7.8922315000000003        1.3443000000000000E-002   12.810508343660871        12.890486375715298        12.631255751036026        13.166733352302327        12.899936530732454        12.868469340960978        12.964001274990252        13.109564711227740        12.884757759840120        12.871469340960978        12.968940087586489        13.083530672921619        13.188792321448986        12.379668124125594        13.056195971172002        12.861357447026403        12.713239345969171        12.593303062700372        12.624562325245524        12.583313966583741        12.581405724761865        18.605611794793305        14.403057349654887     
   8089.4873460337303       -3.1560340000000000        1.1467214381284812        7.8922737999999999        1.3442400000000000E-002   12.814292027242928        12.894749973782005        12.634278196420411        13.172687036772238        12.904453466458538        12.871967618840682        12.967053873084822        13.112272244502428        12.889116739876275        12.874967618840682        12.971996292979100        13.086276906161508        13.191330732139669        12.385522689693353        13.061006859855450        12.865202818575359        12.716610576988060        12.596218418524270        12.626674602445775        12.585112738602952        12.582962622530417        18.630033155433360        14.412456483404696     
   8080.0118927256945       -3.1581130000000002        1.1509192138212021        7.8923160000000001        1.3441699999999999E-002   12.818036399704344        12.898966718117904        12.637272557323154        13.178570604964431        12.908919816974382        12.875429656164503        12.970076795162537        13.114959273910014        12.893426787685787        12.878429656164503        12.975023260962050        13.089000270731436        13.193851130015876        12.391309746340450        13.065763319496259        12.869007970384789        12.719947930498979        12.599108414625576        12.628777930023400        12.586907682504783        12.584519912573203        18.653925855886587        14.421745747989231     
   8070.6218711255988       -3.1601770000000000        1.1550875980701802        7.8923578000000001        1.3441099999999999E-002   12.821730741258502        12.903128709567572        12.640223662070756        13.184385991291915        12.913329164127788        12.878843097173700        12.973055080035998        13.117608700476257        12.897680580859667        12.881843097173700        12.978006035903189        13.091683946016847        13.196335427418585        12.397030614819815        13.070460635787938        12.872762543293813        12.723238292498717        12.601957219074521        12.630851645196000        12.588676287707973        12.586053649449784        18.677404942318862        14.430946897101201     
   8061.2242002722114       -3.1622420000000000        1.1592725591876152        7.8923994000000004        1.3440400000000000E-002   12.825443037271926        12.907308575429377        12.643192127694226        13.190222193472282        12.917756587193017        12.882273155867251        12.976049628109058        13.120278115944556        12.901951664412946        12.885273155867251        12.981005556101570        13.094385884143653        13.198839579206640        12.402773341973996        13.075176736381961        12.876535119727476        12.726545650320761        12.604824420881569        12.632947598322650        12.590467373522719        12.587610316092073        18.700736603962447        14.440182359206181     
   8051.8930926596877       -3.1642939999999999        1.1634587749040692        7.8924406999999999        1.3439800000000000E-002   12.829112563386914        12.911441903814367        12.646123104293984        13.196001703033986        12.922135719345921        12.885661347696690        12.979005394018330        13.122915005198045        12.906174911803731        12.888661347696690        12.983966732002195        13.097053329447284        13.201312375334410        12.408461146987904        13.079842969561046        12.880264499299450        12.729812483446285        12.607655959310918        12.635017776922162        12.592235329635884        12.589146148706888        18.723707048761447        14.449347680133862     
   8042.5913048122502       -3.1663450000000002        1.1676462455956589        7.8924818999999999        1.3439200000000000E-002   12.832769751660702        12.915560985544467        12.649044076060626        13.201763356258759        12.926499832490961        12.889036998793006        12.981949977942758        13.125545635363057        12.910382982216575        12.892036998793007        12.986917177567427        13.099712697233301        13.203779427979367        12.414132483074503        13.084493745346766        12.883981352961520        12.733067625814737        12.610478904616990        12.637086144292944        12.594002905051624        12.590682960722305        18.746426522623693        14.458495046873232     
   8033.3372574685282       -3.1683829999999999        1.1718042804353499        7.8925226999999998        1.3438500000000001E-002   12.836423724827936        12.919674034572383        12.651965622794544        13.207512095538485        12.930856655334383        12.892409802164837        12.984893926552212        13.128181127171738        12.914583921079720        12.895409802164837        12.989867421451644        13.102375071738281        13.206252181813396        12.419792457855008        13.089136218806354        12.887694685290347        12.736321002676048        12.613304017096626        12.639164900974075        12.595782889550650        12.592233990814039        18.768868425873869        14.467622568315749     
   8024.1677630858449       -3.1704100000000000        1.1759789028283902        7.8925631999999997        1.3437899999999999E-002   12.840028103662309        12.923732855744205        12.654844279455439        13.213193183943019        12.935157022993792        12.895734520943101        12.987793708955230        13.130779093824717        12.918729196608933        12.898734520943101        12.992773897372032        13.104997995641881        13.208688897406265        12.425386664239920        13.093720078030380        12.891357880929796        12.739527841889107        12.616088192060335        12.641213817974744        12.597536231860182        12.593761086621299        18.790915602434353        14.476661842327086     
   8014.9902798233070       -3.1724370000000000        1.1801394173912576        7.8926034999999999        1.3437299999999999E-002   12.843634459117794        12.927793611985472        12.657724291469826        13.218879139116567        12.939459536168918        12.899059915776967        12.990693797189991        13.133380914611084        12.922875852085561        12.902059915776967        12.995681138648294        13.107623120020442        13.211129326643277        12.430986729625740        13.098306779198932        12.895023104434230        12.742735708148174        12.618874707988248        12.643268700299163        12.599295747623437        12.595294772059930        18.812807673556833        14.485719152585595     
   8005.8970298228878       -3.1744509999999999        1.1843011700855040        7.8926433999999999        1.3436699999999999E-002   12.847207538835981        12.931816490917804        12.660577705865901        13.224513796985384        12.943721953128836        12.902353571427888        12.993566049813310        13.135961398076880        12.926983219086164        12.905353571427888        12.998560925868862        13.110225039932367        13.213549899852175        12.436537339753521        13.102851218445011        12.898654511895522        12.745913361139440        12.621636538157077        12.645309819907698        12.601044670503647        12.596820543743217        18.834327938017516        14.494704328949528     
   7996.7220301962152       -3.1764790000000001        1.1884641612795859        7.8926831999999996        1.3436000000000000E-002   12.850896079624192        12.935978913997936        12.663505754231423        13.230351785276230        12.948139179597117        12.905760502421543        12.996518866110637        13.138617148798744        12.931241639677317        12.908753908645018        13.001508453667853        13.112906684375158        13.216041908565128        12.442284764355854        13.107547591457518        12.902426933656418        12.749191245363154        12.624476601409746        12.647407893658766        12.602819535531282        12.598376490461220        18.858668270768213        14.503984943940409     
   7987.3552356178652       -3.1785559999999999        1.1926283913420683        7.8927224999999996        1.3435400000000000E-002   12.854769379248779        12.940372703580561        12.666540287332946        13.236545620921152        12.952817180206292        12.909348904273422        12.999590866390477        13.141375575646055        12.935754122125299        12.912323361959338        13.004550374244989        13.115701562417637        13.218629957659694        12.448373961665816        13.112499643219596        12.906431076418752        12.752624757149274        12.627427512150557        12.649569876606829        12.604599590430997        12.599944009632747        18.888407748876897        14.513799800220401     
   7977.8708235188415       -3.1806610000000002        1.1968860990791981        7.8927620999999997        1.3434800000000000E-002   12.858689461476688        12.944818669909298        12.669612192030984        13.242816032591486        12.957550926359426        12.912981140669585        13.002700708736912        13.144168404072493        12.940320267397093        12.915936249783892        13.007629267277983        13.118530802741793        13.221252056902260        12.454538421072344        13.117510397445310        12.910482498855041        12.756099516476832        12.630414264483500        12.651761039620444        12.606405337587683        12.601535193576199        18.918296166477191        14.523748700798352     
   7968.3059344392941       -3.1827830000000001        1.2011297241373322        7.8928016000000003        1.3434200000000000E-002   12.862641335522538        12.949299726553638        12.672709833523177        13.249138847714283        12.962322204692887        12.916643367725948        13.005836609785417        13.146985107513915        12.944922518886107        12.919578797830885        13.010733455751000        13.121383720808273        13.223898405017790        12.460754384906901        13.122560541776471        12.914565659990645        12.759602275280647        12.633425542376633        12.653973283634384        12.608230229246294        12.603144354631263        18.948209611873160        14.533793447858402     
   7958.7525129687283       -3.1849059999999998        1.2054054002844077        7.8928408000000001        1.3433600000000000E-002   12.866587936846621        12.953773709910802        12.675804371953802        13.255454217563702        12.967086061784393        12.920301313537006        13.008969361901926        13.149799551212389        12.949517547586975        12.923216920488450        13.013834032026537        13.124233829218838        13.226544525067844        12.466963031575034        13.127602436943420        12.918642220689833        12.763100286907207        12.636433331366892        12.656186309427213        12.610057705139980        12.604757014679031        18.977859122764222        14.543838546654904     
   7949.1190272166214       -3.1870479999999999        1.2096977688871993        7.8928798999999996        1.3433000000000000E-002   12.870566141938031        12.958282536555583        12.678924532083965        13.261821722260652        12.971887191505960        12.923989096143355        13.012128055975097        13.152637781373624        12.954148430230308        12.926884543010448        13.016959773955044        13.127107510836268        13.229214870667921        12.473222918676594        13.132683436241120        12.922750290210921        12.766626129308950        12.639465520174493        12.658420426002412        12.611904395535152        12.606387752869775        19.007525208993368        14.553979445760813     
   7939.4972020919213       -3.1891910000000001        1.2139914525740478        7.8929188000000003        1.3432400000000001E-002   12.874538987023627        12.962784178364199        12.682041533378570        13.268181655112382        12.976680782579948        12.927672525522514        13.015283544570202        13.155473706287911        12.958771975901563        12.930547664412149        13.020081842965343        13.129978331962288        13.231884968918934        12.479475364196137        13.137756058291025        12.926851655586841        12.770147146762280        12.642494161186825        12.660655318694317        12.613753690241392        12.608022023893138        19.036924069892411        14.564120641486202     
   7929.8139868580565       -3.1913490000000002        1.2183018483765735        7.8929574000000002        1.3431800000000001E-002   12.878535894258672        12.967312062530223        12.685178308230764        13.274581568589536        12.981502478734580        12.931378831299451        13.018459052283333        13.158328128160768        12.963422538293596        12.934233357827818        13.023223206727121        13.132867355943123        13.234574377673184        12.485767104539921        13.142858062639583        12.930976706017777        12.773689329900943        12.645541512328698        12.662907244811539        12.615618930047997        12.609671540384973        19.066276013141401        14.574338493334000     
   7920.1243447415900       -3.1935140000000000        1.2226289709000757        7.8929958999999998        1.3431200000000001E-002   12.882534717722216        12.971841017382488        12.688317606685544        13.280985683239329        12.986325440582497        12.935087525835591        13.021637109306575        13.161185404009430        12.968074248371657        12.937921249637338        13.026366584288350        13.135758739090889        13.237268410985543        12.492062974260357        13.147961013265604        12.935102555345260        12.777233115146949        12.648590826684639        12.665164006160431        12.617490127504276        12.611327548566909        19.095412857737628        14.584575681037112     
   7910.3918994060177       -3.1956880000000001        1.2269728348094504        7.8930341999999998        1.3430599999999999E-002   12.886550100719882        12.976387667017773        12.691470853693255        13.287417678705070        12.991167395965819        12.938812168451788        13.024829286095633        13.164055903604053        12.972744191703613        12.941624818746964        13.029523412687110        13.138662975645550        13.239976840421475        12.498386246633425        13.153083686216293        12.939244314978824        12.780791436865579        12.651653187847694        12.667433736267222        12.619373979760995        12.612995942621412        19.124441598929536        14.594870371904582     
   7900.6350296881246       -3.1978700000000000        1.2313180438924209        7.8930724000000003        1.3429999999999999E-002   12.890574635349630        12.980943588062946        12.694632282322459        13.293865590657461        12.996019363853410        12.942545908335727        13.028029742203707        13.166934398563431        12.977423711642917        12.945337251177449        13.032687913376531        13.141574768909230        13.242694763910581        12.504725162643478        13.158216565279616        12.943394325698740        12.784357750737239        12.654722995889241        12.669712366132078        12.621267162142754        12.614673813024748        19.153305275559884        14.605203438553605     
   7890.9083637976355       -3.2000500000000001        1.2356800142747488        7.8931104000000003        1.3429399999999999E-002   12.894586331172357        12.985483816121031        12.697784733907822        13.300293859828434        13.000854722297300        12.946268383446137        13.031221100452628        13.169805313205524        12.982087151495710        12.949038303230575        13.035842911456202        13.144478357912112        13.245407503722321        12.511044773285109        13.163331456489383        12.947529895505939        12.787912632235960        12.657783606184870        12.671987676544793        12.623159613522004        12.616352304519838        19.181843113113736        14.615517557579361     
   7881.1210845025162       -3.2022420000000000        1.2400587607453673        7.8931481999999997        1.3428799999999999E-002   12.898621736990789        12.990049828885356        12.700956739429676        13.306761603148177        13.005717704603592        12.950013445370972        13.034432255091668        13.172694551910412        12.986777140367524        12.952761624808995        13.039016960018811        13.147399950021162        13.248139496338100        12.517403180951051        13.168475201800669        12.951688724818462        12.791488364157937        12.660862689877183        12.674280022059309        12.625068120370850        12.618046208411721        19.210319211084673        14.625908189458338     
   7871.3821935713058       -3.2044280000000001        1.2444388728100857        7.8931858000000004        1.3428300000000001E-002   12.902620816123489        12.994575678445235        12.704097881236530        13.313181695407417        13.010539055486349        12.953724293634414        13.037612352462242        13.175554846326202        12.991426348475935        12.956450655899667        13.042159618013295        13.150291916460533        13.250845229244701        12.523714478112575        13.173575417945900        12.955809399423432        12.795030030247995        12.663910864232273        12.676548786510653        12.626956345983155        12.619721581351834        19.238401243259773        14.636244542195280     
   7861.5829290338279       -3.2066290000000000        1.2488203508947955        7.8932232000000004        1.3427700000000001E-002   12.906659667560701        12.999143344114247        12.707274678511537        13.319657275819344        13.015404054358347        12.957473809628587        13.040828346795402        13.178449579798672        12.996118134005760        12.960178033245922        13.045337421397436        13.153217993673122        13.253586363062206        12.530080588981159        13.178720498804397        12.959969374950061        12.798608620434548        12.666993609119258        12.678850751615611        12.628876824608449        12.621428580885661        19.266433421554865        14.646673516590836     
   7851.7958638259197       -3.2088299999999998        1.2532340653741649        7.8932605000000002        1.3427100000000001E-002   12.910692920888669        13.003703530450059        12.710448154867100        13.326124932388046        13.020261203740203        12.961218771933948        13.044040971411794        13.181341867971677        13.000802281202864        12.963900696650802        13.048511382830929        13.156141062093431        13.256327166183800        12.536438912287670        13.183856868812894        12.964122374206474        12.802182173708756        12.670072641975244        12.681153440955397        12.630799917574157        12.623139156324163        19.294191242121855        14.657102515888367     
   7841.9668121855948       -3.2110420000000000        1.2576491660482478        7.8932975000000001        1.3426499999999999E-002   12.914742366798462        13.008280939699288        12.713635345798371        13.332619938394936        13.025136850004605        12.964979378472576        13.047267478549626        13.184247191529471        13.005504179853068        12.967638719193863        13.051698538908459        13.159076770841382        13.259082289130466        12.542824115993538        13.189012418888074        12.968290846295515        12.805769935021173        12.673164472826377        12.683469082034291        12.632735756704774        12.624862265240663        19.321826356938899        14.667588805773546     
   7832.1320305981772       -3.2132589999999999        1.2620810980488641        7.8933343999999996        1.3426000000000000E-002   12.918777245285623        13.012842855669957        12.716808681392608        13.339102517761463        13.029997176850786        12.968725940709385        13.050480153270216        13.187139023399562        13.010190653559876        12.971362492881370        13.054871316385304        13.161998477648167        13.261825774013490        12.549196829048656        13.194152296558565        12.972443582474641        12.809342847959622        12.676241880827257        12.685773340771130        12.634661421346861        12.626575778479337        19.349219541684683        14.678077981155466     
   7822.2915715121171       -3.2154820000000002        1.2665144268332915        7.8933711000000004        1.3425400000000001E-002   12.922829880573797        13.017421597628424        12.720000492524395        13.345604983559500        13.034874501953698        12.972490786150740        13.053711326238346        13.190049696335333        13.014894021258279        12.975104344149951        13.058062045827800        13.164938514730295        13.264589958014540        12.555589365110816        13.199308817709205        12.976612904525236        12.812933239133105        12.679337196731890        12.688098557322114        12.636609256680629        12.628312043775971        19.376402461868000        14.688602357053551     
   7812.4274985494030       -3.2177110000000000        1.2709646072919258        7.8934077000000000        1.3424800000000001E-002   12.926891305792118        13.022009152200152        12.723200248857239        13.352122837848214        13.039761356171564        12.976264427118913        13.056950538863042        13.192968169339906        13.019606496644627        12.978854741517701        13.061260193106882        13.167885892838271        13.267363542329775        12.561997025868308        13.204475020232650        12.980790052729262        12.816531299216244        12.682439712545737        12.690432634544187        12.638566485130141        12.630057901721429        19.403407241199076        14.699164824745786     
   7802.5938305041591       -3.2199350000000000        1.2754316545280873        7.8934439999999997        1.3424300000000000E-002   12.930923635203746        13.026564753730012        12.726374782255261        13.358604742404038        13.044615334789396        12.980010553775317        13.060164406933245        13.195862813562348        13.024286629996203        12.982577501663462        13.064432599970049        13.170808825939487        13.270115689992656        12.568369076552331        13.209606970624820        12.984936508985532        12.820101680107681        12.685516793625331        12.692747141378687        12.640506738780635        12.631788141734068        19.430070577718382        14.709691883357726     
   7792.9519775899535       -3.2221180000000000        1.2799001194274680        7.8934806000000002        1.3423700000000000E-002   12.934894378591347        13.031047364701882        12.729505642342160        13.364977974414073        13.049390502717833        12.983701351063010        13.063333834431800        13.198719754328520        13.028891335879541        12.986245195985182        13.067560868419578        13.173692993434789        13.272834803532083        12.574634597495736        13.214654188271462        12.989017947657389        12.823619475326259        12.688551610142403        12.695037642846403        12.642431684880121        12.633507859139412        19.455997773456538        14.720043973135054     
   7783.5729480477385       -3.2242470000000001        1.2843545332712420        7.8935170000000001        1.3423100000000000E-002   12.938758881056419        13.035408643928413        12.732554276607232        13.371180138281996        13.054036364209082        12.987294178799580        13.066419984815042        13.201502420399464        13.033371374847931        12.989815366700110        13.070606501064248        13.176501659601925        13.275485195258234        12.580731986349470        13.219564209723590        12.992988982943757        12.827043365946878        12.691506351820262        12.697271572894337        12.644311352960905        12.635188546803072        19.480998605424588        14.730128516461974     
   7774.3305128154971       -3.2263480000000002        1.2887639337953933        7.8935529000000004        1.3422600000000000E-002   12.942551713416048        13.039689920062024        12.735544203808391        13.377277226263338        13.058598078008238        12.990819911148051        13.069446881757131        13.204230719934490        13.037769676788692        12.993318595226228        13.073593007560675        13.179255113552514        13.278084878013672        12.586725825238972        13.224385779965839        12.996885694230286        12.830401992769339        12.694403301863687        12.699461311239492        12.646153267884070        12.636835008117011        19.505405411858050        14.740063001134931     
   7765.2063318619403       -3.2284210000000000        1.2931282778597142        7.8935883999999996        1.3422000000000000E-002   12.946312621484999        13.043931953248407        12.738513532118638        13.383313530756432        13.063116960741560        12.994317738957218        13.072452706791189        13.206942222307369        13.042127234131907        12.996794033997595        13.076558508756200        13.181990994218864        13.280671095405062        12.592660201682406        13.229160750476140        13.000748078626245        12.833734240434694        12.697280403092751        12.701643268879678        12.647993099046559        12.638482499364390        19.529307672123061        14.749898859742963     
   7756.2178737672421       -3.2304700000000000        1.2974784898614671        7.8936235999999997        1.3421499999999999E-002   12.950002258745020        13.048094520097667        12.741424386886980        13.389245323469630        13.067552258980502        12.997748794788276        13.075399515391911        13.209599527213378        13.046403601867606        13.000202864167445        13.079465156370926        13.184671873894079        13.283206618154821        12.598491582533143        13.233847896384550        13.004536639148480        12.837001583533709        12.700099976721493        12.703780971214588        12.649794977319136        12.640095495309399        19.552636292273913        14.759584623295797     
   7747.2933363026659       -3.2325029999999999        1.3017990675635811        7.8936584999999999        1.3421000000000001E-002   12.953721779016609        13.052310074139923        12.744354936939720        13.395245008314559        13.072039128169189        13.001212419742485        13.078355847540317        13.212246670391826        13.050732666984677        13.003651297157019        13.082391236583467        13.187345822289307        13.285740493518757        12.604398178288227        13.238599444355620        13.008370016133386        12.840310944114540        12.702920560552668        12.705920456151970        12.651584211903460        12.641697911911161        19.578694042701969        14.769394072480614     
   7738.5216152023922       -3.2345079999999999        1.3061054759420059        7.8936929999999998        1.3420400000000001E-002   12.957520793208497        13.056657980321296        12.747342607762777        13.401406745016624        13.076654518692409        13.004760904298729        13.081345830840414        13.214883472370873        13.055192950957187        13.007201161683115        13.085374310814016        13.190017737939352        13.288280155420059        12.610483075997253        13.243508806829334        13.012317839138634        12.843728635251688        12.705757192020092        12.708074315245083        12.653353843199605        12.643284706150363        19.611104437010276        14.779473524663276     
   7729.8132211851471       -3.2364959999999998        1.3103822034671484        7.8937271999999998        1.3419900000000000E-002   12.961275520348506        13.060957086132790        12.750294190962238        13.407508526963730        13.081218623330054        13.008267172394783        13.084298744358316        13.217486719809644        13.059603065224513        13.010709509304833        13.088320779991244        13.192656247024866        13.290786967684953        12.616508172209835        13.248364761098957        13.016219746553164        12.847106570264808        12.708558667382588        12.710200046874851        12.655098529636847        12.644848290160754        19.643057210362478        14.789476102080672     
   7721.2212988663759       -3.2384610000000000        1.3146292223577694        7.8937610999999999        1.3419400000000000E-002   12.964979762029493        13.065197887523496        12.753208316964610        13.413529789251506        13.085720337516541        13.011726532559532        13.087213240133412        13.220057168919265        13.063952844302424        13.014171614567321        13.091229322280583        13.195261877745182        13.293262275712284        12.622453382831697        13.253154421531534        13.020068657630219        12.850440794598565        12.711324537891418        12.712301261699949        12.656824195800812        12.646395681372727        19.674380655008424        14.799357085901942     
   7712.7277222786397       -3.2404069999999998        1.3188620120594805        7.8937946999999999        1.3418899999999999E-002   12.968641213274704        13.069389231187113        12.756090928314887        13.419483064114029        13.090169078201100        13.015146152598494        13.090095296633880        13.222600037206032        13.068251385000163        13.017594626590753        13.094105888163444        13.197839906831344        13.295711095903503        12.628331094650566        13.257887812542705        13.023872592701508        12.853738157206195        12.714060438084484        12.714382116692757        12.658534190610126        12.647929836893738        19.705148183481864        14.809136738624449     
   7704.1547910111631       -3.2423730000000002        1.3230805590103101        7.8938278999999998        1.3418299999999999E-002   12.972350976803662        13.073633307558561        12.759016825164993        13.425507397890337        13.094672422403152        13.018612074328233        13.093019705493754        13.225183016805440        13.072603125051090        13.021064659016334        13.097025152753426        13.200458760927420        13.298199149585040        12.634278774211625        13.262678466532359        13.027725640098831        12.857082137532020        12.716838096359064        12.716500631101896        12.660278766837736        12.649497325773618        19.736017806186894        14.819034123769358     
   7695.4496320908556       -3.2443710000000001        1.3273469150111723        7.8938610999999996        1.3417800000000001E-002   12.976098918481235        13.077923257587951        12.761971122417350        13.431606980532212        13.099225089819740        13.022112667894497        13.095971537854346        13.227789107700985        13.077001848346093        13.024570133186433        13.099972169795905        13.203101675367961        13.300708852089002        12.640300124609428        13.267522875161177        13.031618528329773        12.860460408493495        12.719641707775040        12.718637009737908        12.662035838748906        12.651074985215359        19.767139663532973        14.829077725620493     
   7686.4534253833626       -3.2464369999999998        1.3316611226096120        7.8938943000000004        1.3417300000000000E-002   12.980016992733997        13.082452133722182        12.765024958564698        13.438012675441534        13.104035556228187        13.025778447402299        13.099015739956574        13.230431549495520        13.081658590292804        13.028246122694089        13.103015739956575        13.205799339226221        13.303241365982696        12.646624077357661        13.272654311716142        13.035728680039352        12.863991167566255        12.722515817138397        12.720762123972744        12.663723497583888        12.652563610736284        19.801968119069006        14.839349266080252     
   7677.1141831915220       -3.2485819999999999        1.3360853285366066        7.8939278000000002        1.3416800000000000E-002   12.984087510218377        13.087164901783268        12.768190433964264        13.444679956885302        13.109043484152462        13.029587119053083        13.102171186064517        13.233162719669046        13.086506630523971        13.032065435868219        13.106171186064515        13.208590688282683        13.305856326369053        12.653205817395097        13.277998566529433        13.040004404620870        12.867658151706529        12.725491606535336        12.722954009230378        12.665456108842253        12.654089564631811        19.838358127988215        14.850008975979556     
   7667.5744225857079       -3.2507769999999998        1.3405885733953729        7.8939615999999999        1.3416300000000001E-002   12.988241881568294        13.091975317192068        12.771419672427497        13.451492751155635        13.114156710784650        13.033473529620318        13.105391322175608        13.235949474445947        13.091455228170561        13.035961906756933        13.109391322175606        13.211439076081087        13.308523883345375        12.659930584348848        13.283455345191252        13.044367252401466        12.871399832658300        12.728527896019211        12.725193336966560        12.667228749012247        12.655653569143874        19.875292227602387        14.860915478077503     
   7657.9407172165947       -3.2529930000000000        1.3451243240827371        7.8939953000000003        1.3415800000000000E-002   12.992434515649286        13.096830459912411        12.774677386796036        13.458376044296074        13.119318995450492        13.037395059160140        13.108641016069047        13.238761523244058        13.096449919689320        13.039892763487579        13.112641016069048        13.214313532222757        13.311215055558595        12.666724316750518        13.288964569137391        13.048769250196017        12.875175207327874        12.731591593505193        12.727456092199620        12.669022731871976        12.657239384322970        19.912347688443290        14.871948750241383     
   7648.2486725441186       -3.2552279999999998        1.3496770700551479        7.8940288000000001        1.3415200000000000E-002   12.996666357897523        13.101728826823942        12.777967961357495        13.465320982010544        13.124527732914418        13.041353643665696        13.111924709555174        13.241604925403712        13.101488686125881        13.043859885937207        13.115924709555175        13.217219890486055        13.313936337808491        12.673578474859506        13.294522350896655        13.053210541696293        12.878986751885948        12.734687821996415        12.729750448145149        12.670848024257785        12.658857807440425        19.949398290908803        14.883084979569402     
   7638.4633643191955       -3.2574860000000001        1.3542623726875518        7.8940622999999999        1.3414700000000000E-002   13.000919889636023        13.106655301050836        12.781270469047126        13.472319967496187        13.129768957897237        13.045330768245410        13.115221478765065        13.244457170563813        13.106556916252636        13.047844768211139        13.119221478765063        13.220135872385409        13.316664768542758        12.680485118326750        13.300115982984394        13.057674334695804        12.882815421598178        12.737794975891443        12.732052000184169        12.672678593017149        12.660482121480662        19.986539111673807        14.894332053590343     
   7628.6027475548835       -3.2597610000000001        1.3588491607292434        7.8940954000000003        1.3414199999999999E-002   13.005203592584028        13.111617129440557        12.784595118091392        13.479376606641509        13.135049376848929        13.049335409488481        13.118541573821421        13.247329324409041        13.111661598071020        13.051856348652699        13.122541573821422        13.223072432962159        13.319411626619694        12.687448003420084        13.305751525127580        13.062168695000885        12.886670465452863        12.740923645881775        12.734372918029099        12.674527538306474        12.662125872112572        20.023711436939454        14.905686207260946     
   7618.6496037602246       -3.2620629999999999        1.3634841027081621        7.8941284999999999        1.3413700000000001E-002   13.009524753302896        13.116622782836290        12.787947501639765        13.486503192524635        13.140378054231261        13.053374353201034        13.121890611429224        13.250226221602075        13.116811450651644        13.055901400654625        13.125890611429226        13.226034524460372        13.322181516202035        12.694479241458827        13.311438662047129        13.066701244291098        12.890558408030946        12.744079107431125        12.736717168980631        12.676398074288896        12.663791985514122        20.060973909498529        14.917167669399523     
   7608.6393674892406       -3.2643810000000002        1.3681361225893069        7.8941613999999998        1.3413200000000000E-002   13.013868231343276        13.121654683892386        12.791315911407642        13.493674743720755        13.145736296326811        13.057433452273282        13.125256923517265        13.253137803744780        13.121988383599964        13.059965733347989        13.129256923517262        13.229011861812909        13.324964819258041        12.701554173559765        13.317157423851922        13.071256061563419        12.894465639807352        12.747250375336963        12.739076746945800        12.678283942730014        12.665474992825152        20.098188192740253        14.928736338951397     
   7598.9047361284120       -3.2666350000000000        1.3728052361972258        7.8941946999999999        1.3412700000000000E-002   13.018092412077840        13.126548338564296        12.794591162670271        13.500655447511035        13.150948716479098        13.061380558397991        13.128531353920403        13.255970028763850        13.127023076674361        13.063917052929392        13.132531353920404        13.231908208681356        13.327671780653736        12.708440224586303        13.322720442569972        13.075684543379685        12.898265059893417        12.750334788578810        12.741375836199998        12.680124995184562        12.667121407833664        20.134130678475934        14.940009720668582     
   7589.6718678865955       -3.2687810000000002        1.3774447452328478        7.8942280000000000        1.3412200000000001E-002   13.022101261499863        13.131192159408929        12.797699349264512        13.507284494304955        13.155896157578983        13.065126135184457        13.131639872674775        13.258659140164561        13.131800664291774        13.067665827447044        13.135639872674776        13.234658297393963        13.330241616417752        12.714978866297688        13.328000415874982        13.079886050724717        12.901870562989828        12.753262772278848        12.743562637971227        12.681879769920286        12.668693985318924        20.167998153472475        14.950725338119753     
   7580.9564190404881       -3.2708110000000001        1.3818988561755887        7.8942601999999997        1.3411700000000000E-002   13.025888409124349        13.135578698135763        12.800635731602625        13.513550141671960        13.160570450294546        13.068664337542007        13.134577560685063        13.261200928967792        13.136313474428530        13.071206334142136        13.138577560685064        13.237257791975878        13.332670393119809        12.721158609548571        13.332988609479006        13.083854068462326        12.905276541530437        12.756029764667087        12.745633254570361        12.683544710930850        12.670189087843376        20.199768900703109        14.960862071493292     
   7572.5473919960050       -3.2727689999999998        1.3862608793973632        7.8942915999999999        1.3411200000000000E-002   13.029543801926241        13.139812411999653        12.803469739715730        13.519601625921428        13.165082859535651        13.072079145852186        13.137413741871644        13.263655133786294        13.140669022495651        13.074622707280959        13.141413741871645        13.239767809341451        13.335015170933332        12.727126688390225        13.337803886965865        13.087683061257334        12.908563774810084        12.758700996812838        12.747635602251577        12.685157614470285        12.671640100799884        20.230237872228876        14.970660993012341     
   7564.3915357419610       -3.2746700000000000        1.3905463148487980        7.8943224000000001        1.3410699999999999E-002   13.033090217465254        13.143919740557827        12.806219001426246        13.525476434419481        13.169461486476926        13.075391852811624        13.140165968094195        13.266036887297009        13.144894519294205        13.077936313349106        13.144165968094196        13.242203822783534        13.337290428100061        12.732920113077100        13.342476267174984        13.091396995449323        12.911752747643668        12.761293001863777        12.749581682386584        12.686727823175840        12.673055148389899        20.259615976977891        14.980182099245074     
   7556.3836560338677       -3.2765420000000001        1.3947862731274472        7.8943529999999997        1.3410200000000001E-002   13.036572452082508        13.147952714630042        12.808918067375581        13.531249072260598        13.173761789340452        13.078644267362529        13.142868765711478        13.268375937322970        13.149043519588899        13.081189017257342        13.146868765711480        13.244596271131291        13.339524565747967        12.738612374559457        13.347064996980256        13.095042890364970        12.914883673050488        12.763838257792861        12.751495435478761        12.688274295528037        12.674451053334922        20.288293965512217        14.989546074178319     
   7548.5233013517964       -3.2783790000000002        1.3989651177074374        7.8943830000000004        1.3409799999999999E-002   13.039974578544307        13.151895437548085        12.811550992318121        13.536903506394324        13.177967834725614        13.081820469780581        13.145506144662605        13.270656272805919        13.153100134372828        13.084364930653919        13.149506144662602        13.246929141145976        13.341701585150847        12.744187459812906        13.351554158756208        13.098604874143412        12.917940624456111        12.766320779325724        12.753360689824056        12.689780740169745        12.675811416862331        20.316265996496213        14.998736467959304     
   7540.8273921747677       -3.2801800000000001        1.4031139929644179        7.8944127999999996        1.3409300000000001E-002   13.043321868851505        13.155772017874247        12.814144730579047        13.542459922525529        13.182103111061258        13.084946237417993        13.148105003059888        13.272905560711225        13.157088225450883        13.087489865023786        13.152105003059885        13.249229978942145        13.343849397108313        12.749665752957300        13.355966631753864        13.102107919706226        12.920949635916740        12.768767811040702        12.755205867123253        12.691276254160369        12.677165552696691        20.343514589645274        15.007765227195362     
   7533.2260581413748       -3.2819639999999999        1.4072328719205562        7.8944422000000003        1.3408900000000000E-002   13.046611654494873        13.159584591904766        12.816689794465281        13.547935508951509        13.186172059407495        13.088016908232580        13.150655861651847        13.275111147509440        13.161010942832332        13.090559177061950        13.154655861651849        13.251486594981513        13.345954441853076        12.755063753414648        13.360309373109351        13.105550811992080        12.923904985372948        12.771168507008847        12.757014528995986        12.692741140122370        12.678492395502948        20.370261213628808        15.016680539364478     
   7525.7883437306691       -3.2837109999999998        1.4113217277878065        7.8944713999999996        1.3408399999999999E-002   13.049847085263014        13.163331561183984        12.819196119251270        13.553313372412216        13.190170710207813        13.091037637183288        13.153168565848244        13.277286015135058        13.164865686088721        13.093578060995920        13.157168565848245        13.253711501219644        13.348030631936890        12.760365294979046        13.364575926698091        13.108935345802553        12.926812875271288        12.773534086901559        12.758803152336633        12.694194920693594        12.679812644381133        20.396304188866541        15.025433768702673     
   7518.4618434051463       -3.2854280000000000        1.4153493079598720        7.8945002000000004        1.3408000000000000E-002   13.053018063095665        13.167006431368170        12.821648492491823        13.558598305823166        13.194094297314548        13.093996831317371        13.155627909167196        13.279412576194227        13.168646721323404        13.096534938017582        13.159627909167197        13.255887458415481        13.350059700302575        12.765574653914333        13.368763413451239        13.112252513711232        12.929660917604126        12.775848319451987        12.760551309617723        12.695614722896499        12.681102399217300        20.421801529533440        15.034052952481483     
   7511.1943608825050       -3.2871380000000001        1.4193624117972485        7.8945287000000004        1.3407499999999999E-002   13.056179146261874        13.170667350402836        12.824096366660266        13.563859804203938        13.198002713284092        13.096947550733924        13.158083369951891        13.281537937974685        13.172412953045226        13.099482868197180        13.162083369951889        13.258061922855768        13.352088069688305        12.770760799967574        13.372933605818476        13.115557939488484        12.932501380590326        12.778159656496941        12.762303340273883        12.697042495320611        12.682402630358167        20.446971560286293        15.042631013832748     
   7504.0202959702265       -3.2888269999999999        1.4233610264008147        7.8945569999999998        1.3407100000000000E-002   13.059283395404126        13.174265013205261        12.826496190104518        13.569040879389739        13.201845457721092        13.099843860350330        13.160491339594369        13.283620054546240        13.176114576937582        13.102375944679441        13.164491339594370        13.260192612727639        13.354074163057465        12.775867114149349        13.377034764506849        13.118804020844653        12.935288851033615        12.780425177642574        12.764018903051568        12.698439388070955        12.683675047882691        20.471667782713457        15.051094983956901     
   7496.5768939381687       -3.2905769999999999        1.4273295127661896        7.8945846000000000        1.3406700000000001E-002   13.062567384954235        13.178086516485877        12.829012120376284        13.574571829212424        13.205935066363544        13.102905369439728        13.163025812800534        13.285781465565876        13.180053680356238        13.105427354374417        13.167016084343459        13.262415407118830        13.356116519959738        12.781313184639913        13.381408664023258        13.122248177349448        12.938214341532735        12.782799107534601        12.765802886265526        12.699919637632025        12.685025343571120        20.503219274018406        15.060226745131601     
   7488.0890416178954       -3.2925730000000000        1.4314554118732121        7.8946122000000001        1.3406200000000000E-002   13.066406279161299        13.182572329078077        12.831926061318189        13.581095522202265        13.210744932627321        13.106481480541284        13.165973705151718        13.288258014057643        13.184686911040249        13.108983525579347        13.169939580331231        13.264975925702323        13.358431684141600        12.787730790207384        13.386564744935505        13.126287206621761        12.941605061463818        12.785547597202662        12.767850782767667        12.701659365772514        12.686617045749685        20.547142133744465        15.071119972222949     
   7478.6808455406399       -3.2947860000000002        1.4360515708825787        7.8946424000000004        1.3405800000000001E-002   13.070633051880513        13.187515721765717        12.835128031672660        13.588302871529386        13.216048587154937        13.110416360203281        13.169213308290495        13.290976683160096        13.189794166763161        13.112896460717749        13.173151686001336        13.267786615097418        13.360971630326127        12.794820700758397        13.392252778045531        13.130734751830509        12.945335515728111        12.788567086683020        12.770094327900903        12.703567482759613        12.688365726311101        20.595553558986715        15.083191349673164     
   7468.9061091189242       -3.2970899999999999        1.4407274178111003        7.8946727000000001        1.3405300000000000E-002   13.075034395856857        13.192661109521424        12.838465142784610        13.595806100111027        13.221569463968194        13.114513754150160        13.172589518348133        13.293813353041507        13.195110315041262        13.116971230971618        13.176498820447659        13.270717716781405        13.363622792362321        12.802202084152718        13.398173702484186        13.135364286856497        12.949221709179827        12.791715620992818        12.772437367921867        12.705568876394715        12.690206634855922        20.645586376734585        15.095771146187044     
   7458.9208726672787       -3.2994439999999998        1.4454673841071854        7.8947029000000004        1.3404800000000000E-002   13.079524802686834        13.197911062520593        12.841868919052999        13.603470650866075        13.227204246385522        13.118692943144193        13.176033235562333        13.296707688615566        13.200535244398171        13.121127495799339        13.179912303181471        13.273707281408488        13.366327814645604        12.809742345965933        13.404217878327767        13.140086553215408        12.953186400858918        12.794927824112580        12.774827449543107        12.707617164871966        12.692096417975826        20.696402441710827        15.108645839155404     
   7448.7260149845197       -3.3018519999999998        1.4502715327469942        7.8947329999999996        1.3404400000000000E-002   13.084087430599993        13.203248639195387        12.845322647291411        13.611279750813555        13.232936038892859        13.122937066138629        13.179527743231475        13.299643134509644        13.206052031274929        13.125348409419072        13.183375386848518        13.276738665761052        13.369070171817736        12.817424737250562        13.410368420898646        13.144884609008876        12.957212828413457        12.798187066285799        12.777248062040051        12.709696327838238        12.694019416685599        20.747962413798341        15.121799743259430     
   7438.2196689803150       -3.3043309999999999        1.4551086142570240        7.8947627000000002        1.3403900000000000E-002   13.088799305639835        13.208758565778808        12.848892316513947        13.619343297711637        13.238853607335898        13.127319909127301        13.183139437838022        13.302680643950275        13.211747236257800        13.129707542182079        13.186954111845793        13.279873681657719        13.371908903211018        12.825357905331970        13.416718338513402        13.149837732843189        12.961372704044191        12.801557478376061        12.779755011825817        12.711859338607731        12.696027478862970        20.800788539003648        15.135398108057576     
   7427.5058066998672       -3.3068650000000002        1.4600099850703119        7.8947924000000000        1.3403500000000000E-002   13.093581862994490        13.214354338400703        12.852510706758501        13.627550019254734        13.244866518393522        13.131766101120711        13.186800683531700        13.305758410569602        13.217532563930561        13.134129775289267        13.190581125038733        13.283049453719293        13.374784188351065        12.833431886012470        13.423172981236711        13.154864867505239        12.965592966683079        12.804973898152312        12.782291746688124        12.714053651524825        12.698070049070523        20.854303347565200        15.149276911252535     
   7416.5170590219368       -3.3094670000000002        1.4649600428777358        7.8948216999999996        1.3403000000000000E-002   13.098496863512107        13.220102789460935        12.856232300524670        13.635983627022480        13.251044325114048        13.136335231908507        13.190566232288585        13.308927656171026        13.223476080794551        13.138674564031962        13.194310922444412        13.286317722542694        13.377745991109055        12.841729571861830        13.429804736313411        13.160029214676495        12.969931884014525        12.808489620507235        12.784906083666669        12.716325492121054        12.700192820688020        20.908851288386774        15.163557420111008     
   7405.4081549147077       -3.3120989999999999        1.4699588371898571        7.8948510000000001        1.3402499999999999E-002   13.103459768549190        13.225907612721812        12.859989395189022        13.644510411074908        13.257284759324595        13.140947582459244        13.194367762569360        13.312128572768174        13.229478766885155        13.143262546416569        13.198075651217401        13.289617203027969        13.380737440191051        12.850119181381732        13.436504993832497        13.165242640756709        12.974313060777263        12.812039909549714        12.787546032700476        12.718628176389490        12.702351576443540        20.963631337765410        15.178025215911166     
   7394.4520999772485       -3.3147009999999999        1.4750064180161879        7.8948805000000002        1.3402100000000000E-002   13.108334408328425        13.231611953637810        12.863675448532224        13.652906608641114        13.263420255983910        13.145475598813917        13.198097640132314        13.315268277211615        13.235378900395155        13.147766767560604        13.201768584218289        13.292852595959069        13.383670802076864        12.858380323462047        13.443094887260568        13.170362824155774        12.978614617343524        12.815523298315142        12.790132501654927        12.720890874417293        12.704479008218463        21.017286234030863        15.192310436192503     
   7384.2093348375374       -3.3171390000000001        1.4800557836924491        7.8949106999999996        1.3401600000000000E-002   13.112907678542951        13.236960345798133        12.867138076592861        13.660778249950445        13.269173119671793        13.149724004289775        13.201601239253508        13.318222082900073        13.240910921409879        13.151993141359304        13.205237059155047        13.295894495806776        13.386431922278097        12.866125911028705        13.449273379728703        13.175164273190783        12.982652683763577        12.818797618997133        12.792569114732688        12.723032780229806        12.706500491085611        21.067152157702047        15.205714512005434     
   7374.1845113676345       -3.3195290000000002        1.4850284871752211        7.8949403000000000        1.3401200000000000E-002   13.117365050578075        13.242175815736099        12.870508969588714        13.668469457130149        13.274785747473993        13.153862674186223        13.205012231543245        13.321096807759689        13.246306661581622        13.156110449374113        13.208613129770535        13.298854165135319        13.389118266438937        12.873693941818553        13.455303337293602        13.179843684017149        12.986586778761273        12.821985298975877        12.794937661450705        12.725120332597809        12.708475801247173        21.115642462099451        15.218845441344749     
   7364.1902542816051       -3.3219140000000000        1.4899872267772898        7.8949696999999999        1.3400700000000000E-002   13.121821186875511        13.247387215250875        12.873882462789307        13.676155125796218        13.280394366369105        13.158000341794434        13.208425701772182        13.323977444862610        13.251698321552777        13.160227019089980        13.211991248880825        13.301818231914329        13.391811299601439        12.881257002827013        13.461328759252634        13.184519917089222        12.990521764194799        12.825177207894125        12.797313672559039        12.727223533748589        12.710472634376625        21.163705493500249        15.231978864230062     
   7354.2942113995387       -3.3242790000000002        1.4949476871362131        7.8949990000000003        1.3400300000000000E-002   13.126214137866683        13.252527494115952        12.877203923210086        13.683751349063691        13.285929213601946        13.162077226027936        13.211786746364488        13.326812662405029        13.257017619875374        13.164283209254272        13.215316762644107        13.304734823885092        13.394460957371919        12.888732014177855        13.467277048683485        13.189129556866092        12.994399206432249        12.828319920388061        12.799649233559339        12.729296180683079        12.712445407734819        21.210990316977572        15.244993540516994     
   7344.4283780308897       -3.3266420000000001        1.4999098688491157        7.8950281000000002        1.3399800000000000E-002   13.130606136727387        13.257664030507677        12.880528211410283        13.691342260441800        13.291460353844986        13.166153402681957        13.215150497898158        13.329653944452062        13.262333154454709        13.168338950535134        13.218644570451019        13.307656008207822        13.397117445042209        12.896202273639815        13.473221096590912        13.193736350326688        12.998277786485119        12.831467047360270        12.801992392877551        12.731384371564545        12.714439423995231        21.257858894033269        15.258010356876092     
   7334.6433339921805       -3.3289879999999998        1.5048737725133341        7.8950572000000001        1.3399400000000001E-002   13.134942731132309        13.262738565273548        12.883806338724682        13.698856927956754        13.296927484817505        13.170176049168123        13.218467765388713        13.332454748983114        13.267585738962641        13.172341522618193        13.221925674403550        13.310534854056851        13.399735166210114        12.903597465297498        13.479098473254641        13.198284764062610        13.002105673995512        12.834570490101999        12.804299164365023        12.733445314643529        12.716412291784398        21.304044469388135        15.270930178741615     
   7324.8881928093406       -3.3313290000000002        1.5098393987264116        7.8950860000000000        1.3398900000000000E-002   13.139278620940372        13.267809643127565        12.887087493279067        13.706366476908135        13.302391171185588        13.174198245737072        13.221787940507829        13.335261751800962        13.272834835155164        13.176343899000626        13.225209287732630        13.313418463153324        13.402359841133729        12.910988090998819        13.484971863396792        13.202830620861254        13.005934915738289        12.837678510016728        12.806613651526659        12.735521708889243        12.718406154884102        21.349823204489518        15.283851819638040     
   7315.1965574645610       -3.3336579999999998        1.5148067480860992        7.8951148000000000        1.3398500000000001E-002   13.143566784115842        13.272827718643127        12.890328277154767        13.713812890913877        13.307800498677720        13.178174059304522        13.225067490924905        13.338033163621555        13.278030276420539        13.180300212860145        13.228452011297966        13.316264799874782        13.404950307441458        12.918316541915358        13.490788933214217        13.207326192015993        13.009720225971767        12.840748290266385        12.808895764168417        12.737574192868534        12.720381870285570        21.395010105277301        15.296698306112505     
   7305.5682101258353       -3.3359730000000001        1.5197758211903529        7.8951434000000003        1.3398000000000000E-002   13.147839806641320        13.277825403440319        12.893561243561399        13.721228719930773        13.313188063797009        13.182136082726357        13.228338970720893        13.340801493432833        13.283204668165885        13.184243053722680        13.231686408825551        13.319106397836338        13.407539066633268        12.925615362643255        13.496582274224798        13.211804091826005        13.013494169888459        12.843812359727172        12.811177998766324        12.739635120224014        12.722371685376396        21.439643632187632        15.309501847217737     
   7296.0197342462388       -3.3382749999999999        1.5247308855452866        7.8951718000000000        1.3397600000000001E-002   13.152058136048737        13.282761908284336        12.896748620018485        13.728568886658842        13.318512379628011        13.186045313929029        13.231564541081497        13.343529731540858        13.288316905293868        13.188133449123924        13.234874716727361        13.321906147168079        13.410089414914346        12.932839674068170        13.502309685770754        13.216224441010514        13.017218043143075        12.846833214037638        12.813424183011850        12.741668550486349        12.724339670365005        21.483620836786869        15.322207581582695     
   7286.5844055414027       -3.3405490000000002        1.5296719254222608        7.8952000000000000        1.3397200000000000E-002   13.156223613422238        13.287636586700444        12.899895825175019        13.735824204331102        13.323771413335567        13.189904690900597        13.234749487552850        13.346224846718886        13.293365713701423        13.191974397791956        13.238022365383660        13.324670802314078        13.412608936247747        12.939980688334963        13.507967710460004        13.220588411419723        13.020895394655060        12.849816822038118        12.815642966087704        12.743683675186990        12.726295095868561        21.526813265249697        15.334786951418099     
   7277.2283041946175       -3.3428089999999999        1.5345674373317542        7.8952279000000001        1.3396699999999999E-002   13.160367303810451        13.292483066903612        12.903030249808621        13.743036688384590        13.329000139695060        13.193744198823238        13.237921336591844        13.348912555087052        13.298385332661843        13.195795813842244        13.241156762296304        13.327426363245758        13.415122710068784        12.947080005449594        13.513592736457360        13.224927816453066        13.024555520650752        12.852789956617132        12.817858349988347        12.745703560909361        12.728260659381787        21.569399785216056        15.347300430662324     
   7268.0180968529176       -3.3450389999999999        1.5394646211725558        7.8952556999999999        1.3396300000000000E-002   13.164427958924941        13.297235111641116        12.906097818381172        13.750123065219507        13.334129558735649        13.197504778387811        13.241025745993758        13.351541907340435        13.303308273932144        13.199538761042946        13.244223848771759        13.330121437660859        13.417581021550157        12.954055152141011        13.519112918734161        13.229180052596059        13.028140600021070        12.855699657359297        12.820022753690177        12.747681798965830        12.730190176386460        21.611055302294218        15.359626223435813     
   7258.8362602048392       -3.3472620000000002        1.5443319682719083        7.8952831999999997        1.3395900000000001E-002   13.168472885161343        13.301968859608206        12.909153155301102        13.757189095019342        13.339240592258953        13.201249926661770        13.244117810260281        13.354161892310522        13.308212843645919        13.203266507240073        13.247278256942366        13.332805882113490        13.420030671228282        12.961010465711105        13.524614144695320        13.233414902163574        13.031711859761860        12.858598507822887        12.822179228785529        12.749658875935719        12.732123364579220        21.652332635257345        15.371936317346552     
   7249.7995681730363       -3.3494540000000002        1.5491852070498189        7.8953104999999999        1.3395499999999999E-002   13.172452910236609        13.306628554313233        12.912156833506979        13.764155019508356        13.344274817692343        13.204933169396893        13.247157734368956        13.356738714483670        13.313042092375225        13.206932840999629        13.250281286594168        13.335444646165916        13.422439828469608        12.967867301393118        13.530033953392797        13.237581837957920        13.035224350286461        12.861448907786128        12.824297977269547        12.751614627359638        12.734056636067445        21.693479052493807        15.384112844952158     
   7240.8074712006601       -3.3516360000000001        1.5540085568376234        7.8953391999999996        1.3395000000000001E-002   13.176484764170441        13.311431955148107        12.915092489541239        13.771513428035371        13.349546843296439        13.208619211426052        13.250133585605402        13.359256072224388        13.318058060720555        13.210603842180420        13.253246908158284        13.338002915251154        13.424782270246913        12.975104213700634        13.535731915850588        13.241844409919976        13.038711348183996        12.864226432400175        12.826277706337374        12.753770104203200        12.736913492850240        21.767867867358028        15.397963127529417     
   7231.9097872967895       -3.3538009999999998        1.5588335274235396        7.8953666000000000        1.3394600000000000E-002   13.180452906881698        13.316164737622145        12.917974165354735        13.778781590118349        13.354744523656958        13.212243991762378        13.253054609850356        13.361723256863364        13.323001354609481        13.214213146921672        13.256158239165188        13.340510998876397        13.427077393164836        12.982251566840503        13.541352495809402        13.246040860349638        13.042137572027560        12.866951637103909        12.828215878203444        12.755892421185280        12.739755983670250        21.841563975262979        15.411691016444049     
   7223.0895638947532       -3.3559489999999998        1.5636285677346842        7.8953937999999999        1.3394200000000000E-002   13.184381130797222        13.320852123044366        12.920823627867522        13.785989390204088        13.359893935002846        13.215830677944739        13.255942661564200        13.364161262145211        13.327897592046069        13.217783910029029        13.259037101715643        13.342989959216455        13.429345836690258        12.989339030516222        13.546922539293730        13.250195415136487        13.045525856919008        12.869645990696336        12.830132402904853        12.758001572915818        12.742604759738571        21.914723357812072        15.425337739422043     
   7214.3299325178568       -3.3580830000000002        1.5684094277487384        7.8954208000000001        1.3393800000000001E-002   13.188276963358328        13.325503063477994        12.923646381786407        13.793150434533898        13.365004885977486        13.219386171056401        13.258803329323095        13.366574818989085        13.332756121084552        13.221323015441746        13.261889056728124        13.345444595417975        13.431591983859123        12.996379994121734        13.552452625698050        13.254316034365674        13.048882760995477        12.872314701241971        12.832030946695129        12.760101358881423        12.745464440187240        21.987483347773043        15.438928390108886     
   7205.6141071800012       -3.3602080000000001        1.5731760922472895        7.8954475999999998        1.3393300000000000E-002   13.192164063507322        13.330142644354931        12.926464060015094        13.800294493501637        13.370103323226799        13.222933497963089        13.261658326320978        13.368984785933714        13.337602422462654        13.224853468574603        13.264735793054813        13.347895837064756        13.433836354599636        13.003404007884866        13.557969479372881        13.258426807548796        13.052230957932592        12.874979106452889        12.833931330666685        12.762211808908559        12.748356064669290        22.059997585029215        15.452504438071456     
   7196.8425259898040       -3.3623520000000000        1.5779759206083126        7.8954744000000003        1.3392899999999999E-002   13.196053472985920        13.334790505090346        12.929275484673486        13.807469826493193        13.375214130073690        13.226479816782000        13.264506900477212        13.371385326273280        13.342458497778342        13.228382233403895        13.267576464834629        13.350338319196585        13.436071222128600        13.010457958596266        13.563502765068119        13.262541331453466        13.055575327783540        12.877636277593396        12.835821902983266        12.764323688849156        12.751279375669792        22.133061035650474        15.466187681476136     
   7187.9657654197563       -3.3645220000000000        1.5827615545126228        7.8955006000000001        1.3392500000000000E-002   13.199982819689627        13.339488572735533        12.932112167986165        13.814732758572980        13.380381870057466        13.230060794283276        13.267380762526475        13.373805621000830        13.347367451341871        13.231944862300210        13.270442749731476        13.352801468188840        13.438324857897292        13.017597472545891        13.569099459786454        13.266698502420173        13.058950357033972        12.880316857745694        12.837729041449695        12.766464868909448        12.754267474134164        22.207101793986052        15.480072002359176     
   7178.8354707174713       -3.3667549999999999        1.5876593955816789        7.8955275000000000        1.3392100000000001E-002   13.204016293811293        13.344313964894724        12.935019923189191        13.822203751924075        13.385691587436813        13.233734721749961        13.270326321726380        13.376284488781280        13.352409937575906        13.235599303258237        13.273380955099121        13.355324846051722        13.440633360060101        13.024940912026576        13.574851868731052        13.270966318643438        13.062410797455325        12.883064051238513        12.839683180651875        12.768670347958146        12.757371148391790        22.283365169453567        15.494390787320555     
   7169.6672470162684       -3.3690050000000000        1.5926063267433710        7.8955544000000000        1.3391699999999999E-002   13.208059879375512        13.349154024807511        12.937931227995286        13.829708034969727        13.391019248318031        13.237416014239912        13.273275142397694        13.378764505628606        13.357468182622270        13.239260401668645        13.276322839775759        13.357849998059969        13.442943378118265        13.032316487908425        13.580625574938420        13.275245230786233        13.065876025381399        12.885814127330196        12.841639436834043        12.770889817698105        12.760520188803106        22.360056967923498        15.508809353704226     
   7160.4282942715072       -3.3712700000000000        1.5975865843811299        7.8955808999999997        1.3391300000000000E-002   13.212127716664272        13.354025760054244        12.940856142516425        13.837272256950678        13.396383624204768        13.241117496132050        13.276237411388559        13.381254177190320        13.362559977414273        13.242940898786467        13.279278573616347        13.360385597791387        13.445262826249122        13.039750378435253        13.586440968844203        13.279550220751313        13.069358062347577        12.888576569324259        12.843604491028985        12.773131072947644        12.763726177883433        22.437451694483940        15.523379710626751     
   7151.1847807648555       -3.3735420000000000        1.6025843833274247        7.8956077000000002        1.3390900000000001E-002   13.216191019786999        13.358894652700934        12.943774033122034        13.844842761750174        13.401746691310676        13.244812983621587        13.279192222175217        13.383735979155391        13.367649232922767        13.246614752022962        13.282227301703715        13.362913799129005        13.447575416697811        13.047189851271982        13.592256821086943        13.283850804862150        13.072832273909428        12.891331907199055        12.845564631134616        12.775378599304355        12.766967108747282        22.514999988833736        15.537998604900354     
   7141.9038651658093       -3.3758260000000000        1.6075997406460119        7.8956344999999999        1.3390500000000000E-002   13.220263965388801        13.363777746921867        12.946694996830415        13.852446225647602        13.407127256223509        13.248515339647300        13.282149800299427        13.386218454421764        13.372753777334387        13.250294743215930        13.285179230887108        13.365443311663340        13.449889096744128        13.054661113185562        13.598093554371586        13.288162002566954        13.076310725207653        12.894089660438395        12.847526563650115        12.777640183995393        12.770254469233430        22.592976685833015        15.552717978620349     
   7132.5693007856680       -3.3781230000000000        1.6126326734644190        7.8956607999999999        1.3390100000000000E-002   13.224353498258694        13.368683418668123        12.949623939035217        13.860095869893765        13.412534580619628        13.252230844692576        13.285115108999833        13.388705730950239        13.377882375929801        13.253987104818847        13.288139321033416        13.367978350984068        13.452207712073267        13.062177145388372        13.603961247415576        13.292491175034655        13.079799279802412        12.896854448728142        12.849493543404844        12.779919743169394        12.773594345063923        22.671517854932731        15.567564014162322     
   7123.2305349433527       -3.3804230000000000        1.6176831989740512        7.8956875000000002        1.3389600000000000E-002   13.228454405003351        13.373602156515101        12.952561762904850        13.867767786678119        13.417956517271040        13.255956246519563        13.288088854655836        13.391201045403864        13.383024342131353        13.257688699190926        13.291108309833501        13.370521906678935        13.454535408609033        13.069714739364546        13.609845336072045        13.296831840856182        13.083295869408513        12.899628044797492        12.851471615281753        12.782221825635443        12.776986038392863        22.750229078398174        15.582475194241521     
   7113.8384752932934       -3.3827440000000002        1.6227671751447432        7.8957136999999999        1.3389200000000000E-002   13.232555370852863        13.378526944423955        12.955491033483609        13.875469441916339        13.423388698631507        13.259678251542882        13.291053787435688        13.393684630104881        13.388173832150153        13.261386103090077        13.294068926590528        13.373054466664366        13.456851542018386        13.077280650842136        13.615743888733663        13.301173944046917        13.086785982873474        12.902392150372387        12.853438302709042        12.784525707779141        12.780414724444663        22.829488357835913        15.597497263348162     
   7104.4915164967879       -3.3850519999999999        1.6278687897667952        7.8957401000000003        1.3388799999999999E-002   13.236630270278470        13.383423041267450        12.958397884271728        13.883137079037505        13.428791079463887        13.263374694459637        13.293995666787142        13.396147286705395        13.393293755347061        13.265057405939396        13.297006976046321        13.375566321497617        13.459148675214751        13.084812541982886        13.621611983254832        13.305488834458112        13.090249879812008        12.905134629282207        12.855389849337255        12.786824171747520        12.783861548000532        22.908486382083083        15.612489973035201     
   7095.1568387830066       -3.3873660000000001        1.6329722083453981        7.8957666000000000        1.3388400000000000E-002   13.240693252003011        13.388307465469692        12.961292381967832        13.890797365577756        13.434182442847705        13.267058407839952        13.296924687052856        13.398597527782867        13.398401914337340        13.268715358006505        13.299932634514745        13.378066151556189        13.461434728253861        13.092336609720347        13.627470021693673        13.309791503152566        13.093699592449040        12.907864971070223        12.857332940890485        12.789125010041358        12.787338060218692        22.987498633385869        15.627505326533809     
   7084.8229225419609       -3.3899919999999999        1.6390923493001337        7.8958646000000003        1.3386900000000000E-002   13.245350935634352        13.393877128488242        12.964653147958188        13.899454410232707        13.440315646625550        13.271294073286100        13.300323129339695        13.401465733981794        13.404219848994124        13.272921566455302        13.303327891314254        13.380989875162697        13.464122919637990        13.100841910277715        13.634122225159061        13.314714716352903        13.097673981184958        12.911044008943477        12.859645330226378        12.791851055852177        12.791408003863246        23.075588085234983        15.644362677120263     
   7071.6702264336009       -3.3932660000000001        1.6464367697260005        7.8959077000000004        1.3386300000000000E-002   13.251059478443395        13.400747559513277        12.968708707747030        13.910262656540588        13.447904787470470        13.276463868655917        13.304425840169046        13.404893221527640        13.411406255387845        13.278052898859585        13.307427372734573        13.384488708088057        13.467322759218174        13.111456073069224        13.642374087061597        13.320761053895907        13.102508301223430        12.914868270680081        12.862369220685320        12.795116373553626        12.796425126773670        23.187346879778701        15.665664927143006     
   7056.1044347378574       -3.3971360000000002        1.6552454781365140        7.8959524999999999        1.3385599999999999E-002   13.257840912187014        13.408932201700456        12.973503690693370        13.923104727575080        13.456949411419203        13.282619625600763        13.309273911070132        13.408916899190913        13.419982168315144        13.284167266362871        13.312273911070132        13.388604009475543        13.471071381571527        13.124055627208449        13.652197801564270        13.327980066347230        13.108257218602134        12.919365402781210        12.865600376473587        12.799160013917060        12.802766444153590        23.321314020052249        15.690879457272935     
   7037.6230274818126       -3.4017450000000000        1.6658230160854146        7.8960040999999999        1.3384800000000001E-002   13.265904913642881        13.418703292536556        12.979171352015989        13.938430995389613        13.467758456297332        13.289957393806606        13.315000446319477        13.413635575791574        13.430245776611052        13.291464564822455        13.318000446319477        13.393439597462990        13.475458370833703        13.139074163941984        13.663924938669350        13.336615333167821        13.115104830237698        12.924646585117916        12.869463476145150        12.804252489799204        12.810913524372232        23.481544529239240        15.720872651929231     
   7015.6352252220358       -3.4072439999999999        1.6785230952979235        7.8960661999999999        1.3383800000000000E-002   13.275444476170906        13.430288586501506        12.985853123781391        13.956714616966460        13.480593359509898        13.298629507044955        13.321748950469685        13.419190648416164        13.442428403306772        13.300091815159172        13.324748950469685        13.399133707004887        13.480627810921613        13.156982656524713        13.677858764167373        13.346840230755907        13.123196081493193        12.930865225559907        12.874077844137526        12.810461004605765        12.820955341628286        23.670773714163175        15.756852866884872     
   6989.2407443186539       -3.4138660000000001        1.6937492506744056        7.8961402999999999        1.3382700000000001E-002   13.285640135327906        13.443434321582487        12.992113947722984        13.980018152387803        13.495675196028291        13.307420334706762        13.327944419734472        13.424286449261032        13.456691337226065        13.308874933959906        13.330941454617285        13.404310711429709        13.485597078443135        13.179628114276426        13.694260250364216        13.358254296879135        13.131235424049258        12.936492810775398        12.880858937390315        12.823773415100860        12.842423241330398        23.982954519057174        15.807472719648331     
   6957.4484950351807       -3.4218670000000002        1.7120353926534444        7.8962208000000000        1.3381400000000000E-002   13.295805953108273        13.458011423728218        12.996661997200130        14.010540781482442        13.513314520928196        13.315278081957386        13.332165375949865        13.427772365494855        13.473272867450875        13.316787813198703        13.335148624497373        13.407727145587922        13.489534555968030        13.209014740709017        13.713520080108490        13.370559712007479        13.138079916042814        12.940149142501239        12.891403202045966        12.850251566426715        12.884625524737304        24.507632475280339        15.881149995842820     
   6920.1578356249356       -3.4312950000000000        1.7339677059038623        7.8963121999999997        1.3380000000000000E-002   13.307589652250142        13.475010329495776        13.001839474537585        14.046584479355134        13.533897172002208        13.324380578148810        13.336958749208522        13.431737358463847        13.492585821731049        13.325936004160299        13.339916246083492        13.411577521126150        13.494091608757328        13.243731145353612        13.736085687805732        13.384834878805643        13.145977249364853        12.944280302403948        12.904128881049575        12.882126265510410        12.935076289079769        25.117451512203260        15.968011153677958     
   6878.5991230880745       -3.4418549999999999        1.7602982423112734        7.8964090999999996        1.3378500000000000E-002   13.320560495475046        13.493845241020860        13.007426898991117        14.087077182852280        13.556715543545021        13.334396791540573        13.342117586856947        13.436015878772633        13.513952311079880        13.335978957371470        13.345034177765815        13.415686218469890        13.499109288632280        13.282751357287136        13.761218460168841        13.400559102344285        13.154629199404141        12.948701207692707        12.918782639014648        12.918702437843915        12.992520379329438        25.789923648782175        16.065387256880879     
   6831.5775078656343       -3.4538910000000000        1.7913552563204249        7.8965281000000003        1.3376700000000000E-002   13.335058062713930        13.515044527219487        13.013542951038900        14.133334417977700        13.582409293916797        13.345593498883929        13.347747916421035        13.440704994464625        13.537956146355118        13.347175099310231        13.350602667219611        13.420129555484696        13.504736113401954        13.327351024397636        13.789663949890443        13.418142711928713        13.164255238677200        12.953496708757861        12.935992568972470        12.961460881245415        13.059103823005756        26.541861965615240        16.176327633179291     
   6805.4523889276825       -3.4605920000000001        1.8117543481502489        7.8965737000000003        1.3376000000000001E-002   13.342980088903461        13.526719035430899        13.016797633213768        14.159178201458735        13.596573665177742        13.351702258922641        13.350732680964837        13.443191211314064        13.551160371514710        13.353269386608053        13.353545949338793        13.422454926784935        13.507788903421156        13.352278156582100        13.805417664023780        13.427765142055462        13.169479262868576        12.956017660625081        12.945785854701894        12.985776061583975        13.096742545217493        26.955222468947511        16.238240085526954     
   6789.1436826219888       -3.4648010000000000        1.8259639282030420        7.8966171000000003        1.3375300000000000E-002   13.347933009368329        13.534026461305206        13.018831331329185        14.175426144842074        13.605434107052812        13.355529618454412        13.352597569464546        13.444754424696921        13.559413319357898        13.357082571039541        13.355382333415751        13.423908640821189        13.509723223836442        13.367955128010628        13.815292704590814        13.433775085353908        13.172749630914861        12.957593048327016        12.952045207811249        13.001231810506948        13.120556443148356        27.211955946976698        16.277065591045343     
   6775.9469941037742       -3.4682179999999998        1.8377434511600221        7.8966529999999997        1.3374799999999999E-002   13.351911813531611        13.539916762283465        13.020445382928507        14.188602629948623        13.612579927368063        13.358601605979228        13.354074938079663        13.445992835977158        13.566063127465252        13.360140196051592        13.356835174532087        13.425053422710572        13.511271453726952        13.380670407020251        13.823271974050368        13.438606484259456        13.175368372914793        12.958836169900142        12.957157051511683        13.013854861724315        13.139962415574576        27.418852010958975        16.308541201492716     
   6759.4910912872738       -3.4724830000000000        1.8518817429079808        7.8966953000000002        1.3374100000000000E-002   13.356863724046699        13.547259850224373        13.022445620646659        14.205095098915704        13.621486925125160        13.362427925163088        13.355904685269723        13.447530928938294        13.574346119688849        13.363944978051491        13.358632508379936        13.426468522097787        13.513207653995048        13.396588843646215        13.833233772106835        13.444618007806449        13.178626383679346        12.960373825642547        12.963615753391041        13.029764727437845        13.164353260450438        27.675768971078242        16.347886849473781     
   6739.4274113648680       -3.4776940000000001        1.8688367145351512        7.8967419999999997        1.3373400000000001E-002   13.363092407506546        13.556693324529423        13.024778002648823        14.226485434122093        13.633263992372346        13.367075564553996        13.357992113223670        13.449486761721726        13.585224460869984        13.368579066937432        13.360660900121726        13.428166352813012        13.515959822360148        13.417274412452610        13.846449838752172        13.452251161420154        13.182524751663312        12.962110534555261        12.973345247099459        13.050831136962437        13.192937376328175        27.921429428258417        16.398939639432466     
   6714.3812912243629       -3.4842300000000002        1.8891988927774472        7.8968075000000004        1.3372400000000000E-002   13.371198009926612        13.569102922017613        13.027709580405780        14.254659672580150        13.649070764537665        13.372984774506197        13.360569224586470        13.452154108934014        13.599750412571147        13.374489905830348        13.363147937157894        13.430396485449748        13.519969593944392        13.444563034318001        13.864235124781640        13.462214742846047        13.187439982256624        12.964259195963205        12.987649586965933        13.078911205424252        13.227235831161110        28.163054312083734        16.465923422910308     
   6691.3847156407492       -3.4902350000000002        1.9087815673484492        7.8968549000000001        1.3371700000000000E-002   13.378662138629915        13.580502047885295        13.030450083461568        14.280546030046162        13.663562468944486        13.378455182688429        13.362975834770646        13.454656136896732        13.613053197092730        13.379961775375294        13.365475991460196        13.432495650905283        13.523720059527010        13.469637775993869        13.880578956490838        13.471352074645475        13.191999195021564        12.966276478951746        13.000889949061291        13.104700877062454        13.258754350404852        28.396185717283863        16.527186417285847     
   6662.9568386298652       -3.4977030000000000        1.9323055209475515        7.8969246000000002        1.3370600000000000E-002   13.387996673926091        13.594680893078314        13.033978527368321        14.312658217383175        13.681531050891993        13.385353970617510        13.366079892062332        13.457895903603665        13.629534363563211        13.386862306132484        13.368488381970787        13.435235044080736        13.528525528597511        13.500748304836248        13.900884856096427        13.482712741102139        13.197773001324466        12.968904681325485        13.017487050915202        13.136697511800770        13.297870348123690        28.699657814103411        16.602707755942852     
   6640.9161996339881       -3.5035010000000000        1.9514757893815258        7.8969676000000000        1.3369900000000001E-002   13.395266052714314        13.605689314456336        13.036773385195167        14.337583970513977        13.695451010852745        13.390757813231792        13.368537214725317        13.460471146663375        13.642288117064810        13.392267475623550        13.370878812654370        13.437420892989300        13.532330652251625        13.524898953080806        13.916652714792297        13.491520143220599        13.202306068425075        12.970997175581454        13.030472708646647        13.161524974361052        13.328239911190431        28.946368999879589        16.661033306542315     
   6613.6163763164232       -3.5107219999999999        1.9745000499487850        7.8970319000000000        1.3368900000000000E-002   13.404355945145573        13.619391817213758        13.040351765202372        14.368546659411694        13.712729015153853        13.397563722282849        13.371686824669878        13.463783098310076        13.658105409141159        13.399074962025258        13.373950596384800        13.440248384477629        13.537186474449209        13.554903135982352        13.936263446596064        13.502476126969226        13.208034739961084        12.973699909383791        13.046754433667351        13.192368167945167        13.365982374211102        29.265999170271549        16.733066421920242     
   6590.2820216496002       -3.5169090000000001        1.9946188742557989        7.8970789000000003        1.3368200000000000E-002   13.412160011935978        13.631120806227162        13.043473347429394        14.395043683276477        13.727485954197594        13.403439744925418        13.374432846038431        13.466681484569357        13.671599987055473        13.404952308714570        13.376634535594157        13.442731102760586        13.541421525323713        13.580582426181586        13.953052256371571        13.511840454148828        13.212991482433974        12.976068349431912        13.060797241175045        13.218755917419884        13.398293644588275        29.551387978870373        16.794398778428388     
   6561.1807192090300       -3.5246670000000000        2.0187520469669087        7.8971480999999999        1.3367100000000000E-002   13.422003681757566        13.645837917886446        13.047512494406618        14.428202013463892        13.745944118127689        13.410909400019481        13.377991583591900        13.470448475262433        13.688465574929918        13.412423533932696        13.380121563623298        13.445977342834212        13.546878467395853        13.612722760595616        13.974093962986988        13.523585789874467        13.219316219006384        12.979161865731655        13.078545661114845        13.251776980907970        13.438740791137636        29.923195509882170        16.870659324193625     
   6536.4960037645678       -3.5312579999999998        2.0412292583962279        7.8971944000000001        1.3366400000000001E-002   13.430382882944034        13.658330788604939        13.051000345146814        14.456353610246214        13.761578353924211        13.417302110574596        13.381061812079597        13.473710506300652        13.702733508735630        13.418817568158222        13.383135963080136        13.448795953601408        13.551592881812230        13.640012603240613        13.991962186731310        13.533538878961870        13.224739513576253        12.981842417389593        13.093731378280683        13.279803179510079        13.473097022556932        30.252285394845618        16.935069639777289     
   6505.6995115220780       -3.5395370000000002        2.0681979166237996        7.8972676000000002        1.3365300000000000E-002   13.440956819787406        13.674012729901726        13.055511379403864        14.491596722700432        13.781139868213753        13.425432049247075        13.385038363209027        13.477946698831939        13.720570104503494        13.426949046618706        13.387049281868737        13.452476314356083        13.557666632843851        13.674182701842678        14.014366111074761        13.546026964213279        13.231661733851578        12.985339179942233        13.112935099553347        13.314886965840305        13.516121759667438        30.680612873024113        17.015162671883985     
   6481.6712520420733       -3.5460099999999999        2.0902431219574829        7.8973133999999998        1.3364600000000001E-002   13.451523773967123        13.688217852283652        13.061931383185593        14.520133548467532        13.798266145107215        13.434419721891016        13.391049774420052        13.484082222296896        13.736526836249793        13.435880020293189        13.393021989466055        13.458240473610877        13.565230345256294        13.701934954277027        14.033499049603344        13.558134561289945        13.239750722640158        12.990986832271867        13.128122158004080        13.335828131099364        13.537525801652817        30.879136649044106        17.074196921172380     
   6450.8508396668931       -3.5543619999999998        2.1167110158771374        7.8973838000000001        1.3363500000000000E-002   13.466140045356088        13.707301338767468        13.071525129223964        14.557107351113675        13.820999968030723        13.447187081547842        13.400133281600024        13.493262038671983        13.757842835665034        13.448547615720869        13.402054882861702        13.466982792215980        13.576218665425380        13.737940560857265        14.058714630385488        13.574719423084620        13.251386164485314        12.999602725161463        13.147610717061344        13.359864548500322        13.560290519472996        31.086888587281745        17.148020843466423     
   6425.8265704089536       -3.5611579999999998        2.1403869076695319        7.8974285999999996        1.3362799999999999E-002   13.478303707830156        13.722985621521504        13.079714326753239        14.586788766899941        13.839570138643948        13.457949655336781        13.407938113958620        13.501027745060297        13.775304314763522        13.459221805165887        13.409814423381080        13.474427770230710        13.585344558978305        13.766879041152256        14.079211690119051        13.588469560307539        13.261232344049153        13.007001826698120        13.163109601441752        13.378483459354092        13.577832953864574        31.220050389401145        17.206301200991000     
   6393.6226390912079       -3.5699589999999999        2.1687850981794656        7.8975002999999999        1.3361700000000001E-002   13.494782340927042        13.743793582710868        13.091257962570197        14.624178388627087        13.863956742772132        13.472840495548940        13.419069909617040        13.511790106497799        13.798379872997874        13.473983461590478        13.420879817571407        13.484852138733906        13.597536208542603        13.803410673989621        14.105810505743651        13.607003181594727        13.274952487258087        13.017533425568050        13.182317801358234        13.400346243128254        13.597364117808208        31.249428549012190        17.277445793426292     
   6366.8409369148121       -3.5772990000000000        2.1926753474779872        7.8975511000000003        1.3360900000000000E-002   13.508497677799824        13.761070240206184        13.100914281883806        14.655222989106168        13.884148693566619        13.485271578986687        13.428392106327362        13.520792471827953        13.817479951828236        13.486305378929277        13.430140908454806        13.493571794448513        13.607710837022456        13.833745918635806        14.127877433014117        13.622369190056649        13.286424355957696        13.026352384250561        13.198259996655118        13.418415630374295        13.613899913881351        31.277093284045161        17.336345901804339     
   6331.9576279775765       -3.5869200000000001        2.2213213755132784        7.8976246999999997        1.3359800000000000E-002   13.526411412293054        13.783569958729061        13.113601911809194        14.695626369489240        13.910363225895392        13.501561830035474        13.440655729512127        13.532622700597909        13.842270032388225        13.502451016093840        13.442316949422558        13.505031393790329        13.621046145696926        13.873231072016129        14.156582279911035        13.642353851050643        13.301484546807238        13.037954971052766        13.219018173731964        13.441835635855430        13.635875530913303        31.317517498065119        17.412732171388900     
   6304.2438000030015       -3.5945839999999998        2.2478238668283228        7.8976698000000001        1.3359100000000000E-002   13.540647669534085        13.801406865591492        13.123735544394258        14.727664078638668        13.931084760982824        13.514547977462342        13.450461681997840        13.542070525711910        13.861858091882755        13.515320331225734        13.452046823999400        13.514182947149393        13.631671696988587        13.904543806297820        14.179321127092567        13.658171369777001        13.313509209966075        13.047231258435982        13.235466938815176        13.460311330182130        13.653648464286100        31.353177523265114        17.473122528513979     
   6267.7403946432478       -3.6047440000000002        2.2796388804546877        7.8977442000000000        1.3358000000000000E-002   13.559471358636618        13.824915897506454        13.137221597344396        14.769846111518245        13.958303573173286        13.531778819721804        13.463528223593595        13.554647188522384        13.887581401212547        13.532394593902840        13.465004447190044        13.526366677600748        13.645775961133491        13.945777170267025        14.209249657617892        13.678991625104242        13.329494608136258        13.059594110280816        13.257144506469960        13.484539942319113        13.677554570716236        31.404920728227513        17.552321428422278     
   6239.3306292451916       -3.6126860000000001        2.3049501763399149        7.8977931999999997        1.3357200000000000E-002   13.574747996234537        13.843746772632214        13.148568934528074        14.803131210530376        13.979912079896641        13.545950645276937        13.474573256857445        13.565347382849195        13.908031757755724        13.546456930159136        13.475982987890594        13.536736206444582        13.657549985647757        13.978315650678121        14.232991194798585        13.695741522168651        13.342738026132364        13.070114877278998        13.274363825796820        13.503353071356324        13.695364508406287        31.432041448424570        17.614224565243774     
   6202.0890846362572       -3.6231580000000001        2.3353232822119918        7.8978631000000004        1.3356200000000000E-002   13.596057728685716        13.869558146099001        13.165172939494299        14.847858240807168        14.009167769910130        13.566061289678595        13.490816124774563        13.581243979015754        13.935790188720221        13.566450214491228        13.492191124215639        13.552148815633581        13.674662784730531        14.022030538282779        14.265097227044423        13.718862539551287        13.361690479195731        13.085734753421162        13.297774117058617        13.528214265890794        13.717136927706912        31.442113421910896        17.696445353340110     
   6175.0716340029103       -3.6307890000000000        2.3632258675468383        7.8979108000000000        1.3355400000000000E-002   13.611498924709856        13.888227253021771        13.177249145302632        14.880343335022715        14.030251221275485        13.580663699071096        13.502630459300384        13.592806875145943        13.955792053943892        13.580962989623174        13.503980234389239        13.563360640799633        13.687131867147976        14.053774877001565        14.288323454887507        13.735551493406529        13.375452797772546        13.097101574060176        13.314807109682029        13.546344716233058        13.733733468263235        31.459242207607524        17.756077555264909     
   6140.5885717053043       -3.6405930000000000        2.3967034192894370        7.8979866999999997        1.3354200000000000E-002   13.631198939503545        13.912000781546123        13.192714104416734        14.921863141945998        14.057003037339463        13.599331333494138        13.517761237653207        13.607616571685210        13.981169120686165        13.599510721861254        13.519078826742206        13.577722231031235        13.703127580884402        14.094341434237808        14.317901638138963        13.756763040229856        13.393048306667733        13.111666592498533        13.336623601632915        13.569616373212153        13.755912368688261        31.493063842037248        17.832172283404081     
   6117.1622533382624       -3.6472780000000000        2.4236322851462790        7.8980312000000001        1.3353600000000000E-002   13.644523487948639        13.928063132377343        13.203199681934432        14.950054904457826        14.075022847370523        13.611978764474127        13.528019909081149        13.617656898041883        13.998258571951169        13.612073202767295        13.529315599330765        13.587458189341522        13.713992250093014        14.121880493707646        14.337900112804636        13.771062688179054        13.404967508225013        13.121544371718553        13.351438714531124        13.585455247056235        13.771561129184651        31.523680230851244        17.883813464382673     
   6083.8010010996404       -3.6568470000000000        2.4559696873066477        7.8981025000000002        1.3352500000000000E-002   13.663505639167621        13.950902744197219        13.218192276578396        14.990268859519524        14.100557928266493        13.630030673892936        13.542689462287829        13.632015288083888        14.022473818952950        13.629999247638633        13.543953957890732        13.601383137600475        13.729550813347583        14.161157921464742        14.366334678637617        13.791361081600680        13.421982485615732        13.135676308153176        13.372619057900682        13.608142412312372        13.794750223017488        31.577988175081739        17.957358295948620     
   6054.5518115248233       -3.6652670000000001        2.4832888934348829        7.8981490000000001        1.3351800000000000E-002   13.680072817275434        13.970812196961162        13.231312954743643        15.025511146575145        14.122741945702707        13.645814847303583        13.555527069859959        13.644579843697016        14.043505434466084        13.645668370609300        13.556764165377714        13.613567767072301        13.743192723743817        14.195572149723510        14.391139882401511        13.809012489281468        13.436857677429188        13.148047252101620        13.391183846311478        13.628075589632189        13.815868789074369        31.635932696921685        18.021774243177035     
   6013.3294773548532       -3.6771989999999999        2.5160725826276646        7.8982150999999998        1.3350700000000000E-002   13.703389163270725        13.998775722141595        13.249853611123886        15.075240333737320        14.153770198301292        13.668079634457261        13.573668928353360        13.662336579163995        14.072917214186582        13.667763544442501        13.574867379037077        13.630789096754292        13.762507997179878        14.244123433181667        14.425987616289706        13.833746044232573        13.457841570056662        13.165538809388003        13.417429962635151        13.656325033111674        13.846973250369373        31.733997863126891        18.112529185599943     
   5982.9035270584418       -3.6860510000000000        2.5452857621106104        7.8982557000000000        1.3350100000000000E-002   13.721423789112919        14.020283325796122        13.264362041985095        15.113308181088343        14.177593233614168        13.685407003409424        13.587951502227607        13.676114825163253        14.095520219671030        13.685007816644617        13.589089921352681        13.644289131692858        13.777254823331404        14.281334597236977        14.452745704300234        13.852865991190605        13.474291172404911        13.179266704302428        13.437016029927438        13.677406228175091        13.869535023638662        31.818534975996286        18.181966232341118     
   5943.0036912188052       -3.6977449999999998        2.5803475460879870        7.8983239000000003        1.3349099999999999E-002   13.745922537681661        14.049370167118578        13.284249037225148        15.164741767482745        14.209716850670354        13.709076616967128        13.607612381103646        13.694940851706829        14.126012178970132        13.708615790945103        13.608642601295525        13.662864036870886        13.797170307456955        14.331670252297631        14.488864305424631        13.878805429422112        13.496890565872686        13.198113467986804        13.463070227236912        13.705773442610312        13.899103929896036        31.952773795730270        18.275833202239323     
   5913.3828850439377       -3.7064689999999998        2.6092263335808146        7.8983686000000004        1.3348400000000000E-002   13.764017018317627        14.070828715790643        13.298974875649133        15.202988427917727        14.233306870769983        13.726607883514362        13.622170451651701        13.708925804186318        14.148390864524224        13.726101249694043        13.623122791902279        13.676657336729779        13.811989761157260        14.369107150828974        14.515511595190489        13.897890645821224        13.513637915562914        13.212061813245132        13.482508430853752        13.727271524397974        13.922028735764549        32.071021251649583        18.345715939903702     
   5873.0405579874187       -3.7184279999999998        2.6438913786363210        7.8984354999999997        1.3347400000000001E-002   13.788550860169741        14.099886364178074        13.318996445946778        15.255180722535107        14.265098589866353        13.750446617651820        13.641963689718621        13.728002297403828        14.178532899723256        13.749877515104115        13.642813357628347        13.695465639087784        13.832238074660898        14.420203991571514        14.551592419545658        13.923665661667998        13.536423515384383        13.231017245742512        13.509133035570654        13.757171897853317        13.954606585915803        32.257521912277191        18.441171102697943     
   5840.1096336989858       -3.7282470000000001        2.6744019568723125        7.8984845999999997        1.3346600000000000E-002   13.808474086401040        14.123453102059974        13.335300807162524        15.297864357703316        14.290753046793318        13.769863740425498        13.658081766117879        13.743590030817805        14.202840719986140        13.769243595528790        13.658850527966484        13.710828335382443        13.848812537536679        14.461999639190109        14.580855193170718        13.944509795443329        13.554993355958166        13.246445192757632        13.530984696093535        13.782099092077347        13.982346098588733        32.431548049160916        18.519326665076910     
   5796.3553183575632       -3.7413789999999998        2.7110022091395112        7.8985533999999999        1.3345500000000000E-002   13.834973075118862        14.154783693126104        13.357003844928874        15.354508895905438        14.324827395420291        13.795700990985628        13.679545426549472        13.764382573989353        14.235147270822614        13.795023960400782        13.680208655671999        13.731324740770154        13.870903987156735        14.517479305777050        14.619685277949712        13.972282065589836        13.579712801453622        13.266983818997220        13.560082006269779        13.815571666800365        14.019269828747055        32.674525216398607        18.623024998358837     
   5767.0139242401347       -3.7502350000000000        2.7429085022706894        7.8985921000000001        1.3344900000000000E-002   13.853359796615521        14.176652426510149        13.371865655577103        15.391718742634112        14.349219041344455        13.813348164329199        13.694272002828143        13.778522959004441        14.258435427669149        13.812674165828572        13.694859255895906        13.745302475058494        13.885708239250352        14.553937787557118        14.646506193105004        13.992255665742242        13.596566762095719        13.281099248397545        13.579181597505784        13.836645322008501        14.038045465825959        32.767219208381704        18.690632206475001     
   5724.9539806196508       -3.7630159999999999        2.7811765749652513        7.8986586000000001        1.3343900000000001E-002   13.881105376546481        14.209903021517379        13.394202296591919        15.448852077263533        14.386523936189393        13.840350692346378        13.716450499754218        13.799243026454610        14.293849647591196        13.839497724201090        13.716920008771341        13.765838341242455        13.906907072530339        14.609786598155074        14.687549106321876        14.022633462105860        13.622133768266130        13.302299202839054        13.605798085656255        13.862791694896901        14.062401700806975        32.865404911351682        18.794115194427398     
   5693.1417870367204       -3.7727420000000000        2.8116153641691670        7.8987027000000003        1.3343200000000000E-002   13.902767433697086        14.235990149557963        13.411581205474345        15.494054848053388        14.415917890131006        13.861590380385294        13.733723403479075        13.815110303899139        14.321667080352164        13.860518966472302        13.734103456374527        13.781601610030258        13.922915446949133        14.653904266988889        14.719910693118493        14.046477954661743        13.642136500909782        13.318777220740206        13.625560442617314        13.880770906876595        14.079580866085287        32.928172087881421        18.875930822640420     
   5651.9980065287955       -3.7854000000000001        2.8481275851402863        7.8987632000000003        1.3342300000000000E-002   13.930733700892745        14.269687124071794        13.433988904889915        15.552640305492744        14.453933081696455        13.888972489254314        13.755971588819158        13.835600563629299        14.357647037493269        13.887626304381165        13.756247200991744        13.801957581749082        13.943644978170070        14.711075095394783        14.761782817035687        14.077285940238156        13.667907542014376        13.340008453489563        13.651255311467253        13.904647398372312        14.102253438254966        33.019640596829809        18.982091491971048     
   5618.1457268022905       -3.7958829999999999        2.8841050402733055        7.8988081000000001        1.3341600000000000E-002   13.953695418942178        14.297370595232245        13.452360909007091        15.600943196751174        14.485204851522688        13.911421295828564        13.774193272502501        13.852426959644390        14.387247330769952        13.909855604504425        13.774392467361629        13.818673617079437        13.960716465789488        14.758204447719436        14.796244019363989        14.102602019322447        13.689021242334064        13.357402900986507        13.672504784156580        13.924812594945315        14.121284075010568        33.103623605014704        19.069732618743039     
   5570.0744497104179       -3.8108780000000002        2.9272800648333361        7.8988779999999998        1.3340599999999999E-002   13.986238295679978        14.336628419557531        13.478361311996803        15.669698177425207        14.529612458792819        13.943186157719328        13.799950775622531        13.876281818394354        14.429286380602591        13.941318896986786        13.800056254333111        13.842372088585453        13.984993808842692        14.825278224354420        14.845205335677853        14.138513208930711        13.718875395939758        13.382000268073277        13.702859767879477        13.954268300354812        14.148907441913444        33.236369815631434        19.194640076140477     
   5542.7462907752833       -3.8194580000000000        2.9605311798023122        7.8989114999999996        1.3339999999999999E-002   14.004709799236842        14.358922758743503        13.493100257589070        15.708877058944154        14.554863253779487        13.961189090694209        13.814536067473490        13.889827145591173        14.453193151097551        13.959155707122740        13.814596012114500        13.855828567625913        13.998818545727982        14.863493502645831        14.873057951512816        14.158912776427503        13.735784329103438        13.395933803262686        13.720214650885431        13.971445968739559        14.164926569319377        33.318930218328660        19.265901122429902     
   5501.0424969770402       -3.8326370000000001        3.0004281210349109        7.8989712000000001        1.3339100000000000E-002   14.032848465283825        14.392902324344037        13.515524735342007        15.768780750303732        14.593394022092481        13.988576526197305        13.836704572453149        13.910465958592203        14.489676654109841        13.986297013024602        13.836705870658902        13.876332101223552        14.019938030353542        14.921915957615630        14.915577093225890        14.190012017167033        13.761491435214621        13.417118298001546        13.746827471116147        13.998257206033484        14.189809030788991        33.454756014736219        19.374972888515892     
   5471.5831065265274       -3.8420040000000002        3.0324427019037339        7.8990083999999996        1.3338600000000001E-002   14.054782891644535        14.419467212083806        13.532913552548038        15.816348309573186        14.623687441410702        14.010276033689152        13.854103275654467        13.925827535837215        14.518443977398988        14.007849890271238        13.854013680932340        13.891708569109898        14.035421707079056        14.968338414751049        14.948974423399974        14.214625044540448        13.781850139386101        13.433477353517418        13.763550718412851        14.011219900703722        14.205315333557998        33.495508697805100        19.462898577893036     
   5429.7395731241422       -3.8553959999999998        3.0708481982505180        7.8990646000000000        1.3337699999999999E-002   14.086004062090151        14.457369580644556        13.557592720820637        15.884459273855530        14.666997034183961        14.041172468896733        13.878791903205919        13.947653231823566        14.559559537089985        14.038539273473070        13.878577876501282        13.913531490014680        14.057489986344883        15.034814250019146        14.996725588915407        14.249737038037047        13.810834338869981        13.456686037753702        13.787500968563826        14.029425183622227        14.227146771243088        33.562161270363944        19.589057393048083     
   5402.3535174228900       -3.8642099999999999        3.1049267929418565        7.8990958999999998        1.3337200000000000E-002   14.106375187474216        14.482164038336562        13.573643738535436        15.929181859811740        14.695385931210543        14.061326089096054        13.894839302546986        13.961880069519912        14.586498030174846        14.058557378544462        13.894548669347563        13.927737239125820        14.071928594088684        15.078464134025806        15.028033471644010        14.272690828036625        13.829736401149132        13.471774610357498        13.803339249915256        14.041380114719056        14.241348912177459        33.613433163897163        19.672059306654894     
   5359.8791783823463       -3.8779759999999999        3.1458371231139792        7.8991521000000002        1.3336300000000001E-002   14.137915069541036        14.520642994099569        13.598423442117097        15.998809715948893        14.739525733208131        14.092521424698871        13.919598353367403        13.983897724603105        14.628366008738704        14.089542494290159        13.919196447278543        13.949692281323754        14.094356993458225        15.146424636821779        15.076718833975578        14.308292796125199        13.858990623557707        13.495061540520821        13.828202522834088        14.060029608450348        14.263288447651382        33.704907760854624        19.801492555572146     
   5331.6054103810802       -3.8872000000000000        3.1791465361222109        7.8991854000000004        1.3335800000000000E-002   14.158843154871651        14.546243528470423        13.614810930454613        16.045310335167823        14.768952980230171        14.113214974477067        13.935961800129267        13.998492327899296        14.656265749888878        14.110096103118597        13.935490911200855        13.964224885044306        14.109280878158035        15.191812738078280        15.109184576897331        14.331963022518924        13.878392017281332        13.510455307506934        13.844924540611334        14.072485387109769        14.277801551268748        33.773863072843113        19.888105863714973     
   5289.7482066474959       -3.9009450000000001        3.2191041027270786        7.8992398000000001        1.3335000000000000E-002   14.189761141102956        14.584156712409410        13.638947545381541        16.114403918129849        14.812616597079330        14.143778563238843        13.960047940962490        14.020041269840313        14.697645838221678        14.140452481236398        13.959482364778324        13.985652395983280        14.131398770374602        15.259255744768524        15.157364681724268        14.366996470472088        13.907042647322228        13.533120719644756        13.869965477044936        14.091021237018836        14.299189623462631        33.887773622545843        20.017016720890418     
   5261.2628564295292       -3.9103590000000001        3.2538183102037039        7.8992722999999998        1.3334500000000001E-002   14.210743773406721        14.609953291578924        13.655274534589774        16.161585697389782        14.842385168086091        14.164514809209416        13.976330284926151        14.034653099677017        14.725845101063237        14.161047711819256        13.975705360600175        14.000161212700734        14.146453781623590        15.305311636396278        15.190219610839181        14.390818026000241        13.926477036186197        13.548446477425019        13.887187316021970        14.103685907409966        14.313662366776255        33.973382522633223        20.105209525887375     
   5218.2153741633747       -3.9246829999999999        3.2954827225861845        7.8993267999999999        1.3333700000000000E-002   14.245152041427300        14.652433494175504        13.682243363984750        16.239336528423898        14.891528357623358        14.198702442310797        14.003544339507535        14.058213169422316        14.772438004402606        14.195092519177077        14.002752093355731        14.023859087435476        14.169780440179856        15.381110264904940        15.244473040469991        14.430303869740413        13.958528335056641        13.573738842471002        13.909179463589556        14.122351994694569        14.335628457781240        34.061619177225765        20.249331458560839     
   5190.0435254108752       -3.9341200000000001        3.3307698618821107        7.8993587999999999        1.3333200000000000E-002   14.268285383966521        14.681066577219077        13.700400910685161        16.291837956798460        14.924700193047482        14.221716646547343        14.021930484224654        14.073948130072871        14.803891661074523        14.218035987184791        14.020994736070548        14.039745535811193        14.185185176856734        15.432267827552121        15.281107318302922        14.456978037319288        13.980094571035906        13.590744275932984        13.922668616467895        14.134440107324075        14.349943095011966        34.110302443369704        20.346435340198532     
   5146.8320890613313       -3.9486960000000000        3.3730957469211171        7.8994115999999996        1.3332399999999999E-002   14.303746747869475        14.725041734753511        13.728190983033983        16.372663649755886        14.975703394165258        14.256975832231447        14.050059720297163        14.098033774025552        14.852240028348593        14.253198391759355        14.048876451925697        14.064044074713877        14.208842180785375        15.511016801206335        15.337452206173403        14.497948722751310        14.013113264023772        13.616735905785909        13.943501332872394        14.152987067478936        14.371740425534274        34.188739754971500        20.496040079053337     
   5119.9415142207899       -3.9578280000000001        3.4089268273413471        7.8994410999999998        1.3331900000000001E-002   14.325797979387890        14.752438958320507        13.745444332753955        16.423141705800340        15.007514980378520        14.278889144020713        14.067516987085529        14.112989164170440        14.882387541990809        14.275058657611449        14.066162955583103        14.079119956552606        14.223578736072863        15.560192915074168        15.372607031312683        14.523476235668092        14.033620372531484        13.632850986760225        13.956549510401427        14.164528551399524        14.385203423247123        34.239868884063625        20.589548527768660     
   5076.7526010766087       -3.9725920000000001        3.4519217997015184        7.8994916999999996        1.3331100000000000E-002   14.361187311353111        14.796491031904880        13.773089360744931        16.504499491681344        15.058721982798735        14.314037872849804        14.095478244620923        14.136954628270290        14.930902836236241        14.310133708477204        14.093823077204535        14.103259836496479        14.247269161300261        15.639444445299477        15.429213871040604        14.564525571081953        14.066491443103418        13.658637140962535        13.977640060147641        14.183064943076454        14.406664321569524        34.325676113172705        20.740376260507162     
   5048.0192224781131       -3.9824820000000001        3.4879990213254186        7.8995214999999996        1.3330699999999999E-002   14.384691688099110        14.825811154575053        13.791415163701647        16.558802095857473        15.092846977417821        14.337368903570553        14.114006570453256        14.152840447469863        14.963223921538614        14.333423601668940        14.112132724782477        14.119248538811810        14.263024548678828        15.692335212759581        15.466952334349131        14.591847946091374        14.088294065520387        13.675705301773267        13.991741591200611        14.195374837860669        14.420809040577133        34.385282275431052        20.841148401200925     
   5004.4228684820255       -3.9975990000000001        3.5312754207108119        7.8995699999999998        1.3329900000000000E-002   14.420357957194121        14.870381248154217        13.819184083741106        16.641522882056588        15.144775101069506        14.372752267193754        14.142071000079945        14.176918825861392        15.012395183133641        14.368756569458768        14.139837381845481        14.143463112890963        14.286984658245466        15.772897953887338        15.524394625160639        14.633387122176600        14.121338459291124        13.701534030625609        14.013308911629348        14.214083868896445        14.442133704582403        34.479595801399938        20.994749974974560     
   4976.7978417789363       -4.0072440000000000        3.5688590240704707        7.8995977000000002        1.3329499999999999E-002   14.445011047792091        14.901321466828898        13.838483624015675        16.698096533340227        15.180932030238827        14.397871678367233        14.161681265670227        14.193192744037377        15.046679787949531        14.393730087455227        14.159357107447002        14.160074758037583        14.302383075946645        15.828141896399957        15.564216926907912        14.662511075155232        14.144722151555628        13.719616646848403        14.025638124958315        14.226127898958955        14.455627237818218        34.543233850672998        21.096884343205367     
   4932.3740023540895       -4.0228679999999999        3.6139364972583663        7.8996455000000001        1.3328800000000000E-002   14.485284411864352        14.951957216609618        13.870027030019248        16.790529208481662        15.240201268938424        14.439107028853048        14.193741103905591        14.219677153951491        15.102894856619866        14.434686761077202        14.191343717869085        14.187178232408176        14.327256688370827        15.918442498257818        15.629436039600488        14.710265910170854        14.183072057781917        13.749214971909435        14.045078148845892        14.245522912687623        14.477181462560633        34.648767683763083        21.262867413304694     
   4906.1971968253902       -4.0321379999999998        3.6518006187191911        7.8996715000000002        1.3328400000000001E-002   14.509001712499575        14.981820459546089        13.888588456656137        16.845122015517191        15.275203367557882        14.463398143591455        14.212592787996584        14.235269391374313        15.136092614307415        14.458809001688664        14.210168637180509        14.203132904640334        14.341932555249613        15.971774311075805        15.667948799322652        14.738436250109530        14.205651181697029        13.766632679863669        14.056547514786551        14.256920808462340        14.489771555888211        34.712501617190853        21.360888136663483     
   4862.4931217274470       -4.0477270000000001        3.6972513826394624        7.8997178999999997        1.3327700000000000E-002   14.548585528646340        15.031731039359657        13.919544854761982        16.936483731093560        15.333778409941422        14.503951762528716        14.244010817121142        14.261287562281042        15.191647649375620        14.499072986824453        14.241569036956774        14.229752477939057        14.366474479969378        16.061023176078415        15.732392473247879        14.785528352867667        14.243327124476346        13.795683572530139        14.075728803491971        14.275909185239835        14.510618511369453        34.821450307266879        21.524893929483568     
   4836.6203630616374       -4.0570230000000000        3.7354347644147547        7.8997437000000001        1.3327300000000000E-002   14.572005279764806        15.061303057283165        13.937845759208781        16.990692670912320        15.368529975463108        14.527952442525560        14.262571354566440        14.276676536320338        15.224606843000227        14.522897668876784        14.260135090177162        14.245495225251258        14.381021424670532        16.113976779674548        15.770622802731989        14.813436396184557        14.265612791240851        13.812858791473193        14.087097673549788        14.287120145086242        14.522851814812419        34.887452602410065        21.622193532893579     
   4793.3594765834014       -4.0726730000000000        3.7812622002685004        7.8997887999999996        1.3326599999999999E-002   14.611150835110246        15.110799914970967        13.968413356198992        17.081544289252129        15.426770416044773        14.568080861360054        14.293550599718886        14.302393927893840        15.279842946577924        14.562724298196303        14.291150036630805        14.271800548706063        14.405383504873948        16.202722018574477        15.834687170172211        14.860158718425639        14.302854615123861        13.841548143014856        14.106138732905636        14.305825033817888        14.543137021092532        35.000301358908303        21.785231615657892     
   4768.2607877441178       -4.0818190000000003        3.8203883540962398        7.8998134000000002        1.3326200000000000E-002   14.633849997497087        15.139541606438499        13.986124949790387        17.134372140235307        15.460632720789228        14.591356746903436        14.311488024187462        14.317302532647574        15.311957907291109        14.585820777244514        14.309123372952449        14.287048123199259        14.419536204967901        16.254323493988355        15.871932674327908        14.887295041828033        14.324444888033149        13.858172303419192        14.117199962325806        14.316649599996417        14.554804233943280        35.067207486780156        21.880021374599686     
   4724.3384199220218       -4.0979369999999999        3.8673297941280054        7.8998575999999998        1.3325500000000001E-002   14.676117114613458        15.192643321451204        14.019526371067119        17.231917251214700        15.523273195343659        14.634929787093174        14.345684220274208        14.345318053966274        15.371527333349956        14.629066527804010        14.343152280953973        14.315765515382502        14.445350126356228        16.349606597951823        15.940702925102084        14.937862293098995        14.364998318349556        13.889637385599944        14.137125770784206        14.336217373821167        14.575951371097634        35.206382402292618        22.054632316316077     
   4697.8376050478773       -4.1077370000000002        3.9071543936270299        7.8998827000000000        1.3325099999999999E-002   14.702711061848353        15.225877256291680        14.040719148129318        17.293001979940435        15.562514023438018        14.662435782396569        14.367532331709102        14.363072704245402        15.408909754461979        14.656369578824579        14.364784671159958        14.333980699795235        14.461393665472981        16.409276988547219        15.983740589948779        14.969686354037909        14.390657684467930        13.909641171095886        14.149397293942831        14.348281352243680        14.589022078188597        35.300969133254831        22.163905193315621     
   4654.7568530138869       -4.1237810000000001        3.9549480545061177        7.8999242000000001        1.3324500000000000E-002   14.745931131200706        15.279910258293416        14.075162991301408        17.392513988938116        15.626368699110895        14.707138450115341        14.403037596636413        14.391976950267864        15.469739538788172        14.700738444566209        14.399920262562635        14.363610791424900        14.487535219617403        16.506486001739571        16.053790104089817        15.021434898796823        14.432358522154299        13.942140731037533        14.169372595453492        14.367842997438753        14.610163268903865        35.458636340807772        22.342111832571209     
   4625.7270201548818       -4.1346749999999997        3.9977674223098165        7.8999518000000002        1.3324100000000000E-002   14.775051371385075        15.316329869718903        14.098372271521793        17.459722295132767        15.669446241813713        14.737257655545786        14.426959330773077        14.411488066644434        15.510776078869664        14.730629989824504        14.423579637882494        14.383595045310368        14.505198022019243        16.572139752413214        16.101057849405070        15.056320331337737        14.460455035241122        13.964031878478114        14.182856231279114        14.380994562843608        14.624339350782162        35.567614139942734        22.462599607040350     
   4580.9652780090009       -4.1516130000000002        4.0491507579515797        7.8999936000000002        1.3323400000000001E-002   14.819961687844719        15.372515950760233        14.134172886011770        17.563607733502856        15.735960886313416        14.783708168933734        14.463854082897365        14.441641133168472        15.574139389969227        14.776725147601885        14.460048938084929        14.414452429600908        14.532522162147300        16.673623920939434        16.174058475859752        15.110149015218818        14.503786838996801        13.997787427669403        14.203698465980741        14.401240617087547        14.646102277043264        35.739978368921861        22.649034922136757     
   4550.8235830577114       -4.1631080000000003        4.0946969655756860        7.9000215000000003        1.3323000000000000E-002   14.850188799763798        15.410350084132793        14.158268816464298        17.633715807982803        15.780792809231039        14.814972343024609        14.488683771744627        14.461971508377557        15.616846348439237        14.807747069253979        14.484577837998165        14.435239836078351        14.550961942066225        16.742112109322690        16.223275022996589        15.146401323602097        14.532951019542450        14.020497630651699        14.217747555744117        14.414830753557373        14.660670928510156        35.858981284015790        22.775001769655724     
   4502.8139200297110       -4.1815740000000003        4.1474003859420643        7.9000643000000004        1.3322300000000000E-002   14.898339715978533        15.470641040554010        14.196659133967898        17.745669739257263        15.852300997950497        14.864774920589273        14.528237753991231        14.494426284536392        15.684964988550927        14.857158849462440        14.523628967669918        14.468393861312464        14.580429339835106        16.851480980305958        16.301795573587810        15.204182021615996        14.579408855010875        14.056666417647307        14.240178312500742        14.436434860510207        14.683762260342647        36.053443651474382        22.976380037758307     
   4463.7719624266938       -4.1967369999999997        4.1913459119677627        7.9000982999999998        1.3321800000000000E-002   14.941159629050293        15.524536006211864        14.231034602174649        17.847958219321296        15.916798341309192        14.909470694401058        14.563935623648415        14.522781836594287        15.746310776660028        14.901507082380377        14.559091669147914        14.497835061808690        14.605721147743527        16.951265044495475        16.372727639528105        15.256182150928350        14.621007936716982        14.089453774086820        14.259661872597459        14.455246159860511        14.703468025814797        36.257714955152409        23.151085473510012     
   4423.4181949376480       -4.2125469999999998        4.2386985130233610        7.9001332000000000        1.3321299999999999E-002   14.985702917701952        15.580633648028334        14.266824308134170        17.954952530642302        15.984056408178153        14.955975866837479        14.601122624629953        14.552266623279012        15.810260368424872        14.947650842961012        14.596054622356140        14.528484651252244        14.632018667186495        17.055611371202708        16.446729555985812        15.310332705956180        14.664282185393828        14.123639882070629        14.279927567843723        14.474773937998600        14.723851016774505        36.478650967986439        23.333111118761494     
   4383.5200768889654       -4.2283220000000004        4.2870462568984564        7.9001672999999997        1.3320800000000001E-002   15.029736054829790        15.636102744002024        14.302218760978874        18.061133134152058        16.050649008137626        15.001928238849381        14.637898642835790        14.581443598134946        15.873561626126083        14.993245868418875        14.632613347717630        14.558813221728393        14.658076883044043        17.159145566240486        16.520026522155085        15.363876743466218        14.707040180282462        14.157469278890517        14.299997881084607        14.494065838525319        14.743939723758832        36.703628301145677        23.513708962100964     
   4344.6220298065264       -4.2438390000000004        4.3353805980030504        7.9002002999999998        1.3320300000000000E-002   15.072659760455748        15.690187312878697        14.336735680008539        18.165030941885760        16.115663528905962        15.046703458943993        14.673762547202420        14.609914414540993        15.935347948043871        15.037672683743255        14.668269464216960        14.588406720128114        14.683538238269206        17.260436198371991        16.591612466684460        15.416084550761221        14.748701155644232        14.190479932503555        14.319598309841899        14.512860643739193        14.763464714682206        36.929222288669870        23.690381747450019     
   4306.3467838562401       -4.2592429999999997        4.3839271149748180        7.9002324000000002        1.3319800000000000E-002   15.114890041727444        15.743410913611067        14.370708565483069        18.267629690589573        16.179724266489174        15.090736706368263        14.709060893668090        14.637952963314911        15.996213513748005        15.081363090891999        14.703367273370661        14.617549926155094        14.708645526059245        17.360443398326403        16.662173278913613        15.467461477244919        14.789670078955071        14.222989517759553        14.338916238536894        14.531340820302264        14.782618427972077        37.157232409914670        23.864805418167677     
   4268.3104525101262       -4.2746839999999997        4.4328382436332339        7.9002637000000000        1.3319299999999999E-002   15.156849884395777        15.796306443942045        14.404477068949911        18.369945636656738        16.243470078422156        15.134469683030035        14.744146616521322        14.665838875451799        16.056765750763901        15.124755355287620        14.738257575910589        14.646533546743678        14.733647998370623        17.460158303552021        16.732411911999606        15.518521890548401        14.830357910909933        14.255322369857732        14.358143590185092        14.549691396001856        14.801594148627965        37.389742933713634        24.038709656510960     
   4230.5126694078444       -4.2901680000000004        4.4821542725799350        7.9002941000000000        1.3318800000000000E-002   15.200776063414262        15.852622142131244        14.439608377685980        18.477293722941944        16.311864101681444        15.181462874974935        14.780828044493232        14.694710419905883        16.121477837546358        15.171332486535222        14.774685790290699        14.676620671479485        14.758804828573235        17.565315440692160        16.807532633943886        15.573239368065375        14.873694519932515        14.288943840874014        14.378005600662378        14.568582784729434        14.821093455843444        37.654623735953784        24.213965911312329     
   4192.8178923657779       -4.3057439999999998        4.5319349830266527        7.9003239000000001        1.3318399999999999E-002   15.246668303901853        15.912335959173209        14.476089465833713        18.589575895181571        16.384853472530331        15.231696096377814        14.819089192582947        14.724553300108031        16.190298779376647        15.221072789842186        14.812633578344435        14.707792751451692        14.784096829106641        17.675812919267134        16.887475584376947        15.631578648225840        14.919660010800452        14.323833901873652        14.398481468497916        14.588025361231406        14.841149343806102        37.952665034780750        24.390556420936822     
   4155.2197833249866       -4.3214220000000001        4.5821453941131018        7.9003531000000002        1.3317900000000001E-002   15.292470021806180        15.971985309538434        14.512482353721728        18.701812798980782        16.457837865767651        15.281889020813503        14.857268352997108        14.754328414917010        16.259082409619801        15.270766983449478        14.850496403557242        14.738893644741006        14.809293213736359        17.786287624796017        16.967409943697078        15.689867692576259        14.965556429361554        14.358646898318829        14.418917513751301        14.607427294223340        14.861148749876994        38.258196488663238        24.566619766744878     
   4117.8640080761652       -4.3371389999999996        4.6327501154592081        7.9003814999999999        1.3317499999999999E-002   15.337971335837709        16.031305854442067        14.548613898447288        18.813534343343434        16.530500040732825        15.331813941793561        14.895185319471254        14.783888206906797        16.327528343228835        15.320189392719696        14.888095327382134        14.769770655392813        14.834264694757559        17.896276048310767        17.046991353733716        15.747847294052550        15.011173242118835        14.393215708037170        14.439202307429690        14.626681218094626        14.880982189174743        38.569891002119064        24.741442890966823     
   4080.6467428537453       -4.3529369999999998        4.6837709430015693        7.9004095999999997        1.3317100000000000E-002   15.383314691957736        16.090477510213034        14.584600833456353        18.925063440346872        16.603055537447808        15.381624705792309        14.932961646527264        14.813331048319039        16.395841073739383        15.369492577778178        14.925551069687540        14.800525826730507        14.859097437982072        18.006096031982626        17.126454323189588        15.805693497925510        15.056652916985627        14.427652616987988        14.459408411394275        14.645856924556771        14.900721319311224        38.888502423995192        24.915528473979951     
   4044.1569331063297       -4.3685710000000002        4.7351528910004985        7.9004367000000002        1.3316600000000000E-002   15.427799525909800        16.148578828619456        14.619891385284548        19.034645075358164        16.674367983309878        15.430547976604439        14.970016872967877        14.842208614383674        16.462952821925754        15.417911479114364        14.962288362418926        14.830690060861714        14.883417430203158        18.114018987258596        17.204552707134262        15.862505466727429        15.101291994938007        14.461430132945937        14.479233524832788        14.664668532233003        14.920071816273529        39.208727912155091        25.086142556320077     
   4008.0764807720484       -4.3841640000000002        4.7870720975307979        7.9004631999999999        1.3316200000000000E-002   15.490968324530010        16.239146677529050        14.662440322356305        19.099407057715105        16.772251464030710        15.512345237924608        15.023462745581801        14.847840571869634        16.562993584851476        15.499409849770787        15.014122629330531        14.844959912864391        14.865071239890460        18.183211403992168        17.300805809927652        15.956983935790669        15.175155569104371        14.497798370612829        14.482989223819095        14.680753151737155        14.935470140957621        38.584613075041602        25.073127089038145     
