  #       Teff 			 log(L/Lsun) 		 tcool(gyr) 			logg(CGS)		  R/R_sun		       G3      			Bp3    			Rp3     		    u      			g      			 r      		 i       		z     				g		       r       			i      			 z       			y  
   79908.871967926971       0.88980999999999999        4.3636382066836177E-004   7.9358385000000000        1.4522800000000001E-002   8.4480969452315033        8.2543741556024113        8.8205175248445595        7.6386938368152411        8.1796443496798386        8.7468038480186774        9.1485175248445625        9.5112335404349384        8.2563877036798399        8.7530672680573911        9.1605175248445629        9.4585037345123677        9.6772244276317299        6.8966938368152402        8.1766558012475397        8.5220878324282960        8.6668015092541832        8.8685151860800691        9.3199404432221069        9.4586564588124897        9.5793610228351671        6.1585937896693093        6.8086119184310494     
   79322.610799373506       0.87472200000000000        4.4988885249296116E-004   7.9381316999999996        1.4484500000000001E-002   8.4610413601386423        8.2674410747460794        8.8330554777308894        7.6519493964263301        8.1927904986515774        8.7595229312583900        9.1610554777308923        9.5236047877707026        8.2695430254515774        8.7658213798111380        9.1730554777308928        9.4709542116762027        9.6895370488506405        6.9099493964263292        8.1898750011389527        8.5349736212185778        8.6795061676910787        8.8810387141635783        9.3320863588904519        9.4706356689302655        9.5911004764827030        6.1741095806433979        6.8227924023146453     
   78638.460001577972       0.85704700000000000        4.6604938042645472E-004   7.9407613000000001        1.4440700000000001E-002   8.4760271478197691        8.2825686729632562        8.8475678978770755        7.6672980629626277        8.2080134110753402        8.7742455770204035        9.1755678978770749        9.5379224810775494        8.2847764562753365        8.7805864234764410        9.1875678978770754        9.4853672191896283        9.7037863270777063        6.9252980629626268        8.2051818274189809        8.5498909938199272        8.6942133146766007        8.8955356355332729        9.3461409102781783        9.4844954934786525        9.6046816603354817        6.1920943224440759        6.8392196537039052     
   77846.125131274632       0.83641799999999999        4.8554849518211540E-004   7.9437955000000002        1.4390300000000000E-002   8.4933499505913979        8.3000539665491679        8.8643441791992679        7.6850396064966553        8.2256127135548631        8.7912635826439072        9.1923441791992637        9.5544731987386449        8.3023878955548618        8.7976553651467562        9.2043441791992642        9.5020319457443456        9.7202578112517735        6.9430396064966580        8.2228765240257609        8.5671345631045241        8.7112151596598828        8.9122957562152401        9.3623868307911593        9.5005158503305402        9.6203810593990262        6.2128854724527329        6.8582086832706395     
   77015.829969272178       0.81464400000000003        5.0662995591443407E-004   7.9469425999999999        1.4338300000000000E-002   8.5113992101208424        8.3182716066481852        8.8818224989781385        7.7035264226604738        8.2439540044119362        8.8089933125085516        9.2098224989781379        9.5717150183689164        8.3207417748119390        8.8154406261904263        9.2218224989781383        9.5193974161326729        9.7374166013658474        6.9615264226604729        8.2413157543362026        8.5851007931177712        8.7289299795873561        8.9297591660569431        9.3793091207566270        9.5172016401474089        9.6367324096139235        6.2345647292227042        6.8780011164308341     
   76248.622119199339       0.79433799999999999        5.2701002145704476E-004   7.9498571000000000        1.4290300000000001E-002   8.5280853693789993        8.3351114585415402        8.8979830196760687        7.7206148676938611        8.2609118217449478        8.8253842466266832        9.2259830196760646        9.5876570347118246        8.3377112501449488        8.8318847140283872        9.2379830196760651        9.5354573979152342        9.7532818969237454        6.9786148676938602        8.2583622015194038        8.6017102315909213        8.7453090046403048        8.9459077776896905        9.3949559119595065        9.5326299269952663        9.6518535622565693        6.2545991550017348        6.8962940290895176     
   75659.592871478977       0.77867399999999998        5.4282303539264379E-004   7.9520492999999997        1.4254200000000000E-002   8.5407946400332513        8.3479377744829968        8.9102894992192496        7.7336329513344033        8.2738311582606201        8.8378666743818428        9.2382894992192455        9.5997955742806909        8.3506393554606184        8.8444092676706560        9.2502894992192459        9.5476889580583197        9.7653615335678374        6.9916329513344024        8.2713484491975109        8.6143605993203991        8.7577834241578039        8.9582062489952072        9.4068676086292839        9.5443736836907256        9.6633624678152792        6.2698778563837116        6.9102362613640764     
   74974.572824464136       0.76032699999999998        5.6197539841008393E-004   7.9545944999999998        1.4212499999999999E-002   8.5555430865061481        8.3628210667547052        8.9245707706698276        7.7487393476249196        8.2888252285629171        8.8523512936359374        9.2525707706698235        9.6138815205171646        8.3656436065629158        8.8589441855400430        9.2645707706698239        9.5618856823253786        9.7793789777996132        7.0067393476249187        8.2864190440939147        8.6290405437885944        8.7722600208224861        8.9724794978563800        9.4206897276469519        9.5580004774942928        9.6767174118106283        6.2876107912364034        6.9264161699192250     
   74180.029209056578       0.73889800000000005        5.8499489239949298E-004   7.9575158000000004        1.4164800000000000E-002   8.5725637138165709        8.3799965474959919        8.9410509579416804        7.7661742198123669        8.3061326730117173        8.8690657887001940        9.2690509579416798        9.6301350299043982        8.3829627362117201        8.8757188198580579        9.2810509579416802        9.5782711554201221        9.7955530328252998        7.0241742198123696        8.3038135728120430        8.6459817167374773        8.7889668859789616        8.9889520552204480        9.4366371047880193        9.5737211767507340        9.6921243489131292        6.3080895321395083        6.9450948861991080     
   73342.042424854182       0.71607699999999996        6.1012493229048914E-004   7.9606024000000000        1.4114600000000000E-002   8.5905146491587470        8.3981087540935189        8.9584339750363977        7.7845598891235799        8.3243880899690605        8.8866938757286871        9.2864339750364007        9.6472789973638537        8.4012304995690581        8.8934123388664563        9.2984339750364011        9.5955583332393939        9.8126132016063377        7.0425598891235790        8.3221588087463214        8.6638488534012321        8.8065889527089443        9.0063290520166550        9.4534582239337990        9.5903032462612554        9.7083775498114502        6.3296813121061373        6.9647903154635582     
   72678.842162450004       0.69788700000000004        6.3068734144849264E-004   7.9630098000000000        1.4075499999999999E-002   8.6046385288126306        8.4123590456171993        8.9721094722892918        7.7990273127522176        8.3387545891105948        8.9005621048776096        9.3001094722892876        9.6607651641380219        8.4156066283105933        8.9073338570243106        9.3121094722892881        9.6091607076314194        9.8260330483542706        7.0570273127522203        8.3365950293314075        8.6779064130288770        8.8204537804405536        9.0200011478522359        9.4666887402030060        9.6033444320517400        9.7211596836796605        6.3466842419927776        6.9802933721293581     
   71910.614506746962       0.67664800000000003        6.5529366936812044E-004   7.9657898999999999        1.4030500000000000E-002   8.6209674181548284        8.4288328311281457        8.9879204720348849        7.8157527873254491        8.3553661576774640        8.9165948235575296        9.3159204720348878        9.6763568159869120        8.4322293172774661        8.9234299070321885        9.3279204720348883        9.6248901425362323        9.8415478774375860        7.0737527873254482        8.3532857917014542        8.6941584796055036        8.8364841280828639        9.0358097765602192        9.4819842213896077        9.6184205653416353        9.7359372752696682        6.3663438240984629        6.9982170207893173     
   71112.508715063886       0.65439800000000004        6.8165969084373046E-004   7.9686538000000002        1.3984300000000000E-002   8.6378620753042448        8.4458763939929611        9.0042786261730647        7.8330583145069355        8.3725564057864936        8.9331816939902708        9.3322786261730641        9.6924869939875826        8.4494310209864913        8.9400843922870372        9.3442786261730646        9.6411670057811172        9.8575982448590871        7.0910583145069346        8.3705565905467161        8.7109733261757505        8.8530702583585459        9.0521671905413363        9.4978066126736103        9.6340149804881285        9.7512231635424236        6.3866947105816365        7.0167658905945594     
   70335.244257802682       0.63252600000000003        7.0855526957024041E-004   7.9714324999999997        1.3939699999999999E-002   8.6542689032592790        8.4624265635715865        9.0201645950758795        7.8498638158684670        8.3892529063922971        8.9492887309624010        9.3481645950758754        9.7081508983532174        8.4661386363922944        8.9562590373727566        9.3601645950758758        9.6569772411739230        9.8731844227789978        7.1078638158684662        8.3873298211303791        8.7273024276850606        8.8691782917985371        9.0680541559120122        9.5131707260563374        9.6491570293336828        9.7660664178729348        6.4064628615907679        7.0347806742198493     
   69617.271814374122       0.61218099999999998        7.3422243810119885E-004   7.9739532000000004        1.3899300000000000E-002   8.6698900180590002        8.4782132109146886        9.0352290135541331        7.8658529529081775        8.4051895568896171        8.9645944667661865        9.3632290135541325        9.7230482807170091        8.4820088240524925        8.9715561939476238        9.3751907407355688        9.6719098082362471        9.8880060203606419        7.1238872381889387        8.4033702897267375        8.7427751996033116        8.8844520067476225        9.0830522682548107        9.5277870147049555        9.6636022943300262        9.7802488037313822        6.4250379617712738        7.0518134962436569     
   68790.901359660013       0.58854600000000001        7.6499059073472612E-004   7.9768460000000001        1.3853100000000000E-002   8.6884172751210400        8.4969652367131410        9.0530400401567697        7.8848022444932120        8.4241256386291781        8.9827201098008693        9.3810400401567655        9.7407056044286975        8.5007912029011088        8.9895991999368370        9.3929191302927322        9.6895032767526317        9.9055734963766966        7.1429119561692787        8.4224600743572431        8.7610545455289390        8.9025065839368374        9.1007168026166667        9.5451181507845924        9.6807725168685614        9.7971260417883563        6.4468086122983053        7.0718878429656229     
   67849.710662581812       0.56133900000000003        8.0156458267367726E-004   7.9801184000000003        1.3801000000000001E-002   8.7094567680649426        8.5182609076661713        9.0732658279842759        7.9063207269443936        8.4456285396106487        9.0033020969962365        9.4012658279842718        9.7607562437167878        8.5221189553431707        9.0100870680624929        9.4130507990505308        9.7094787888600429        9.9255241143060537        7.1645186554011389        8.4441381238781368        8.7818116812637221        8.9230075416624963        9.1207733441937862        9.5647995011048259        9.7002728163603464        9.8162878487793712        6.4715342522563475        7.0946834385707724     
   67115.835356693788       0.53995199999999999        8.3110816359726410E-004   7.9826157000000002        1.3761300000000001E-002   8.7257330834785307        8.5347374072715212        9.0889086680261926        7.9229703983378776        8.4622647586735482        9.0192214639568746        9.4169086680261884        9.7762622978975315        8.5386183885448830        9.0259330474925470        9.4286202515618598        9.7249243999065627        9.9409538257598342        7.1812387591288456        8.4609111288022092        8.7978678340855367        8.9388635102925456        9.1362823535708912        9.5800190391668423        9.7153526133648178        9.8310999844542231        6.4906814392095384        7.1123264889852322     
   66360.247940292727       0.51775499999999997        8.6241326401574267E-004   7.9851432999999998        1.3721400000000000E-002   8.7423512881671392        8.5515620673850528        9.1048756010316332        7.9399727568847354        8.4792522208787631        9.0354719853372849        9.4328756010316326        9.7920882238196931        8.5554648436668224        9.0421080101313152        9.4445116258256618        9.7406864516954919        9.9567026187319492        7.1983151022089338        8.4780395980907066        8.8142593625492260        8.9550485833313154        9.1521098537014645        9.5955512663140361        9.7307422592203245        9.8462107645599879        6.5102521931390207        7.1303493767318642     
   65554.574073300944       0.49385600000000002        8.9723938560194933E-004   7.9878204999999998        1.3679100000000000E-002   8.7600455872666618        8.5694766510446758        9.1218768927066041        7.9580755260487148        8.4973386754560440        9.0527741563033164        9.4498768927066070        9.8089390895212656        8.5734008722707049        9.0593296137106467        9.4614323501139364        9.7574674861546260        9.9734728897025651        7.2164984114153530        8.4962764786413825        8.8317119594886524        8.9722808957106448        9.1689607467472971        9.6120905439245536        9.7471310835131870        9.8622987915945668        6.5310892324702490        7.1495373087981502     
   64710.983435821072       0.46856399999999998        9.3505991599209892E-004   7.9906151999999997        1.3635200000000000E-002   8.7785243145184477        8.5881860978876983        9.1396317274656251        7.9769803534020145        8.5162262165455953        9.0708422670363564        9.4676317274656245        9.8265363849527869        8.5921308740327600        9.0773133653799416        9.4791028258092052        9.7749897986414336        9.9909876287513111        7.2354894005133712        8.5153215590584335        8.8499376095491922        8.9902758261799374        9.1865562394978486        9.6293633845820548        9.7642481875241582        9.8790972115886095        6.5528517886118234        7.1695748424819836     
   63897.666749490600       0.44392300000000001        9.7323679199564598E-004   7.9932832999999999        1.3593400000000000E-002   8.7962707585575757        8.6061551921327322        9.1566816632154229        7.9951366211245798        8.5343651869995298        9.0881927251323233        9.4846816632154223        9.8434343297653193        8.6101178535494292        9.0945824918072731        9.4960714298903710        9.7918136246569674        10.007807701423573        7.2537304594329335        8.5336125204496298        8.8674400585824245        9.0075556250072708        9.2034507247820159        9.6459501346484160        9.7806864061816192        9.8952245293148096        6.5737589069514542        7.1888201449086893     
   62967.144658367106       0.41538900000000001        1.0189846605353522E-003   7.9963332999999999        1.3545700000000001E-002   8.8165698423348147        8.6267090325373061        9.1761859571790723        8.0159025380880671        8.5551112517539067        9.1080387478640006        9.5041859571790752        9.8627647193107464        8.6306900138855767        9.1143354623298336        9.5154826716449108        9.8110570819248579        10.027051118828311        7.2745955086739578        8.5545324896222326        8.8874599857323275        9.0273207955298354        9.2227750342590191        9.6649265954258219        9.7994950426092231        9.9136731967691141        6.5976658110285982        7.2108278326629005     
   62135.672055612828       0.38957799999999998        1.0615712367000470E-003   7.9990531999999996        1.3503400000000000E-002   8.8346702091175136        8.6450370819008260        9.1935779739892833        8.0344182946624212        8.5736091386679849        9.1257342579453198        9.5215779739892827        9.8800013212004050        8.6490324858791059        9.1319478251508794        9.5327915411948450        9.8282140795842476        10.044211910027689        7.2932017490785821        8.5731857914568597        8.9053109107341957        9.0449440379508790        9.2400042995786880        9.6818488244443746        9.8162691932772166        9.9301218444560195        6.6189826752026146        7.2304494593411217     
   61398.816510143486       0.36645800000000001        1.1009952587742191E-003   8.0014488999999998        1.3466199999999999E-002   8.8506592634456673        8.6612330121945291        9.2089463656067032        8.0507901848414853        8.5899532488925026        9.1413694522026425        9.5369463656066991        9.8952327352068288        8.6652388077945304        9.1475093338536588        9.5480854365596173        9.8433718061597411        10.059382586661645        7.3096503031904696        8.5896676899904740        8.9210789083987088        9.0605093338536555        9.2552261289087276        9.6968138228146898        9.8310993817167152        9.9446796586264874        6.6378711446559819        7.2478252354291861     
   60553.465075570770       0.33963900000000002        1.1481696556151064E-003   8.0041823999999995        1.3423900000000001E-002   8.8689420631732219        8.6797583681256185        9.2265229038163028        8.0695254102029459        8.6086476751105039        9.1592513289860733        9.5545229038163022        9.9126512523563513        8.6837750977256185        9.1653066754936319        9.5655773243989266        9.8607056729389733        10.076738206214042        7.3284700636953879        8.6085202524953885        8.9391081026958936        9.0783066754936321        9.2726335968314189        9.7139377049367113        9.8480651275518269        9.9613506542072585        6.6595213640384472        7.2677329035722131     
   59691.019975521463       0.31193500000000002        1.1986962026833794E-003   8.0069655999999991        1.3380899999999999E-002   8.8881337249297658        8.6992895287594436        9.2450241311251773        8.0896158165487364        8.6282895287594457        9.1780641359349673        9.5730241311251767        9.9309919193052885        8.7032538733695475        9.1840040617150791        9.5840859271300687        9.8789919193052853        10.095109440110186        7.3485540205438404        8.6285088503790277        8.9579466151300693        9.0970040617150794        9.2909640569052883        9.7321651649101852        9.8661346748753012        9.9793044769101868        6.6823660674472620        7.2889587301781091     
   58928.040501033611       0.28714600000000001        1.2455327942388409E-003   8.0094103000000008        1.3343300000000001E-002   8.9059365106487736        8.7175339751797782        9.2622590790812236        8.1089083635834651        8.6465339751797767        9.1955749392808119        9.5902590790812230        9.9480903983498106        8.7213491545116053        9.2013686173493969        9.6014734709810146        9.8960903983498074        10.112380072649602        7.3676939716836696        8.6473539015789473        8.9752852649810162        9.1143686173493936        9.3080527571498113        9.7494553550495997        9.8832947442865677        9.9966435610496038        6.7037431454438110        7.3091570737822256     
   58065.076158735152       0.25878400000000001        1.3008299043995636E-003   8.0121429000000006        1.3301400000000000E-002   8.9260029733134427        8.7380965595488345        9.2816790957710591        8.1306675559347124        8.6670965595488330        9.2153073505075671        9.6096790957710621        9.9673594790721776        8.7417393499112119        9.2209391622086851        9.6210660805393129        9.9153594790721780        10.131843607040432        7.3892805711664575        8.6685959270218458        8.9948232225393152        9.1339391622086854        9.3273109074721798        9.7689407502404304        9.9026399300109187        10.016183608240430        6.7278534633515132        7.3319408929442300     
   57129.707432953626       0.22762600000000000        1.3640634398152543E-003   8.0150874999999999        1.3256400000000000E-002   8.9477219597123892        8.7603491408213330        9.3026928312274677        8.1542300837090487        8.6893491408213315        9.2366598982542847        9.6306928312274671        9.9882137671453393        8.7638007878766402        9.2421204841721618        9.6422668897408741        9.9362137671453397        10.152908525658752        7.4126560251956413        8.6915850248749678        9.0159651397408744        9.1551204841721585        9.3481534171453404        9.7900292256587491        9.9235848060079093        10.037330975658751        6.7539562140342113        7.3566140847895056     
   56281.025222536133       0.19897200000000001        1.4243142217029003E-003   8.0177428000000006        1.3215899999999999E-002   8.9674069657028941        8.7805145913488278        9.3217338538603780        8.1755956352989134        8.7095145913488263        9.2560085301713624        9.6497338538603774        10.007113818125431        8.7837889795727886        9.2613175232364195        9.6614776488158700        9.9551138181254313        10.171999555480921        7.4338518403434204        8.7124187999707967        9.0351227928158711        9.1743175232364162        9.3670428469254272        9.8091414978809244        9.9425742501665209        10.056496353880922        6.7776193038347206        7.3789874338318722     
   55518.535304771525       0.17293100000000000        1.4810519061713876E-003   8.0200882000000000        1.3180300000000001E-002   8.9849919881536220        8.7985284945234863        9.3387365607501653        8.1946971928386230        8.7275284945234848        9.2732880882282540        9.6667365607501647        10.023992640258390        8.8016405347371656        9.2784638149364849        9.6786328536892103        9.9719926402583905        10.189049638797437        7.4528008998995769        8.7310333134796689        9.0522310896892098        9.1914638149364816        9.3839122874583918        9.8262103443974365        9.9595384435529350        10.073612108397439        6.7987798434907187        7.3989945976728944     
   54676.285175972727       0.14384400000000000        1.5466122779018291E-003   8.0226196000000005        1.3141900000000000E-002   9.0098833297761161        8.8237729737807911        9.3633041285010563        8.2213003291032365        8.7527729737807896        9.2979090652113108        9.6911746425714469        10.048490943140919        8.8264316854371607        9.3029878279315810        9.7031687847315773        9.9964203423362505        10.213807243710399        7.4794298150328515        8.7571532696540260        9.0759925044389824        9.2160642865761169        9.4082592631315762        9.8509293153854607        9.9842713513901344        10.098405138744930        6.8254687639732694        7.4254036459262416     
   53921.007713240040       0.11743400000000000        1.6081313596253040E-003   8.0248659000000000        1.3108000000000000E-002   9.0402419374299612        8.8542802727787553        9.3938341261958698        8.2532517798435805        8.7832802727787538        9.3281256025726087        9.7214025292811677        10.079054517487311        8.8561368882176659        9.3331821379897235        9.7333810651897217        10.026817254938518        10.244706505693461        7.5116833767582847        8.7887557906545446        9.1044670359759650        9.2464408646299603        9.4384805287897215        9.8817110985275498        10.015246751876344        10.129294272893322        6.8543401866394653        7.4554554142981431     
   53143.603596594738        8.9896000000000004E-002   1.6749519659006750E-003   8.0271741999999993        1.3073200000000000E-002   9.0716068079717065        8.8858010505221063        9.4253725175826713        8.2862760084665315        8.8148010505221048        9.3593442254910268        9.7526299590213075        10.110630268052388        8.8868235835095515        9.3643722085515950        9.7645896021515934        10.058218631901989        10.276630577083468        7.5450185670278938        8.8214123792960226        9.1338813323246715        9.2778242015717058        9.4696982989515934        9.9135170482725012        10.047254774822898        10.161221959751368        6.8841659526364314        7.4865101759497765     
   52355.944661524147        6.1621000000000002E-002   1.7461955743091834E-003   8.0295086999999992        1.3038100000000000E-002   9.1034955467373031        8.9178507063136117        9.4574340788963838        8.3198664797745430        8.8468507063136101        9.3910847704696074        9.7843764567609917        10.142732566604995        8.9180193966492958        9.3960779690523815        9.7963140386523797        10.090141337428687        10.309088676449001        7.5789241019099371        8.8546216033133156        9.1637821066905083        9.3097316163372987        9.5014320734523814        9.9458583530899176        10.079803686666228        10.193698199524370        6.9144866796022058        7.5180906216191374     
   51539.238797157894        3.1890000000000002E-002   1.8243348244878917E-003   8.0319281999999994        1.3001800000000001E-002   9.1366893972217156        8.9512145205629530        9.4908040039616175        8.3548465581320848        8.8802145205629550        9.4241249577811494        9.8174196994804781        10.176147826262284        8.9504885692581020        9.4290758771798089        9.8293313027798099        10.123367277321048        10.342875953044089        7.6142308626132227        8.8891970635489379        9.1949022707322179        9.3429448228217140        9.5344590155798095        9.9795276231041932        10.113691310445429        10.227519773906867        6.9460454217545937        7.5509710349419166     
   50759.928303688190        3.1140000000000000E-003   1.9030224334787818E-003   8.0342347000000007        1.2967400000000000E-002   9.1684609318503263        8.9831511946555906        9.5227405753235885        8.3883431413049578        8.9121511946555856        9.4557498563110656        9.8490445466450609        10.208130578989589        8.9815627447612734        9.4606545429790572        9.8609284205790573        10.155166438584324        10.375216611334114        7.6480391699834840        8.9222987344284306        9.2246833167151721        9.3747348094503238        9.5660653593790599        10.011758600660855        10.146133557466115        10.259907798924857        6.9762479753989588        7.5824494001038047     
   49972.030917531709       -2.6356999999999998E-002   1.9872006847953686E-003   8.0365327000000004        1.2933099999999999E-002   9.2013935189814724        9.0163169662660323        9.5556672384165182        8.4233817425835547        8.9453153314082741        9.4884557425340681        9.8816664209876386        10.241057610569047        9.0138170418846038        9.4933040179175698        9.8935155138000219        10.187912297197929        10.408487956865919        7.6833697375216872        8.9566906828267996        9.2555814100207030        9.4075890508433204        9.5986384519051704        10.044879146447332        10.179474039851439        10.293230210647270        7.0083559095777481        7.6157833983074639     
   49196.929699541630       -5.5717000000000003E-002   2.0747553290638050E-003   8.0387340999999992        1.2900399999999999E-002   9.2539130991521397        9.0707601863660194        9.6036454457167011        8.4871355227327285        8.9997104164374981        9.5386588246507635        9.9296205607524435        10.287725802578930        9.0665286225050146        9.5433432741906721        9.9413298952566116        10.234595751143189        10.454955342826057        7.7467894096482866        9.0134046151746183        9.3058038611435414        9.4574427630020601        9.6458174904519822        10.090060584652544        10.224976673408467        10.339479770816144        7.0806690612179857        7.6872275794779767     
   48423.034315481964       -8.5544999999999996E-002   2.1676316679620413E-003   8.0410196999999997        1.2866499999999999E-002   9.3065299840089910        9.1253058708341275        9.6517205714564920        8.5509932065485987        9.0542023721792670        9.5889631657554357        9.9776688221290595        10.334482665451537        9.1193443099281897        9.5934836938185324        9.9892410995195871        10.281370335978968        10.501504260732338        7.8103106709473575        9.0702096775053871        9.3561339409377293        9.5073929596267686        9.6930918564445445        10.135318104054816        10.270553456201194        10.385795567903420        7.1531607235359171        7.7588154484042651     
   47656.593973029157      -0.11552700000000000        2.2653043473762863E-003   8.0432848999999997        1.2832900000000000E-002   9.3586072664552766        9.1793017431492920        9.6992914884695587        8.6142253686496950        9.1081394485964360        9.6387501879743631        10.025210341193127        10.380736868520685        9.1716268310899558        9.6431083671689670        10.036649667664161        10.327644876197116        10.547544164286002        7.8732068589624795        9.1264347986009184        9.4059547922036479        9.5568236706107150        9.7398669351661553        10.180070691613562        10.315619465147922        10.431585127345603        7.2250357366469693        7.8297563459553849     
   46904.336835528651      -0.14538899999999999        2.3670708949284176E-003   8.0455079000000005        1.2800100000000000E-002   9.4096545620541203        9.2322402271601849        9.7459077053888539        8.6762427190198341        9.1610148237526285        9.6875496041607061        10.071795003685073        10.426049932310585        9.2228836733983481        9.6917484399278120        10.083106541155958        10.372980602414364        10.592638789366356        7.9348917520502713        9.1815531747422643        9.4547955196720412        9.6052679670873591        9.7856993405206030        10.223893717991869        10.359747407953881        10.476415124007017        7.2956251339221172        7.8993910955376467     
   46166.717832214694      -0.17508899999999999        2.4729351756901680E-003   8.0476728000000008        1.2768300000000000E-002   9.4596119367660307        9.2840597066746255        9.7915123898869680        8.7369768654310036        9.2127673174040190        9.7353027814626714        10.117366195251662        10.470366433477302        9.2730544123054948        9.7393454338291150        10.128555042253410        10.417321936912600        10.636733266737835        7.9952973579285853        9.2355023516720678        9.5025972181685816        9.6526677705249568        9.8305329130838786        10.266733504963469        10.402883387995281        10.520231542257157        7.3648497073074033        7.9676432686789376     
   45442.791317089956      -0.20463400000000001        2.5832548603317491E-003   8.0497624999999999        1.2737600000000000E-002   9.5085212881235623        9.3348038063955432        9.8361423603296831        8.7964812312422165        9.2634409614402120        9.7820487120748307        10.161960937852017        10.513722286526361        9.3221807972931447        9.7859382203382470        10.173031868593101        10.460704659004024        10.679863727356777        8.0544769252913841        9.2883292650112725        9.5493986795078296        9.6990620336463333        9.8744037291691047        10.308625076031122        10.445062737026619        10.563070928276529        7.4327669015708988        8.0345717199372384     
   44732.482427701107      -0.23401700000000000        2.6978576164574976E-003   8.0517751000000004        1.2708100000000000E-002   9.5524872623133295        9.3805859282020574        9.8760850903381243        8.8508965859038415        9.3090333780571708        9.8239342329116450        10.201877989938128        10.552385377708744        9.3665587600848728        9.8276847095964310        10.212866909338880        10.499492384737662        10.718053276022738        8.1085400555597094        9.3357755136017690        9.5916561139968923        9.7405777025675118        9.9136639758802882        10.345315307419545        10.481443996390164        10.599472591989697        7.5031806802277341        8.0987768325246723     
   44037.940465003274      -0.26316499999999998        2.8169249413265902E-003   8.0537382999999991        1.2679400000000000E-002   9.5891565831256464        9.4190464847615125        9.9091125139885357        8.8978360381095776        9.3471220617507704        9.8586364100725312        10.234897560788536        10.584124494070416        9.4039450490157712        9.8622704045206575        10.245856201233412        10.531509317884417        10.748928663073290        8.1550852087437065        9.3752611340207643        9.6272287410247834        9.7748855807066590        9.9461279131605416        10.374276255930429        10.509148048812307        10.626189712308186        7.5781920095029349        8.1592799988198763     
   43356.278767081443      -0.29218200000000000        2.9411698374088927E-003   8.0556563000000008        1.2651500000000000E-002   9.6251021433850248        9.4567478822369679        9.9414816062202043        8.9438439702496488        9.3844627726045040        9.8926491623792074        10.267258981020202        10.615227096047306        9.4405964261715880        9.8961709796862678        10.278185794266559        10.562884584540473        10.779181443814156        8.2007082990635389        9.4139728402703433        9.6621001257659991        9.8085134911931000        9.9779440040338692        10.402652211115630        10.536288201742732        10.652359055663002        7.6517421894449775        8.2185891002466285     
   42689.689892234543      -0.32097599999999998        3.0707753495271958E-003   8.0575331000000006        1.2624200000000000E-002   9.6602578064633118        9.4936185421015349        9.9731378584609640        8.9888233633440446        9.4209847621208116        9.9259127351196010        10.298907726060962        10.645642832425017        9.4764443196130461        9.9293268761400153        10.309801390618992        10.593566956468122        10.808764124853729        8.2453133803213543        9.4518355147363433        9.6962073809328562        9.8414027520969096        10.009059477974750        10.430401591993954        10.562827095558008        10.677946590765165        7.7236468007298935        8.2765654854464028     
   42036.059685017914      -0.34962700000000002        3.2059250686621681E-003   8.0593833999999998        1.2597300000000001E-002   9.6947545091607026        9.5297950140970151        10.004201212440154        9.0329375604243083        9.4568231968733087        9.9585522027961133        10.329963678840155        10.675487779190547        9.5116217229583242        9.9618626882157564        10.340822871757513        10.623673355316541        10.837790243729927        8.2890624697179618        9.4889886111032702        9.7296779445393717        9.8736771120897657        10.039592526588169        10.457632017930617        10.588868719081010        10.703053462757396        7.7941555920190240        8.3334146919847569     
   41396.726492608650      -0.37806899999999999        3.3473348943377913E-003   8.0611986000000009        1.2571000000000001E-002   9.7284966127522097        9.5651783004361732        10.034583178278520        9.0760719502810403        9.4918795720022473        9.9904758290962619        10.360338383878521        10.704676079329964        9.5460315040948593        9.9936867922300365        10.371161971643264        10.653117388732916        10.866175738885836        8.3318416040118564        9.5253309134170330        9.7624181985756380        9.9052454828270839        10.069455765072608        10.484262985300397        10.614335063951835        10.727603657606231        7.8631000558386255        8.3889963770496294     
   40769.276083104196      -0.40638299999999999        3.4948356798934128E-003   8.0629828999999997        1.2545199999999999E-002   9.7616115471718672        9.5999021219466840        10.064398612194900        9.1183902202524365        9.5262861656147635        10.021804281195450        10.390146680594899        10.733318206935380        9.5798035100978680        10.024919375421177        10.400933509985791        10.682010496502137        10.894028167625997        8.3738130249114064        9.5609995450485563        9.7945516963139383        9.9362270858544193        10.098762101461382        10.510395311267793        10.639322632408273        10.751690311515514        7.9307416212585906        8.4435216667780537     
   40154.941727618352      -0.43450600000000000        3.6493227638886194E-003   8.0647298000000003        1.2520000000000000E-002   9.7940256010719544        9.6338896952577748        10.093580402333199        9.1598013397787348        9.5599666133390819        10.052467461386914        10.419321483133199        10.761349482520547        9.6128626358667013        10.055490426254806        10.430070587410832        10.710287505829498        10.921284516871321        8.4148862813376759        9.5959156490838460        9.8260065651585116        9.9665524029458545        10.127445436515291        10.535969249431016        10.663774006418365        10.775257867514664        7.9969397374934807        8.4968759529055760     
   39552.050173997559      -0.46250100000000000        3.8106286060414617E-003   8.0664444000000000        1.2495300000000001E-002   9.8252748254798057        9.6666604776448146        10.121321348923793        9.1995497059290052        9.5926604776448130        10.081930976001804        10.447055571323791        10.787729446673627        9.6447823028206479        10.084930976001800        10.457849321238630        10.736953421586627        10.947015719247620        8.4543257310160023        9.6295981799838195        9.8561726757426413        9.9955425536906368        10.154831596410791        10.559937647369615        10.686349328004610        10.796719205952602        8.0606846977097497        8.5475604410525357     
   38961.529724510889      -0.49030400000000002        3.9796512967215560E-003   8.0681124999999998        1.2471299999999999E-002   9.8556672918758306        9.6985359175645538        10.148164020222895        9.2381542101193990        9.6245359175645522        10.110551881049362        10.473891570222898        10.813164410147452        9.6758472277646010        10.113551881049363        10.484760585836172        10.762683645285195        10.971853489871963        8.4926349749816570        9.6623660729777843        9.8854593669381305        10.023654876387154        10.181372335085152        10.583010529045497        10.707959253356771        10.817154762805794        8.1226690086858486        8.5966018782383689     
   38380.974733647505      -0.51801299999999995        4.1565805404615045E-003   8.0697440000000000        1.2447900000000000E-002   9.8855202112896805        9.7298467504555575        10.174527083691565        9.2760766344222603        9.6558467504555594        10.138663135490621        10.500248107691561        10.838147403122036        9.7063650711523835        10.141663135490617        10.511194966287917        10.787956915755210        10.996249401855682        8.5302671217890840        9.6945542643550873        9.9142290193533285        10.051269944820621        10.207438595058385        10.605671302056624        10.729181690890744        10.837222616358037        8.1835609946909500        8.6447733934275455     
   37811.334023725802      -0.54556800000000005        4.3421403717172208E-003   8.0713229999999996        1.2425300000000000E-002   9.9148355576701714        9.7606599351521393        10.200485690353810        9.3135619314087190        9.6865925146108562        10.166269559741350        10.526200398353813        10.862823066401260        9.7363769361877299        10.169242647294494        10.537200398353809        10.812823066401263        11.020187354895567        8.5673732654324422        9.7262551385634044        9.9425930668001907        10.078501026847645        10.233011732377536        10.627947157061177        10.750140409108630        10.857142702144214        8.2433798826960025        8.6923574665347996     
   37250.233548736134      -0.57305799999999996        4.5368792117018867E-003   8.0728413000000003        1.2403600000000001E-002   9.9437831849194822        9.7912146215472617        10.226258876311519        9.3510602046620477        9.7169489662476423        10.193533885565689        10.551967511111517        10.887467978208992        9.7660899718703682        10.196424657639678        10.562967511111520        10.837467978208988        11.043786308032477        8.6043104382107849        9.7577398643501674        9.9708149626161919        10.105606794913665        10.258217744660254        10.649984801252291        10.771067998749761        10.877234714272866        8.3024864713572875        8.7399035988587848     
   36702.445293160257      -0.60028099999999995        4.7409914970248795E-003   8.0743262999999992        1.2382400000000000E-002   9.9720599235213037        9.8210570079610058        10.251433182552869        9.3876781673156877        9.7466011154883994        10.220167259400782        10.577135877352870        10.911540767939190        9.7951106759007480        10.222974374519968        10.588135877352869        10.861540767939189        11.066841238206326        8.6403806126088476        9.7884935301020803        9.9983765990528362        10.132078794839156        10.282838322646029        10.671508886877596        10.791508387863917        10.896859361003660        8.3601870081591834        8.7863277931579908     
   36163.878377424146      -0.62742500000000001        4.9557416764652654E-003   8.0757910000000006        1.2361600000000000E-002   9.9998659304364867        9.8503991363164207        10.276185774524526        9.4236786616108272        9.7757593984929283        10.246357565568760        10.601882610524529        10.935210367279373        9.8236449538825585        10.249079242580967        10.612882610524528        10.885210367279376        11.089513283022017        8.6758425399882508        9.8187348057380799        10.025473162838322        10.158104083593171        10.307046488901952        10.692669496989991        10.811603581744839        10.916152563310972        8.4169025889401095        8.8319663478293986     
   35636.660526643522      -0.65437999999999996        5.1823984698987713E-003   8.0772332000000002        1.2341100000000001E-002   10.027668064588994        9.8796325370128102        10.300870162148854        9.4597343052222698        9.8048853460723855        10.272521922428496        10.626561229348859        10.958652880665465        9.8522130737990281        10.275269113368925        10.637561229348854        10.909016220138824        11.112289541192109        8.7116087592260172        9.8489770815595250        10.052323520042279        10.183905773895567        10.331323435871752        10.713765043975791        10.831781776625327        10.935545700215293        8.4735186309389974        8.8779429086718693     
   35119.231188929087      -0.68121100000000001        5.4213433906124923E-003   8.0786580000000008        1.2320800000000000E-002   10.055235663633317        9.9085761446872755        10.325321786766890        9.4955040375841708        9.8337522176609955        10.298454798173823        10.651007154766889        10.981805232739214        9.8805568168499232        10.301278725200104        10.662007154766892        10.932686001550286        11.134924463928145        8.7472022122049164        9.8789669463094203        10.078844862011175        10.209397956389035        10.355428211335076        10.734665700115679        10.851835251872787        10.954828730656184        8.5295904475689053        8.9236604393474881     
   34612.741585802876      -0.70785200000000004        5.6740314965069271E-003   8.0800637000000002        1.2300900000000000E-002   10.082233116681540        9.9369234008000262        10.349269056596359        9.5305273680256981        9.8620215175170323        10.323849203355955        10.674948801796358        11.004480655760862        9.9083140043028344        10.326751086638946        10.685948801796357        10.955867914175062        11.157093397346667        8.7820558769015946        9.9083384272284185        10.104818090253143        10.234363828224751        10.379033034506268        10.755139876179971        10.871477360075684        10.973716727254388        8.5844810732204984        8.9684156501365599     
   34115.756029640157      -0.73436100000000004        5.9413879089584608E-003   8.0814482999999999        1.2281300000000000E-002   10.108744273657276        9.9647618205195165        10.372787223435118        9.5649110334466911        9.8897806767831753        10.348784604809854        10.698461430235117        11.026750820309218        9.9355706396128127        10.351765748546196        10.709461430235116        10.978635064279580        11.178866576338855        8.8162758483978507        9.9371818948602382        10.130324199316554        10.258881504575836        10.402212371313595        10.775252866178938        10.890771149687058        10.992270576931517        8.6383537624032201        9.0123430897960262     
   33629.081055930728      -0.76068000000000002        6.2245214152011384E-003   8.0828057999999992        1.2262100000000000E-002   10.135325823827952        9.9927083753803636        10.396252404291502        9.5996940483895692        9.9176457728679246        10.373696384323711        10.721921181091503        11.049117914723563        9.9628195997316169        10.376572353331472        10.732735721619466        11.001117914723569        11.200561536307461        8.8506543526455026        9.9661740881482963        10.155921539539815        10.283510924851676        10.425219038947436        10.795324748483015        10.910099593266914        11.011059897522845        8.6927111092570151        9.0568374761833930     
   33151.333314862350      -0.78686900000000004        6.5249047038018941E-003   8.0841402999999996        1.2243300000000000E-002   10.161605000793879        10.020344747910316        10.419415544940486        9.6341710395058389        9.9452060428456992        10.398298106195897        10.745078983740486        11.071238836231233        9.9897392957569640        10.401016586992304        10.755654650397917        11.023238836231235        11.221965836203529        8.8846589340207007        9.9948580178195687        10.181234545023605        10.307873772853329        10.447893755855349        10.815138316944521        10.929201878116816        11.029689772631675        8.7465476147795567        9.1009562006732114     
   32683.533268168372      -0.81286499999999995        6.8441974992625209E-003   8.0854476999999996        1.2224900000000000E-002   10.187341299287530        10.047407512174305        10.442100683930624        9.6679295108771388        9.9721992350258351        10.422391874926122        10.767758893130624        11.092900981558239        10.016107722236805        10.424958619668926        10.778100659764709        11.044900981558238        11.242926281460489        8.9179548349453075        10.022949005346691        10.206024784223866        10.331733641560204        10.470100635598792        10.834543626007802        10.947910716710057        11.047936040778227        8.7992550849560676        9.1441507042622394     
   32224.486087437381      -0.83871799999999996        7.1840689476330797E-003   8.0867278000000002        1.2206900000000000E-002   10.212591754161688        10.073957234268365        10.464357091330031        9.7010473019695116        9.9986854229741073        10.446030544267719        10.790010180130031        11.114151179473895        10.041983213736275        10.448450760142451        10.800122423173748        11.066151179473893        11.263487908605052        8.9506186992569479        10.050510057324503        10.230346903936566        10.355142787311438        10.491887755017467        10.853581582742093        10.966265223073252        11.065836620360686        8.8509601874915429        9.1865232139150184     
   31775.398074768425      -0.86434599999999995        7.5460190601907588E-003   8.0879746000000008        1.2189400000000000E-002   10.237640550753484        10.100426657491797        10.486397804381349        9.7339733339830783        10.025169972820857        10.469502545615173        10.811973123547800        11.135132502768274        10.067793551403946        10.471814925486109        10.822045905981350        11.087244803730888        11.283762335975934        8.9832129314204625        10.078156158467488        10.254448031573956        10.378277943689939        10.513396623222567        10.872361391542116        10.984488688016883        11.083503683529036        8.9026644806725255        9.2287627568464945     
   31334.083758851197      -0.88985400000000003        7.9324573002567712E-003   8.0891871999999996        1.2172400000000000E-002   10.262580315333865        10.126911022177884        10.508300797346470        9.7668299209652201        10.051743302187850        10.492892859689844        10.833729872835859        11.155922509143599        10.093625645416163        10.495130826079878        10.843944048546467        11.108255467264170        11.303828241481229        9.0158537116446507        10.105979017301335        10.278416202841603        10.401226943448696        10.534707207794709        10.890949676737852        11.002640509296702        11.100998383734980        8.9545597126352643        9.2710283377399545     
   30901.958147645058      -0.91513900000000004        8.3450893787427281E-003   8.0903504999999996        1.2156100000000000E-002   10.286944695454652        10.152787841937892        10.529687784892817        9.7989404139409277        10.077709063198656        10.515740146971405        10.854975779227404        11.176219876261930        10.118863583159358        10.517903131710641        10.865326382892819        11.128768897188108        11.323420627078745        9.0477527950147536        10.133166173494958        10.301827390489175        10.423642105119052        10.555516335375048        10.909091069000157        11.020354429147803        11.118068768369268        9.0053083999968440        9.3123498965057951     
   30479.230619075308      -0.94020999999999999        8.7859956558405655E-003   8.0914938000000003        1.2140099999999999E-002   10.310794285641935        10.178116978475169        10.550620770387583        9.8303617229715332        10.103127210814337        10.538105617608695        10.875772692436295        11.196086896535272        10.143567774803783        10.540193310869528        10.886254795187584        11.148847281225736        11.342601921651761        9.0789673134810744        10.159777212217945        10.324742514540917        10.445584848227773        10.575885947855367        10.926849024830650        11.037694230649725        11.134779051778340        9.0549586271634208        9.3527799827222484     
   30066.716317680388      -0.96500799999999998        9.2590790174124898E-003   8.0926191999999997        1.2124400000000000E-002   10.334088329087713        10.202854821975830        10.571064794800517        9.8610387684824481        10.127953893951890        10.559951359399594        10.896085794535420        11.215490631994719        10.167695850052350        10.561963717823534        10.906694318000518        11.168457273835880        11.361340301382196        9.1094426034412912        10.185766103422790        10.347122689747014        10.467018075717274        10.595782034053098        10.944194690383121        11.054631883500800        11.151102434777322        9.1034203719112341        9.3922462492762619     
   29661.902293561689      -0.98966600000000005        9.7680921599557560E-003   8.0937298999999996        1.2108900000000001E-002   10.357569433918052        10.227710486494225        10.591491733323405        9.8914424969275032        10.153046583543805        10.581842123492297        10.916364973866546        11.234727601004089        10.192122227987785        10.583842123492300        10.926778716016965        11.187727601004088        11.379885823583933        9.1396906570706449        10.211849538413542        10.369683900912452        10.488504025785861        10.615651956560107        10.961623370321480        11.071322094508599        11.167485675859020        9.1527100093869613        9.4321819222820231     
   29266.783843791527       -1.0140560000000001        1.0316277955768897E-002   8.0948209000000002        1.2093700000000001E-002   10.380614350991753        10.252092096323683        10.611509584205390        9.9211826076472924        10.177685066416583        10.603302202766915        10.936231487342084        11.253551368536765        10.216117447367473        10.605302202766918        10.946397084449178        11.206551368536761        11.398020525853944        9.1692837943839898        10.237429595592307        10.391833045449733        10.509568986610709        10.635118987585873        10.978719690648624        11.087632541936205        11.183556706243305        9.2011632966523997        9.4714005117963005     
   28879.322459936109       -1.0382800000000001        1.0907819990860219E-002   8.0958964000000009        1.2078700000000000E-002   10.403212239950349        10.276004148337151        10.631096062829840        9.9503739273382763        10.201938287243827        10.624392234356705        10.955712477229838        11.271966859009648        10.239771319537155        10.626392234356707        10.965712477229840        11.224966859009648        11.415818084262746        9.1982995399648253        10.262637615297407        10.413633589436834        10.530271556816643        10.654133826716325        10.995409761475941        11.103551991995811        11.199319163195810        9.2492093794079189        9.5100535704064839     
   28500.074810529379       -1.0623030000000000        1.1547310018604833E-002   8.0969537999999996        1.2064000000000000E-002   10.425297546476484        10.299379015832235        10.650134699360718        9.9789693667122759        10.225848450009044        10.645103909105940        10.974746884160718        11.289859293392306        10.263154646232232        10.647103909105942        10.984746884160719        11.242859293392305        11.433247200188044        9.2266633201101431        10.287542162190116        10.435103759484880        10.550603983916469        10.672553097169116        11.011553546032291        11.118941510853352        11.214717141253351        9.2973533253351643        9.5482735598363799     
   28129.499178829261       -1.0860770000000000        1.2239575287801528E-002   8.0979931000000001        1.2049600000000001E-002   10.446878399544385        10.322223086703975        10.668738475775019        10.006905127733305        10.249218744621221        10.665345636155777        10.993346503375019        11.307343028511507        10.286007031503974        10.667345636155776        11.003346503375017        11.260343028511507        11.450284451461318        9.2543758392082118        10.311881007188656        10.456086637798119        10.570475135334608        10.690554741628755        11.027331736701729        11.133982707459388        11.229766652259389        9.3444030455761471        9.5856168881586505     
   27766.938604036481       -1.1096360000000001        1.2990235053736513E-002   8.0990137999999998        1.2035400000000000E-002   10.467889537030789        10.344521587836855        10.686603818867120        10.033943035046970        10.271942814832819        10.684957291446938        11.011300068844911        11.324204829457020        10.308313698236855        10.686864986269146        11.021207763667118        11.277345585675196        11.466763878461055        9.2811983340287973        10.335641999020709        10.476515719416657        10.589724230050972        10.707974702271155        11.042760944250954        11.148831632877201        11.244482987059030        9.3916880188472902        9.6223718520531882     
   27412.080593220438       -1.1329830000000001        1.3805168419149652E-002   8.1000174000000005        1.2021499999999999E-002   10.488381400482986        10.366298008628203        10.703889917021971        10.060222627877408        10.294086136834981        10.704029722855868        11.028725056103873        11.340561228283534        10.330098147828199        10.705794514173967        11.038489847421967        11.293913939008409        11.482773448076752        9.3072699867525337        10.358849895055318        10.496440770351331        10.608441803449086        10.724901928015189        11.057844828938318        11.163421770449634        11.258869198924760        9.4386400735055034        9.6584493671812872     
   27065.122680690289       -1.1560950000000001        1.4691260772083523E-002   8.1010021000000005        1.2007900000000000E-002   10.508408931857304        10.387578759644569        10.720783010783514        10.085897871644995        10.315725662163882        10.722669422580061        11.045756700673486        11.356548060315557        10.351386776444571        10.724291724290090        11.055379002383518        11.310105239344896        11.498421199796248        9.3327447010156561        10.381530294121809        10.515916875508651        10.626734545260753        10.741444125064206        11.072590257728287        11.177681690519009        11.272932528289669        9.4845497357267945        9.6937154751069308     
   26725.263754445939       -1.1790140000000000        1.5654956558783909E-002   8.1019681000000006        1.1994599999999999E-002   10.527299394204743        10.407856833168829        10.736877887040311        10.109872405738081        10.336467243946224        10.740200449222527        11.061877887040310        11.371645805903647        10.371509899055120        10.741792576822526        11.071470014640312        11.325349990835491        11.513298871789935        9.3565760932062432        10.402904659105495        10.534320473027350        10.644088391890683        10.756920542149203        11.086474663053274        11.191311984139560        11.286260865094007        9.5308892020901439        9.7276339253728636     
   26392.771633876866       -1.2017059999999999        1.6703926824504889E-002   8.1029140999999996        1.1981500000000001E-002   10.545619273735579        10.427567133079844        10.752526477606594        10.133056798864022        10.356659300089142        10.757190360271085        11.077526477606593        11.386293136108225        10.391033186956896        10.758778703871087        11.087114821206594        11.340131449151404        11.527759189985279        9.3796301422208437        10.423623787378212        10.552173732326281        10.660940390827911        10.771900364474345        11.099937504886906        11.204580245963960        11.299207986797835        9.5765546797210810        9.7606703060045383     
   26067.357013689329       -1.2241869999999999        1.7845806599733578E-002   8.1038420999999996        1.1968700000000001E-002   10.563533986089407        10.446837788570971        10.767826736998924        10.155725050195397        10.376403927182277        10.773803414144165        11.092826736998923        11.400613439639994        10.410123272809656        10.775388045744165        11.102411368598926        11.354585461664986        11.541898923878676        9.4021683965703993        10.443881822729903        10.569629321078104        10.677416023719172        10.786546082626302        11.113100994919744        11.217555742358428        11.311869204572115        9.6212402392555596        9.7929784229597203     
   25748.503917009213       -1.2464759999999999        1.9088397046162015E-002   8.1047504999999997        1.1956200000000000E-002   10.579845884004357        10.464035251532103        10.781787664063962        10.176143927721476        10.394003496974555        10.788945277034159        11.106682286702195        11.413719551176754        10.427292257532105        10.790380156312935        11.116117165980974        11.367865669897981        11.554871179814988        9.4224575523597096        10.462192864502303        10.585448269200143        10.692128660229944        10.800117165980971        11.125368187649009        11.229641070927784        11.324003454289546        9.6652345453075483        9.8226704254853630     
   25436.245033763385       -1.2685660000000001        2.0439686472712309E-002   8.1056422000000001        1.1943900000000000E-002   10.595495087293124        10.480438253685172        10.795193791682383        10.195669713394622        10.410779588298492        10.803478292687753        11.119955566422806        11.426318183243250        10.443705960085172        10.804730194181094        11.129207467916149        11.380643712949912        11.567347664383671        9.4418540569350462        10.479722754690545        10.600605802620226        10.706166439214858        10.813207467916147        11.137220154451203        11.241317193544539        11.335823125204119        9.7083732307219464        9.8512226974500727     
   25130.434643562872       -1.2904500000000001        2.1908248169265562E-002   8.1065176999999995        1.1931900000000000E-002   10.610797630333808        10.496481186653751        10.808303887896448        10.214766492360420        10.427183607752488        10.817689865315129        11.132933391489379        11.438639617434207        10.459759399053750        10.818764725565762        11.142008251740014        11.393138686383574        11.579547333427138        9.4608220667533498        10.496867164072432        10.615428996028003        10.719895160209324        10.826008251740012        11.148808202714262        11.252735204564898        11.347383913371965        9.7505975941002756        9.8791487487746235     
   24830.702122140705       -1.3121570000000000        2.3501391097088060E-002   8.1073810000000002        1.1920099999999999E-002   10.624424644521655        10.510859820653542        10.819979333254500        10.231722489049206        10.441888166531401        10.830346274888077        11.144549809254498        11.449737317874950        10.474148392653541        10.831515572765939        11.153719107132359        11.404307793874951        11.590596365874953        9.4776259086730388        10.512154044785431        10.628781451019963        10.732346274888078        10.837380511376638        11.159403205122610        11.263189535620919        11.358004211997089        9.7901739958848868        9.9037084376127584     
   24537.143342245712       -1.3336730000000001        2.5227043208280918E-002   8.1082362999999997        1.1908300000000000E-002   10.636776663509997        10.523964841914998        10.830566578363472        10.247035199130002        10.455293588972753        10.841821038736738        11.155133633163471        11.459903330137456        10.487263677515001        10.843283895394491        11.164596489821227        11.414470384937458        11.600769220537456        9.4927727340405053        10.526018910719996        10.641009217141734        10.743821038736739        10.847670776505721        11.169244290358472        11.272909789190210        11.367904035079702        9.8275903645782225        9.9256766938113135     
   24249.679329721319       -1.3550100000000000        2.7091883856422330E-002   8.1091002999999997        1.1896500000000001E-002   10.648907177934944        10.536830699104890        10.840968852713274        10.262055244614714        10.468453822175164        10.853092617124112        11.165532451513272        11.469891091202101        10.500139902704888        10.854842937794388        11.175282772183550        11.424454690002101        11.610763893602105        9.5076323647853300        10.539627022674829        10.653016138294053        10.755092617124113        10.857782130842995        11.178918133943334        11.282463495502441        11.377631980131824        9.8642388315986764        9.9472078157787180     
   23968.563147566972       -1.3761850000000000        2.9101902263861574E-002   8.1100174000000003        1.1883899999999999E-002   10.660762187360508        10.549384991465370        10.851192602304490        10.276634757330616        10.481278965068448        10.864135615209360        11.175734930255135        11.479689658999629        10.512705200265373        10.866121780806285        11.185721095852060        11.434263423802701        11.620569798199629        9.5220572244812551        10.552887934770236        10.664740816864867        10.766121780806284        10.867721095852058        11.188418500547190        11.291862338193475        11.387196381396553        9.8996437849670933        9.9680040407206896     
   23693.651701234445       -1.3971840000000000        3.1261814056436209E-002   8.1109766000000008        1.1870800000000001E-002   10.671035287421796        10.560204077619327        10.860331619468871        10.288881493883606        10.492227880389779        10.873832128866402        11.184717354740558        11.488275016471340        10.523535796819329        10.875696138895952        11.194581364770107        11.442967100041789        11.629162829271342        9.5341550419552927        10.564260680616860        10.674830560735620        10.775696138895951        10.876581364770106        11.196744293772573        11.300222568530438        11.395690277700892        9.9298251427222350        9.9852105996192488     
   23423.619250208754       -1.4180060000000001        3.3572317893198263E-002   8.1118898000000002        1.1858300000000000E-002   10.681058066441221        10.570763268740805        10.869244532506809        10.300847071397030        10.502916351648075        10.883292412406391        11.193478557064289        11.496644211807226        10.534105946340802        10.885034447899116        11.203220592557017        11.451454617114500        11.637539330207225        9.5459762143545106        10.575363589440386        10.684679198463456        10.785034447899118        10.885220592557019        11.204858067857433        11.308366078792680        11.403966720899952        9.9593841471024263        10.002044580628521     
   23161.356964468356       -1.4384410000000001        3.6009077723286279E-002   8.1127645000000008        1.1846400000000000E-002   10.690746088666954        10.580972316738018        10.877858368789939        10.312424764565998        10.513252709388338        10.892437770861003        11.201946944404730        11.504730024718873        10.544325490738020        10.894059494210682        11.211568667754408        11.459657243369199        11.645632140718876        9.5574154561807898        10.586100660809082        10.694203632546854        10.794059494210684        10.893568667754407        11.212695613683342        11.316228761418236        11.411960212068555        9.9880282558996836        10.018347138940458     
   22905.933734676597       -1.4585530000000000        3.8576261959769341E-002   8.1136102999999995        1.1834900000000001E-002   10.700490475931630        10.591224167262276        10.886483156897349        10.323960427096559        10.523732875806431        10.901622919414489        11.210440409310856        11.512891901845535        10.554587490862275        10.903211225800980        11.219977397018518        11.467849154259042        11.653706717980210        9.5689206281753840        10.596866740992922        10.703811051945138        10.803117159535660        10.901934649432029        11.220572852793715        11.324067092914888        11.419987495072547        10.016413766369197        10.034874401935490     
   22656.665873563772       -1.4783830000000000        4.1275853508447709E-002   8.1144329000000006        1.1823699999999999E-002   10.710555618865268        10.601784555518140        10.895325704201468        10.335690764581944        10.534687263691989        10.911084990533372        11.219168549322443        11.521367483596006        10.565157750318143        10.912784413812400        11.228681793354060        11.476210328716977        11.661939612669567        9.5807924070293531        10.607928955371015        10.713771658786239        10.812441079685961        10.910524638475035        11.228697920990538        11.332054010143132        11.428257295037948        10.045005924506089        10.052139100305808     
   22412.794027410950       -1.4979810000000000        4.4111559698438441E-002   8.1152332000000005        1.1812800000000000E-002   10.720408202300291        10.612121681445473        10.903978986223692        10.347175972722070        10.545408229297529        10.920345926261991        11.227708323730567        11.529660184957979        10.575504479845470        10.922155655955113        11.237201509944224        11.484389522464859        11.669994844585389        9.5924143818015395        10.618757026190650        10.723520338207170        10.821568449982525        10.918930847451101        11.236646047692268        11.339868571412801        11.436345389571734        10.073000589312748        10.069046875039461     
   22174.048852267544       -1.5173700000000001        4.7084854771489063E-002   8.1160153000000008        1.1802200000000001E-002   10.730055475062425        10.622243316157892        10.912449147909982        10.358424664110338        10.555904110172598        10.929412464486205        11.236065856029221        11.537775843681487        10.585635499757892        10.931331695166961        11.245542427443006        11.492392551800730        11.677878014933754        9.6037954457773083        10.629359279653357        10.733064366781669        10.830505744019227        10.927159135562249        11.244422845452998        11.347516124986022        11.444257688319972        10.100423750211277        10.085611718068776     
   21939.665405030682       -1.5365899999999999        5.0197930439978278E-002   8.1167771000000002        1.1791800000000000E-002   10.740769432710849        10.633511510891879        10.921791464754975        10.371043927243875        10.567506062286846        10.939522645725944        11.245352539151092        11.546708395968913        10.596973170686848        10.941462311130973        11.254823616553821        11.501269470365038        11.686610460970066        9.6164507010489046        10.641159623076788        10.743763984105819        10.840405945538730        10.936296173558851        11.253077569370063        11.355960869182855        11.452834751387886        10.130651005546138        10.104120996868527     
   21745.480073638253       -1.5526650000000000        5.2920317064587212E-002   8.1174073000000000        1.1783300000000000E-002   10.752574883076610        10.645988343645099        10.931949564476318        10.385219125034796        10.580182121971459        10.950750581697529        11.255599465265719        11.556381736234192        10.609651751171461        10.952496061771166        11.265084554413276        11.511031637023594        11.696186004697230        9.6304342343084333        10.654221532624183        10.755768661402973        10.851257001792364        10.946360405286915        11.262655633897230        11.365162053992067        11.461846792465705        10.163528503364690        10.124767634299017     
   21633.510563237312       -1.5619940000000001        5.4540485407047638E-002   8.1177683999999992        1.1778400000000000E-002   10.759387276705787        10.653188314914409        10.937811644113346        10.393399413405188        10.587496951551174        10.957229955595494        11.261513214011686        11.561963874541483        10.616968025151174        10.958863466158732        11.271005490051770        11.516665444439820        11.701712175803056        9.6385039975684279        10.661758856824697        10.762695913342547        10.857518179162057        10.952167927015008        11.268183249403059        11.370471472969619        11.467047130732858        10.182496674672393        10.136681656236519     
   21554.303810644113       -1.5686220000000000        5.5712596720560836E-002   8.1180240999999995        1.1774900000000000E-002   10.764214870572282        10.658290274306840        10.941966793090945        10.399195220954663        10.592680163296194        10.961821974804213        11.265705108257432        11.565920796345747        10.622152259696197        10.963376278614856        11.275202077713814        11.520659111512234        11.705629704522877        9.6442216211653040        10.667099459274905        10.767604759561639        10.861955455481880        10.956284285124458        11.272101800922879        11.374235281600544        11.470733778211191        10.195925552873799        10.145119667857138     
   21475.189262948734       -1.5752670000000000        5.6908838502783624E-002   8.1182806000000003        1.1771400000000000E-002   10.769039457939000        10.663389067465614        10.946119549927131        10.404987316792939        10.597860123002667        10.966411270527844        11.269894727242589        11.569875383937569        10.627333245402665        10.967886459790796        11.279396060948722        11.524650561253027        11.709545117715974        9.6499356284558910        10.672436622076765        10.772510513476051        10.866389860359872        10.960398127811670        11.276018240115972        11.377996829948009        11.474418264010955        10.209343336440794        10.153551703418826     
   21394.493041027406       -1.5820639999999999        5.8150979644505128E-002   8.1185402000000000        1.1767900000000000E-002   10.773949702901366        10.668579170642357        10.950344378765514        10.410885029642284        10.603132999201332        10.971081503624450        11.274157325629584        11.573897935583499        10.632607160001331        10.972475996665477        11.283662778060414        11.528710882447569        11.713527857888597        9.6557536834833080        10.677869852319276        10.777503531460344        10.870901781337334        10.964583110301444        11.280002018688595        11.381822296401481        11.478165111042511        10.223020603644411        10.162142962090794     
   21312.087963465194       -1.5890359999999999        5.9449018780791049E-002   8.1188067000000004        1.1764300000000000E-002   10.778970686348655        10.673886109894065        10.954665249020573        10.416914832657950        10.608524475530599        10.975857403839049        11.278516936456375        11.578012057111701        10.637999702330601        10.977169491802519        11.288026246821305        11.532863744547504        11.717601512910969        9.6617021474214138        10.683425072803670        10.782609051985192        10.875515663330907        10.968863107984772        11.284076739710967        11.385734999202827        11.481997540766292        10.236996328941386        10.170924223369552     
   21228.191658592594       -1.5961570000000000        6.0798701485167216E-002   8.1190768999999996        1.1760600000000000E-002   10.784091173609028        10.679297909212007        10.959072781099014        10.423062998300775        10.614022332753411        10.980728363784802        11.282964091677769        11.582208931037442        10.643498640353410        10.981956555443400        11.292476971261664        11.537100241616198        11.721757356074789        9.6677674975593710        10.689089641836230        10.787815597150438        10.880221319085887        10.973228855320254        11.288233663674792        11.389726618975871        11.485907425834466        10.251235774919060        10.179874532578186     
   21143.116364099875       -1.6034079999999999        6.2194470215317495E-002   8.1193515000000005        1.1756900000000001E-002   10.789276196476827        10.684778522773605        10.963534640000546        10.429290664638970        10.619590218409506        10.985660357569124        11.287466315389626        11.586456979339665        10.649067624409508        10.986803473933225        11.296982442247362        11.541388654728742        11.725963989092847        9.6739111870030712        10.694826579681305        10.793087892112727        10.884985311155063        10.977648152611465        11.292441395092844        11.393766348678785        11.489864277042884        10.265670127643507        10.188944652297273     
   21057.218325098711       -1.6107579999999999        6.3637427607325894E-002   8.1196295999999997        1.1753100000000001E-002   10.794525446299787        10.690326411303115        10.968053536121953        10.435593165459569        10.625226229778015        10.990654138075083        11.292026156100576        11.590759797593527        10.654704748178016        10.991711356400184        11.301545179418230        11.545732417572150        11.730225191097251        9.6801289021846699        10.700633274727817        10.798425264774689        10.889809079642934        10.982123879343330        11.296703709497248        11.397858651065103        11.493872906190202        10.280260435358098        10.198118052474626     
   20969.496368844630       -1.6182930000000000        6.5137783027374843E-002   8.1199104000000002        1.1749300000000001E-002   10.800466706340217        10.696619224495997        10.973218259649364        10.442673047186844        10.631623642137605        10.996289344205142        11.297218259649366        11.595671951135195        10.661074022116697        10.997305217025847        11.306722745228665        11.550671951135197        11.735065741493589        9.6871526887868455        10.707190376989459        10.804486996802531        10.895283684553284        10.987197969187058        11.301514879462431        11.402509219810575        11.498362361306658        10.296452468852728        10.208515139019994     
   20881.322458829698       -1.6258990000000000        6.6683022203041328E-002   8.1201954000000001        1.1745500000000001E-002   10.807554654453513        10.704148042159362        10.979467935404850        10.451023037208023        10.639285340878660        11.002984449510700        11.303467935404848        11.601607938418299        10.668652006522406        11.004046069073746        11.312925534241808        11.556607938418297        11.740874547698999        9.6955038188080227        10.714984856382872        10.811753572735855        10.901842589206490        10.993269017122509        11.307236651757828        11.408094791453616        11.503643264051979        10.315181653087992        10.220924548901857     
   20791.747866339156       -1.6336500000000000        6.8280237824222698E-002   8.1204813999999992        1.1741600000000000E-002   10.814764197289547        10.711805457957849        10.985825714852131        10.459515056395263        10.647077923325979        11.009794677920437        11.309825714852133        11.607647291551954        10.676359124857049        11.010902568019633        11.319235899152938        11.562647291551956        11.746784454183830        9.7039969819952656        10.722912139958835        10.819144552756869        10.908514684487583        10.999445359384813        11.313058127650168        11.413778134217312        11.509016866981865        10.334217330132779        10.233540431343661     
   20701.651823112876       -1.6414850000000001        6.9926815758934474E-002   8.1207717000000006        1.1737700000000000E-002   10.822012973462684        10.719504714347117        10.992217538204642        10.468053847605159        10.654913364190065        11.016641626289072        11.316217538204640        11.613719013163148        10.684108194857949        11.017795846399906        11.325580231293813        11.568719013163150        11.752725797320203        9.7125369344051578        10.730882845677776        10.826575843416457        10.915222884401359        11.005654668250866        11.318910535943317        11.419491794055602        11.514418795058880        10.353361106411782        10.246227124141967     
   20610.047846462290       -1.6494830000000000        7.1632346566827043E-002   8.1210637999999999        1.1733800000000001E-002   10.829372698489998        10.727322459257685        10.998705782350058        10.476725547397628        10.662869758169325        11.023592563917745        11.322705782350056        11.619882044494005        10.691976340653120        11.024793679713181        11.332020411354620        11.574882044494007        11.758756021582368        9.7212098025976275        10.738976570918297        10.834121113197074        10.922032985568769        11.011957367642982        11.324850324628830        11.425290746279856        11.519900563861142        10.372814893156978        10.259116112060362     
   20518.187774836464       -1.6575350000000000        7.3381796820301479E-002   8.1213587000000000        1.1729800000000000E-002   10.836771039713732        10.735180100839550        11.005229971666100        10.485439646887183        10.670866671085872        11.030580771991918        11.329229971666098        11.626080306786609        10.699884329043552        11.031828695795920        11.338496613062095        11.581080306786607        11.764820910540283        9.7299250816871812        10.747110972315038        10.841705533764060        10.928880166362749        11.018295477615776        11.330824533115116        11.431123927485952        11.525415471989302        10.392341123035319        10.272059313644704     
   20425.373179228267       -1.6657080000000000        7.5187172329643892E-002   8.1216539999999995        1.1725800000000000E-002   10.844240287539762        10.743113421643621        11.011815791547797        10.494238677635582        10.678940903069407        11.037635389651655        11.335815791547798        11.632337058869730        10.707868273859376        11.038930393867410        11.345034171332046        11.587337058869728        11.770942657443939        9.7387252936355821        10.755323918105937        10.849362773181305        10.935792526615131        11.024693305906254        11.336854646623166        11.437011783586641        11.530981512519311        10.412064259881632        10.285131359391080     
   20331.714375177762       -1.6739919999999999        7.7048082643501464E-002   8.1219538999999994        1.1721700000000000E-002   10.851790877861227        10.751132305985337        11.018474675884782        10.503131273961781        10.687102222963201        11.044767366408891        11.342474675884780        11.638664086738537        10.715938038257114        11.046109651880670        11.351644574813001        11.593664086738535        11.777133247760670        9.7476190895617805        10.763624978459802        10.857103080310871        10.942781164112290        11.031162473435138        11.342952777735846        11.442966575439247        11.536611349611736        10.431980211537759        10.298335859503602     
   20236.993863824377       -1.6824049999999999        7.8964359013954377E-002   8.1222553000000008        1.1717699999999999E-002   10.859401680689651        10.759216711370531        11.025183456887753        10.512099617172431        10.695330886083028        11.051954572368629        11.349183456887751        11.645037494919372        10.724073654930386        11.053344452328485        11.358304555727898        11.600037494919370        11.783368426206874        9.7565886383724312        10.771994750979054        10.864905735362001        10.949823643872598        11.037679402215403        11.349094441270697        11.448963512774668        11.542279410589821        10.452096533064832        10.311664963036510     
   20142.204455293682       -1.6908600000000000        8.0926605772191074E-002   8.1225556999999995        1.1713599999999999E-002   10.867037747839650        10.767326725563183        11.031916631403536        10.521094499999290        10.703585477641642        11.059166500327070        11.355916631403538        11.651435291758467        10.732234678574134        11.060603784938024        11.364989123992583        11.606435291758469        11.789627653680007        9.7655847227992929        10.780390334997300        10.872733784529064        10.956890974571412        11.044220594714130        11.355260080935299        11.454984555179642        11.547971103211768        10.472247205340881        10.325023763455782     
   20046.751182189564       -1.6994170000000000        8.2944910363575278E-002   8.1228593999999994        1.1709499999999999E-002   10.874723679051291        10.775489923140343        11.038693102179769        10.530148936011864        10.711894509469380        11.066425096668821        11.362693102179771        11.657874256419754        10.740449022446926        11.067909883175405        11.371716878073185        11.612874256419753        11.795926858090718        9.7746403736118612        10.788841107193770        10.880613051886913        10.964004186144427        11.050803729344148        11.361465046872906        11.461044136348514        11.553698802783854        10.492535398202266        10.338472694431141     
   19952.255612172889       -1.7079249999999999        8.4981825815301587E-002   8.1231597000000004        1.1705500000000001E-002   10.882906881388994        10.784003775988598        11.045856032335067        10.539665043042525        10.720672669939908        11.074114459685980        11.369856032335065        11.664679777183757        10.749083136540300        11.075524926286377        11.378761949383364        11.619776671783363        11.802667866431662        9.7839667042912168        10.797590497740302        10.888798076037290        10.971621820885979        11.057870754735070        11.368157693583761        11.467379994280748        11.559681655529438        10.513482290333087        10.352528773009929     
   19857.839673282324       -1.7164610000000000        8.7056949365221098E-002   8.1234546999999999        1.1701500000000000E-002   10.891656579371787        10.792944414910870        11.053469199051175        10.549724513231482        10.729994512617740        11.082300951097128        11.377469199051177        11.671912920144305        10.758212858278661        11.083519296758048        11.386188393283383        11.627200755683386        11.809907587515596        9.7936496907246102        10.806719039478658        10.897363411203997        10.979807132297125        11.065481561451175        11.375394376544307        11.474051110669645        11.565976288162773        10.535265856944473        10.367310471081719     
   19758.637793009566       -1.7254710000000000        8.9284079760031096E-002   8.1237663999999992        1.1697300000000001E-002   10.900851126796779        10.802338615121458        11.061469583512894        10.560294174405341        10.739789260749420        11.090902783065536        11.385469583512892        11.679514003484934        10.767806706824741        11.091920229140859        11.393991623009610        11.635001491809609        11.817513662506327        9.8038237911773809        10.816311641224742        10.906363297493497        10.988407717465533        11.073479452312894        11.382999200284933        11.481060725353688        11.572590342125727        10.558154006472156        10.382842717644168     
   19659.116666844457       -1.7345539999999999        9.1563126500549291E-002   8.1240769999999998        1.1693100000000000E-002   10.910230602320109        10.812278252153980        11.069651078322245        10.571049622819224        10.749586751652732        11.099683960156113        11.393834187153619        11.687658462322243        10.777767176153983        11.101047493488736        11.402518303654869        11.642979045490872        11.825292244659494        9.8147290396505973        10.826453976985356        10.916090443652731        10.997187652156111        11.081658462322245        11.390783852989621        11.488608128158244        11.580104436158248        10.581814110294509        10.398580363642065     
   19558.655624715590       -1.7437670000000001        9.3910480712430799E-002   8.1243894999999995        1.1688900000000000E-002   10.919707190440249        10.822355829640099        11.077918383936836        10.581915888642374        10.759467683941384        11.108557255136684        11.402302941739261        11.695923267936838        10.787848503640095        11.110322632637821        11.411186203437975        11.651041152134407        11.833154152331982        9.8257980044447990        10.836735503442522        10.925970125941387        11.006059697136685        11.089923267936836        11.398650564435698        11.496270890633273        11.587768448633273        10.605758338481206        10.414475208458452     
   19457.274235850557       -1.7531060000000001        9.6329676908309528E-002   8.1247012000000005        1.1684699999999999E-002   10.929426724729973        10.832597627786571        11.086502848425146        10.593124679356366        10.769766140443169        11.117754626473376        11.411004043625146        11.704334335768548        10.798179697978201        11.119754626473375        11.420004043625147        11.659334335768550        11.841246698103584        9.8370390235647296        10.847267335643169        10.936010776794939        11.015084918616777        11.098505238825149        11.406915997433513        11.504161042311951        11.595403696790386        10.630248942624094        10.430928080757100     
   19354.724774416572       -1.7626020000000000        9.8824803057037461E-002   8.1250169999999997        1.1680500000000000E-002   10.939475606142512        10.843056707044848        11.095522689401541        10.604799193751848        10.780637943947180        11.127394573240178        11.420022621401539        11.712941452499205        10.808847421981152        11.129394573240180        11.429022621401540        11.667941452499207        11.849650998533182        9.8485086828155453        10.858137875947182        10.946266264108541        11.024313404337846        11.107522553401541        11.415732246465236        11.512360487596872        11.602988864728513        10.655476407528862        10.448144299448213     
   19251.075621641423       -1.7722469999999999       0.10140236862759258        8.1253343999999998        1.1676199999999999E-002   10.949643394724369        10.853639092237806        11.104651469985775        10.616610133578106        10.791637464951236        11.137149034810935        11.429150132385779        11.721653097272345        10.819639621949527        11.139149034810934        11.438150132385779        11.676653097272343        11.858156591870632        9.8601136166663821        10.869136127351236        10.956643912926079        11.033651999697501        11.116648794785775        11.424656290674054        11.520660074958911        11.610666534443762        10.680985540321437        10.465557394654461     
   19146.041679289683       -1.7820750000000001       0.10406882636168746        8.1256555000000006        1.1671900000000001E-002   10.960551459378111        10.864967292660952        11.114505541856138        10.628767495226635        10.802972536660951        11.147429241138978        11.438796093529588        11.730877638246744        10.830972536660950        11.149429241138980        11.448211926812428        11.685877638246742        11.867380260246746        9.8722701172266323        10.880676740987505        10.967972536660950        11.043719792812430        11.126086645203033        11.433679119290458        11.529258042007614        11.619258042007614        10.707437732213501        10.483390642230125     
   19039.476365542512       -1.7920929999999999       0.10682355519860277        8.1259786999999992        1.1667500000000001E-002   10.971633739425078        10.876475833962905        11.124517376848805        10.641113045438567        10.814483663562909        11.157871215786637        11.448595711411590        11.740249702073760        10.842483663562907        11.159871215786636        11.458437805949421        11.695249702073758        11.876753616873758        9.8846169602385690        10.892397499400124        10.979483663562908        11.053949550349421        11.135674045974367        11.442841017373146        11.537991093235318        11.627991093235314        10.734288558861392        10.501493684267578     
   18931.891202225099       -1.8022640000000001       0.10967253142446663        8.1263050000000003        1.1663200000000000E-002   10.982925072398420        10.888197507589521        11.134594951048520        10.653817377678969        10.826480382780620        11.168655481430715        11.458729746532374        11.749817295857419        10.854480382780622        11.170655481430718        11.468457311341272        11.704952091341273        11.886319671634023        9.8971849579717208        10.904335147296770        10.991207947589519        11.064652637207320        11.145729746532371        11.452467751341270        11.547050080666320        11.636777645475217        10.762044824851305        10.520281925838216     
   18821.793312692695       -1.8127249999999999       0.11263993935065134        8.1266342999999992        1.1658699999999999E-002   10.994575053337707        10.900287880086937        11.144926281272069        10.666996160451037        10.839013781236163        11.179871546370526        11.469278034755659        11.759706917322839        10.867013781236166        11.181871546370525        11.478565208006431        11.715058670806430        11.896204134740787        9.9101416243853944        10.916648953352576        11.003300954486933        11.075862226588479        11.156278034755660        11.462578282406428        11.556500627773611        11.645787801024381        10.790868759357645        10.539847100023833     
   18710.483056063735       -1.8233610000000000       0.11570670280640535        8.1269684000000009        1.1654299999999999E-002   11.006548317780018        10.912706385555760        11.155566240852780        10.680435911507251        10.851722132755762        11.191325718753960        11.480138645703095        11.769900299477039        10.879722132755761        11.193325718753963        11.489058367252783        11.725392425877034        11.906392425877039        9.9234359115072497        10.929292048481196        11.015644343430326        11.087232182228528        11.166978088802468        11.472838257351606        11.566092037525545        11.655014248200112        10.820205087434074        10.559822675343428     
   18597.304415173952       -1.8342410000000000       0.11889558053501764        8.1273061000000002        1.1649700000000001E-002   11.019158111119800        10.925768893459107        11.166816539701891        10.694388989737714        10.864787342259106        11.203254752310233        11.491618340572153        11.780696532962583        10.892787342259105        11.205254752310232        11.500307315301889        11.736187308562585        11.917187308562582        9.9373889897377126        10.942577874928148        11.028487585190064        11.098936546441195        11.177996290031626        11.483415224693545        11.575984192683975        11.664684435614934        10.850469397952665        10.580569173627275     
   18481.873782121365       -1.8453990000000000       0.12221451026972813        8.1276487999999993        1.1645100000000000E-002   11.032036737970516        10.939144727074174        11.178344112388119        10.708708673849346        10.878201401706319        11.215474828299003        11.503344112388115        11.791761012316600        10.906238422345689        11.217510312531148        11.511833517188117        11.747250417116602        11.928177912245088        9.9516731896172050        10.956181747713545        11.041639492034806        11.110927212459631        11.189287437755974        11.494255777277230        11.586126597773573        11.674564688102061        10.881497306095385        10.601781953089921     
   18363.776565174969       -1.8568830000000001       0.12568368295330379        8.1279964000000007        1.1640500000000000E-002   11.045378864042029        10.953189673772577        11.190498113215376        10.723913535642424        10.892479560963825        11.228345955902725        11.515498113215376        11.803441233876075        10.920758538711876        11.230611871893977        11.523986127615377        11.758929248276075        11.939384354536777        9.9666476196511766        10.970468651520626        11.055446652824525        11.123554992554677        11.201208226024129        11.505698212928024        11.596863431997477        11.684830523858174        10.914194459996530        10.623844996940679     
   18242.947150894448       -1.8687030000000000       0.12931116456830488        8.1283502999999993        1.1635700000000001E-002   11.059087886828241        10.967603453157796        11.202977206372108        10.739513545315418        10.907131338122575        11.241559349000173        11.527990934003753        11.815421110010909        10.935630255557797        11.244045947800178        11.536492016568531        11.770922192575686        11.950908464944042        9.9820124627506424        10.985130581989441        11.069643983189444        11.136518818968529        11.213463805172108        11.517434184779265        11.607892572182845        11.695363278221645        10.947690622849908        10.646476163728622     
   18119.449544689225       -1.8808620000000000       0.13310086977646149        8.1287087000000007        1.1630900000000000E-002   11.073702691601865        10.982725552142265        11.216121910057291        10.755860785854951        10.922509234612464        11.255441970429578        11.541375264208336        11.827816025765850        10.950755221742265        11.257927135629581        11.550129277078534        11.783570038636048        11.963316684485006        9.9981067729847499        11.000493741093310        11.085008575893307        11.150158946678536        11.226607075257293        11.529592341214807        11.619555304593563        11.706279089902120        10.982315107721790        10.670222824054443     
   17993.597438300942       -1.8933359999999999       0.13705564803697842        8.1290735999999999        1.1625999999999999E-002   11.088620243544272        10.998174536010866        11.229543412803887        10.772546518104457        10.938219512630655        11.269613999670474        11.555027118403887        11.840472825937296        10.966207124810863        11.272110927697478        11.564027118403887        11.796485213757089        11.975988285730084        10.014534130284661        11.016174536010864        11.100678442591070        11.164097705270477        11.240013895976881        11.542008486710296        11.631453359636494        11.717414526962694        11.017675672929508        10.694472576453196     
   17864.258728227345       -1.9062349999999999       0.14120783762909217        8.1294427999999996        1.1621100000000001E-002   11.104375105602891        11.014697675292371        11.243746210341619        10.790088122266553        10.954995051094762        11.284586551231101        11.569228439141618        11.853905869452138        10.982733217692370        11.287349911715800        11.578228439141618        11.810167702854528        11.989404342369827        10.031826288864163        11.032697675292368        11.116953613089983        11.179068780031098        11.253947307456919        11.555178051367438        11.643836183395646        11.729012086623854        11.055405930263085        10.720293334860003     
   17732.174643587339       -1.9195020000000000       0.14554992863824037        8.1298171000000004        1.1616100000000001E-002   11.120532653341492        11.031601207038364        11.258316001335764        10.808068882066880        10.972157500015580        11.300014897164278        11.583799480664542        11.867691154661678        10.999711045264014        11.302943595738629        11.592762456087328        11.824171886261677        12.003137609413244        10.049588150466882        11.049709533041231        11.133676768415580        11.194390050490192        11.268243187687325        11.568726943732898        11.656477250384725        11.740923705136289        11.094109363141342        10.746765997854506     
   17596.893272908659       -1.9331879999999999       0.15010615932059393        8.1301979000000006        1.1611000000000000E-002   11.137515691932663        11.049102652170411        11.273652944536952        10.826917745176633        10.989942390559904        11.316717536743173        11.599157619607567        11.882226245909710        11.017756662278778        11.319105109834805        11.607838672818076        11.838705454309711        12.017411974190839        10.068438536776636        11.068034025868268        11.151463182159905        11.210290838115935        11.283317881218078        11.583242362439094        11.669388965184616        11.753574693465740        11.134874634430123        10.774556314099971     
   17458.100932499619       -1.9473290000000001       0.15489294473886248        8.1305832000000002        1.1605900000000001E-002   11.155078520411443        11.067288992110424        11.289451010760416        10.846488397679408        11.008413712951445        11.333830868900421        11.615053398801439        11.897283414490417        11.036501253980425        11.335998465170423        11.623531066001441        11.853761081690415        12.032195873461436        10.087923189450429        11.086811324910425        11.169855990510424        11.226830868900421        11.298928677960419        11.597868166709389        11.682780625680408        11.766525488381429        11.176841092291511        10.803207117811475     
   17316.295963518271       -1.9618880000000001       0.15991166981096400        8.1309740000000001        1.1600600000000001E-002   11.173419731818370        11.086491723203885        11.305817642474249        10.867107362735325        11.027889364110223        11.351335066766104        11.631691387380592        11.913082826328321        11.056274331349812        11.354069882912029        11.640167491380588        11.869558930328321        12.047697859088736        10.108246291495739        11.106015619203884        11.189063411203882        11.244335066766105        11.315293746474250        11.612263345130128        11.696878377890542        11.779758594505026        11.220132162239153        10.832877094736908     
   17171.213970580331       -1.9769000000000001       0.16518168256625523        8.1313682000000007        1.1595400000000000E-002   11.192662941565757        11.106452612883434        11.322876892295042        10.888503190374550        11.048143685345355        11.369558126130396        11.648876892295039        11.929396148515441        11.076503558483434        11.372558126130397        11.657517019156959        11.885886730921605        12.063571586803924        10.129353645918794        11.126127630139191        11.208863431621513        11.262392526468478        11.332201875039285        11.627606477197762        11.711301171706648        11.793626154450887        11.265366607317056        10.864026240037010     
   17022.564953353973       -1.9924040000000001       0.17073537877572220        8.1317693000000002        1.1590000000000000E-002   11.212842377643614        11.127225040630197        11.340676339697279        10.910731063079677        11.069231621140471        11.388549974470447        11.666676339697279        11.946287096200422        11.097279195030197        11.391549974470447        11.675628765807549        11.902809285434383        12.079899545247795        10.151300826203364        11.147182354706512        11.229326768919925        11.281070471160174        11.349719025620967        11.643904433213837        11.726127638764357        11.808170324688046        11.312575536916210        10.896676149561880     
   16870.618316956854       -2.0083869999999999       0.17657244041162523        8.1321761000000006        1.1584600000000000E-002   11.233551018082615        11.148813459075203        11.359225825414342        10.934078995271722        11.091114775946959        11.408562195750442        11.685469733486094        11.963662067549997        11.119114775946962        11.411562195750442        11.694196114825679        11.920434680021749        12.096917153289578        10.174607699671721        11.169057367146962        11.250870867875204        11.300515964618270        11.367952206753927        11.660399626557407        11.741608481164818        11.822847046360891        11.361702548094726        10.930649562190411     
   16714.792901664892       -2.0249190000000001       0.18273342808146026        8.1325894000000005        1.1579100000000000E-002   11.254891419591598        11.171173076378281        11.378402795426943        10.958366674967003        11.113769572962916        11.429214809813622        11.704872437826943        11.981656920024896        11.141844262371620        11.432214809813622        11.713350630651007        11.938656920024897        12.114516091631558        10.198756204173662        11.191783547171621        11.273233791578278        11.320684452213623        11.386797748418239        11.677309124253579        11.757497109866897        11.837811949664854        11.412609865265281        10.965826896638429     
   16556.403418014972       -2.0418759999999998       0.18917558652871513        8.1330059000000006        1.1573500000000000E-002   11.276899051346666        11.194447824002546        11.398213497836887        10.983862738788348        11.137342242128506        11.450294294092766        11.724681474236887        12.000495096106965        11.165754233930487        11.453294294092766        11.733199047912910        11.957495096106966        12.132720709779024        10.223620376060408        11.215690186730486        11.296511871202545        11.341762270492767        11.406269482434903        11.694583928925129        11.773503132669246        11.852848778139323        11.465651839815729        11.002389700889287     
   16394.870854536020       -2.0593290000000000       0.19594679057968387        8.1334262000000006        1.1567900000000001E-002   11.299798834387547        11.218415435833039        11.418622126005546        11.010098074096826        11.161835952414899        11.472221295687474        11.744892336341907        12.019517598378195        11.190369657214896        11.475417380551116        11.753622126005547        11.976938114960051        12.151321513514555        10.249827863760467        11.240302247614897        11.320482845433043        11.363267074305620        11.426358631541907        11.712210270014483        11.789835532050768        11.867994498887059        11.520594087825765        11.040554184352088     
   16229.195803444105       -2.0773999999999999       0.20310986833973352        8.1338557999999992        1.1562200000000000E-002   11.323624015332419        11.243255025704867        11.439717064399273        11.037265846661510        11.187299581902840        11.494993004959971        11.765717064399274        12.039015207626827        11.215751788316615        11.498502137957944        11.774717064399274        11.997015207626829        12.170506074628852        10.277182629875286        11.265808714900812        11.345203994730392        11.385418921171722        11.447098424413051        11.730339641056409        11.806599123695710        11.883510011299760        11.577712458814018        11.080311542399761     
   16060.571678641958       -2.0959780000000001       0.21063465014657395        8.1342870999999999        1.1556500000000001E-002   11.348430271322806        11.269408549493670        11.461511560974573        11.065791506628893        11.213815553972596        11.518451993151940        11.787511560974574        12.059458986003706        11.241594989087163        11.522321849230869        11.796511560974574        12.017458986003708        12.190589129924779        10.305033793343464        11.292685410051527        11.370374424201733        11.408564135945435        11.468216699289139        11.749073703353917        11.823670419576546        11.899856410618691        11.637941179444207        11.121650910652106     
   15889.930584981681       -2.1149659999999999       0.21850903216071554        8.1347220000000000        1.1550700000000001E-002   11.373727634757188        11.296069302077331        11.483526246456822        11.095058196717627        11.240845450425017        11.542826245097114        11.809966524116891        12.080547080796748        11.268587355737406        11.546385967437040        11.818729263769210        12.038547080796750        12.210666525476601        10.334295457065309        11.320048467737404        11.396448705729650        11.432385967437039        11.489987358456819        11.768226247816528        11.841108432148697        11.916184343863844        11.699730412401141        11.163884584259019     
   15719.582234695667       -2.1341220000000001       0.22663407869363680        8.1351531000000001        1.1545000000000000E-002   11.399178563648457        11.322881293370893        11.505570208342371        11.124705361876979        11.268018412347695        11.567475833926020        11.832570208342370        12.101664582758717        11.296018412347694        11.570475833926020        11.841029595942368        12.059720476935519        12.230664582758719        10.364124303215762        11.347599471008911        11.422840847109674        11.456354162864807        11.511907924881152        11.787365346459483        11.858515615052633        11.932328167106997        11.762207856276627        11.206598170701325     
   15550.451389692913       -2.1533359999999999       0.23496766082608628        8.1355760999999998        1.1539300000000001E-002   11.424955791011747        11.350009875494205        11.527964818805604        11.155204716900347        11.295459814377896        11.591901706529288        11.854964818805605        12.122027931081920        11.323459814377898        11.594901706529289        11.863422514405606        12.080393261165614        12.251027931081918        10.393948826859120        11.375715704419125        11.449296289852978        11.480103512088061        11.533624319964378        11.806066212115770        11.875494654475776        11.948263595677016        11.825858548920536        11.250626301324910     
   15382.750639029735       -2.1725910000000002       0.24351803347077697        8.1359931999999997        1.1533800000000000E-002   11.450442098596838        11.377305118128483        11.550097111377433        11.186097417600628        11.323318088372361        11.616048076509074        11.877097111377431        12.142615143689671        11.350849090928477        11.619261952100214        11.885553138577432        12.101071170889668        12.270891024393045        10.424386268547885        11.403774115572361        11.475668944431860        11.503792954656333        11.555084141133548        11.824497002305286        11.892257186226381        11.963775218538622        11.890305138185820        11.295147269269386     
   15216.402935132710       -2.1918890000000002       0.25228877208907924        8.1364035999999995        1.1528300000000000E-002   11.475886046270260        11.404609208389198        11.572079716713445        11.217141851546012        11.351289211048668        11.640089559981766        11.899079716713446        12.163130937535039        11.378289211048669        11.643556205661410        11.907607426483002        12.121719711394507        12.290450934875567        10.455080787456099        11.431877984908136        11.501959370439819        11.527421817401942        11.576399714053975        11.842727772756630        11.908913381837694        11.979098990918752        11.955264429297879        11.339946100364424     
   15051.438208229647       -2.2112280000000002       0.26128987264764741        8.1368077999999997        1.1523000000000000E-002   11.501768761303534        11.431810024437699        11.594003278301045        11.248292120240187        11.379151502804781        11.664292861339035        11.921003278301047        12.183073305599805        11.406151502804779        11.667820656632628        11.929890683931383        12.142320321566885        12.309731827232724        10.485932509903442        11.460398518771861        11.528203398133876        11.551026409465550        11.597661799933967        11.860690564098558        11.925554838564395        11.994419113030233        12.021387220095502        11.385311485179237     
   14887.884812459102       -2.2306070000000000       0.27052497479530652        8.1372057000000009        1.1517700000000001E-002   11.527366786902796        11.459163346353286        11.615676022401814        11.279807299538859        11.407160629903451        11.688469865402467        11.942878357667382        12.203230278101486        11.433712169153289        11.692221023468036        11.951429896917219        12.162681455301488        12.329232994551322        10.517109996854266        11.488814142369016        11.554566405718525        11.574570227452305        11.618678738851649        11.878436435100831        11.941542230050342        12.009544946500178        12.088226515313266        11.431124613242460     
   14725.701744642543       -2.2500290000000001       0.28000564915535486        8.1375980999999999        1.1512500000000000E-002   11.552749799576249        11.486490986240538        11.637166641447669        11.311472869690876        11.435138571661968        11.712511714812285        11.964572550326567        12.223324669983382        11.461138571661968        11.716511714812286        11.972572550326566        12.182827771883707        12.348686880141178        10.548429170969774        11.517188474183724        11.580846992597676        11.598008612911960        11.639572550326568        11.896033090919088        11.957191119454803        12.024499835312268        12.155559672533803        11.477157916783758     
   14564.983601559828       -2.2694809999999999       0.28973698291546524        8.1379859999999997        1.1507399999999999E-002   11.578131440851335        11.513799693632619        11.658691047288771        11.343628907553024        11.463091703226377        11.736319718834137        11.985807512459095        12.242918906507489        11.489091703226377        11.740319718834135        11.993807512459094        12.202775437271574        12.367703780848133        10.580297316723344        11.546136355584222        11.606871506445094        11.621463188070054        11.660807512459092        11.913698709726207        11.972926568944926        12.039302968521488        12.225000767991146        11.524098472209522     
   14405.687849270011       -2.2889650000000001       0.29973029118396805        8.1383691000000002        1.1502300000000000E-002   11.603699832080959        11.541318449284098        11.680059091860517        11.375913734308806        11.491208826492642        11.760330360870849        12.007059091860519        12.262582667850410        11.516831577889722        11.764330360870847        12.015267890059167        12.222751118254681        12.386758895647489        10.612467210708807        11.574864148291287        11.632908630279609        11.644744314069282        11.681681843257600        11.931073673438728        11.988388451229969        12.053633954024132        12.294826723679737        11.571414224378888     
   14247.871840593178       -2.3084810000000000       0.30999083725181681        8.1387476999999997        1.1497300000000000E-002   11.629298574499797        11.568878166979170        11.701242774238464        11.408184551153381        11.519336413252363        11.784390594591033        12.028242774238462        12.282217236325584        11.544332625050304        11.788386806388973        12.036793040602896        12.242666969961148        12.405763714487955        10.644731029315755        11.603353438527618        11.658862077937423        11.667823302951346        11.702225748963206        11.948183185775070        12.003602657062190        12.067589419988996        12.364712334686272        11.618838588092002     
   14091.492700121285       -2.3280280000000002       0.32052995941849299        8.1391211000000006        1.1492300000000000E-002   11.654915579096127        11.596302525576839        11.722758576540365        11.441579193731144        11.547732897735028        11.808688863979263        12.049758576540363        12.301856488941819        11.572451695894188        11.812407662138426        12.057962233581691        12.262652831900496        12.424778944142304        10.677501648931631        11.633000956134055        11.685106092695641        11.691217148538907        11.722490518141335        11.965320372143758        12.018861800145217        12.081874943587025        12.436889004101069        11.667592237478178     
   13936.605283372637       -2.3475950000000001       0.33135449816472423        8.1394888999999999        1.1487499999999999E-002   11.680468547277208        11.623924907143248        11.744023446493742        11.474863201423933        11.576066392891857        11.832707810677682        12.071023446493744        12.321374803012112        11.600482862743249        11.836265766277680        12.079023446493743        12.282262709894216        12.443537693996994        10.710421157023934        11.662432064876263        11.711138595995109        11.714454231811168        11.742769867627231        11.982106908679565        12.034041795346546        12.096006074644240        12.509345827747048        11.716568345071078     
   13783.134685656956       -2.3671940000000000       0.34247548028082514        8.1398515000000007        1.1482700000000000E-002   11.706092667635698        11.652003106665184        11.765078834608861        11.508190435756305        11.604488369697325        11.856490283863579        12.092078834608859        12.340858649061975        11.628562512665184        11.860049689863580        12.100078834608862        12.301476450836741        12.462065330772461        10.743749841756301        11.691738029179927        11.737034271860924        11.737622822606205        11.763211373351488        11.998521342775113        12.049227014260371        12.110035750552537        12.582575417485497        11.766126626673209     
   13631.197178014949       -2.3868070000000001       0.35390033465756293        8.1402111999999995        1.1477899999999999E-002   11.731853059706724        11.679984368550285        11.786051369403202        11.542262638537883        11.633437807654621        11.880427425842901        12.113260060911399        12.360064890739379        11.656487385078739        11.884196962151099        12.121260060911398        12.320834427047577        12.480589679451439        10.777348272049947        11.721618693922304        11.763328270994661        11.760952214554960        11.783784849623457        12.015164045587619        12.064177566923801        12.123787989147919        12.657577006117817        11.816323807004073     
   13480.717258573293       -2.4064450000000002       0.36564121193730770        8.1405650999999999        1.1473199999999999E-002   11.757493638953807        11.707802162816638        11.806876591228153        11.576411166248963        11.662360401069972        11.904228482778610        12.134357698515785        12.379049174652959        11.684283270104267        11.908228482778611        12.142280567550078        12.340126305618664        12.499005806965325        10.810930058961336        11.751514663001387        11.789537006641439        11.784151351812906        11.804203436584370        12.031740650790130        12.078913234214934        12.137388759239673        12.732921228092227        11.866647964254465     
   13331.837148115927       -2.4260899999999999       0.37770466927803065        8.1409161999999995        1.1468600000000001E-002   11.783063792554477        11.735754398184623        11.827682581294185        11.610984552902183        11.691242534713256        11.927752336845431        12.155498066415285        12.397807460785140        11.712569883305720        11.931752336845429        12.162825415007747        12.359480112192676        12.517428310864043        10.845169067781084        11.781587837528329        11.815442942475576        11.807079685437893        11.824152763600212        12.048116855154996        12.093241734645952        12.151047099603753        12.810036304323697        11.918491443720734     
   13184.479825211112       -2.4457439999999999       0.39010439773387173        8.1412616999999994        1.1464000000000000E-002   11.808727565186333        11.763775887982957        11.848630919593090        11.645528682073669        11.720151961520868        11.951506369888866        12.176482831732690        12.416582596796468        11.741037968682113        11.955506369888868        12.183630919593091        12.378582596796468        12.535641476458556        10.879528682073667        11.811562130080423        11.841406604825091        11.830096201329313        11.844220751033534        12.064386186139446        12.107599944041981        12.164396743004909        12.887733680549092        11.970505095887093     
   13038.721225820591       -2.4653969999999998       0.40284757349420780        8.1416026000000006        1.1459499999999999E-002   11.834533071865463        11.791913532252336        11.869772151091722        11.680076977516228        11.749125080465793        11.975564136975310        12.197293469111743        12.435391690704853        11.769758647349052        11.979564136975311        12.204772151091722        12.397391690704852        12.553613732091398        10.914076977516229        11.841448877542488        11.867465915382203        11.853240339898617        11.864448354015027        12.080532548338004        12.121997203047853        12.177374129337677        12.966260632486792        12.022796863534500     
   12894.544343081652       -2.4850479999999999       0.41594918206567960        8.1419402000000005        1.1455099999999999E-002   11.860462812967846        11.820389597831085        11.890666409318786        11.715498276038293        11.778243659658759        11.999525611532281        12.218338142871328        12.454400941435761        11.798389597831086        12.003525611532279        12.225666409318787        12.416822764063436        12.571557296180419        10.948894125135492        11.871837393989232        11.893702307320392        11.876593194182025        11.884733991968528        12.096541739222271        12.136276271339252        12.190432626083904        13.046743908101909        12.076246511048716     
   12752.049797479700       -2.5046909999999998       0.42941709510116888        8.1422769000000006        1.1450699999999999E-002   11.886249207638077        11.848780852257104        11.911323000347345        11.750971606209458        11.807203545467189        12.023278471429130        12.239318334126047        12.473347597917101        11.826780852257102        12.027278471429128        12.246323000347346        12.436339398727185        12.589363996296939        10.983552445967998        11.902183614118726        11.919813649016781        11.899854644966375        11.904899173884591        12.112392126835317        12.150416724405076        12.203433122784912        13.127322736953197        12.129712765100678     
   12614.673083255064       -2.5238309999999999       0.44290349004310137        8.1426002000000004        1.1446400000000001E-002   11.911795531578356        11.876763708386964        11.931923762575540        11.786398267983991        11.836275922920926        12.046630300910437        12.259923762575539        12.491991077248308        11.854996253727652        12.050630300910434        12.267156307916228        12.454991077248309        12.607217224240642        11.018118598790721        11.932358538254881        11.945598477719045        11.922350631717165        11.924876638722957        12.128284538913412        12.164119308245489        12.216269238252220        13.207785496676330        12.183261420994324     
   12478.718849569666       -2.5429750000000002       0.45677847745440220        8.1429208000000006        1.1442200000000000E-002   11.937138900783875        11.904564523792480        11.952372779368385        11.821576441519571        11.865126629498914        12.069883526978710        12.280372779368381        12.510472801769200        11.883041504897193        12.073847066681697        12.287764635871373        12.473509262066205        12.624910696062766        11.052576441519570        11.962296878702357        11.971224025385595        11.944761942079978        11.944679511269651        12.143998514455880        12.177743140650716        12.229013412254975        13.288067406471047        12.236640927181536     
   12344.428825348983       -2.5620889999999998       0.47102964925960528        8.1432418000000002        1.1437900000000001E-002   11.962523896499368        11.932635319992391        11.972923334211933        11.856935635395603        11.894041186212354        12.093657042403555        12.300923334211932        12.528952040961633        11.911418901513750        12.097391306426315        12.308084631034687        12.492217776938878        12.642546174741669        11.087935635395601        11.992285755609563        11.997146181197971        11.967769021727710        11.964462346336083        12.159484068747252        12.191617214651442        12.241890490798353        13.370696688872760        12.291337884545348     
   12219.093837011100       -2.5801200000000000       0.48484312657575090        8.1435414000000002        1.1434000000000000E-002   11.986414369530626        11.959032492790405        11.992178123011071        11.890383677992203        11.921279742094312        12.115919870922804        12.320249104033534        12.546310433632739        11.938032492790404        12.119494036522800        12.327249104033532        12.509807249055205        12.659063184328827        11.121260053340245        12.020526991398226        12.021485350553091        11.989299430848382        11.983001854729620        12.174065501143469        12.204641983558110        12.253897918831735        13.448686164949654        12.342886809092095     
   12093.638983347002       -2.5983470000000000       0.49918556895096666        8.1438424999999999        1.1429999999999999E-002   12.011021385003270        11.986148605336334        12.011766944337152        11.925314758088119        11.949399493469558        12.138519608736823        12.340126806089758        12.564106120384709        11.965148605336333        12.142094978736823        12.347126806089756        12.527890612137314        12.675855232251488        11.155689314021506        12.049650381602779        12.046381246755880        12.011109672917604        12.001875917956534        12.189137947737644        12.217996033223804        12.265960653337972        13.529495750463818        12.396096326800157     
   11972.504253293142       -2.6161300000000001       0.51357242941711756        8.1441358000000008        1.1426199999999999E-002   12.027030235819780        12.003051753011110        12.026265905705309        11.946051237219404        11.966679911298780        12.153626454681945        12.354317773930152        12.578354371500811        11.982073716963619        12.157219666653273        12.361575033218291        12.542135101270979        12.690197815470324        11.176183249034739        12.067714112713450        12.062140218806608        12.025757705877460        12.015953574397148        12.205125937591699        12.235200609229651        12.281957918683666        13.615843115722662        12.430241773572849     
   11855.012056767842       -2.6335459999999999       0.52804505124557344        8.1444203000000002        1.1422399999999999E-002   12.051093962423387        12.029279027922364        12.046131379152861        11.979188935196966        11.993389210866429        12.176118764420934        12.374296843241275        12.596526265426814        12.008348906517625        12.179845784664586        12.381838113428806        12.560518306337094        12.707701389117084        11.208678214209776        12.095780597065541        12.086673914196318        12.047616650332987        12.035325769678209        12.221129474182607        12.249584406154632        12.295363230912756        13.699623651613415        12.481118811116552     
   11739.618933550653       -2.6508300000000000       0.54284578592585853        8.1447114999999997        1.1418599999999999E-002   12.074697495833069        12.054985880152286        12.065975235268967        12.011784109301997        12.019598299908141        12.198387748582460        12.394114849272428        12.614706798903731        12.034053016913857        12.202326720165795        12.401975235268965        12.578846412907195        12.725200136528796        11.240779859737620        12.123321453279091        12.110697495833071        12.069285195899999        12.054529831733385        12.237145731316234        12.264161577230793        12.308956241443175        13.782591635690144        12.531073372381320     
   11637.963746880385       -2.6661860000000002       0.55630868837826342        8.1449622999999995        1.1415300000000000E-002   12.096837345077093        12.078700523295476        12.084574092890685        12.041693958525199        12.044048517022942        12.219103610185696        12.413028340733087        12.631933324475904        12.057960379822442        12.223069488867603        12.420558801592167        12.596366178189859        12.741679058521450        11.270696522634070        12.148648913529970        12.132807435191745        12.089669109147872        12.072518429684409        12.252365799648738        12.278431409725224        12.322534446556093        13.859028122361787        12.576568418017311     
   11531.080393358405       -2.6824810000000001       0.57098777776224141        8.1452270999999996        1.1411800000000000E-002   12.120709732070541        12.104122796449150        12.104953983935690        12.073251167896824        12.070223114083500        12.241435337764546        12.433658113016161        12.651040541687458        12.083631485402837        12.245302705107047        12.440837840378858        12.615800076557193        12.760249505166623        11.302179273006889        12.175689456234988        12.156609452153521        12.111571555264394        12.092390740282116        12.269744132460186        12.294958405138825        12.338608807829967        13.940359006977619        12.623590451206585     
   11425.047122786482       -2.6987950000000001       0.58610676804514150        8.1454951999999992        1.1408300000000000E-002   12.144948576586707        12.130322887995270        12.126116465167655        12.105617670134613        12.097157731405986        12.264145776301810        12.454789193072259        12.671128867102077        12.109954554138795        12.267984226141881        12.461905229664207        12.636003454173689        12.779908288160954        11.334201822033808        12.203617502806946        12.181007024536527        12.133964823791594        12.113232587720915        12.288077446458132        12.312397632176364        12.355580052915499        14.024729069296207        12.671179116600442     
   11324.264380177096       -2.7144499999999998       0.60105429918094155        8.1457561999999992        1.1404900000000001E-002   12.168391268643221        12.155750363706234        12.146777120786476        12.136704776134417        12.123346067886134        12.286135745589865        12.475448842187086        12.691021128127408        12.135496429791358        12.290039408137764        12.482517742049248        12.655878687044867        12.799446365391626        11.364932933792966        12.230637707206428        12.204732201679464        12.155823812660119        12.133695352150289        12.306428013970725        12.329935372931748        12.372668288592772        14.106609972588556        12.716340936877303     
   11229.230588039789       -2.7293360000000000       0.61568054833234875        8.1460042000000001        1.1401600000000000E-002   12.191057980554186        12.180161334887886        12.166820596567304        12.166225434812644        12.148494555386185        12.307432602404246        12.495526524548138        12.710459234956369        12.160118410179768        12.311408255040822        12.502526524548140        12.675261958478776        12.818653891741262        11.394128137895526        12.256441706533549        12.227676556259985        12.176973379549986        12.153504592927783        12.324654923089303        12.347468502213195        12.389826136002915        14.185234438437886        12.758708842571769     
   11137.122587167152       -2.7438920000000002       0.63043122681882846        8.1462512999999994        1.1398400000000000E-002   12.214310315142733        12.204736450124827        12.187445241250689        12.195792365850490        12.173714192007253        12.329357255421918        12.516091259449112        12.730355959664543        12.185115661240431        12.333290873969322        12.523091259449110        12.695195820655265        12.838510561288857        11.423302022704206        12.282396228233011        12.251082694500187        12.198307215003759        12.173700042313691        12.343779764440832        12.365843932469183        12.407933371103848        14.265204221833407        12.800550970177170     
   11050.527253600703       -2.7576890000000001       0.64484898436536242        8.1464871999999993        1.1395300000000001E-002   12.236385136260827        12.227939606274871        12.207147787647179        12.223509104819941        12.197539748522734        12.350183856760934        12.535737759185421        12.749414747007224        12.208732141979636        12.354176104805182        12.542737759185419        12.714306374568698        12.857588859919202        11.450706671585172        12.306953665626201        12.273301452780883        12.218578359232238        12.193039675650935        12.362325643684974        12.383645611226390        12.425465115560518        14.340858801111851        12.839553524820195     
   10966.978700339085       -2.7710990000000000       0.65924643072093025        8.1467142999999993        1.1392299999999999E-002   12.259023665680704        12.251237921293775        12.228427133771508        12.250215498717033        12.221284187519519        12.371829099606014        12.556999335720445        12.770530392770223        12.232180315808765        12.375761100140451        12.563999335720446        12.735486374728634        12.878675671566899        11.477206172544125        12.331258821823745        12.295712775370550        12.240065291484576        12.214235527599008        12.382783210076322        12.403592336279257        12.444417239157723        14.420607806512788        12.875705193908818     
   10882.307661669358       -2.7847990000000000       0.67443650749471751        8.1469480999999995        1.1389200000000000E-002   12.282796329492429        12.275763289906441        12.250972396110930        12.277750760769438        12.246268512502022        12.394699343501147        12.579624417394919        12.793216798557035        12.256750108909822        12.398493748231667        12.586624417394917        12.758160730335087        12.901140605493433        11.504537004837916        12.356639956143121        12.319240588647050        12.262999614413227        12.236924688306994        12.404547434046437        12.424855345651382        12.464468405948312        14.507162682229380        12.912580089816084     
   10800.503450644836       -2.7981360000000000       0.68969278137560852        8.1471775999999991        1.1386200000000001E-002   12.305937614322826        12.299631779677597        12.273085982011882        12.304267841152491        12.270407428633366        12.417055380210915        12.601829980343012        12.815431184340131        12.280575389931148        12.420767272853862        12.608829980343014        12.780399053073328        12.923069734812792        11.530856577131114        12.381197825409306        12.342160403092763        12.285417560541635        12.259192160673734        12.426058113629988        12.445607097783292        12.484064791122165        14.592867740907455        12.947688899093311     
   10720.647094238875       -2.8112539999999999       0.70519785183698169        8.1474039999999999        1.1383300000000001E-002   12.329086445759899        12.323463908845110        12.295379765699447        12.330523328802176        12.294344534874160        12.439460787181201        12.624133560635787        12.837638214714605        12.304251291323073        12.443173846080839        12.631169098187005        12.802730891523087        12.945049879302918        11.556954797142428        12.405607965222448        12.365050095688471        12.307824977759520        12.281532727212021        12.447713772298879        12.466314215475251        12.503552544764599        14.681398490747018        12.982019438890735     
   10642.630887104431       -2.8241670000000001       0.72101253728500680        8.1476304000000006        1.1380299999999999E-002   12.352594121145417        12.347510122564403        12.318148624079809        12.356874343669608        12.318514220381273        12.462211740639043        12.646726203728848        12.860047591783070        12.328087208184835        12.465997407817083        12.653887767950367        12.825365036669803        12.967417016195052        11.583243476347027        12.430185450813001        12.388255999271019        12.330489316445233        12.304144032234335        12.469420134341780        12.487207306453103        12.522995294453546        14.775258581328261        13.016160405039466     
   10567.372096604799       -2.8367160000000000       0.73691933512662078        8.1478520000000003        1.1377399999999999E-002   12.375461495757193        12.370780731527713        12.340376468781848        12.382191656209514        12.341990451216443        12.484408947783272        12.668740642800280        12.881915098881841        12.351184695959173        12.488264866153081        12.676067419908492        12.847419846704270        12.989244207251051        11.608544296947308        12.453895170867440        12.410892285905227        12.352616544803887        12.326206539506142        12.490405834888502        12.507552114156923        12.541824429192090        14.868366365616232        13.048803091989861     
   10495.110125327643       -2.8488530000000001       0.75286029150984424        8.1480686000000002        1.1374600000000000E-002   12.397658765499884        12.393257082472889        12.362010265569975        12.406497730151859        12.364744396157285        12.506020322060650        12.690156347167729        12.903192684601485        12.373551769746939        12.509945386260341        12.697662101177066        12.868846015155682        13.010459759333887        11.632864348340345        12.476742359556994        12.432917886986537        12.374172459284338        12.347679998285884        12.510667745303870        12.527274301253673        12.560010486890427        14.960793634481220        13.079961231290518     
   10424.158350458516       -2.8608509999999998       0.76915593403284810        8.1482825999999999        1.1371800000000000E-002   12.420453196133035        12.416222767241344        12.384051306417351        12.431526276140797        12.388010232780424        12.528340799735776        12.712366198847032        12.924920652512430        12.396857571314950        12.532333963414722        12.719772556974259        12.890644880117893        13.031813265343022        11.657739130319104        12.500272098522117        12.455488328390253        12.396401822686567        12.369708118051513        12.531581256524433        12.546844379400326        12.578390784343114        15.062891552799719        13.111393643628432     
   10354.282265488093       -2.8727490000000002       0.78590005157834075        8.1484971000000002        1.1368899999999999E-002   12.443813942569992        12.439814103220584        12.406536534999738        12.456034848445050        12.411878810181030        12.551510735296095        12.735158720548849        12.947029205531319        12.420940871423667        12.555510735296096        12.742383137950029        12.912765595821252        13.053561627815395        11.682079243617878        12.524270594010790        12.478924862118333        12.419318478106774        12.392165517429042        12.552034089926551        12.565393435787833        12.595275574025116        15.177502983440085        13.140878309599316     
   10285.987684478017       -2.8844569999999998       0.80295654100551228        8.1487081999999997        1.1366200000000000E-002   12.466837373490966        12.463137751791093        12.428736682749657        12.479904360982720        12.435415695513610        12.574410400153374        12.757621887557770        12.968760405431413        12.444688280374679        12.578410400153372        12.764690171503188        12.934499542956429        13.074983457304578        11.705798266435485        12.547856092817918        12.502131232760847        12.441957462523552        12.414303052877782        12.572034001948948        12.583337290339740        12.611430847511459        15.295405364070403        13.169245027860191     
   10217.226003128828       -2.8963150000000000       0.82047458210905988        8.1489132000000009        1.1363500000000000E-002   12.490333697537313        12.487230584313643        12.451304806606700        12.504489782534918        12.459675185518158        12.597731892759484        12.780341299273086        12.990653720838871        12.468959862603874        12.601731892759485        12.787304806606702        12.956473249949156        13.096593178948979        11.730313944461088        12.572199072217408        12.526015704238453        12.465053642756345        12.436665748386133        12.591830620641279        12.601165207765344        12.627317189238070        15.423198520537028        13.198556278009079     
   10145.185679531061       -2.9088289999999999       0.83982746431219857        8.1491351999999999        1.1360600000000000E-002   12.515285603246607        12.513017351560439        12.475041575423020        12.530911778809642        12.485662642093896        12.622382567875430        12.804138704207698        13.013513925157209        12.494770074788622        12.626382567875428        12.811041575423019        12.979507388427212        13.119043062517566        11.756719389497260        12.598365649868288        12.551528269297972        12.489511510926885        12.460054648883013        12.612026907915681        12.619502089692926        12.643550611070513        15.567668331430554        13.230122984123277     
   10078.154224159496       -2.9205600000000000       0.85888703670800826        8.1493515999999993        1.1357799999999999E-002   12.538556793207746        12.536971328374250        12.497087963030467        12.555491805979024        12.509838868554773        12.645325677547568        12.826217453610585        13.034720472469207        12.518804991461856        12.649325677547569        12.833087963030465        13.000875776487316        13.139738236946545        11.781249113362136        12.622708543353337        12.575286273197584        12.512287499143405        12.481777354994250        12.630719798178074        12.636440487075539        12.658555737769266        15.706649464802602        13.259253845521219     
   10015.047190210196       -2.9316770000000001       0.87741791939654834        8.1495540000000002        1.1355100000000000E-002   12.560508534593595        12.559482930416998        12.517803482085050        12.578623850256641        12.532591166913470        12.666926687560018        12.846942385829941        13.054624096397859        12.541444882597652        12.670926687560019        12.853803482085048        13.020931766040860        13.159046021866807        11.804302935548186        12.645617751053983        12.597665458363458        12.533741572360448        12.502188142799053        12.648226643193915        12.652273591314085        12.672589726204045        15.841500906614520        13.286462379788837     
   9952.3353176808741       -2.9427919999999999       0.89659332685475124        8.1497574999999998        1.1352500000000000E-002   12.578433683675138        12.579318216098580        12.532246422394019        12.604188563063262        12.553240716788311        12.683513565747150        12.861573243305100        13.067628521979929        12.561508874827856        12.687513565747151        12.868389160969715        13.034114390343094        13.171421857804001        11.829542702200287        12.667215951986430        12.615848166520616        12.549809239610513        12.516105944749073        12.659425998612560        12.662150996829629        12.682182471048167        15.933572832719529        13.323929665021341     
   9890.6765597210670       -2.9537890000000000       0.91621024655689987        8.1499586999999991        1.1349800000000000E-002   12.594894704916612        12.598032794904725        12.544625206169815        12.630160453701890        12.572928742673142        12.698324907311427        12.874178993178496        13.078468988929735        12.580470088665841        12.702324907311429        12.880926798432323        13.045112935789561        13.181603454678289        11.855064043935251        12.688082385996914        12.632498948925608        12.564009624196572        12.527942161415602        12.668649050049922        12.670203571397170        12.690358000410647        16.006470887864140        13.364190989851870     
   9829.8977420603933       -2.9646979999999998       0.93627665274338345        8.1501584999999999        1.1347200000000000E-002   12.611128007926737        12.616421287856785        12.556862881916707        12.655750109237502        12.592277025418589        12.712894295971324        12.886621621735404        13.089265687588821        12.599101696888543        12.716894295971322        12.893292479771542        13.056037268444214        13.191694460738354        11.880143373605922        12.708591867119075        12.648900301746767        12.577995700888820        12.539692210773417        12.677821818004407        12.678243136382868        12.698452793589652        16.074005912619736        13.403989111934482     
   9769.9873184461976       -2.9755170000000000       0.95689031693609305        8.1503575999999995        1.1344600000000000E-002   12.627154787290650        12.634508243605033        12.568978785427326        12.680981412117262        12.611310289074744        12.727244451229815        12.898921419420287        13.100034558673645        12.617428294331248        12.731244451229820        12.905506674415228        13.066904452611219        13.201712875628754        11.904807421352153        12.728769349974698        12.665074376791736        12.591789156968844        12.551373313989465        12.686961631759964        12.686285279725126        12.706485386722463        16.136393813542576        13.443345451678955     
   9712.2309260633792       -2.9860150000000001       0.97774549363375651        8.1505554999999994        1.1342000000000000E-002   12.643353632776567        12.652880908186042        12.581318512081815        12.706362635229240        12.630594749448029        12.741865068084280        12.911318512081813        13.110878918312416        12.636050154597172        12.745865068084278        12.917897370881946        13.077932383346798        13.211866328566529        11.929763235966227        12.749338464204747        12.681434177637577        12.605842068905346        12.563204070082840        12.696022195856166        12.694304887341289        12.714332768081675        16.203618737805833        13.482933642589110     
   9656.5279086480041       -2.9961940000000000       0.99852240700551376        8.1507459000000004        1.1339600000000000E-002   12.659342872096570        12.671096662979750        12.593577558552401        12.731298287917944        12.649656134609579        12.756389623187715        12.923577558552402        13.121584696325719        12.654495663961143        12.760389623187720        12.930225542323278        13.088889248591428        13.222038973266038        11.954391738100924        12.769731927274115        12.697607262276534        12.619797459504660        12.574924636739588        12.704927585809259        12.702222162714595        12.721988529566680        16.269914113756968        13.521958750954742     
   9601.1001525811553       -3.0063860000000000        1.0198100048118399        8.1509350999999999        1.1337099999999999E-002   12.675298292808790        12.689283228359937        12.605875713903757        12.756069372233629        12.668644614313575        12.770918390123736        12.935875713903759        13.132352890548013        12.672887279246186        12.774918390123734        12.942631752258258        13.099930725026560        13.232393401280003        11.978881228807470        12.790046239601025        12.713760914240797        12.633760008074827        12.586702471376274        12.713927724498028        12.710254567832393        12.729721645623066        16.331777061795083        13.560898001009328     
   9545.5069899612135       -3.0166610000000000        1.0416999520989367        8.1511221000000003        1.1334600000000000E-002   12.691601286836509        12.707876933808024        12.618394203382042        12.780934140550436        12.688126940239830        12.785869533300904        12.948336671337625        13.143158491059104        12.691791515166649        12.789869533300905        12.955226637547426        13.111020194450873        13.242727824275676        12.003542040807357        12.810741170607685        12.730404796751436        12.648071617735507        12.598571436855536        12.722643917827863        12.717892686028733        12.736957824565366        16.403051747437608        13.599419898465140     
   9489.7549944429829       -3.0270229999999998        1.0642492202520006        8.1513086000000001        1.1332200000000001E-002   12.708154939416740        12.726724105305678        12.631091067454850        12.806146329461207        12.707963832352494        12.801059044341191        12.960944293702322        13.154051523104876        12.711009439310128        12.805035561842470        12.967917015288091        13.122181335651153        13.253038243115057        12.028536552672787        12.831684219878532        12.747369971605732        12.662589569443316        12.610521534320004        12.731345699482471        12.725503490705009        12.744162739660116        16.479395770799425        13.638235486742325     
   9433.8290033007397       -3.0374759999999998        1.0874384780456174        8.1514928999999992        1.1329799999999999E-002   12.725429388205196        12.746285985979242        12.644274342491009        12.832504357575530        12.728670281126995        12.816841238268417        12.974096600571333        13.165340905305737        12.730925308229185        12.820694407392722        12.980910999697450        13.133713295847990        13.263454796196292        12.054606565299441        12.853373579250828        12.765057414985556        12.677611560429341        12.622883084878485        12.740313371703497        12.733405607751745        12.751625516232682        16.566879834164549        13.678540695585689     
   9378.0382553148484       -3.0479620000000001        1.1112166174749112        8.1516762000000007        1.1327400000000000E-002   12.742663290586600        12.765786196408554        12.657466493052135        12.858815799349843        12.749264615215443        12.832602284700839        12.987297388513115        13.176722804260182        12.750770175173459        12.836340681419605        12.993938057779721        13.145313247774448        13.273997491020991        12.080599173811345        12.875011718065688        12.782679572837759        12.692638112216811        12.635334559416963        12.749442773765013        12.741503086381529        12.759269124574606        16.650541055584377        13.718884057160396     
   9323.1141145339061       -3.0583459999999998        1.1354421458144066        8.1518571000000009        1.1325099999999999E-002   12.759617577735341        12.784956460185622        12.670480379017015        12.884722066953710        12.769465320805988        12.848121915959993        13.000358345319803        13.188031692819500        12.770271303710121        12.851755567732887        13.006812661365728        13.156813363094802        13.284510787029387        12.106160984566312        12.896301828103191        12.799992838928489        12.707458031012024        12.647696409660320        12.758596288093926        12.749670835801535        12.766974925281261        16.729366042443711        13.758719856204195     
   9268.7677486831835       -3.0686789999999999        1.1598309595865075        8.1520329999999994        1.1322799999999999E-002   12.776398271356101        12.803915128097550        12.683399774202776        12.910375600606212        12.789397841446995        12.863497920591207        13.013361980241040        13.199339354444792        12.789548956683799        12.867036144774399        13.019617028384314        13.168287267167596        13.295060921928606        12.131443988303683        12.917372746277881        12.817105946179833        12.722164590654572        12.660045956330954        12.767832003537748        12.757960420990482        12.774792729876349        16.803921897645896        13.798269288609770     
   9213.0621317328860       -3.0793240000000002        1.1849308449439988        8.1522051999999992        1.1320500000000001E-002   12.794097518625744        12.824013688465563        12.697059365049800        12.937564485653969        12.810524056795355        12.879759480999407        13.027119681669571        13.211360824927961        12.810045014335397        12.883326784017733        13.033255778242410        13.180484981793963        13.306302206144782        12.158233194667080        12.939791169713022        12.835256924999040        12.737811019545074        12.673084657493455        12.777625708253385        12.766688199402761        12.783002810137699        16.890408434641436        13.840055931505209     
   9156.4472965373516       -3.0902080000000001        1.2112732192087157        8.1523810999999995        1.1318200000000000E-002   12.812341772397374        12.844787764809695        12.711243254435438        12.965618251252657        12.832340307851858        12.896558710026738        13.041362426270691        13.223880736697883        12.831228809748776        12.900224166705556        13.047440244124530        13.193208413817857        13.318030032324767        12.185880963963424        12.962951145582920        12.854012376171234        12.754040030461091        12.686558255591450        12.787852919170028        12.775772272860216        12.791527668312856        16.981062949934749        13.883189587417959     
   9101.1862076839971       -3.1008939999999998        1.2378092219425094        8.1525528999999999        1.1316000000000000E-002   12.830141242801439        12.865056565902080        12.725197083812205        12.992953461210156        12.853587030368978        12.912971433839949        13.055334492385526        13.236234223836295        12.851858199593821        12.916739514326103        13.061370910786742        13.205775918737618        13.329625737842250        12.212819885604262        12.985494527733014        12.872295334738752        12.769926835245563        12.699779566659416        12.798022917131576        12.784826652941760        12.800012050052420        17.065265806305511        13.925361922768857     
   9047.6960001654570       -3.1113010000000001        1.2642947571822845        8.1527201999999992        1.1313800000000001E-002   12.847383934658669        12.884689456969834        12.738828058678752        13.019389410384523        12.874129491970098        12.928894217967301        13.068946225019960        13.248338654265005        12.871803111392307        12.932767821319135        13.074957065635427        13.218101889472184        13.341011051185280        12.238872245806068        13.007278122422289        12.889991526041879        12.785369255192297        12.712664602732385        12.808064930828177        12.793788974010905        12.808399832493340        17.142760809000574        13.966270381096859     
   8995.5557615176858       -3.1215050000000000        1.2907789381750114        8.1528822000000005        1.1311699999999999E-002   12.864275687588519        12.903896687692386        12.752252957369306        13.045228199443484        12.894204951922857        12.944514872186636        13.082332960264784        13.260285864312737        12.891296791023370        12.948480079290453        13.088322777854257        13.230272999945326        13.352280768816838        12.264337126789149        13.028546514200572        12.907313056413406        12.800532050518575        12.725342981552794        12.818036459371465        12.802686045140140        12.816712452769268        17.216380342035578        14.006331679953638     
   8943.8189665806385       -3.1316790000000001        1.3173321252444405        8.1530394000000008        1.1309600000000000E-002   12.882084017308850        12.923795103777627        12.766092475381500        13.072060687354638        12.915147695742883        12.961015049098224        13.096334252973621        13.272536977109331        12.911643830596050        12.964871186319103        13.102187820215358        13.242676171947730        13.363980747857044        12.290810035950999        13.050588672213452        12.925552147286718        12.816384374630720        12.738622717151562        12.828187153018836        12.811493101245697        12.824887335974980        17.309560987349585        14.047394835595538     
   8891.6426431938362       -3.1419999999999999        1.3445314363253198        8.1531944000000003        1.1307599999999999E-002   12.900046135362318        12.943829297949380        12.779944039954879        13.099124107431004        12.936299598399030        12.977689750621197        13.110461861448146        13.284726087069126        12.932145522504301        12.981415880946800        13.116161057038623        13.255008703334385        13.375580067830464        12.317549996330007        13.072767959667962        12.944014406703888        12.832346197118115        12.751958748192232        12.838156587568873        12.819994079547230        12.832747547241576        17.412592153986417        14.088768188766318     
   8839.4043350533375       -3.1523889999999999        1.3721947889057795        8.1533473999999995        1.1305600000000001E-002   12.917994694568801        12.963852293712641        12.793859668036859        13.126219291458522        12.957428414517786        12.994341776098498        13.124640535520484        13.297019568752273        12.952636681280875        12.997979927110965        13.130206089681018        13.267459356317918        13.387275369939879        12.344321437553901        13.094959611827377        12.962463701435126        12.848326678697894        12.765344904447623        12.848254662236428        12.828698729751977        12.840816770810196        17.512077709770164        14.130336541825947     
   8787.2301229348777       -3.1628240000000001        1.4002443791409001        8.1534966999999998        1.1303700000000000E-002   12.935868096658526        12.983797489595071        12.807787424562799        13.153262577297520        12.978464936418925        13.010912522951900        13.138817766283305        13.309369530148699        12.973049577238699        13.014505066063167        13.144270804333475        13.279979788496005        13.399020075934397        12.371041475264908        13.117091861968534        12.980837224650779        12.864268969095187        12.778730589807067        12.858438651692898        12.837567819046653        12.849057104612010        17.607757974811371        14.171981426468223     
   8735.3839808496887       -3.1732510000000000        1.4286410019861904        8.1536437999999993        1.1301800000000001E-002   12.953831555514826        13.003908264466782        12.821872388249369        13.180557538411437        12.999642541992523        13.027615639838595        13.153120355167191        13.321861706454301        12.993612666362255        13.031180580075835        13.158483246462156        13.292660607774929        13.410852992804349        12.398015316944408        13.139407684339981        12.999315295431325        12.880327249677373        12.792221106793177        12.868742324572453        12.846578733160813        12.857388475283246        17.706884328879596        14.214008168407451     
   8684.2836472640429       -3.1835860000000000        1.4572099678533681        8.1537868000000007        1.1299900000000000E-002   12.972126219492083        13.024512372549442        12.836322251386640        13.208496875134731        13.021268798681934        13.044762107984983        13.167710625913912        13.334591830194427        13.014618029170283        13.048240869294514        13.172994314224486        13.305600913223596        13.422823013187347        12.425638244797195        13.162206627964562        13.018118846754117        12.896704956190948        12.805981411282030        12.879193811858698        12.855656221563738        12.865638187371541        17.819773265138540        14.256784484759198     
   8634.7943762194209       -3.1936510000000000        1.4857878840721044        8.1539272999999994        1.1298100000000000E-002   12.989848735112428        13.044427825257095        12.850391530133617        13.235516279457755        13.042154808562849        13.061360285859887        13.181876892906153        13.347000510573665        13.034902627921173        13.064736353688410        13.187084093860847        13.318220123196291        13.434522205406068        12.452351308251700        13.184228260526044        13.036271059526058        12.912570951103028        12.819394994422066        12.889434377020429        12.864610021231481        12.873777966804013        17.924947014563664        14.298280149745011     
   8586.9315308068471       -3.2034430000000000        1.5138046369885829        8.1540604000000005        1.1296400000000000E-002   13.006992474126941        13.063651586798573        12.864068027653543        13.261610549141102        13.062299059183124        13.077405129373579        13.195610593781735        13.359075447474231        13.054465154917301        13.080663834159450        13.200744036602421        13.330505295604366        13.445936060136111        12.478149382109946        13.205470735094599        13.053771268586457        12.927919182489537        12.832448637948810        12.899448756618574        12.873420984811061        12.881790154054153        18.022769913520641        14.338475106797082     
   8537.4859110981779       -3.2136010000000002        1.5419495895207951        8.1541884000000007        1.1294700000000000E-002   13.024704173185372        13.083469965301370        12.878265994106473        13.288526712324318        13.083049558675855        13.093969762884088        13.209829784836097        13.371623367996074        13.074614634128205        13.097088537961620        13.214887250198016        13.343277356444959        13.457827076879218        12.504759614246696        13.227355715989136        13.071790193156057        12.943775998358449        12.846014764218916        12.909905570325252        12.882676933822898        12.890209081316913        18.119798361693263        14.380061670016397     
   8484.8076238291160       -3.2244830000000002        1.5719081615901684        8.1543192999999992        1.1292999999999999E-002   13.043846341058503        13.104887612753719        12.893673239072216        13.317604510004506        13.105467185039211        13.111864916537078        13.225246345927209        13.385236398384945        13.096340614628639        13.114864916537078        13.230246345927204        13.357159701136601        13.470724983365534        12.533500911359551        13.250991431722356        13.091254157432962        12.960987377877336        12.860744440478035        12.921232352634588        12.892654025640008        12.899247366872983        18.228228225364326        14.425039975908090     
   8432.5320400606433       -3.2353510000000001        1.6024533437936110        8.1544504999999994        1.1291300000000001E-002   13.063536717445636        13.126987879474633        12.909558528277696        13.347547146150838        13.128620712859554        13.130292740174760        13.241202015478663        13.399292192258219        13.118668396629730        13.133292740174760        13.246202015478666        13.371513548266549        13.483981263978645        12.563078175099527        13.275363147216012        13.111378674673901        12.978895170935910        12.875919534514424        12.932819463726076        12.902622584358696        12.908182586249133        18.354296642028309        14.471265260163008     
   8380.9451813069045       -3.2461400000000000        1.6330780002806446        8.1545781999999996        1.1289600000000000E-002   13.082971886106193        13.148767206251399        12.925298593687689        13.377065745958944        13.151439510054708        13.148494991628120        13.257019646011386        13.413302942123721        13.140651267653929        13.151494991628120        13.262019646011389        13.385776549227238        13.497215902682441        12.592227892431048        13.299363023135847        13.131221072019574        12.996605223785309        12.890958761497870        12.944441039161227        12.912634141900192        12.917153226168125        18.473641411740715        14.516975132034446     
   8330.2109615604477       -3.2568150000000000        1.6638399995299289        8.1547043000000006        1.1287999999999999E-002   13.102071896476872        13.170139705434792        12.940822468595172        13.406049804666900        13.173834380545088        13.166395009334870        13.272627758803928        13.427199887851909        13.162203566893055        13.169395009334870        13.277627758803931        13.399880902424691        13.510361988134743        12.620841003863461        13.322898989767733        13.150700995390594        13.014041555980221        12.905793381591273        12.956033770417228        12.922631126373425        12.926105912616446        18.586091289333595        14.562002206377144     
   8280.4130282616716       -3.2673519999999998        1.6944132116123669        8.1548260999999993        1.1286400000000000E-002   13.120565190076784        13.191034946211259        12.955561982429055        13.434955210826653        13.195825332999609        13.183636915645403        13.287553952239223        13.440274662607004        13.183355981861846        13.186636915645403        13.292553952239222        13.413185196618238        13.522639063155625        12.649316512037098        13.346181281031045        13.169627351547186        13.030804324392102        12.919847774643857        12.966581477050299        12.931539794008083        12.933934207762265        18.703594596105717        14.607343704768676     
   8230.7043130949169       -3.2779300000000000        1.7250266559527976        8.1549446999999997        1.1284900000000000E-002   13.139265818505859        13.212225669675753        12.970464718199651        13.464510580091375        13.218209168538184        13.201042032458460        13.302679766412894        13.453475466287806        13.204953104622287        13.204042032458460        13.307672619857925        13.426637177219604        13.535024485571210        12.678433060091891        13.370004963486327        13.188784291243564        13.047661087934515        12.934128847611930        12.976979104504565        12.940352427419231        12.941622742527677        18.832861942517198        14.653795426150833     
   8180.5593538117200       -3.2886630000000001        1.7561020328478447        8.1550607999999993        1.1283400000000001E-002   13.158665426193808        13.234234865027355        12.985981020027333        13.495365704960660        13.241539302458458        13.219077921507678        13.318424107181466        13.467181132793462        13.227547187949300        13.222077921507678        13.323384671152811        13.440642451237851        13.547880612356272        12.708841621562465        13.394956130737585        13.208646623830832        13.065015727626582        12.949075816000787        12.987485154355968        12.949292252673692        12.949372489088033        18.982072733340942        14.702304231606890     
   8129.9523465759221       -3.2995559999999999        1.7875340548264032        8.1551752999999998        1.1281899999999999E-002   13.178208746801012        13.256391698453644        13.001605253041721        13.526502629472557        13.265029245905342        13.237192499266694        13.334246141997280        13.481014956535123        13.250282274963812        13.240192499266694        13.339153998746514        13.454774071808181        13.560877188735301        12.739540352055474        13.420062189892430        13.228637078776384        13.082442778829805        12.964117751247397        12.998194796533785        12.958421227997935        12.957332952819865        19.126452383699078        14.751601332630774     
   8078.7840616394460       -3.3106360000000001        1.8194925595852134        8.1552878999999994        1.1280399999999999E-002   13.197932552047661        13.278737410601241        13.017366504452578        13.557981843850694        13.288722853475161        13.255418094350734        13.350174359903868        13.495003501895656        13.273200409616472        13.258418094350734        13.355008332709605        13.469059185453954        13.574039793049476        12.770589211698738        13.445369507508577        13.248792647634009        13.099973222063731        12.979282271322102        13.009131752833408        12.967759973732463        12.965523448730014        19.266091955001098        14.801793339004671     
   8028.1041864105455       -3.3216779999999999        1.8517963238044930        8.1553974000000000        1.1279000000000001E-002   13.217418816639592        13.300800104016142        13.032928038437740        13.589144230167870        13.312120576428475        13.273367260636812        13.365868529400801        13.508846350527735        13.295817958601711        13.276367260636812        13.370608871952692        13.483191408913401        13.587085035923275        12.801337887681713        13.470345336712606        13.268686353914704        13.117233871838605        12.994244778589797        13.020058517936816        12.977103775353003        12.973762880670018        19.398099198913364        14.851838035798155     
   7979.9468726797686       -3.3322340000000001        1.8845710068118471        8.1554991000000001        1.1277700000000000E-002   13.236318849778616        13.322270241806311        13.047871610046069        13.619602607585296        13.334912215213929        13.290762131414535        13.380924531826622        13.522229057052122        13.317823818938272        13.293722944956382        13.385558670441949        13.496843337720218        13.599708979615624        12.831370789189677        13.494622552110055        13.288098718413973        13.133935310158371        13.008630119598525        13.030660947836004        12.986049137982352        12.981711796067660        19.538729443786945        14.900944214579322     
   7932.1332280249098       -3.3427739999999999        1.9190714606562567        8.1556016000000007        1.1276300000000000E-002   13.255634182919483        13.344320286391874        13.062963427258961        13.651064133259155        13.358335099400353        13.308596100442582        13.396129662493856        13.535846550457425        13.340417097095735        13.311468528720276        13.400681017818798        13.510711814148035        13.612592190878420        12.862339308916201        13.519534530193990        13.308097130965042        13.151031316873052        13.023203885896926        13.041450269553312        12.995021647799920        12.989742919859015        19.701053584150547        14.951785597731376     
   7887.3116251400306       -3.3527160000000000        1.9544240133919564        8.1556964999999995        1.1275100000000000E-002   13.273659778884708        13.364899708763135        13.077056277203203        13.680551658622749        13.380184960648153        13.325259452985586        13.410312242728830        13.548573576566978        13.361489319860171        13.328055537254327        13.414818926604484        13.523657876491017        13.624683605346705        12.891348327187865        13.542796794412448        13.326736867425845        13.167009397040461        13.036827344064177        13.051595369615308        13.003516290188619        12.997365207729258        19.846921321542652        14.999746986456847     
   7839.7100374919710       -3.3633270000000000        1.9925893061772602        8.1557946000000001        1.1273800000000000E-002   13.292745328356327        13.386687172655536        13.091993204155626        13.711890457388689        13.403304157053016        13.342926262837080        13.425326962137666        13.562077215435421        13.383782696871881        13.345648228918639        13.429821159489377        13.537376888264111        13.637568067298071        12.922161579207474        13.567433498919092        13.346446887249678        13.183955392577223        13.051283014685579        13.062430354291243        13.012654246234709        13.005587387355659        19.995186763846206        15.051030466951095     
   7796.8467844571251       -3.3729360000000002        2.0307692994977620        8.1558791999999993        1.1272700000000000E-002   13.309861945107313        13.406227681106648        13.105398867717225        13.740111547161943        13.424028389516591        13.358790034417742        13.438787228760754        13.574207501402663        13.403763351437794        13.361451442661069        13.443301035972597        13.549685869780307        13.649190035136192        12.949894105862638        13.589539630229430        13.364101335941070        13.199176283310669        13.064270565713519        13.072222336935942        13.020967296926552        13.013085198431517        20.122811691889225        15.097497334375488     
   7743.1201809594768       -3.3850549999999999        2.0752984508000503        8.1559840999999995        1.1271400000000001E-002   13.331364061533563        13.430804118123113        13.122219930337238        13.775780958555000        13.450101657304781        13.378723387875372        13.455645144925480        13.589384989964017        13.428888808429541        13.381338192162968        13.460204892537078        13.565065586934679        13.663801859689816        12.984939598712472        13.617376087777760        13.386265537185039        13.218305605393734        13.080524718822769        13.084568567078914        13.031480311237335        13.022618698779912        20.285840353493260        15.156716603910684     
   7712.1239327097410       -3.3920729999999999        2.1087231529170634        8.1560351000000004        1.1270700000000000E-002   13.344255711063887        13.445652622121699        13.132184229273832        13.797501548489919        13.465938000301129        13.390592989664540        13.465579392644067        13.598154615849797        13.444111428966998        13.393266489625795        13.470093963376492        13.573940913389293        13.672280891024663        13.006329859470959        13.634280740307339        13.399603792282811        13.229688815234383        13.089916431233412        13.091790314473243        13.037489625735834        13.028202172116007        20.418887210746824        15.193415534896126     
   7667.5744225857079       -3.4022239999999999        2.1488317166108390        8.1561242000000007        1.1269599999999999E-002   13.362930781638811        13.467315362107000        13.146468430333611        13.829171651498436        13.489116164541690        13.407796188851583        13.479841996384200        13.610615277814501        13.466397767529903        13.410549899230466        13.484260595146866        13.586574713227902        13.684208372669010        13.037537516353764        13.659048239151124        13.419050832576593        13.246141090652232        13.103320029143942        13.101854770515098        13.045717010784857        13.035881539538570        20.616010309631541        15.246124080981103     
   7644.5161060439959       -3.4074949999999999        2.1745430072267911        8.1561634000000005        1.1269000000000000E-002   13.372637562434042        13.478635581270586        13.153824956852679        13.845750905582028        13.501265806451263        13.416741925423066        13.487203977101887        13.616990832428860        13.478079884206798        13.419529572189978        13.491565067125480        13.593049910231803        13.690270823018933        13.053874421593941        13.672045233192781        13.429204296413827        13.254679496154276        13.110212638861382        13.106950181480810        13.049856699569835        13.039774179893753        20.719220341610864        15.273451657544149     
   7612.5998138231116       -3.4148320000000001        2.2053965589631317        8.1562289999999997        1.1268200000000001E-002   13.386030774167915        13.494269054686240        13.163953846393889        13.868744859694973        13.518062696276784        13.429081636272853        13.497351523812336        13.625766117861728        13.494221246968545        13.431907881553007        13.501632985513355        13.601967322893094        13.698612768873280        13.076521726316441        13.690028944512123        13.443211573467883        13.266455370231098        13.119714737165785        13.113994012353013        13.055625221520573        13.045241413178806        20.859117876081307        15.311486789092511     
   7589.9340103931636       -3.4200469999999998        2.2312139039818959        8.1562669999999997        1.1267700000000000E-002   13.395503598012670        13.505337710787348        13.171100545546224        13.885097607482130        13.529968422498186        13.437806272520181        13.504519363890338        13.631954532714769        13.505655501114411        13.440653999204052        13.508744223378372        13.608259570240488        13.704493407188004        13.092620430992660        13.702787290478756        13.453117487749022        13.274779536829968        13.126427154874495        13.118981149662954        13.059740070232269        13.049170792869745        20.956343155514052        15.338635918790175     
   7557.4972879345378       -3.4275549999999999        2.2621958670796696        8.1563317000000009        1.1266900000000000E-002   13.409038983893881        13.521164025282078        13.181295615653505        13.908568642347108        13.547008309576055        13.450270829643157        13.514756011227322        13.640782504143788        13.522012131529968        13.453140786627261        13.518899829607614        13.617240398730745        13.712880965081480        13.115716492437338        13.721061590457337        13.467268374527249        13.286670948843620        13.136016355709375        13.126131206754346        13.065690298891910        13.054897057423252        21.092485135693828        15.377724430717285     
   7530.8153646751362       -3.4337430000000002        2.2897353796926119        8.1563762000000004        1.1266300000000000E-002   13.420129320999916        13.534145082303450        13.189628182061565        13.927910739633962        13.561001443264825        13.460480289659831        13.523132828688492        13.647994313367935        13.535435691826692        13.463361006332125        13.527209929322563        13.624581641336444        13.719730462369892        13.134740118400178        13.736082634385088        13.478861216638762        13.296408894321718        13.143864344426849        13.131998962678669        13.070613683256163        13.059672546218753        21.201770945435317        15.410059469527734     
   7493.2634172388416       -3.4424929999999998        2.3227826444288762        8.1564455000000002        1.1265400000000000E-002   13.435741155375959        13.552509049997040        13.201232708695153        13.955611599570771        13.580856881533139        13.474838297030880        13.534839413765711        13.657979496102834        13.554470488729327        13.477695307488487        13.538829329963599        13.634768435249450        13.729143588703183        13.161963633222483        13.757467860150706        13.495218302371283        13.310075528767671        13.154812355772050        13.140160767409656        13.077711220115363        13.066857606605828        21.372343208135526        15.456971634398341     
   7466.0690124390221       -3.4488500000000002        2.3534633428707559        8.1564855000000005        1.1264900000000000E-002   13.447108135951723        13.566153392466990        13.209311188435674        13.977020867202448        13.595750491947875        13.485241497692190        13.543070918758826        13.664723899893332        13.568731314624987        13.487988807004932        13.547020150129448        13.641704069839349        13.735273570028205        13.182974933895423        13.773697137404902        13.507265913450215        13.319881123468765        13.162429971959519        13.145645873837168        13.083175593227892        13.073314949830269        21.562265480186966        15.494854025324138     
   7424.8383014096862       -3.4585400000000002        2.3902809563712757        8.1565531000000000        1.1264000000000000E-002   13.464263460264306        13.586795371006954        13.221435505462221        14.009622632545131        13.618315857939873        13.500906323270758        13.555404864081826        13.674809906274081        13.590308085525418        13.503494008221260        13.559292486038114        13.652073189811006        13.744445868066098        13.214968797511393        13.798316912076974        13.525446513071799        13.334624160294592        13.173833161321742        13.153822758702219        13.091525685476331        13.083525910569673        21.846772595947417        15.552933091201066     
   7394.4180473453080       -3.4657149999999999        2.4204514996581716        8.1565963999999997        1.1263400000000000E-002   13.476826947183877        13.601957406757155        13.230252246677519        14.033752692666287        13.634919588223028        13.512347575798287        13.564358989117199        13.682110641044535        13.606159872648476        13.514822641461766        13.568201201365632        13.659577536484189        13.751086215382493        13.238646877123799        13.816458978800728        13.538761311651466        13.345373136536491        13.182100532830223        13.159714899877361        13.097703446173536        13.091350915823767        22.053959902231210        15.596246899465054     
   7353.5660902527079       -3.4754060000000000        2.4566551322776005        8.1566655000000008        1.1262500000000000E-002   13.493607098703013        13.622262260667057        13.241954036755963        14.066294396139160        13.657190847323861        13.527590379591182        13.576222123160676        13.691760332431429        13.627391149151642        13.529921098350655        13.580003445788684        13.669493630415936        13.759867477905473        13.270576872262275        13.840826469216076        13.556543572564706        13.359669953090275        13.193041405921804        13.167473186626975        13.106056911647205        13.102284196086842        22.328650770703284        15.655069516293509     
   7326.9630265489213       -3.4817420000000001        2.4894684921407508        8.1567053000000005        1.1261999999999999E-002   13.504450757564454        13.635422730637567        13.249461908999509        14.087542213421115        13.671650470692059        13.537414345070941        13.583820804993801        13.697921833171320        13.641154952936416        13.539655292432029        13.587562510073367        13.675824296851095        13.765474778579749        13.291423456740750        13.856669768815783        13.568035590553412        13.368867819960633        13.200039477409133        13.172402963994470        13.111504271940943        13.109637612101105        22.505281767148738        15.693749867274880     
   7286.1649680981236       -3.4915150000000001        2.5288442552375670        8.1567767999999994        1.1261100000000000E-002   13.521002223596579        13.655560459435730        13.260853300659360        14.120265743368332        13.693809271721367        13.552373374318631        13.595329547523981        13.707233054096125        13.662218100195044        13.554483130192978        13.599010597348848        13.685388305772047        13.773953467401814        13.323527136122308        13.880979306876451        13.585574942987240        13.382851176530899        13.210627121624249        13.179825459659146        13.119920750499755        13.121325363120217        22.772831930686497        15.753698273306675     
   7256.4465390501473       -3.4986590000000000        2.5612248473169967        8.1568199999999997        1.1260500000000000E-002   13.532969893371366        13.670165553018432        13.269028712605440        14.144177002674777        13.709908276278721        13.563159422658611        13.603573763368171        13.713881448063425        13.677497316841450        13.565178537045636        13.607210654384311        13.692215831644123        13.780008653766700        13.346983494256641        13.898666638288656        13.598257293041573        13.392914729538074        13.218200349936115        13.185097971703613        13.126068979745373        13.130120392855741        22.965090626083768        15.797811996321574     
   7212.8184345006139       -3.5092040000000000        2.6000802161708245        8.1568898999999995        1.1259600000000000E-002   13.547767243326067        13.690171721357355        13.276630814933089        14.181499914908745        13.733523588278516        13.575201936983010        13.611135907624480        13.719557103539177        13.699485117626079        13.577181740477780        13.614670132630991        13.697935775139374        13.785634492293777        13.383346199483864        13.924587076497300        13.614994867572140        13.403620349716025        13.224706180841448        13.194516990176592        13.148151103842672        13.167436947239320        23.560996158965413        15.879704230930443     
   7181.1830973895540       -3.5168849999999998        2.6345547546104946        8.1569351999999995        1.1259000000000000E-002   13.557868772438997        13.704296088053230        13.281202002087639        14.208957476182420        13.750521106320843        13.583134320206671        13.615653222046216        13.722775747772072        13.715228662775701        13.585083182012514        13.619108166136225        13.701142128430757        13.788985173209252        13.410048449658767        13.943281763450742        13.626668152163326        13.410521976653254        13.228439856766752        13.201758022542716        13.166955244203759        13.199586106570312        24.049907651116715        15.942229300016134     
   7134.3925253718317       -3.5283099999999998        2.6759231972576085        8.1570061000000003        1.1258100000000000E-002   13.572344128290627        13.724857046582482        13.287309122313978        14.249797712825831        13.775467117887590        13.594324582468126        13.621665826746927        13.726888474456249        13.738281757376221        13.596204496908001        13.625003433887372        13.705207268380704        13.793404914284196        13.449733288635429        13.970790706181042        13.643556726500023        13.420140831643874        13.233278685233561        13.212805246416167        13.196734809126603        13.250618292548289        24.802042825255569        16.036475197947283     
   7105.3585803043916       -3.5354340000000000        2.7110886422267755        8.1570429999999998        1.1257600000000000E-002   13.581035491065931        13.737405538660886        13.290695318343820        14.275263348008563        13.790817544534759        13.600931744827561        13.624984534232487        13.729040784465544        13.752434800921469        13.602754951103057        13.628249267472915        13.707312460304356        13.795814658354336        13.474459154632433        13.987762901684723        13.653798472726598        13.425744910856343        13.235860222370908        13.219850581172315        13.216379313476606        13.284356132369657        25.286067774727421        16.095998883314685     
   7059.7610200603049       -3.5466850000000001        2.7532893069234667        8.1571110999999998        1.1256800000000001E-002   13.594380883492553        13.756911802894384        13.295574696512089        14.315436063528557        13.814814207542204        13.610964818606773        13.629747079851365        13.731979264863964        13.774530135257029        13.612680899700193        13.632896397810471        13.710152449093206        13.799239408350379        13.513442992357485        14.014343691365253        13.669654690361776        13.434164735216365        13.239447932348019        13.231288476292027        13.248930818592681        13.340232106955641        26.062987257776314        16.190661104515634     
   7028.4894940410813       -3.5544389999999999        2.7882862580189873        8.1571523999999993        1.1256199999999999E-002   13.604312348740116        13.770951863094155        13.299959494727261        14.342867853522471        13.831705145502447        13.618856060781045        13.634057674230128        13.734973221222806        13.790215948055788        13.620514315254503        13.637125324387696        13.713085721191398        13.802460128716255        13.540109073150170        14.032954131705431        13.681289569628294        13.440970772809642        13.242930603906238        13.239836835176213        13.271264476692068        13.377524131960008        26.519821631628545        16.252813005720284     
   6981.5845197555045       -3.5661369999999999        2.8302820400698434        8.1572195999999995        1.1255400000000000E-002   13.619131799354852        13.792445538394388        13.306112958880091        14.386520307328199        13.857761412023185        13.630395512232424        13.639854022001677        13.739392870675891        13.814556756529145        13.632011111838340        13.642844445908976        13.717270049285380        13.807708235948974        13.582454299761876        14.061717155890706        13.699112503597819        13.450821415258646        13.247689888449655        13.256351880978150        13.310874541722532        13.436971747571681        27.096956793577398        16.351272571630616     
   6948.9790122897748       -3.5743100000000001        2.8668012782537708        8.1572603000000008        1.1254800000000001E-002   13.629539219378271        13.807980993604835        13.310134520373838        14.419469423128879        13.876765829593387        13.638293027495392        13.643401064432512        13.742590228315683        13.832438290522250        13.639923370083631        13.646363982404173        13.720153128297182        13.811968314092320        13.614334495768313        14.082709368495204        13.712046267548027        13.457494364975469        13.250705642339019        13.271643765217631        13.344216408322081        13.481044071710352        27.406785627174337        16.424782732994977     
   6899.6013739678529       -3.5867629999999999        2.9106240010491531        8.1573262000000000        1.1254000000000000E-002   13.645458960302404        13.831572576809235        13.316515843693162        14.469390130615261        13.905552561164948        13.650524448123130        13.649079990405172        13.747758501373989        13.859463722068876        13.652157975484508        13.651975578622542        13.724826373193979        13.818777564227689        13.662655721371253        14.114554130532683        13.731675886417912        13.467877880731281        13.255563830965565        13.295184029507739        13.394661213031606        13.547501417375040        27.875099604027014        16.535228411219990     
   6865.3233990226690       -3.5954560000000000        2.9477751795733833        8.1573677999999994        1.1253400000000000E-002   13.656647851474990        13.848020051711366        13.321177569393161        14.504083623604071        13.925564822158748        13.659233016258121        13.653265680306351        13.751602949254373        13.878210347518017        13.660855206519702        13.656096341066050        13.728313762086906        13.823783236829605        13.696252591422944        14.136722851645370        13.745357698215685        13.475308426070040        13.259168333711010        13.311819286991675        13.429664934129459        13.593450324946193        28.199546391364830        16.611297108536938     
   6814.9708100456119       -3.6083110000000000        2.9923570123927692        8.1574328999999999        1.1252600000000000E-002   13.673257855364390        13.872255299799370        13.328339008451216        14.555076173769351        13.954975141172255        13.672318165143750        13.659744957182774        13.757600777683699        13.905697548039132        13.673903617110966        13.662453215533862        13.733767074271942        13.831519878611203        13.745654507707805        14.169350949273309        13.765507392772747        13.486523221394378        13.264776836205357        13.336663301017488        13.481036458714208        13.660649907455152        28.675228266282922        16.722118791938971     
   6786.8617093859039       -3.6155210000000002        3.0304390414448150        8.1574632999999999        1.1252200000000000E-002   13.682620658471883        13.885822885431967        13.332500044255074        14.583555942943526        13.971399502881312        13.679774868193494        13.663534105363023        13.761131306883964        13.921015354924972        13.681329429783659        13.666160045049974        13.736983376481330        13.836037874234901        13.773256847691016        14.187597303854123        13.776782646589556        13.492939566734364        13.268071080417645        13.350741640078024        13.509685414937838        13.698004259757663        28.940287227202550        16.783505006220697     
   6738.7601658788035       -3.6279409999999999        3.0761357653507289        8.1575255999999996        1.1251400000000000E-002   13.700077100351416        13.910231188028598        13.341471245755082        14.632659159074992        14.000677152508489        13.694197296500564        13.671899396132028        13.769104949726367        13.948357881826029        13.695682273629865        13.674362569011388        13.744394499568495        13.845761894847611        13.820957239422787        14.220038634450214        13.797312256772171        13.505616491594468        13.275595871846351        13.375923140420236        13.555546466504294        13.754983909756598        29.307134665143757        16.886402736765881     
   6709.7911119629471       -3.6354579999999999        3.1131490872489351        8.1575589999999991        1.1251000000000001E-002   13.713136978296731        13.927113236857330        13.350080968255398        14.662829317153367        14.020498456095879        13.705734451008162        13.680175071581480        13.777218404661703        13.967027394703855        13.707173494806547        13.682543501528137        13.752152066289483        13.854997326507124        13.850451116278130        14.241799660334713        13.811987244799894        13.516168647435560        13.283410210823504        13.392561166215113        13.576769935035156        13.776031305666777        29.368707373087339        16.945178390902150     
   6661.5915382970134       -3.6480380000000001        3.1575661733296423        8.1576178000000006        1.1250200000000000E-002   13.735042183325842        13.955292494343819        13.364705912797749        14.713049983477017        14.053429545988717        13.725188608634550        13.694229386023903        13.791008873709625        13.998051087942269        13.726551227190555        13.696463770385019        13.765359216052655        13.870642976984669        13.899555469991373        14.278011195288755        13.836520927248728        13.534007655644562        13.296720590712351        13.420246923720370        13.611696118973235        13.811404086227757        29.505503488872730        17.042372016894099     
   6630.7552832748297       -3.6561309999999998        3.1955500803820192        8.1576495999999992        1.1249800000000001E-002   13.749133155186062        13.973341199589459        13.374220825036208        14.745155103116350        14.074427322299542        13.737765633741596        13.703369543145964        13.799984173689328        14.017834513051202        13.739079358332674        13.705533627737072        13.773967160100494        13.880797407329897        13.930952258028196        14.301142359960995        13.852254863125385        13.545566995966158        13.305400324028827        13.437922054640005        13.633748007775544        13.834225955942379        29.615502162660473        17.104122404264416     
   6583.9420547972632       -3.6684909999999999        3.2411311321644325        8.1577023000000004        1.1249100000000000E-002   13.770688804508115        14.000821959396678        13.388950449490284        14.793909701687451        14.106249865735869        13.757103430450375        13.717515715546210        13.813886055575697        14.047822266098819        13.758342927987954        13.719596131207904        13.787319931611581        13.896478155293991        13.978640192636757        14.336255594669719        13.876247407832558        13.563382986664774        13.318870625258896        13.464750764243202        13.666842152027375        13.869211821596974        29.816045413663115        17.197276000480610     
   6546.1054952537370       -3.6785450000000002        3.2838397956329750        8.1577432000000005        1.1248599999999999E-002   13.788226959372683        14.023075646695620        13.401078253490553        14.833300014475761        14.131893527366401        13.772919969136961        13.729159162507926        13.825337318546474        14.071990683839772        13.774099473027000        13.731192266970929        13.798334966773105        13.909357240609683        14.017176012881734        14.364604665337680        13.895704613145057        13.577989995738605        13.329988175440313        13.486402382605714        13.693223793221058        13.897759096437937        30.007677649288802        17.272018789016531     
   6496.2091668577623       -3.6918920000000002        3.3350931558010259        8.1577985000000002        1.1247900000000000E-002   13.811762112121299        14.052685431482571        13.417677351743874        14.885366705343325        14.165825182786081        13.794290053953878        13.745111587840741        13.841014272830753        14.103998197084069        13.795390442227292        13.747110627024119        13.813452579034871        13.926904521146247        14.068116705495120        14.402119581937535        13.921690799694820        13.597801048791444        13.345257303385326        13.515121691593967        13.727641418457614        13.935490762363356        30.298562218213391        17.369940911629591     
   6458.1927091716580       -3.7021259999999998        3.3836504459750745        8.1578373000000006        1.1247300000000000E-002   13.831835022459584        14.076919698521612        13.433039558326447        14.926172575328499        14.193392538878649        13.812846512987603        13.760056445762585        13.855487148357104        14.130210071816839        13.813886622366992        13.762052211014369        13.827558977500127        13.942831431359819        14.107983875596124        14.432039260444794        13.943486831733440        13.615249379504673        13.359529397032945        13.538777864349877        13.754742533219089        13.962112232069293        30.531279174712694        17.445064021670198     
   6398.1143835113098       -3.7184260000000000        3.4419194650574081        8.1578991999999992        1.1246500000000000E-002   13.864110578627312        14.115625161290598        13.457912514467829        14.990124724676495        14.237190548612190        13.842909438518092        13.784405676675309        13.878727753763425        14.171983671123012        13.843831811408510        13.786383200377486        13.850327942503228        13.968130653503039        14.170533636121903        14.479456355671960        13.978475138488925        13.643545911996981        13.382705043513049        13.575548390474772        13.796331912858186        14.001753614521107        30.769562523858916        17.561308765683727     
   6366.6356975204708       -3.7270219999999998        3.4865893396142473        8.1579280000000001        1.1246200000000000E-002   13.881209582022592        14.136033760081702        13.471171594183879        15.023430737459126        14.260153952026283        13.858965458721897        13.797447935110469        13.891053444454514        14.193912154380683        13.859804348470348        13.799391888274130        13.862439240072622        13.981418198439428        14.203132327700462        14.504327932268438        13.996939975675744        13.658672953066173        13.395090318498902        13.594535418154265        13.817458980314228        14.021442571729523        30.828411103962921        17.621220667493802     
   6312.5960611561040       -3.7418809999999998        3.5401946870606609        8.1579809000000001        1.1245500000000000E-002   13.910543955340886        14.170998542487469        13.494012963752043        15.080755763025470        14.299346873093823        13.886645355249344        13.819917180013912        13.912310874964605        14.231299203448261        13.887311618387079        13.821774191812453        13.883317837932223        14.004323631304773        14.259243153399533        14.546972375965888        14.028469268836455        13.684750386809894        13.416431638217803        13.627201283423394        13.853594719121526        14.056130623842156        30.923687313194179        17.724124217601499     
   6281.5236610603006       -3.7504810000000002        3.5842289137649783        8.1580081000000000        1.1245099999999999E-002   13.927378811872643        14.191041581355329        13.507171027725917        15.113781547606077        14.321730863011290        13.902606698924139        13.832861331372172        13.924568753881768        14.252628073999041        13.903156929674889        13.834651579180274        13.895351745816960        14.017527256928091        14.291570785814098        14.571441546550229        14.046480478540438        13.699785924747339        13.428727210576106        13.646003081607532        13.874274882175456        14.076562622337597        30.975174814707579        17.783304406645726     
   6228.5363019162305       -3.7652489999999998        3.6370693430246468        8.1580589999999997        1.1244499999999999E-002   13.956802790625925        14.225812231267337        13.530667048969764        15.171801968204068        14.360046457580594        13.930899891822790        13.856115211305340        13.946435303590956        14.289035496482615        13.931215132422107        13.857736897002628        13.916841341321966        14.040706172951388        14.348372906243579        14.613800110220129        14.077476222645668        13.726640390583988        13.450857406474672        13.678233870851955        13.910373927493790        14.113004038038010        31.032641575906649        17.886119924081751     
   6196.4649860437657       -3.7742420000000001        3.6812488692571410        8.1580861000000002        1.1244100000000000E-002   13.975295639488575        14.247478914287424        13.545815126131014        15.208418779030726        14.383579110588609        13.948927888898893        13.871218846333807        13.960494481901421        14.311334978284730        13.949093469879362        13.872708549979098        13.930676831558792        14.055320305772923        14.384216702513346        14.640090478692589        14.096660779850769        13.743927039795590        13.465258363718050        13.697964661092204        13.933211055069105        14.136291057241433        31.049960759706561        17.950138103282274     
   6148.1718763966646       -3.7878870000000000        3.7342629601001964        8.1581370000000000        1.1243500000000000E-002   14.003121354025485        14.280118578860701        13.568609705540474        15.263637663029929        14.419066951740287        13.976025509925009        13.893931083309869        13.981633447851603        14.344965917362540        13.975981262121902        13.895221978963523        13.951463505483954        14.077352905136870        14.438247073719975        14.679707628425795        14.125597788520185        13.769908435186682        13.486896798366537        13.727844734593194        13.967868397338083        14.172108594990362        31.089037069215653        18.046732378757891     
   6122.4888093992140       -3.7951830000000002        3.7769070105367750        8.1581627000000001        1.1243100000000001E-002   14.017925093388385        14.297499587397567        13.580740362698677        15.293060054751962        14.437981655521135        13.990428138762329        13.906010378498124        13.992875867968380        14.362893049993374        13.990279910739243        13.907195515558360        13.962511005492633        14.089098958957717        14.467025353002715        14.700806912231428        14.141026789217705        13.783717485429264        13.498397364703294        13.743833673751478        13.986446504543714        14.191539364715066        31.116214861336552        18.098217519952790     
   6073.4016065520527       -3.8092180000000000        3.8280771994191114        8.1582117000000007        1.1242500000000001E-002   14.046167880544321        14.330701370353342        13.603879077844791        15.349340270710311        14.474151503794719        14.017877434594880        13.929036297256086        14.014301909876483        14.397175326565574        14.017545183977905        13.930019242963397        13.983549873534006        14.111542398370133        14.522051254169725        14.741129827651516        14.170530931087804        13.810032387808434        13.520302350246393        13.774520854274162        14.022176158465850        14.229353070024317        31.180440944073606        18.196777784500544     
   6049.8136854027489       -3.8159930000000002        3.8683915616055460        8.1582276999999994        1.1242300000000000E-002   14.059713212879752        14.346645290918170        13.614973868936824        15.376404756490553        14.491539157782503        14.031028698659826        13.940069997022023        14.024566849689267        14.413655880316908        14.030614904384374        13.940955780312985        13.993621905329116        14.122321927548599        14.548502080679176        14.760502676385224        14.184713559737888        13.822638554588339        13.530790545756391        13.789324183250196        14.039445813732529        14.247835445025467        31.217060936393999        18.244215331122227     
   5998.6980241118854       -3.8307750000000000        3.9167677300354669        8.1582681000000008        1.1241800000000000E-002   14.089131347161663        14.381309552749409        13.639070409425161        15.435273085273133        14.529380431696742        14.059574169953359        13.964026405659391        14.046830216657719        14.449528486856002        14.058998988103406        13.964704272562761        14.015465702237590        14.145726785084415        14.606020038225010        14.802627280611867        14.215599205102892        13.849992991167456        13.553542098221607        13.821520609185919        14.077105692171029        14.288560805203149        31.308920330630606        18.347405328406595     
   5969.2806769750023       -3.8393350000000002        3.9587238444499886        8.1582886999999999        1.1241500000000000E-002   14.107626453683405        14.403143787168258        13.654138266893082        15.471983639448904        14.553271761187883        14.077756867966588        13.979172409417998        14.060430545158443        14.472225741467874        14.077098323673251        13.979792204642152        14.029117031932106        14.159342476563761        14.642023092798556        14.829092525721254        14.235345319330687        13.867272456299222        13.567832505171555        13.838778493242259        14.098095371144229        14.310893833446517        31.365733694444717        18.411016679690459     
   5919.4996606549230       -3.8539200000000000        4.0090701357350600        8.1583284000000003        1.1240999999999999E-002   14.138843268729124        14.440024475313811        13.679519606531882        15.534263372510500        14.593598334280726        14.108434436804343        14.004686130352409        14.083396403764896        14.510547503568786        14.107650660711782        14.005216817772284        14.052153493637045        14.182383977714492        14.703105646645154        14.873838762783960        14.268674206044723        13.896421499361088        13.591914006832807        13.868149179663570        14.134172603674250        14.349897304112281        31.486060046649726        18.519089734079373     
   5885.4137560408872       -3.8639770000000002        4.0549748593558270        8.1583524000000001        1.1240699999999999E-002   14.160151828658055        14.465220952152517        13.696806413378738        15.577014774186821        14.621129059303357        14.129365847693272        14.022063616727941        14.099078730926415        14.536716968107520        14.128507819681275        14.022539953874929        14.067872732208230        14.198154243617552        14.745037308481304        14.904442063656738        14.291425506727705        13.916306243262724        13.608322269480375        13.888373049251911        14.159271601277879        14.377472736299001        31.585998325471614        18.593396721024682     
   5831.6976570294728       -3.8799480000000002        4.1100586390719362        8.1583933999999996        1.1240200000000001E-002   14.193642023800587        14.504854164029988        13.723915709975538        15.644581848598703        14.664399083664621        14.162248804471121        14.049315964328459        14.123740784911627        14.577860741106820        14.161292734252212        14.049717599956940        14.092574139922048        14.223014306394015        14.811312618597293        14.952630551692964        14.327183621954847        13.947539684344909        13.634065983140589        13.920449725389082        14.199498703135264        14.422382649375910        31.772422588234704        18.711017744116859     
   5796.4620921517844       -3.8904980000000000        4.1576856410204446        8.1584173000000000        1.1239799999999999E-002   14.215675973392814        14.530931711791832        13.741709959554596        15.688868168344991        14.692914134875140        14.183836759101121        14.067209124376619        14.139961309424310        14.605020013939397        14.182829325355572        14.067573185618309        14.108824081836380        14.239356561992098        14.854762864519374        14.984308512431399        14.350789363884191        13.968042845339498        13.650982560332652        13.941533408099177        14.226088311021643        14.451780235683627        31.907005762461459        18.788110472349430     
   5742.6850681780415       -3.9067280000000002        4.2148368548974942        8.1584556999999993        1.1239300000000001E-002   14.250484212619083        14.572054591007161        13.769772033019253        15.756118579922196        14.738505324847699        14.217673370026402        14.095434267841364        14.165390900501199        14.648688358252494        14.216551461471498        14.095756175266830        14.134420358008891        14.264583575447171        14.920745422688073        15.033934815014755        14.388818570734193        14.000156832936797        13.677731554331038        13.973062551426304        14.263768487153948        14.488082407158787        32.060731372437907        18.904752381889047     
   5704.6105399069484       -3.9183110000000001        4.2648209408691713        8.1584806000000007        1.1239000000000001E-002   14.276805710231217        14.603327765945659        13.790966859221923        15.807970182517812        14.773452804969329        14.243420234967326        14.116693403900920        14.184277735422873        14.682026352319282        14.242101719733357        14.116946645940923        14.153528834091036        14.282935347710053        14.971443994484682        15.072039737835086        14.417920119955008        14.024510987179697        13.697940743214614        13.995143876206550        14.284953595586680        14.509030752134004        32.153385298922466        18.996242104489355     
   5649.0445536187926       -3.9353539999999998        4.3226770827382648        8.1585193000000000        1.1238500000000000E-002   14.315090753055218        14.648943678096293        13.821716162076447        15.883926157329833        14.824529867985513        14.280821561035994        14.147512442238343        14.211745475918031        14.730724900747804        14.279237052735036        14.147677612797041        14.181278313014205        14.309699923656412        15.045726166960106        15.127778531966358        14.460295410794524        14.059888659228934        13.727239565266716        14.027582115095859        14.316925067427599        14.540905427152163        32.294220994611102        19.130571258139859     
   5612.6117354610406       -3.9466160000000001        4.3716088668813615        8.1585429000000005        1.1238200000000000E-002   14.340096924913105        14.678823799186553        13.841746642254972        15.933898186218080        14.858054471914024        14.305219168401987        14.167573072348528        14.229680388694177        14.762670856671207        14.303473749208209        14.167688316660559        14.199371013865711        14.327223993355084        15.094606463331374        15.164394381322978        14.488004716589991        14.082965148170466        13.746311273867988        14.048974819159930        14.338553037860880        14.562630023660098        32.390179145640126        19.219157294950769     
   5560.1306935114535       -3.9629729999999999        4.4284792806355968        8.1585788000000008        1.1237799999999999E-002   14.375985688004846        14.721827152461877        13.870419642835358        16.006119801198722        14.906396328480739        14.340190870340216        14.196267915236426        14.255412552205737        14.808712053688204        14.338232458062123        14.196322108352398        14.225293006084542        14.352434006789444        15.165263504293975        15.217237371995481        14.527816944083924        14.116041793507698        13.773592401467390        14.079964480279965        14.370635861681393        14.595075450361549        32.533417539470342        19.347473109811240     
   5521.2574719486602       -3.9751840000000001        4.4787765291478960        8.1586038999999992        1.1237400000000000E-002   14.402492753833027        14.753675487670435        13.891545091887902        16.059821087886320        14.942266515831292        14.365987816913211        14.217393080295338        14.274419074890865        14.842857798926783        14.363885948825999        14.217410317413101        14.244411565165088        14.371106932957350        15.217811995609132        15.256478371343110        14.557252713219839        14.140441150261577        13.793678690106464        14.103075906730819        14.395130505069343        14.620008527548503        32.643364787795988        19.443084581366495     
   5469.6810205740348       -3.9915250000000002        4.5344246638790393        8.1586373999999999        1.1237000000000000E-002   14.439714061052520        14.798740376696660        13.921030053988012        16.136417996177080        14.993130428022535        14.402787235065656        14.247016168786686        14.300323604729158        14.891341127926090        14.400432689655702        14.246931271719419        14.270465380309723        14.396456220014482        15.292731766401577        15.312064883492251        14.599079360098870        14.175089766312979        13.821478022484015        14.132309812226183        14.421302120811738        14.648157910673170        32.748443095768636        19.580061138158371     
   5431.2525788111170       -4.0037929999999999        4.5844144888143719        8.1586607000000004        1.1236700000000001E-002   14.468530416992950        14.833826185987947        13.943720547752948        16.196445141044833        15.032821091624383        14.431575090137402        14.269878806654399        14.319942113003679        14.929206745103516        14.428982540850336        14.269675683201038        14.290185593631479        14.415645000299081        15.351424862529226        15.355404959400625        14.631742977342755        14.202085526603115        13.842756009704646        14.153508698118989        14.437257118801790        14.666123341872980        32.814498415771681        19.687742465499184     
   5381.7063868987379       -4.0197450000000003        4.6392755920026625        8.1586911000000004        1.1236299999999999E-002   14.505610799328336        14.879093019266355        13.972792138036796        16.274227714147500        15.084145556293665        14.468618804269036        14.299154877951759        14.345093210114202        14.978158048422147        14.465701836239857        14.298781791373733        14.315430119796281        14.440352432428446        15.427479993224088        15.411462200284349        14.673866686797036        14.236766025871853        13.870006440526607        14.181194934620242        14.457948563885024        14.689217807819434        32.917479228333569        19.827519543264728     
   5339.9476566660978       -4.0333019999999999        4.6906340480837505        8.1587156000000007        1.1235999999999999E-002   14.536789853698977        14.917262076909193        13.997124384300601        16.340115875145056        15.127525623576677        14.499766979944550        14.323644149094019        14.366156436755499        15.019520361851857        14.496561216107889        14.323112468652109        14.336539094794837        14.461138385203025        15.491905675480051        15.458855305927873        14.709368988002367        14.265876346339493        13.892803769499213        14.204830142788861        14.475483660612820        14.708612741485084        33.019854219917590        19.946143467909248     
   5293.4034976048142       -4.0485350000000002        4.7445173281023134        8.1587426000000001        1.1235600000000000E-002   14.571483520114437        14.959844046585168        14.024082278617598        16.413931807430821        15.176029445597283        14.534426281271042        14.350760560788306        14.389508623049334        15.065756259763319        14.530882054166778        14.350035563049470        14.359906727166948        14.484285659693004        15.564084474119060        15.511858048228000        14.748959601622499        14.298214566546061        13.918050849475126        14.231518234245012        14.495152087202307        14.730175902695326        33.150771669338440        20.079260952476087     
   5247.7966746752727       -4.0635960000000004        4.7977972629042522        8.1587689000000001        1.1235300000000000E-002   14.605583273985520        15.001802053171975        14.050478656359243        16.486959844583449        15.223942981916419        14.568492808439817        14.377326456221642        14.412359558910271        15.111417287447228        14.564612648331323        14.376394815887661        14.382761159451714        14.506972106973276        15.635494337640417        15.564226938906486        14.787964605845300        14.329961577355231        13.942774024985834        14.257733759785712        14.514482319029256        14.751227272142746        33.292777743934238        20.211072399473846     
   5203.1099101394857       -4.0784750000000001        4.8508401127025023        8.1587943000000003        1.1235000000000000E-002   14.642725997977093        15.047310383784049        14.079666815417765        16.565487640839258        15.276088667079778        14.605605678165409        14.407276289893295        14.437092149019817        15.161123199729373        14.601646340879489        14.406123944984122        14.407960726776297        14.530257376786563        15.712292801777357        15.621163253518338        14.830514204810376        14.364891101591637        13.970374040207824        14.278695534962255        14.532741708974681        14.771936924842963        33.377753595807988        20.350301170435998     
   5157.7703351853861       -4.0937029999999996        4.9037990179014725        8.1588192999999993        1.1234600000000001E-002   14.680420425864336        15.093596150150132        14.109222256313023        16.645502913411079        15.329186319384389        14.643260404639493        14.437611586652265        14.462100997532394        15.211719584603321        14.639246621638078        14.436225854674829        14.433450417079120        14.553835379056752        15.790534708755365        15.679156768107353        14.873781553675419        14.400337609123850        13.998299321370409        14.300113888982088        14.551286109078992        14.792861163097049        33.472110050236900        20.492129117342138     
   5114.2740956715334       -4.1084420000000001        4.9564690370897209        8.1588428999999998        1.1234299999999999E-002   14.716557301376955        15.138073067959578        14.137486461422423        16.722553440552105        15.380271596421974        14.679350300938054        14.466630640581389        14.485978884663371        15.260380818047064        14.675308792962209        14.465012064021938        14.457796283896961        14.576376153446926        15.865866216599098        15.734972212670993        14.915347187793973        14.434315725819726        14.024981843833654        14.320770064857630        14.569060217476387        14.812817859021958        33.570301506494715        20.628691834773708     
   5068.3897038401801       -4.1241190000000003        5.0093454290261370        8.1588674000000001        1.1233999999999999E-002   14.754665688019006        15.185083415574294        14.167221375154984        16.804154465985974        15.434331061251616        14.717399697753866        14.497168971430828        14.511060571089491        15.311857176749687        14.713354953866972        14.495295278534076        14.483378755543651        14.600085031046987        15.945635010720128        15.794056948145194        14.959269861090281        14.470144480861403        14.053029354625668        14.342689613522420        14.587806858307207        14.833760285474806        33.682041539418677        20.773298130057842     
   5026.0754059136625       -4.1387070000000001        5.0614193252241604        8.1588896999999996        1.1233699999999999E-002   14.789804975751601        15.228526684581624        14.194576307484745        16.879705049040087        15.484345894600651        14.752476010780828        14.525271305737441        14.534100590925146        15.359466252925642        14.748451953009670        14.523153719235619        14.506887080929612        14.621893350757183        16.019478798717337        15.848738256228547        14.999850633487338        14.503179391602181        14.078811007118595        14.363028686499831        14.605099261323371        14.852980616982531        33.792519108922988        20.907156936280948     
   4982.3588040666364       -4.1539080000000004        5.1139185701076668        8.1589126000000007        1.1233399999999999E-002   14.827529238280857        15.275115706861271        14.224152851131798        16.960346532507973        15.538040836039141        14.790411687787568        14.555645350833341        14.559038513384827        15.410633899175355        14.786282813330480        14.553295980755252        14.532425879554790        14.645181697318606        16.098348219478755        15.907336210660048        15.043685696807266        14.538805331407257        14.106766781910466        14.383668268306284        14.623198970546039        14.872920478244616        33.901927779975750        21.050383301150216     
   4938.1582116074378       -4.1694069999999996        5.1662885191876686        8.1589354000000007        1.1233099999999999E-002   14.867789075715425        15.324692753220265        14.256074693495023        17.045618846935913        15.595248919697291        14.831314944200841        14.588381534805428        14.586046155302789        15.465241530988990        14.826852119662789        14.585855650396301        14.560203476957476        14.669962684232353        16.181825320258287        15.969607380655255        15.090800357564930        14.577037307479301        14.137061688942580        14.403919832026673        14.641849826386959        14.893284970180371        33.998586627557621        21.202586354187453     
   4895.0259672393049       -4.1846699999999997        5.2181690413843000        8.1589577000000002        1.1232900000000001E-002   14.907034050638291        15.373085979980701        14.287159403344742        17.129117236262182        15.651168952404749        14.871196382834583        14.620230523718806        14.612359398681416        15.518608838922336        14.866392445760862        14.617556282349323        14.587261564430847        14.694166021976006        16.263556729273073        16.030498358108833        15.136790798022595        14.614273012836595        14.166537125557916        14.423779309416084        14.660029713754039        14.913087061967545        34.095643168624065        21.351941451022473     
   4852.3486705886917       -4.1999050000000002        5.2696994156654382        8.1589793999999998        1.1232600000000001E-002   14.945861616298114        15.421019993733999        14.317889630664855        17.212051447522079        15.706628387734565        14.910662036618145        14.651687407412521        14.638391809283984        15.571527750265869        14.905505769473226        14.648889600537952        14.614024618246798        14.718172012398064        16.344727840830270        16.090905735709587        15.182347437710874        14.651082895832229        14.195653971308769        14.443561242232054        14.678035385631290        14.932649190934004        34.194373099459895        21.500567004066649     
   4810.7523424904830       -4.2148800000000000        5.3209382221052346        8.1590001999999995        1.1232300000000001E-002   14.983684980849207        15.467771500367038        14.347798595873735        17.293170661584711        15.760789373176381        14.949115305071876        14.682276315624248        14.663744270768172        15.623198458500989        14.943601445644605        14.679380306135345        14.640083132603438        14.741607998809913        16.424114480414914        16.149917522926685        15.226781849986684        14.686911333244760        14.223970222238508        14.462951006701440        14.695584376749695        14.951668676658107        34.293166948112116        21.646220485960335     
   4768.6231192747864       -4.2301830000000002        5.3720905565364703        8.1590209999999992        1.1232000000000001E-002   15.021969817882177        15.515151530620365        14.378045345116437        17.375614310218975        15.815748929904615        14.988046142615072        14.713183226583514        14.689398595925926        15.675621641089958        14.982155830219657        14.710210127894928        14.666446425902969        14.765380276642905        16.504789135285204        16.209818395225589        15.271815166135013        14.723147152860609        14.252583513485515        14.482696539843293        14.713355372999079        14.970882201098615        34.395804805517784        21.794535193649441     
   4727.6792052773690       -4.2451819999999998        5.4230068801626903        8.1590410000000002        1.1231800000000000E-002   15.061057286032351        15.563659518327604        14.409294628994793        17.461114758863463        15.872119182611492        15.028192047496489        14.745192984983593        14.715684532626284        15.729401043689649        15.021963525946148        14.742040864948546        14.693532933422524        14.789441538508690        16.588218465220795        16.271363684162694        15.317921439733290        14.760627818347114        14.282113811351408        14.501845720247879        14.731216827108327        14.989998673699240        34.502280835548333        21.948251178908393     
   4683.1708298464846       -4.2616350000000001        5.4739556732372732        8.1590624999999992        1.1231500000000000E-002   15.105267904575514        15.618635126398908        14.445006024055401        17.559145477959859        15.936099822126957        15.073950696417791        14.781850262363919        14.745553054300716        15.790441405381200        15.067381906880117        14.778375944934359        14.724363136432794        14.816526108247666        16.683644788085040        16.341339528279775        15.370164404421415        14.803470821372771        14.315843476504442        14.522644409544677        14.751207202124027        15.011231026760589        34.624224178860018        22.124569614720983     
   4642.3085247212966       -4.2768810000000004        5.5229632854640167        8.1590819999999997        1.1231200000000000E-002   15.145825332495216        15.669111911536275        14.477796690812246        17.649574407767503        15.994910219469309        15.115943452315841        14.815501293536355        14.773003559306966        15.846530309133863        15.109054261966156        14.811709047619710        14.752680503483626        14.841456965364101        16.771632336183202        16.405712333172261        15.418118282085421        14.842786774566020        14.346806716660966        14.541810412525018        14.769570727428585        15.030712543294081        34.738194089686978        22.287638362521704     
   4601.8345457517971       -4.2921120000000004        5.5724792607012725        8.1591011000000009        1.1231000000000000E-002   15.185944323257363        15.719090179743997        14.510256912199917        17.739525346100212        16.053205434825149        15.157497451081237        14.848806127910279        14.800197069060662        15.902109057214805        15.150283352806809        14.844678095672037        14.780717510130575        14.866188980821427        16.859117585167503        16.469572137933554        15.465584290884188        14.881689406470979        14.377449297970248        14.560838119799797        14.787746615202405        15.049974807358222        34.852959669716313        22.450261050297716     
   4561.8079738532097       -4.3073059999999996        5.6219582304451787        8.1591197999999991        1.1230800000000001E-002   15.225586756554199        15.768516368954872        14.542358699173095        17.828874069714161        16.110917839076222        15.198572071923090        14.881735781914225        14.827112568845751        15.957114627780472        15.191029269521119        14.877255238966287        14.808452385394085        14.890703681111800        16.945981366929395        16.532841498342584        15.512512943132181        14.920141966900177        14.407746122825559        14.579717216352849        14.805727561134637        15.069009578607906        34.968313837946752        22.612185116226748     
   4522.2024401721146       -4.3224710000000002        5.6714744692948127        8.1591380999999998        1.1230499999999999E-002   15.264799137562138        15.817442351657080        14.574142509838461        17.917686108865112        16.168102785834883        15.239214344592591        14.914331502297768        14.853786371020329        16.011601249995508        15.231339068330128        14.909482153571313        14.835922467695797        14.915034719098530        17.032289071581111        16.595577690519249        15.558954883938549        14.958189758086307        14.437736704263175        14.598477466155524        14.823544548385827        15.087849199495453        35.084291499381379        22.773501066123046     
   4482.9407610125509       -4.3376380000000001        5.7210584873353678        8.1591559000000000        1.1230300000000000E-002   15.305482262238622        15.868673670812383        14.606755821351227        18.011265716960978        16.228580908022224        15.281620788387114        14.947999135873017        14.880788511180983        16.069186306688337        15.273483337026468        14.942913553397220        14.863894374342118        14.939265436850492        17.123593185715983        16.661884053590441        15.607971298632647        14.997772099339285        14.468687619473384        14.617472238840717        14.841699679615070        15.106838780385635        35.216425790819670        22.939757779588270     
   4444.1632116221972       -4.3527459999999998        5.7707218774238047        8.1591733000000009        1.1230100000000000E-002   15.348057743580316        15.922864913964016        14.640403879124914        18.110736991666695        16.293280103032576        15.326291414204064        14.983016342210732        14.908154340885339        16.130753668366584        15.317997596294763        14.977897253584100        14.892472986061851        14.963285627791478        17.221132101879427        16.732729122152726        15.660323306094764        15.039320569341488        14.500854088619118        14.636718909791046        14.860283737735767        15.126026382091272        35.369233755529478        23.111475642359647     
   4405.7819567078823       -4.3678330000000001        5.8204969497803969        8.1591903000000006        1.1229800000000000E-002   15.390229752795221        15.976600767347797        14.673715709724128        18.209595329739336        16.357515642959129        15.370554341701300        15.017683308414874        14.935224196428663        16.191870568797420        15.362117760995737        15.012549838770930        14.920755214413845        14.987045695438596        17.318083056501209        16.803080094075984        15.712262625272228        15.080481261009346        14.532706267201213        14.655802228688323        14.878697568552077        15.145023877370058        35.523253397028647        23.282004438281518     
   4367.4103603886579       -4.3830460000000002        5.8704103715315421        8.1592070000000003        1.1229599999999999E-002   15.432383666105800        16.030382053120196        14.706987808576560        18.308791286100988        16.421892563051951        15.414815744236844        15.052310178912020        14.962232074096988        16.253110922934777        15.406248378747602        15.047181011058196        14.948987078943208        15.010746266311777        17.415377310454904        16.873603095439506        15.764271607953777        15.121629282998299        14.564525835153606        14.674874956572896        14.897087401676931        15.163983596404659        35.679953256830558        23.453014207416427     
   4328.7948077241890       -4.3984889999999996        5.9204246643690439        8.1592234000000001        1.1229400000000000E-002   15.474817284590088        16.084584046219113        14.740459047218476        18.409003136149110        16.486857090353389        15.459387512672386        15.087144775922841        14.989375228193936        16.314900051668467        15.450700587364189        15.082038792537599        14.977374031590102        15.034562752789192        17.513680618066367        16.944785273534883        15.816714038002598        15.163055835102185        14.596542121677043        14.694082357593892        14.915593854530051        15.183049800136537        35.840413403106353        23.625659485579931     
   4290.3132240886471       -4.4140189999999997        5.9704079727806363        8.1592394000000006        1.1229200000000000E-002   15.517115754333659        16.138677010325406        14.773802178426788        18.509252106874353        16.551774581663580        15.503833950966218        15.121846511683113        15.016388229731884        16.376634311337494        15.495039914709299        15.116782449090653        15.005638526731293        15.058262275031865        17.612032913579387        17.015931263691662        15.869077511141843        15.204355949581579        14.628442146004556        14.713236879846679        14.934036191372915        15.202036228281486        36.003074907351589        23.798253181742499     
   4252.2226845074920       -4.4295249999999999        6.0203078605477494        8.1592549999999999        1.1228999999999999E-002   15.558996527589212        16.192298246852399        14.806794966540732        18.608860841897808        16.616207996904603        15.547857822812574        15.156184078662271        15.043091605386206        16.437898315789585        15.538969597586938        15.151180009579363        15.033592492282118        15.081687441770601        17.709769412779110        17.086561743479706        15.921010403588376        15.245253652160439        14.660013172660360        14.732210532352646        14.952291477566057        15.220816605023217        36.166794179455692        23.969631153492927     
   4214.2568363705477       -4.4451190000000000        6.0701440826685769        8.1592702999999993        1.1228800000000001E-002   15.604447175084427        16.251358790671613        14.842756207812865        18.718650319530607        16.687720147629051        15.596968061431319        15.193754578953072        15.072651791313689        16.506033149193350        15.587768331852555        15.188251618988172        15.064376390873782        15.107380383305863        17.817357538567141        17.164855137976318        15.978486975355185        15.290138884195375        14.694290299202667        14.753337035105659        14.971759388908339        15.240298532314643        36.332859003211112        24.155725871738003     
   4177.0242827129578       -4.4605499999999996        6.1198771267978653        8.1592850000000006        1.1228600000000000E-002   15.649263542476195        16.309733453823043        14.878183361672136        18.827326263047134        16.758497225492313        15.645529722509174        15.230793502949410        15.101777102060577        16.573473026335666        15.636010858772540        15.224749392307196        15.094699977566449        15.132646933768349        17.923849228390900        17.242351298224087        16.035319769559688        15.334438230381632        14.728049377968844        14.774206754461702        14.990940588455121        15.259440730497655        36.496453724686248        24.339634271495179     
   4140.3304059598531       -4.4758920000000000        6.1696125113621108        8.1592994000000001        1.1228399999999999E-002   15.693449207706950        16.367378123799895        14.913070330221972        18.934807369441394        16.828456996211031        15.693470416940473        15.267286097210528        15.130436294797002        16.640131515099107        15.683637042119683        15.260691460511451        15.124540085394175        15.157473639849707        18.029172885102220        17.318965850977399        16.091451106890574        15.378126706268285        14.761292414684371        14.794790941101867        15.009855807261596        15.278295440978892        36.658326007338836        24.521374150976804     
   4103.8927261872350       -4.4912630000000000        6.2194484362646758        8.1593136000000008        1.1228200000000001E-002   15.737343472516033        16.424732585325692        14.947686293499627        19.041908624224760        16.898131070380259        15.741156281844630        15.303513346755119        15.158851160024222        16.706515215690217        15.731010597420132        15.296355126903608        15.154127596289458        15.182053750338047        18.134127035009357        17.395280582581961        16.147308917397332        15.421539381381317        14.794275933421529        14.815247255420987        15.028650009035724        15.297007870306468        36.819699620716449        24.702328561235973     
   4067.7288906647200       -4.5066550000000003        6.2693921859444757        8.1593275999999992        1.1228100000000000E-002   15.780905392248469        16.481747309783806        14.981995765284045        19.148550824121251        16.967461983635800        15.788543167474030        15.339438618632775        15.186989578828429        16.772568525887642        15.778087526045125        15.331704398906309        15.183429824333812        15.206357638472623        18.238633612589844        17.471234117341915        16.202844261794631        15.464635276501705        14.826965238305293        14.835546137211884        15.047294539265677        15.315549871022862        36.980462032769985        24.882380159953890     
   4031.7630467800004       -4.5220940000000001        6.3194221773678683        8.1593412999999995        1.1227900000000001E-002   15.824264645779136        16.538578372647351        15.016109868808149        19.254989296321902        17.036629919099994        15.835767562456928        15.375176097392012        15.214950063914097        16.838464983489224        15.825003664853844        15.366852577820408        15.212547718761913        15.230476348194260        18.342943547505719        17.547019925141271        16.258209989173395        15.507542851490987        14.859468052955789        14.855768510821596        15.065866925764608        15.333999164838735        37.140977030219602        25.061936317513435     
