  #       Teff 			 log(L/Lsun) 		 tcool(gyr) 			logg(CGS)		  R/R_sun		       G3      			Bp3    			Rp3     		    u      			g      			 r      		 i       		z     				g		       r       			i      			 z       			y  
   79225.684476553972       -2.1640000000000000E-002   2.8735362786727592E-004   9.0985393999999999        5.1735000000000001E-003   10.618594809084270        10.423143829788957        10.995782973487708        9.8032887825158443        10.349190741106467        10.917362514427230        11.323782973487708        11.691675021700528        10.426796583506464        10.924362514427235        11.335782973487708        11.638264473017854        11.860280864100529        9.0612418711983356        10.344709241576316        10.692486857297089        10.838362514427237        11.045752453252872        11.513156521230675        11.663214651160819        11.790319692408476        8.3185771195525948        8.9757229810706871     
   78083.990510151387       -4.7375000000000000E-002   3.0135831260989223E-004   9.0990602000000003        5.1704000000000003E-003   10.632111769906137        10.436891212604104        11.008681604247906        9.8175657788357231        10.363006893439783        10.930536967059181        11.336681604247905        11.704414083185613        10.440610652639785        10.937536967059183        11.348681604247906        11.650978081663242        11.873017842385616        9.0754500980000490        10.358710416024445        10.705844248843848        10.851536967059184        11.058605684134600        11.525710560600951        11.675592001216289        11.802589122667301        8.3370700507481654        8.9917991516971103     
   76962.470476450821       -7.2989999999999999E-002   3.1633365815451951E-004   9.0995437999999993        5.1675000000000002E-003   10.645331290315248        10.450336971419958        11.021293403460920        9.8315311396891794        10.376519777479757        10.943420031458182        11.349293403460916        11.716868703616012        10.454121602279756        10.950420031458183        11.361293403460916        11.663408669248764        11.885470528416008        9.0893483336293777        10.372404511691911        10.718906590470336        10.864420031458184        11.071172456568366        11.537983969403854        11.687691935991698        11.814582708639346        8.3551772981263106        9.0075329773596096     
   75875.226408184593       -9.8212999999999995E-002   3.3238763575326401E-004   9.1000498000000007        5.1644999999999998E-003   10.658224014235662        10.463449168154023        11.033596355130593        9.8451468802407707        10.389696572404043        10.955986582158117        11.361596355130592        11.729018804662248        10.467296373204045        10.962986582158118        11.373596355130593        11.675536274321390        11.897618605462247        9.1028994759907516        10.385756653213244        10.731646463767317        10.876986582158120        11.083431282021431        11.549958723853047        11.699499439843846        11.826287560084664        8.3728077457304853        9.0228637884468181     
   74809.714960425306      -0.12325200000000000        3.4962826857113782E-004   9.1005181999999998        5.1617000000000000E-003   10.670802495982930        10.476242625790846        11.045596593419280        9.8584332266667651        10.402552967050937        10.968245410471059        11.373596593419276        11.740868877671453        10.480150894250936        10.975245410471057        11.385596593419276        11.687365150855229        11.909466804871453        9.1161228854066749        10.398784409614986        10.744074780235106        10.889245410471059        11.095387906175411        11.561637435107404        11.711014283743356        11.837701473639395        8.3900289901131941        9.0378318831138600     
   73777.511079383810      -0.14787700000000001        3.6816363791226079E-004   9.1010106000000004        5.1587999999999998E-003   10.683064478165594        10.488713018349717        11.057297776369541        9.8713809326742776        10.415083852306029        10.980197731489408        11.385297776369537        11.752424112541728        10.492679809906033        10.987197731489406        11.397297776369538        11.698900651121161        11.921020070141733        9.1290100987179628        10.411480977554408        10.756190814337785        10.901197731489408        11.107046361433792        11.573026987293353        11.722246031644975        11.848835909952914        8.4067879720805578        9.0524094111266926     
   72765.245678525549      -0.17233299999999999        3.8820966987969998E-004   9.1014655999999992        5.1561000000000003E-003   10.695031353333547        10.500884166597839        11.068714482297576        9.8840196370833446        10.427314010554756        10.991860927037106        11.396714482297579        11.763697375390198        10.504908148154758        10.998860927037104        11.408714482297579        11.710155300508514        11.932291512990197        9.1415897931264318        10.423873192343819        10.768014246426166        10.912860927037105        11.118420850822343        11.584138193601138        11.733202461412073        11.859696573179924        8.4231647784728025        9.0666473067160247     
   71784.552935551284      -0.19638300000000000        4.0976682688801704E-004   9.1019427999999998        5.1533000000000004E-003   10.706700481566136        10.512751342179028        11.079849984563110        9.8963396058404509        10.439237884614668        11.003235847446801        11.407849984563112        11.774693437585865        10.516830113414668        11.010235847446802        11.419849984563113        11.721134126221022        11.943285666385863        9.1538530634048048        10.435953742956761        10.779543934588892        10.924235847446800        11.129514982292312        11.594977579243777        11.743892805701689        11.870294574595240        8.4391056751789097        9.0805172385787234     
   70824.415653270626      -0.22021399999999999        4.3337462881797251E-004   9.1023837000000007        5.1506000000000000E-003   10.718109866745500        10.524354518414846        11.090736767662104        9.9083856080781771        10.450896304739487        11.014357191441480        11.418736767662104        11.785443437117397        10.528486769939487        11.021357191441481        11.430736767662104        11.731867888102791        11.954033902317398        9.1658438217535370        10.447765184298799        10.790816536200797        10.935357191441479        11.140360995552072        11.605574557558086        11.754343817198770        11.880654863164100        8.4546971309610761        9.0940814592183372     
   69894.338668453172      -0.24364400000000000        4.5914163352392732E-004   9.1028468000000000        5.1479000000000004E-003   10.729505737285297        10.535948822884759        11.101596561230767        9.9204385197887746        10.462541782456693        11.025472166296542        11.429592214458836        11.796138562726217        10.540109262990381        11.032457253391453        11.441592214458836        11.742560516059370        11.964710390031840        9.1778561263499974        10.459573480856154        10.802041519419522        10.946457253391454        11.151153475631304        11.616075165927288        11.764692761506399        11.890916356973246        8.4701118275727048        9.1075653133866297     
   68983.146535033375      -0.26686500000000002        4.8739219287168109E-004   9.1032720000000005        5.1453999999999996E-003   10.742982754076634        10.549700898116123        11.114325419950992        9.9348677885380123        10.476329815112534        11.038660022683475        11.442283414954579        11.808463585568591        10.553713356419541        11.045516332340563        11.454283414954579        11.754978358915087        11.976889131872012        9.1923405568880963        10.473634871152028        10.815061239344152        10.959516332340561        11.163607275911501        11.627853473489610        11.776236120157458        11.902373698810960        8.4872836722865816        9.1230880126959715     
   68102.491393687989      -0.28963499999999998        5.1834308006959873E-004   9.1037210999999996        5.1427000000000000E-003   10.756127068327466        10.563111205309362        11.126746991125710        9.9489330704057402        10.489775045581322        11.051525514228864        11.454668266453748        11.820494378611222        10.566980659460057        11.058257038696272        11.466668266453748        11.767099013871857        11.988778717161921        9.2064589809944088        10.487344298163215        10.827763429624312        10.972257038696270        11.175762854143819        11.639355873447435        11.787510761498957        11.913565663838323        8.5039983601413809        9.1382100807333160     
   67239.736058499504      -0.31219700000000000        5.5275066018054984E-004   9.1041372999999997        5.1403000000000004E-003   10.768904017972215        10.576148646354667        11.138816639172191        9.9626123588873767        10.502847075728326        11.064029869542942        11.466701660598527        11.832181005821926        10.579878473740028        11.070638864575127        11.478701660598528        11.778873581416075        12.000327382407288        9.2201899559078662        10.500675154910777        10.840107336801466        10.984638864575125        11.187572010789737        11.650524847457028        11.798455103568227        11.924428724774078        8.5202730231587047        9.1529246756171787     
   66407.174160387716      -0.33428700000000000        5.9104831203822528E-004   9.1045811000000008        5.1376000000000000E-003   10.781394966068094        10.588891138219980        11.150625367355177        9.9759747373790706        10.515623110491342        11.076258429074985        11.478475070683809        11.843619615947963        10.592486220923421        11.082748849819653        11.490475070683809        11.790397222931924        12.011633023051404        9.2336020476916669        10.513700958243229        10.852180228748290        10.996748849819655        11.199129195203293        11.661463920444197        11.809176748774769        11.935072439390810        8.5361386065391383        9.1672861283866087     
   65591.717058188107      -0.35615900000000000        6.3410162474150406E-004   9.1049910999999994        5.1352000000000004E-003   10.793529152753628        10.601271602036171        11.162092033686136        9.9889624966855095        10.528036769826240        11.088136103957041        11.489906901496067        11.854723623919341        10.604735148837879        11.094510143472789        11.501906901496067        11.801584416613522        12.022607135121049        9.2466381571896221        10.526359254708787        10.863905046882721        11.008510143472790        11.210349584403595        11.672078654154255        11.819577154699800        11.945396219605620        8.5515780518249898        9.1812524362156864     
   64805.967699402529      -0.37753599999999998        6.8266930945125640E-004   9.1054315999999993        5.1326000000000002E-003   10.805341569155720        10.613321505245898        11.173261579393904        10.001598100310678        10.540118824900260        11.099702048344204        11.501042533339541        11.865543194019301        10.616658292040141        11.105963599059782        11.513042533339542        11.812484323649363        12.033301707213544        9.2593201838863752        10.538677034590441        10.875322826605418        11.019963599059780        11.221281643303724        11.682426774638946        11.829718092791436        11.955463868761379        8.5665746027338070        9.1948309390713927     
   64038.477777349202      -0.39864200000000000        7.3815907934115903E-004   9.1058404999999993        5.1301999999999997E-003   10.816823290391660        10.625035109058452        11.184115972785520        10.013883924811431        10.551864135255578        11.110943457896845        11.511863584588397        11.876055613699336        10.628248468811044        11.117094917477456        11.523863584588398        11.823075127921598        12.043692335451926        9.2716510508365744        10.550652591922372        10.886419167280334        11.031094917477454        11.231904154118723        11.692478700365744        11.839566443354990        11.965240377132723        8.5811664193074044        9.2080377514786136     
   63300.333774177743      -0.41921999999999998        8.0187286703039715E-004   9.1062803999999993        5.1276000000000004E-003   10.827988209094649        10.636423230562396        11.194677900856487        10.025822935803010        10.563282926244934        11.121877977169397        11.522393083573945        11.886288095483621        10.639517871399768        11.127923193264277        11.534393083573946        11.833383183706204        12.053807857920994        9.2836332067430547        10.562292826112682        10.897213254381739        11.041923193264275        11.242242879388741        11.702268295748127        11.849159546395388        11.974764944572804        8.5953217801379829        9.2208625352739979     
   62587.701123484272      -0.43929699999999999        8.7533131046021138E-004   9.1066873000000008        5.1251999999999999E-003   10.838723125887004        10.647373564749959        11.204831197021281        10.037305242425091        10.574263134811527        11.132390844859540        11.532514877759713        11.896123209009104        10.650353925836225        11.138333295710314        11.544514877759713        11.843291188096753        12.063530319295371        9.2951569022511684        10.573486824474482        10.907590227248743        11.052333295710316        11.252180758158328        11.711675829683195        11.858376319549258        11.983915337261603        8.6089437336191459        9.2332000010769093     
   61898.339687228865      -0.45897900000000003        9.6254478898572416E-004   9.1071317000000001        5.1225999999999997E-003   10.849223959845590        10.658082984739421        11.214769767677799        10.048529851615212        10.585001635796273        11.142677651434189        11.542422589820950        11.905753398895838        10.660952776933717        11.148520307546056        11.554422589820950        11.852992091727115        12.073051717890136        9.3064213665896371        10.584432133890102        10.917744602889206        11.062520307546057        11.261910742783966        11.720892402708179        11.867407632449490        11.992883046818216        8.6222365356711013        9.2452518439905393     
   61248.435532016061      -0.47772399999999998        1.0633152609297839E-003   9.1075371999999994        5.1202000000000001E-003   10.859104202255903        10.668159820396298        11.224120391625522        10.059092511819291        10.595106119091700        11.152356471459516        11.551743944130120        11.914813169542924        10.670925657398104        11.158104867517313        11.563743944130120        11.862118474789721        12.082009155344732        9.3170213695706856        10.594731588432094        10.927298271221911        11.072104867517314        11.271064773485126        11.729562230862133        11.875901879633727        12.001317169586930        8.6347488714792355        9.2565943891808686     
   60629.222647452785      -0.49581799999999998        1.1842646181988812E-003   9.1079810999999999        5.1175999999999999E-003   10.868648904326072        10.677892061931836        11.233160849385882        10.069288277217172        10.604864884270388        11.161710086862158        11.560756102647332        11.923575867306312        10.680558804399880        11.167368262388351        11.572756102647332        11.870944869441566        12.090674534174354        9.3272525326138727        10.604676117476153        10.936531591249796        11.081368262388349        11.279917691780120        11.737953400894781        11.884125033805315        12.009483729270059        8.6468004959329612        9.2675332100402272     
   60057.188859338770      -0.51268700000000000        1.3244553116736029E-003   9.1083818000000001        5.1152000000000003E-003   10.877467350470438        10.686883721012636        11.241513861858630        10.078708263918495        10.613881241720032        11.170352321828963        11.569082813951235        11.931672162294971        10.689459152291898        11.175926992807499        11.581082813951236        11.879099970609039        12.098681120774232        9.3367050243251644        10.613864085062227        10.945062417700109        11.089926992807500        11.288097491316430        11.745706475610577        11.891722111666935        12.017028412152870        8.6579347738397576        9.2776396372872885     
   59544.547602613347      -0.52799700000000005        1.4841450438017887E-003   9.1087986999999995        5.1127000000000004E-003   10.889683471295411        10.699261204951368        11.253279467274504        10.092315770784575        10.626352295430847        11.182423128312939        11.580753181995027        11.943175448339067        10.701552738712936        11.187987933512934        11.592753181995027        11.890571001036070        12.110266538818548        9.3502643224080959        10.626847389931230        10.956531358933075        11.101987933512936        11.299662091515549        11.757044715756594        11.903175448339068        12.028714662074504        8.6717796629080137        9.2912482928520586     
   59096.532592588228      -0.54147199999999995        1.6575231699564768E-003   9.1091551000000006        5.1105999999999999E-003   10.900786173378501        10.710505286281302        11.263984504992406        10.104727542340575        10.637685979762784        11.193399826236854        11.591367191110924        11.953648078208124        10.712526585436853        11.198963205836856        11.603367191110925        11.901005804147962        12.120828771689608        9.3626257433192546        10.638668341630359        10.966926909687798        11.112963205836854        11.310186497629443        11.767388490266478        11.913648078208125        12.039421125392407        8.6842554280842084        9.3035926579814063     
   58709.989134164949      -0.55323500000000003        1.8434311479301187E-003   9.1095165999999992        5.1085000000000002E-003   10.910489942872974        10.720330991536116        11.273344912097112        10.115561152587286        10.647588993709284        11.202995051416618        11.600648843523945        11.962807794860804        10.722118918616616        11.208556985016617        11.612648843523946        11.910132839177614        12.130065797033971        9.3734161724973113        10.648992026658309        10.976019817094421        11.122556985016615        11.319390841350781        11.776436770604445        11.922807794860805        12.048782978497115        8.6951416502908323        9.3143670664276890     
   58362.649578492521      -0.56385399999999997        2.0445125698739445E-003   9.1098274999999997        5.1066999999999996E-003   10.919176613985721        10.729127003271588        11.281722872765778        10.125262734367508        10.656454473355891        11.211583903018687        11.608956092681476        11.971005703395607        10.730705283018681        11.217144593018682        11.620956092681476        11.918301152512877        12.138333173479909        9.3830791251659402        10.658235684660129        10.984157291630142        11.131144593018684        11.327628622597176        11.784534372428572        11.931005703395607        12.057162182765781        8.7048899802067385        9.3240147609208730     
   58054.381161508158      -0.57337700000000003        2.2595076560601511E-003   9.1101530000000004        5.1047999999999996E-003   10.927016273515029        10.737063680448895        11.289288325842701        10.134003513428972        10.664452804216591        11.219336921145800        11.616458590075005        11.978411183141141        10.738455697145799        11.224896309145798        11.628458590075006        11.925680342539611        12.145800306908839        9.3917858422628093        10.666569875656617        10.991508889938078        11.138896309145796        11.335069466307306        11.791850606771909        11.938411183141142        12.064728937842705        8.7136699497244017        9.3327068267905382     
   57767.556795046577      -0.58226400000000000        2.4918382232708325E-003   9.1104356000000006        5.1031000000000002E-003   10.934284961989265        10.744422448707402        11.296301774461460        10.142110285840280        10.671868937348394        11.226524725184431        11.623413543420467        11.985276056702331        10.745641240384428        11.232082982784432        11.635413543420468        11.932520566138484        12.152722545343321        9.3998610301631356        10.674298613517193        10.998323333174641        11.146082982784430        11.341967054779479        11.798632335097496        11.945276056702332        12.071743516861458        8.7218131325440336        9.3407678426258958     
   57504.389885662284      -0.59049799999999997        2.7398195251976459E-003   9.1107382000000001        5.1012999999999996E-003   10.941057784231962        10.751277893580127        11.302840208642920        10.149652385477403        10.678777015602993        11.233223480311523        11.629898133820053        11.991678024471888        10.752337574711522        11.238780527511523        11.641898133820053        11.938899889774316        12.159177146494756        9.4073743509521073        10.681493713214902        11.004678802276747        11.152780527511521        11.348399011797184        11.804957814951450        11.951678024471889        12.078283161442922        8.7293865972581521        9.3482671575099872     
   57250.330743281724      -0.59845800000000005        3.0075505553784866E-003   9.1110042999999994        5.0997999999999998E-003   10.947497754063976        10.757797458877805        11.309053838569744        10.156834633345271        10.685347392729151        11.239591674523775        11.636059887518401        11.997760182704569        10.758703640123771        11.245147657323775        11.648059887518402        11.944960019815712        12.165310116555917        9.4145288795827877        10.688341242074726        11.010715839726855        11.159147657323773        11.354509953667057        11.810966068764367        11.957760182704570        12.084497855769742        8.7365994312550104        9.3554078468411834     
   57009.207000630515      -0.60607999999999995        3.2934696611783350E-003   9.1112947999999996        5.0981000000000004E-003   10.953729034645820        10.764104243278604        11.315070112479360        10.163770663476962        10.691702401878475        11.245754946678980        11.642026774679485        12.003651566046701        10.764864588278977        11.251309767478981        11.654026774679485        11.950830457479737        12.171249724646573        9.4214387926440555        10.694959482644810        11.016564169712774        11.165309767478982        11.360428616079611        11.816787119679860        11.963651566046702        12.090515291679361        8.7435626252417595        9.3623036710089753     
   56768.706663791949      -0.61368000000000000        3.6022549990290145E-003   9.1115525999999996        5.0965999999999997E-003   10.959863318190790        10.770313678586861        11.320989916183413        10.170607462061001        10.697959937254103        11.251821112985139        11.647897447116170        12.009447086720099        10.770928692185135        11.257374902585136        11.659897447116171        11.956604929781685        12.177093345387339        9.4282495707321754        10.701479597928722        11.022316562443271        11.171374902585134        11.366251188448926        11.822512460714444        11.969447086720100        12.096436126583411        8.7504271389706592        9.3691002513745882     
   56534.037155932318      -0.62116400000000005        3.9322559529140905E-003   9.1118380999999999        5.0949000000000003E-003   10.965951306207161        10.776474942385471        11.326868434572591        10.177381150580048        10.704168134954285        11.257842717079031        11.653727889603774        12.015204253425468        10.776948012279030        11.263395364679029        11.665727889603774        11.962341504466147        12.182897445994280        9.4349980593705549        10.707944199157671        11.028031403106825        11.177395364679031        11.372034697034964        11.828200959497332        11.975204253425469        12.102315786972591        8.7572261070898829        9.3758339377115778     
   56293.985899601510      -0.62880800000000003        4.2887423778497861E-003   9.1120932999999997        5.0933999999999997E-003   10.972079269195762        10.782677712555630        11.332782122435150        10.184210095616665        10.710418915375714        11.263902477295391        11.659592546415071        12.020994103055203        10.783005730895391        11.269454104095393        11.671592546415072        11.968110140774913        12.188735305875282        9.4418012282768746        10.714457264956396        11.033777805294628        11.183454104095391        11.377851343594992        11.833920564754836        11.980994103055204        12.108230495635157        8.7640817874754671        9.3826219565155942     
   56054.953933747114      -0.63648700000000002        4.6700918768656837E-003   9.1123794999999994        5.0917000000000002E-003   10.978271171386048        10.788944033969031        11.338760460689528        10.191100189741288        10.716733043182280        11.270026524329278        11.665521933476274        12.026849070893299        10.789127488329278        11.275577006329279        11.677521933476275        11.973943915049773        12.194638080106547        9.4486658543715585        10.721032763092055        11.039589241206251        11.189577006329280        11.383732924263022        11.839705387836524        11.986849070893300        12.114209978689527        8.7709967401634295        9.3894705035804478     
   55806.399018948752      -0.64446400000000004        5.0824031953514747E-003   9.1126357000000002        5.0901999999999996E-003   10.984597609976220        10.795347713823020        11.344864849845763        10.198152161973756        10.723186434019233        11.276282096034393        11.671575586849549        12.032825483002746        10.795381010434390        11.281831553234390        11.683575586849550        11.979898146457131        12.200664203198958        9.4556913211231617        10.727757914345901        11.045520267111513        11.195831553234392        11.389736866653340        11.845608883460919        11.992825483002747        12.120315392645765        8.7780756690343011        9.3964793647874991     
   55555.364326615614      -0.65258799999999995        5.5236521511064325E-003   9.1129262000000004        5.0885000000000001E-003   10.991068407933692        10.801896434349462        11.351111166741404        10.205355896700262        10.729785361484140        11.282681357745432        11.677770534806726        12.038942508390953        10.801777948145432        11.288229652945432        11.689770534806726        11.985992680537372        12.206831435525629        9.4628685022191696        10.734631529811107        11.051591147883787        11.202229652945434        11.395881607672045        11.851652048602695        11.998942508390954        12.126562871541402        8.7853047860363738        9.4036386932206035     
   55292.089203218013      -0.66110000000000002        6.0012313186988703E-003   9.1131887000000003        5.0870000000000004E-003   10.997735887473933        10.808645500750405        11.357543252994265        10.212791578422038        10.736587082909761        11.289273509072334        11.684148916034911        12.045239302758439        10.808367999472335        11.294820754272333        11.696148916034911        11.992265751716197        12.213180884917794        9.4702763021049243        10.741721299548786        11.057839445873956        11.208820754272335        11.402207333875552        11.857871414756840        12.005239302758440        12.132996007794265        8.7927682668888920        9.4110279372124204     
   55024.233316629608      -0.66983400000000004        6.5123934511812816E-003   9.1134848999999996        5.0851999999999998E-003   11.004638986486555        10.815631493252315        11.364206633632271        10.220476365829079        10.743626646588989        11.296099972842292        11.690757540695596        12.051765033929840        10.815192093642295        11.301646033242292        11.702757540695597        11.998767234022246        12.219760187266509        9.4779329519999926        10.749054152779948        11.064315494514659        11.215646033242294        11.408762387358923        11.864318141085576        12.011765033929841        12.139660573232270        8.8004794907011572        9.4186645611354010     
   54742.168864266940      -0.67903100000000005        7.0655230202260099E-003   9.1137545000000006        5.0837000000000000E-003   11.020716793728042        10.832124684441155        11.379572590317650        10.238778693956021        10.760096581775553        11.311942083257911        11.705986337197757        12.066812814058828        10.831102437942540        11.317355830138016        11.717962873636210        12.013812814058831        12.234840916724430        9.4963133808487719        10.766221960728458        11.079442372096885        11.231435499030766        11.423808174954772        11.879081140465615        12.026643930023965        12.154685201143863        8.8175549990032387        9.4369119628741842     
   54454.152090404554      -0.68849899999999997        7.6576035355682562E-003   9.1140589999999992        5.0819000000000003E-003   11.038112069020555        10.849975870280742        11.396196376757393        10.258580997275656        10.777916507792197        11.329081819599500        11.722462439105014        12.083094678661046        10.848318768879627        11.334347881947123        11.734412632011638        12.030094678661046        12.251154041149588        9.5162057653461201        10.784791948357144        11.095818560244220        11.248516414017582        11.440085123265879        11.895052343053242        12.042736473612250        12.170926647264627        8.8359846131253530        9.4566584692064506     
   54150.940013064595      -0.69847800000000004        8.2978241673296801E-003   9.1143359999999998        5.0803000000000003E-003   11.056299808171449        10.868643817149422        11.413571732708405        10.279303139058342        10.796551667650171        11.347000241683769        11.739682615214374        12.100110003725202        10.866318541178163        11.352111124189737        11.751604952716246        12.047110003725205        12.268202153224454        9.5370224445549816        10.804216567616201        11.112934335715490        11.266373085686379        11.457095516724081        11.911740424241255        12.059551879237151        12.187898340731181        8.8552652701105927        9.4773236655546036     
   53840.985429171058      -0.70875900000000003        8.9825778323487093E-003   9.1146481999999995        5.0784000000000003E-003   11.075007418855531        10.887842645549604        11.431448281643178        10.300602736992730        10.815717145782891        11.365432496851412        11.757400583248135        12.117618067977435        10.884834220693779        11.370384798456371        11.769294280100681        12.064618067977435        12.285743567744149        9.5584186324736073        10.824189176467048        11.130546294528749        11.284742101137248        11.474598871358182        11.928913354078407        12.076854749325996        12.205361040521034        8.8750923728321354        9.4985660795490006     
   53515.427614221211      -0.71958100000000003        9.7220080446079465E-003   9.1149328000000001        5.0768000000000002E-003   11.094488310017939        10.907839713055788        11.450056102545426        10.322806442120294        10.835679299427513        11.384623882460433        11.775842128762841        12.135838797261888        10.904113922607076        11.389409908677850        11.787705627913960        12.082838797261887        12.303999210890163        9.5807235014257248        10.844998918830536        11.148877243898619        11.303867236783278        11.492814884482494        11.946781905606626        12.094859378540336        12.223533083522918        8.8957529764899430        9.5207114525744370     
   53182.898138576507      -0.73072800000000004        1.0511702620158360E-002   9.1152519999999999        5.0749000000000002E-003   11.114502727014042        10.928381749018008        11.469178055449671        10.345603375727062        10.856185868344710        11.404342513825920        11.794794326031802        12.154564866190274        10.923923116922875        11.408958784408050        11.806626786332814        12.101564866190273        12.322760746863569        9.6036236847726464        10.866371341184411        11.167717335037590        11.323518085453632        11.511536525215963        11.965147557604173        12.113363747323060        12.242208484740924        8.9169752323443312        9.5434500991565159     
   52834.791752753532      -0.74242900000000001        1.1362803031766020E-002   9.1155436999999999        5.0731999999999999E-003   11.135331699300840        10.949763272722437        11.489072601894270        10.369345518855718        10.877530372010716        11.424861566565317        11.814511443083648        12.174044936971574        10.944537639778494        11.429300407754694        11.826311302145923        12.121044936971570        12.342277837683296        9.6274736360168927        10.888622088253554        11.187317806374482        11.343966350115869        11.531012177197573        11.984250172760598        12.132611190633495        12.261634524244114        8.9390723197004025        9.5671328798480051     
   52480.504342766864      -0.75444299999999997        1.2269641826849835E-002   9.1158690999999994        5.0712999999999999E-003   11.156606203162958        10.971600587793898        11.509395301119380        10.393586494221815        10.899330234017857        11.445820537681765        11.834653672680449        12.193945238351336        10.965594220947985        11.450078909242830        11.846420127325043        12.140945238351339        12.362215592127377        9.6518242235292995        10.911344399126666        11.207342326531691        11.364853162150322        11.550908429930704        12.003765529359331        12.152273612442858        12.281478717281793        8.9616409148540974        9.5913150011632347     
   52110.471173854850      -0.76703200000000005        1.3244402355205721E-002   9.1161659999999998        5.0695999999999996E-003   11.178704973696037        10.994287378061630        11.530499844499802        10.418783818566935        10.921978004300891        11.467589482630624        11.855569995208613        12.214608587664673        10.987465750644107        11.471659633339430        11.867301463204116        12.161608587664668        12.382917961425404        9.6771357620928971        10.934955443248869        11.228136368170167        11.386546912865393        11.571567745908430        12.024026704590272        12.172688021876967        12.302082535168163        8.9850947896729831        9.6164524217812382     
   51735.422485005474      -0.77990899999999996        1.4280152444067027E-002   9.1164974999999995        5.0676000000000002E-003   11.201225311771063        11.017404224482542        11.552011579449351        10.444446508959475        10.945055561074783        11.489775387663824        11.876891095035594        12.235672507743869        11.009756163949552        11.493654903250070        11.888586842940351        12.182672507743868        12.404021171151625        9.7029140778702310        10.959009452613772        11.249334703499811        11.408656482160824        11.592628096431357        12.044682099446144        12.193498331764660        12.323084806178413        9.0089926832028997        9.6420562403016614     
   51345.572431720670      -0.79335299999999997        1.5390164930968410E-002   9.1168002999999995        5.0658999999999999E-003   11.224472542800907        11.041271682574585        11.574210303669911        10.470960303767743        10.968882267649970        11.512674731357240        11.898891916517986        12.257405733723548        11.032764740724371        11.516356344205317        11.910550445928944        12.204405733723544        12.425795148648159        9.7295478054060105        10.983850980527500        11.271208526208575        11.431476644643585        11.614357789387977        12.065990578701797        12.214967495264677        12.344753083616602        9.0336751134046658        9.6685103067008491     
   50951.503043689918      -0.80707200000000001        1.6565877260688210E-002   9.1171375000000001        5.0638999999999997E-003   11.248095836332800        11.065522501371190        11.596772739688332        10.497887520490677        10.993092186629701        11.535946204117975        11.921254476164320        12.279496923432466        11.056147258067304        11.539427940593965        11.932875091514545        12.226496923432469        12.447927238173952        9.7565960846234230        11.009086828716105        11.293444051848153        11.454667954726714        11.636445993340759        12.087651421918094        12.236790300792327        12.366777114316337        9.0587538738496765        9.6953792853823462     
   50544.161938511032      -0.82132400000000005        1.7821227241866352E-002   9.1174450000000000        5.0620999999999999E-003   11.272400489150636        11.090475967878534        11.619980739640349        10.525607502355685        11.018003452987140        11.559886945980542        11.944256109524362        12.302217816137050        11.080203344143259        11.563162315864554        11.955837456803456        12.249217816137049        12.470690331028441        9.7844409648593729        11.035058411947015        11.316314922679696        11.478525998368243        11.659163953966564        12.109927407525143        12.259233384920224        12.389427795036214        9.0845660320794241        9.7230404187823414     
   50133.612512568725      -0.83583300000000005        1.9145856719545093E-002   9.1177852000000001        5.0600999999999997E-003   11.296980316406595        11.115710360366576        11.643454193420398        10.553631724841287        11.043195633607878        11.584099796477860        11.967521770866727        12.325199563655390        11.104533167094226        11.587167373924190        11.979063220127939        12.272199563655393        12.493714290414088        9.8125908698974715        11.061319381875196        11.339450273770721        11.502655378180377        11.682143387635479        12.132459660649085        12.281933532463968        12.412337095817636        9.1106705614597256        9.7510077308029413     
   49710.942812447087      -0.85083600000000004        2.0554864687438709E-002   9.1180774000000007        5.0584000000000002E-003   11.319664846196822        11.139364215728119        11.664010758130921        10.581040438697116        11.066836525328121        11.605824979531086        11.988038063027844        12.344927396977717        11.127541835859397        11.608797674634161        11.999538448530920        12.292012513312155        12.513135523649581        9.8399248158220907        11.085859644406298        11.361290672674834        11.524121424181047        11.702249391343365        12.150848221643265        12.299770492771231        12.429899135389828        9.1459733487771189        9.7831152196760520     
   49286.956383078992      -0.86605600000000005        2.2035917506171673E-002   9.1184194999999999        5.0564000000000000E-003   11.341404621592206        11.162213398489834        11.683156589782167        10.608065816416561        11.089687076489833        11.626333041356313        12.007224140397044        12.363091801716434        11.149876560655892        11.629265490741441        12.018682911782170        12.310301961054693        12.530830021991003        9.8667805989697914        11.109519291108798        11.382481418637022        11.544288928462779        11.720969868165250        12.167262349646608        12.315295033797890        12.444920566951220        9.1854953608880106        9.8170605711191872     
   48852.523239114074      -0.88174600000000003        2.3604947888786056E-002   9.1187307999999998        5.0546000000000002E-003   11.363569124809528        11.185513920805926        11.702664068759075        10.635643262316895        11.112988844005924        11.647235687193911        12.026773061426118        12.381594347599991        11.172650515474770        11.650126694526870        12.038189145559079        12.328932835619211        12.548851444953970        9.8941842716125397        11.133649728060659        11.404083160029421        11.564842782585201        11.740041668798190        12.183972735053215        12.331093865664405        12.460203326769436        9.2258783112996934        9.8517275045283821     
   48418.017158352392      -0.89760799999999996        2.5247677231206835E-002   9.1190727999999996        5.0526000000000000E-003   11.385822751139722        11.208903491693926        11.722259989622716        10.663309679039829        11.136379782893927        11.668227499515988        12.046410686523922        12.400185054103966        11.195513818318028        11.671076802614779        12.057783698422712        12.347652147573500        12.566961080395194        9.9216768859031692        11.157869342876014        11.425773674828543        11.585485622042670        11.759201715581066        12.200771255504330        12.346980301719833        12.475573216275771        9.2663545367877180        9.8864849567416417     
   47974.559968853369      -0.91390199999999999        2.6981129225233731E-002   9.1193820999999993        5.0508000000000003E-003   11.408427482450145        11.232666889282408        11.742153081684508        10.691435989841489        11.160144417682412        11.689544603384180        12.066346522711983        12.419052881437233        11.218740626893750        11.692351162356703        12.077675553284509        12.366651410470938        12.585338266027330        9.9496258138290319        11.182479385117228        11.447803513385297        11.606446722959260        11.778650113253365        12.217811154782607        12.363089305292840        12.491154511606746        9.3075553351308304        9.9218474073248206     
   47532.099765828723      -0.93033600000000005        2.8789103529164323E-002   9.1197204999999997        5.0489000000000003E-003   11.431025459023001        11.256420610478703        11.762045316171129        10.719541865314159        11.183899492478705        11.710858124920474        12.086281682771116        12.437922076209102        11.241959401350844        11.713621758320489        12.097566434171128        12.385652022855925        12.603718080528086        9.9775547052204878        11.207077808347059        11.469827612142009        11.627404922733138        11.798098533936958        12.234856886978715        12.379205837910387        12.506744086476235        9.3487086042582064        9.9571734725545795     
   47082.010516573973      -0.94717200000000001        3.0689735848292144E-002   9.1200259999999993        5.0470999999999997E-003   11.453952589171385        11.280522792355798        11.782220826058735        10.748069380875888        11.208002896355799        11.732478808405697        12.106501013743324        12.457057526983101        11.265517878448181        11.735198620721109        12.117740722058736        12.404921312564378        12.622356023287582        10.005902185082517        11.232038791638059        11.492170814106681        11.648664312818957        11.817822732575310        12.252138520309797        12.395542249658357        12.522543988805749        9.3905091037906860        9.9930447407194851     
   46634.679887554172      -0.96409100000000003        3.2665294274061327E-002   9.1203620000000001        5.0451000000000003E-003   11.476829225049409        11.304566926709258        11.802362493679743        10.776510671913700        11.232048374709256        11.754057310039569        12.126686539007240        12.476165426737372        11.289022121206832        11.756733264712070        12.137881045679743        12.424162536087360        12.640969639929937        10.034164543868718        11.256936417606648        11.514466795586971        11.669883605949613        11.837515725567295        12.269404362225105        12.411868228672718        12.538336265905274        9.4321445524446315        10.028785116430308     
   46180.858269219178      -0.98138099999999995        3.4735308755151240E-002   9.1206651999999995        5.0434000000000000E-003   11.499893106459854        11.328814684904803        11.822652454529631        10.805217703701214        11.256297345704802        11.775804351268128        12.147021124530248        12.495407201976377        11.312722565682947        11.778435681267510        12.158169793729630        12.443539700323150        12.659710241100058        10.062690047008900        11.282049619965747        11.536941466382299        11.691266377083505        11.857350651998850        12.286778345162794        12.428288730900615        12.554214909968596        9.4742376579520311        10.064896262085401     
   45730.715881292221      -0.99873100000000004        3.6880681673317865E-002   9.1209968999999997        5.0413999999999997E-003   11.522904069963857        11.352999528466508        11.842911814142738        10.833824472211873        11.280483516066511        11.797509473722602        12.167325070257604        12.514626825572705        11.336365055330049        11.800096217607731        12.178427826542737        12.462893938511314        12.678432953145119        10.091116758564389        11.307092815789055        11.559367672906543        11.712610058827636        11.877158542424027        12.304145793394987        12.444709981442706        12.570098172694266        9.5161246104347192        10.100847413643812     
   45276.307413808565       -1.0163759999999999        3.9122002028738223E-002   9.1212949999999999        5.0397000000000003E-003   11.545992950790797        11.377272913564543        11.863223704990201        10.862560187058172        11.304758093564544        11.819280241266014        12.187682073223996        12.533889671017135        11.360091300411462        11.821821873032221        12.198738524990198        12.482292777768166        12.697194428147498        10.119670710023698        11.332232290503132        11.581866151453571        11.734016107197061        11.897014832404011        12.321539808339274        12.461148874933095        12.585993625879318        9.5582666511770427        10.136996277237916     
   44825.898147628039       -1.0340700000000000        4.1438713481412745E-002   9.1216218999999992        5.0378000000000003E-003   11.568060039160450        11.400443063235670        11.882677366036106        10.889906459809140        11.327964371206143        11.840059041573809        12.207146913957644        12.552356187131359        11.382790269353773        11.842554673281796        12.218138177373618        12.500860555423372        12.715216905649463        10.146836819068191        11.356277754540415        11.603294988596659        11.754485032540849        11.916034657275745        12.338277753233296        12.476903873266068        12.601104002331795        9.5996588014599595        10.171447939329806     
   44372.101729360933       -1.0520389999999999        4.3853018401289232E-002   9.1219140000000003        5.0361000000000000E-003   11.588744328884991        11.422125705080395        11.900951949895353        10.915403150864263        11.349738940734523        11.859473869727202        12.225378366223536        12.569720841354075        11.404111042463887        11.861921873744885        12.236274374258910        12.518272837336388        12.732218522737563        10.172151991556008        11.378869157621674        11.623252035651964        11.773670714436632        11.933900735607027        12.354098331233898        12.491677303056180        12.615059430169032        9.6405119733433704        10.203714109562538     
   43923.910707471885       -1.0699939999999999        4.6343214230718188E-002   9.1222350999999993        5.0343000000000002E-003   11.609225807028238        11.443593203471799        11.919053332354412        10.940637113975896        11.371297361730306        11.878701697409163        12.243437044048587        12.586923272969358        11.425221272437781        11.881102767856479        12.254239184943227        12.535522202522039        12.749062401535333        10.197206678258883        11.401234322456858        11.643015123760193        11.792672332139468        11.951598291814566        12.369775628974761        12.506320362578521        12.628894461451967        9.6809126174039122        10.235633746704845     
   43472.338224998581       -1.0882339999999999        4.8932792293342971E-002   9.1225214999999995        5.0325999999999999E-003   11.629812112128381        11.465172968033382        11.937242217673106        10.966011385038929        11.392968586388385        11.898024745158377        12.261582566543371        12.604206722123106        11.446440924613380        11.900378863933110        12.272290804092837        12.552852603348370        12.765984592703102        10.222400320328930        11.423718377583388        11.662877767288379        11.811767799223109        11.969380265123373        12.385522586088097        12.521025762957830        12.642785885762823        9.7215653873205845        10.267742976629755     
   43026.993408005139       -1.1064339999999999        5.1598693437899357E-002   9.1228353999999996        5.0308000000000002E-003   11.650168241858903        11.486508856361294        11.955233865505278        10.991088944966162        11.414394799279695        11.917135165001319        12.279531323062134        12.621305169121289        11.467421792687698        11.919443106126064        12.290147205311623        12.569997227996542        12.782726763847691        10.247299742329364        11.445946211145284        11.682520089711712        11.830653903489267        11.986970234588536        12.401105605108505        12.535581590130864        12.656538836665270        9.7617104834719193        10.299462359435051     
   42579.935575062307       -1.1248570000000000        5.4366298747146886E-002   9.1231138000000005        5.0292000000000002E-003   11.670512691419290        11.507836833154151        11.973205332586705        11.016172677884459        11.435813301239140        11.936228966229464        12.297459433124626        12.638380293336830        11.488393236814204        11.938490852806552        12.307983206278809        12.587118406759735        12.799444241796877        10.272204652114482        11.468169417204027        11.702148133139389        11.849522827036580        12.004538471184674        12.416659619092037        12.550104908734269        12.670256337569381        9.8019173181298385        10.331212413957275     
   42138.978153204116       -1.1432460000000000        5.7211121567801344E-002   9.1234190999999996        5.0273999999999996E-003   11.690675728992447        11.528969977055398        11.991027665612881        11.041009797351586        11.457035857824758        11.955158544221421        12.315238858219752        12.655318269119286        11.509174835977960        11.957375147245189        12.325672064267289        12.604101666095518        12.816029451641851        10.296865388612867        11.490185697148990        11.721604417637574        11.868230738506471        12.021962687942315        12.432097118440185        12.564525797001002        12.683882281276768        9.8416708101225883        10.362624583643496     
   41696.442214782073       -1.1618590000000000        6.0160110037851440E-002   9.1236893999999999        5.0258000000000004E-003   11.710821173074875        11.550089000202354        12.008824580298951        11.065845813026717        11.478244469359394        11.974065968876262        12.332992445834696        12.672227949528517        11.529940911574178        11.976237391783473        12.343335291649117        12.621056526621301        12.832585103300341        10.321524389912630        11.512190873372786        11.741040723018523        11.886915968669383        12.039360084406523        12.447501095458774        12.578909933638505        12.697468772025113        9.8814744244526818        10.394058245569264     
   41261.593863450449       -1.1803680000000001        6.3187973873098935E-002   9.1239887000000000        5.0241000000000001E-003   11.730672301103283        11.570896794603691        12.026367859659469        11.090305455190908        11.499140430631002        11.992700718720947        12.350492998365915        12.688899137786372        11.550402024494453        11.994827898787186        12.360747358498404        12.637771957720126        12.848908412877130        10.345810092736293        11.533869561676788        11.760194896484801        11.905332536332569        12.056510363856674        12.462692602122104        12.593099333887935        12.710874248042145        9.9206412777268902        10.425000599385800     
   40825.451836676853       -1.1990950000000000        6.6323758714379441E-002   9.1242535999999994        5.0226000000000003E-003   11.750493286235145        11.591677292194454        12.043874645063333        11.114748482178769        11.520009216227120        12.011301565777842        12.367956697353200        12.705531519936685        11.570834668063796        12.013384603855307        12.378122773508135        12.654448481859220        12.865191881406027        10.370078662913439        11.555523402921100        11.779316994773826        11.923714784589979        12.073623030022542        12.477841041781389        12.607243059499545        12.724231858405563        9.9598333103362862        10.455944785530882     
   40396.524281115468       -1.2177340000000001        6.9540627130396507E-002   9.1245466000000004        5.0209000000000000E-003   11.770083970630383        11.612211617211932        12.061189320347582        11.138884152795983        11.540630498755705        12.029692425017510        12.385228828948408        12.721985996109817        11.591027023036821        12.031732221272906        12.395308421459207        12.670946199854415        12.881303215534706        10.394042762508432        11.576916755049696        11.798220223080166        11.941890830985352        12.090549675573302        12.492835992265606        12.621249955539460        12.737465512845469        9.9984735147305575        10.486473695925506     
   39967.041366050311       -1.2365610000000000        7.2869252782399321E-002   9.1248039999999992        5.0194000000000003E-003   11.789637997881531        11.632720368626838        12.078450040816538        11.163026816910655        11.561227837205109        12.048046564718387        12.402458293394808        12.738393944126909        11.611186651832458        12.050046564718386        12.412458293394810        12.687410423443882        12.897369212231663        10.418018590171954        11.598301981211709        11.817081091352335        11.960030085401410        12.107418650182588        12.507779347068517        12.635205987061912        12.750649080532718        10.037111367510136        10.517020438259472     
   39545.402479552024       -1.2552690000000000        7.6281753072607442E-002   9.1250897999999996        5.0176999999999999E-003   11.809240150464479        11.653376807557027        12.095625577967621        11.187581034575455        11.581990734491423        12.066490448128963        12.419739145702014        12.754829232261120        11.631422405945148        12.068490448128962        12.429739145702015        12.704056531021344        12.913488365766497        10.442467303549630        11.620013660558147        11.835944327249411        11.978263149368740        12.124170262047169        12.522737945030979        12.649214659764258        12.763918836549191        10.075583862967381        10.547900193290747     
   39123.166689139296       -1.2741659999999999        7.9810530712212197E-002   9.1253396999999996        5.0162999999999996E-003   11.828738536548641        11.673931811266893        12.112694623131741        11.212039206071804        11.602651782674059        12.084829199464327        12.436913235738906        12.771156851517187        11.651555145314934        12.086829199464322        12.446913235738908        12.720595268172612        12.929499822254591        10.466819402023539        11.641625253344049        11.854703315175186        11.996390782808895        12.140815072220885        12.537587767570276        12.663112938100287        12.777077716726833        10.113977757648005        10.578691873093614     
   38708.647757400759       -1.2929489999999999        8.3425997221039438E-002   9.1256178999999999        5.0147000000000004E-003   11.847978356184736        11.694209928497440        12.129549733442893        11.236148397688378        11.623033642304986        12.102931204970691        12.453870975650442        12.787283327965241        11.671417856148633        12.104931204970690        12.463870975650440        12.736929004086544        12.945316409636394        10.490823963774627        11.662940780703938        11.873217614013289        12.014285528849388        12.157253438000293        12.552264315222349        12.676854705223398        12.790093963051948        10.151766524681747        10.609017961221166     
   38294.023547207755       -1.3119019999999999        8.7162836485043776E-002   9.1258601000000006        5.0133000000000000E-003   11.867135701276771        11.714406511650145        12.146322390493912        11.260176978417777        11.643333511542648        12.120950641052287        12.470745949986414        12.803327116280832        11.691198106355960        12.122950641052290        12.480745949986416        12.753180104507228        12.961050568561932        10.514747549683884        11.684174893182123        11.891649736705082        12.032097652825895        12.173609533241118        12.566858627537448        12.690513805497970        12.803027840926278        10.189476224477145        10.639264196368272     
   37887.417177322757       -1.3307160000000000        9.0989824654488252E-002   9.1261303999999992        5.0117000000000000E-003   11.886107134632574        11.734425526067689        12.162955007274931        11.284009389261549        11.663453926300601        12.138806320542962        12.487394194263594        12.819188385651152        11.710836821877926        12.140750029131624        12.497394194263592        12.769188385651155        12.976608215606902        10.538476976483121        11.705211504724382        11.909909860165641        12.049721628898709        12.189833381252257        12.581270467138872        12.704064658526427        12.815895784292412        10.226724113355406        10.669277792591465     
   37480.640166845180       -1.3496999999999999        9.4943590224682170E-002   9.1263643999999999        5.0103999999999999E-003   11.905180885662288        11.754618623174350        12.179687691792536        11.308164591518496        11.683749880361750        12.156762144091998        12.503922554275958        12.835004176597051        11.730725062928597        12.158502464175422        12.513922554275956        12.785004176597051        12.992118697093067        10.562530711189323        11.726422480357238        11.928270588725153        12.067371206988019        12.206157416759380        12.595560617593604        12.717642239914698        12.828863200164966        10.264300631554383        10.699837634061572     
   37081.389542841025       -1.3685670000000001        9.8991502531379977E-002   9.1266260999999993        5.0089000000000002E-003   11.923999278881542        11.774535478933803        12.196207776847952        11.331969430186174        11.703768119053020        12.174483121419431        12.520241967219373        12.850624377624275        11.750343004195862        12.176023816190849        12.530241967219371        12.800624377624271        13.007438936676476        10.586236260676813        11.747338509476702        11.946388723076588        12.084791176071629        12.222276157590795        12.609683105304999        12.731065515709897        12.841687600024159        10.301277600262562        10.729928052981499     
   36682.337303594737       -1.3875860000000000       0.10317176299357721        9.1268518000000007        5.0076000000000001E-003   11.942721794729767        11.794355301449322        12.212632946929876        11.355675411043709        11.723689597218982        12.192108156619092        12.536466708381674        12.866150864358527        11.769864527322579        12.193449325270890        12.546466708381676        12.816150864358530        13.022665144440662        10.609843468265172        11.768156865390335        11.964411004915501        12.102115029501224        12.238300469833472        12.623712156351448        12.744396312328298        12.854419818283692        10.338148519833961        10.759916311216532     
   36291.924606919973       -1.4064300000000001       0.10745107721321540        9.1271068000000000        5.0061000000000003E-003   11.961138366902052        11.813845231486546        12.228801309045366        11.378966487822598        11.743279447481289        12.209450816824603        12.552438844148824        12.881440054957412        11.789062944888212        12.210596779128064        12.562438844148826        12.831440054957412        13.037660228466127        10.633038238920808        11.788623847169244        11.982142037817685        12.119162563133319        12.254076379252286        12.637536002286883        12.757537213095471        12.866975100005849        10.374318581501289        10.789353050917132     
   35901.616211734385       -1.4254350000000000       0.11186967380369259        9.1273257999999995        5.0048000000000002E-003   11.979511570797486        11.833290971773183        12.244828416184662        11.402261735160875        11.762874520456412        12.226700669043590        12.568344166573757        12.896613042208132        11.808193503268980        12.227700669043591        12.578344166573759        12.846662234102263        13.052514658419865        10.656212543266745        11.809071288032944        11.999756308126821        12.136118035644420        12.269711425996393        12.651244560644164        12.770587681761763        12.879441021363425        10.410711614939268        10.818891514856356     
   35518.286005243397       -1.4443299999999999       0.11639188570977803        9.1275732000000005        5.0033999999999999E-003   11.997750408631376        11.852582935824056        12.260475774473868        11.425476853977408        11.782456993213025        12.243692651855518        12.584088389265460        12.911491760884356        11.827106180015107        12.244692651855516        12.594088389265458        12.861732617881735        13.067010046889600        10.679235996980033        11.829420421202538        12.017035830844485        12.152823552652350        12.284973474879109        12.664687812496922        12.783454948704787        12.891737335898455        10.447439165785482        10.848527456882486     
   35136.216949094473       -1.4633309999999999       0.12106040420137026        9.1277851999999999        5.0022000000000000E-003   12.015843647464049        11.871725380036935        12.275986018653331        11.448529781491608        11.801889169742221        12.260542681731504        12.599695635233164        12.926236170951523        11.845871220220243        12.261542681731502        12.609695635233162        12.876668062476973        13.081372387900618        10.702097889966158        11.849616735844034        12.034173049036788        12.169388515260430        12.300099954002427        12.678001796127731        12.796194980751373        12.903908929409230        10.483960664053139        10.877980677611387     
   34761.379257607659       -1.4822010000000001       0.12583791824367377        9.1280259000000008        5.0007999999999997E-003   12.033690760826294        11.890601575582865        12.291298367730137        11.471241527907376        11.821050140624665        12.277169851128514        12.615103415200744        12.940796919045356        11.864377946610491        12.278169851128512        12.625103415200742        12.891416229416551        13.095558298302963        10.724622217536181        11.869527382109455        12.051082105370314        12.185736277856728        12.315035539787745        12.691159587146389        12.808789552432801        12.915946613089231        10.519886197761716        10.906971714027458     
   34386.422897865159       -1.5012449999999999       0.13076921054134830        9.1282303000000002        4.9995999999999999E-003   12.051455827047498        11.909395660602144        12.306527914531863        11.493872716422800        11.840129189304971        12.293714197989335        12.630428812283622        12.955274917927593        11.882802932852460        12.294714197989332        12.640428812283620        12.906081706478663        13.109661340825458        10.747065927871734        11.889356343509238        12.067908963092162        12.202001518638962        12.329888495029728        12.704234428470816        12.821301141617610        12.927901625316860        10.555735891549279        10.935884715159784     
   34019.975773156410       -1.5200920000000000       0.13581523056308795        9.1284642999999992        4.9982999999999998E-003   12.068872567161794        11.927817772189755        12.321465970434740        11.516043872919045        11.858830366355743        12.309937626828695        12.645460838087313        12.969478207581055        11.900865185554625        12.310937626828693        12.655460838087311        12.920468219694474        13.123498183354211        10.769053860805624        11.908790414809431        12.084408649394685        12.217952470254421        12.344458231807899        12.717066835526250        12.833582941985984        12.939640343237432        10.590825731311138        10.964195283114531     
   33653.249088195531       -1.5391189999999999       0.14102297436896957        9.1286625000000008        4.9971000000000000E-003   12.085465300438813        11.945505553174229        12.335494094056184        11.537305504713036        11.876792376407654        12.325340899925880        12.659404866377802        12.982424541320771        11.918445625495846        12.326340899925878        12.669404866377803        12.933597916776673        13.136077790408965        10.790132129257135        11.927485878231263        12.100519751749488        12.233078296791597        12.357944667688475        12.728814790807835        12.844695866662608        12.950725166662604        10.627632235845677        10.992993555984267     
   33294.231889003997       -1.5579780000000001       0.14635117444964083        9.1288891000000003        4.9957999999999999E-003   12.101716820566073        11.962834124899066        12.349229774589103        11.558121113164711        11.894389074176791        12.340428563810862        12.673047842955837        12.995081357456117        11.935683306065796        12.341428563810860        12.683047842955835        12.946434241511616        13.148375589345120        10.810768229109213        11.945800610398782        12.116324543632851        12.247893748122094        12.371140009622613        12.740308657100902        12.855563496112177        12.961594608912177        10.663815570748438        11.021266713884442     
   32935.556048477607       -1.5769860000000000       0.15184972471438993        9.1290803000000000        4.9947000000000004E-003   12.117864841479895        11.980058173334461        12.362864770219238        11.578828836357873        11.911880462196793        12.355414085138756        12.686589972730046        13.007638795964668        11.952816018245271        12.356414085138754        12.696589972730047        12.959171017940429        13.160574352013144        10.831296614382113        11.964009350099838        12.132026651841800        12.262607065673803        12.384235461891953        12.751704360823533        12.866333949209677        12.972366591609680        10.699878299594632        11.049425786655894     
   32584.045235725545       -1.5958460000000001       0.15747521088778904        9.1293001000000000        4.9934999999999997E-003   12.133740947496117        11.996988811788940        12.376277662946196        11.599171836258124        11.929073001167980        12.370151272006391        12.699911496760963        13.019995397853373        11.969657046403709        12.371151272006388        12.709911496760965        12.971703375235508        13.172579443089100        10.851463858875990        11.981904910696530        12.147465981134937        12.277077128439020        12.397119329999784        12.762922922763645        12.876939979020330        12.982974379820329        10.735271944490007        11.077072229699313     
   32232.574861183410       -1.6148690000000001       0.16327963134548587        9.1294842999999997        4.9924000000000001E-003   12.149570605371659        12.013872880788108        12.389644817799942        11.619468035904267        11.946218472713118        12.384842324999605        12.713187110186135        13.032306667983493        11.986451047574301        12.385842324999603        12.723187110186133        12.984190380552898        13.184539242844673        10.871584323334860        11.999753322990751        12.162859238077234        12.291500904816390        12.409957805691713        12.774096324811437        12.887501244947606        12.993537119347609        10.770618482692379        11.104671724322012     
   31887.979341458962       -1.6337550000000001       0.16921827049440419        9.1296981000000006        4.9912000000000003E-003   12.164620452494319        12.029927456736793        12.402311093554701        11.638756245730516        11.962531317199211        12.398805288055719        12.725792301154701        13.043993457108350        12.002419296540669        12.399805288055717        12.735736290825429        12.995993457108348        13.195910494182954        10.890700235401244        12.016697243050000        12.177593499898194        12.305174474997177        12.422161488096158        12.784668027336604        12.897556006678062        13.003537581148791        10.805955593972971        11.131538336664772     
   31543.871871366278       -1.6527810000000001       0.17534598383418534        9.1298762999999994        4.9902000000000002E-003   12.178482388948023        12.044732292866577        12.413858353785308        11.656562923956933        11.977598342598242        12.411642406632495        12.737338848585306        13.054679023063724        12.017142214469608        12.412642406632493        12.747110784520991        13.006679023063722        13.206341375402435        10.908334859892619        12.032273637920817        12.191372805351051        12.317666773303863        12.433363215256669        12.794240065480849        12.906783937352216        13.012594883687900        10.842464942052001        11.157777073508463     
   31206.136224986014       -1.6716869999999999       0.18161590557263615        9.1300842000000006        4.9890000000000004E-003   12.192178870536178        12.059353923593058        12.425283496628062        11.674129464900020        11.992477730548728        12.424333760659955        12.748763159828062        13.065258163590528        12.031683866773712        12.425333760659953        12.758366227940556        13.017258163590526        13.216670838083679        10.925732533012514        12.047652381562429        12.204988476916832        12.330019560084942        12.444448959253048        12.803726852246143        12.915932988471127        13.021576730183622        10.878391246414218        11.183619800987863     
   30869.031220685971       -1.6907280000000000       0.18808593371454116        9.1302570999999997        4.9880000000000002E-003   12.205762620950917        12.073860893862093        12.436601170186368        11.691576752249151        12.007242040078516        12.436914525476855        12.760080141786364        13.075731691438079        12.046111071299201        12.437914525476852        12.769514657396709        13.027731691438081        13.226895356085532        10.943011267859493        12.062914710783605        12.218491769988027        12.342262528297539        12.455428144607051        12.813109990937249        12.924979022157935        13.030455594568277        10.914165000014389        11.209327544142344     
   30538.169409268688       -1.7096519999999999       0.19470607984810062        9.1304592000000007        4.9867999999999996E-003   12.219185763498096        12.088189836771488        12.447800779164027        11.708790199189266        12.021824007365659        12.449354030228147        12.771278942364027        13.086102529087199        12.060362176774923        12.450354030228148        12.780548027068662        13.038102529087197        13.237022116995270        10.960059283893898        12.077984831549511        12.231836266701535        12.354370362837415        12.466295274973298        12.822411214118446        12.933949383527711        13.039262141832346        10.949369177196537        11.234648722262182     
   30370.364200783730       -1.7193190000000000       0.19812177447612425        9.1305528000000002        4.9862999999999999E-003   12.225945879068112        12.095409279432625        12.453433498073400        11.717472804992438        12.029171815565368        12.455615379037125        12.776911286873398        13.091314986175357        12.067542179766152        12.456615379037130        12.786096468973790        13.043314986175359        13.242110857409278        10.968657987092831        12.085580073097530        12.238556568201643        12.360463532037910        12.471759439874182        12.827081190311239        12.938451554512019        13.043681159012413        10.967176697049906        11.247443304473235     
   30204.802475276450       -1.7289070000000000       0.20156013367061978        9.1306446000000001        4.9858000000000003E-003   12.232617933768163        12.102534460617255        12.458993414307967        11.726041545414693        12.036423703504694        12.461795452281782        12.782470835907967        13.096460263696157        12.074628505979971        12.462795452281787        12.791573237145604        13.048460263696159        13.247134131896511        10.977143946652328        12.093075967103987        12.245189400730878        12.366477676357059        12.477153059983243        12.831691294884704        12.942896097359979        13.048043655397619        10.984748878626009        11.260069041570420     
   30040.281637186879       -1.7384839999999999       0.20504676469684602        9.1307361000000000        4.9852000000000004E-003   12.239292335692106        12.109659078908841        12.464562850386123        11.734600577102455        12.043674294361953        12.467981089565672        12.788039905986121        13.101617665679090        12.081714575999140        12.468981089565670        12.797060046804717        13.053617665679091        13.252170359187982        10.985620717921048        12.100568907344169        12.251824888382405        12.372498426802860        12.482557243223308        12.836316952080953        12.947357233718140        13.052423263336731        11.002255305214081        11.272659565791376     
   29876.725712011932       -1.7480610000000001       0.20858174388401871        9.1308270999999994        4.9846999999999999E-003   12.245375638922768        12.116157642916326        12.469635993194840        11.742492825437809        12.050327534004312        12.473634505076381        12.793112684794840        13.106284064001285        12.088204259716322        12.474634505076386        12.802177195265250        13.058342827818864        13.256742861930876        10.993434061620230        12.107468701962707        12.257834436852361        12.378052432858803        12.487407338289271        12.840607440625307        12.951360892049331        13.056466272666912        11.019920946822660        11.284551042314275     
   29713.855019099374       -1.7576440000000000       0.21216558529039226        9.1309169000000008        4.9842000000000003E-003   12.251268232761046        12.122453155248348        12.474551362875641        11.750165606821053        12.056786635429248        12.479117100743846        12.798027695275643        13.110795437588340        12.094500490448347        12.480117100743843        12.807177540131043        13.062931737713843        13.261169260332938        11.001029306695553        12.114175290065550        12.263642055505645        12.383457133018343        12.492081582569238        12.844794150426541        12.955221860464739        13.060405495790238        11.037611764781492        11.296203176958269     
   29551.872203354604       -1.7672289999999999       0.21579926008638006        9.1310059999999993        4.9836999999999998E-003   12.257129470574121        12.128715000243552        12.479440703794253        11.757797104692848        12.063211176040198        12.484570457260325        12.802916679794251        13.115283102124828        12.100763048243550        12.485570457260323        12.812151509514763        13.067496400200959        13.265572296404315        11.008583806616713        12.120846085557350        12.269418664853614        12.388833135184186        12.496731229921469        12.848958918531533        12.959062662938244        13.064324009014378        11.055206558364354        11.307791986244105     
   29390.704749906487       -1.7768170000000001       0.21948330451623177        9.1310944000000003        4.9832000000000001E-003   12.262961890715836        12.134945898085185        12.484306119215280        11.765390656155091        12.069603948535278        12.489996932234718        12.807781741615280        13.119748979045934        12.106994653285184        12.490996932234715        12.817101242396213        13.072038773515089        13.269953855864998        11.016100861685931        12.127483989366304        12.275166767534905        12.394182760165556        12.501358274296024        12.853103521345744        12.962884930845561        13.068223480514717        11.072713124879954        11.319322585514715     
   29230.618174884003       -1.7863970000000000       0.22321826014034940        9.1311827999999995        4.9826999999999996E-003   12.268756184373505        12.141135880000501        12.489139893422806        11.772934016978194        12.075954724225614        12.495387895674920        12.812615162222809        13.124186004195810        12.113185342400499        12.496387895674921        12.822018880871159        13.076551667372573        13.274307016747461        11.023568353801426        12.134078362299082        12.280877196925150        12.399497501298153        12.505955386020926        12.857221434145579        12.966682670495349        13.072097796072111        11.090102939487032        11.330776250886156     
   29072.541558155099       -1.7959000000000001       0.22696497159939458        9.1312686999999997        4.9822000000000000E-003   12.274480163704625        12.147250479174302        12.493915413053555        11.780384946895046        12.082228087216142        12.500713486165074        12.817390338253558        13.128569873183883        12.119300628774299        12.501713486165075        12.826877323309416        13.081010346569867        13.278607962928019        11.030944473509058        12.140592381113850        12.286518253448767        12.404747937979090        12.510497331625727        12.861290180700193        12.970435263816503        13.075925886802485        11.107276507233566        11.342088060815433     
   28918.249473607251       -1.8052580000000000       0.23075360641343087        9.1313799000000007        4.9814999999999998E-003   12.279997121108819        12.153109582961607        12.498549579454393        11.787422468164889        12.088199411184066        12.505845870233573        12.822024059854394        13.132860558801609        12.125117660657674        12.506802908729641        12.831506617950462        13.085335039201604        13.282778808275213        11.037947987764889        12.146794431132927        12.291915370582425        12.409802908729640        12.514981098350463        12.865191866022430        12.974148904518499        13.079596846073573        11.123921680764697        11.352768865708990     
   28758.948295059112       -1.8149510000000000       0.23479059963962801        9.1314799000000004        4.9810000000000002E-003   12.285450632160483        12.158880896370366        12.503131095747079        11.794296566377408        12.094047013459061        12.510906090061901        12.826605176147083        13.137123072737197        12.130805961754120        12.511779316245661        12.836004321930837        13.089597153137198        13.286882021032255        11.044822485977406        12.152876423452703        12.297209580455544        12.414779316245660        12.519478402330840        12.868977676422375        12.977850902606136        13.083148266428736        11.140820706333599        11.363289844135963     
   28600.919788183521       -1.8246380000000000       0.23898109425408307        9.1315927000000006        4.9803000000000000E-003   12.290947782044647        12.164693200868278        12.507763364944108        11.801202006222095        12.099934958509738        12.516013347179555        12.831236994144106        13.141438833720475        12.136535878297924        12.516803283009200        12.840553300773745        13.093912462920475        13.291039753508656        11.051728377022094        12.158996683963014        12.302548701832830        12.419803283009198        12.524026929973747        12.872820705485022        12.981610641314663        13.086758980031750        11.157671154508733        11.373812384036075     
   28443.563155583688       -1.8343460000000000       0.24336016753810918        9.1317193999999997        4.9795999999999998E-003   12.296420972035788        12.170480090524622        12.512375525078427        11.808076461061676        12.105797108459898        12.521098590811677        12.835848647478430        13.145735773789598        12.142240671615484        12.521805416702540        12.845082350969291        13.098208896189595        13.295179336945177        11.058603338661678        12.165089930439594        12.307864535191372        12.424805416702538        12.528555473369289        12.876647096056347        12.985353921947210        13.090354274076651        11.174448445912185        11.384287808135534     
   28288.570375872343       -1.8440099999999999       0.24793755445122581        9.1318900999999997        4.9785999999999997E-003   12.301942343427841        12.176310081876094        12.517049087780153        11.814975270674962        12.111701310203150        12.526238497452537        12.840521527380153        13.150098668131895        12.147989880579020        12.526863175355457        12.849673765683077        13.102571107731896        13.299387238507768        11.065502831074964        12.171221286954326        12.313230913803713        12.429863175355456        12.533146205283076        12.880547060459515        12.989171738362439        13.094027083708335        11.191102753454954        11.394732162489850     
   28132.090120763976       -1.8537830000000000       0.25274241193381858        9.1320270000000008        4.9778000000000001E-003   12.307428005911973        12.182107609670446        12.521678896787058        11.821853108403324        12.117573385399176        12.531338842424766        12.845150788787059        13.154414969028586        12.153705475519939        12.531880492274265        12.854220546636554        13.106886861028585        13.303547059149352        11.072381216403326        12.177322747007146        12.318560096032737        12.434880492274264        12.537692438636554        12.884395563390882        12.992937213240374        13.097646201782908        11.207827361951651        11.405189346782208     
   27976.990797874292       -1.8635299999999999       0.25772354049287644        9.1321711000000008        4.9769999999999997E-003   12.312796740553228        12.187785390157483        12.526222543548823        11.828577912559922        12.123324919153387        12.536324610742760        12.849693859148825        13.158647840744571        12.159314074557482        12.536808090948981        12.858693859148826        13.111131320950793        13.307636996148666        11.079106596959921        12.183290559555513        12.323773731351107        12.439785081746852        12.542131320950791        12.888177030944416        12.996625337342291        13.101222235138192        11.224227864039985        11.415381189985897     
   27825.117054662987       -1.8732050000000000       0.26290730428709769        9.1323893999999992        4.9757999999999998E-003   12.317832834272078        12.193123484962754        12.530580587738211        11.834807753194486        12.128735314915279        12.540979130588592        12.854051030138212        13.162701264247534        12.164653042562755        12.541542183581409        12.863051030138209        13.115264317240349        13.311618991895013        11.085337310794486        12.188851082660616        12.328657951326743        12.444367300636070        12.546264317240350        12.891857898804336        13.000153458259003        13.104824403411524        11.239462342360735        11.424554675268123     
   27680.631895229479       -1.8824810000000001       0.26816660607732984        9.1326193000000000        4.9744000000000003E-003   12.322733491314784        12.198311273124324        12.534836545488920        11.840842288461742        12.133991700931107        12.545516769207255        12.858306068288920        13.166667332079376        12.169841750324325        12.546155709505241        12.867306068288917        13.119306272377367        13.315517381472594        11.091372765661744        12.194250114635876        12.333414123210014        12.448836341400471        12.550306272377368        12.895470076863054        13.003620231558285        13.108361613765068        11.254061861685164        11.433388380167960     
   27526.246835710001       -1.8924500000000000       0.27396963550353665        9.1328718999999996        4.9730000000000000E-003   12.327926320745433        12.203810851874014        12.539340836456265        11.847245684959478        12.139564298706023        12.550321483284574        12.862809348856263        13.170861842527682        12.175342339474010        12.551041789616853        12.871809348856264        13.123582148859963        13.319639883295675        11.097777172559478        12.199975076670309        12.338452567581143        12.453568036452562        12.554582148859968        12.899286839767097        13.007281599002805        13.112098021034814        11.269614618083512        11.442781681612725     
   27404.002596734354       -1.9004300000000001       0.27893269815088623        9.1331214999999997        4.9715999999999996E-003   12.332159127125308        12.208286149931837        12.543028986382254        11.852433579208146        12.144097273061828        12.554247230045501        12.866496500382254        13.174304505575723        12.179818635931838        12.555032104318776        12.875496500382255        13.127089379848996        13.323025868445733        11.102966065208147        12.204628298465096        12.342563129722041        12.457436106915509        12.558089379849001        12.902431331639200        13.010302848235938        13.115178943365926        11.282046030557673        11.450335013856900     
   27254.486253568746       -1.9102110000000001       0.28488855641380750        9.1333994999999994        4.9699999999999996E-003   12.337289182887746        12.213713014380611        12.547493016799661        11.858732825317491        12.149594321482974        12.559001144750818        12.870959418799659        13.178468391306795        12.185246612380611        12.559865351394885        12.879959418799659        13.131332597950868        13.327120682204432        11.109266423317495        12.210272639229403        12.347543669141318        12.462119837648453        12.562332597950865        12.906230448711570        13.013951336965141        13.118899840067504        11.297201443292478        11.459527210060346     
   27167.144954138890       -1.9161870000000001       0.28923046339811798        9.1337995999999997        4.9677000000000002E-003   12.340854951335420        12.217450264627139        12.550671617194091        11.862966383772218        12.153372575385028        12.562349093755721        12.874136418794091        13.181470708702371        12.188985463027144        12.563259638043696        12.883136418794091        13.134381252990345        13.330083596344487        11.113501582172219        12.214135033630889        12.351022096289558        12.465426782997838        12.565381252990349        12.909023481452763        13.016655428006899        13.121648135564786        11.306609406515534        11.465443119671370     
   27046.620042926930       -1.9243420000000000       0.29444084623710720        9.1342291000000007        4.9652000000000003E-003   12.345493978227633        12.222326905341777        12.554775880176653        11.868533797572521        12.158305316364469        12.566686082179103        12.878238963776649        13.185332203862504        12.193863821741779        12.567661051113486        12.887238963776650        13.138307172796889        13.333890709239817        11.119070713972523        12.219184863521544        12.355540598270562        12.469707671156414        12.569307172796890        12.912594698525670        13.020104402168595        13.125156645991286        11.319312310815743        11.473334538667906     
   26993.425464235883       -1.9280569999999999       0.29749127518031954        9.1345259999999993        4.9635000000000000E-003   12.347773621745100        12.224710562816627        12.556820494850273        11.871216554031209        12.160714100600616        12.568837181705790        12.880282390850271        13.187272779562734        12.196245630064853        12.569833643921799        12.889282390850271        13.140272779562737        13.335804309026971        11.121748083495449        12.221644467136384        12.357770584993327        12.471830607170029        12.571278853066277        12.914415083242980        13.021867367955442        13.126940038171449        11.325094028729838        11.477016413571215     
   26929.730052327952       -1.9322079999999999       0.30054677863696633        9.1345708999999999        4.9633000000000004E-003   12.349601634074908        12.226665606770254        12.558364676696957        11.873551256056288        12.162703431930659        12.570543041752707        12.881826393096954        13.188723678362017        12.198171445582986        12.571505216592300        12.890826393096955        13.141723678362016        13.337191692014343        11.124019269708615        12.223697134678332        12.359569189287640        12.473472771805035        12.572788567936552        12.915768717653940        13.023127719319000        13.128166461358596        11.330716675069546        11.480363926045904     
   26898.310342294990       -1.9345950000000001       0.30279420639063009        9.1349307000000000        4.9611999999999998E-003   12.351339134486443        12.228463068201853        12.559965016024707        11.875517086948085        12.164517952428637        12.572223279566904        12.883425293224702        13.190276798136084        12.199955985570936        12.573168395340117        12.892425293224703        13.143276798136084        13.338714831278379        11.125955120090380        12.225540196486348        12.361292329055525        12.475121589909199        12.574370408997920        12.917279115451590        13.024590897562968        13.129615458936181        11.334304277969393        11.482818260275492     
   26853.629954248452       -1.9378580000000001       0.30549095380634417        9.1353062000000005        4.9591000000000001E-003   12.353438215409877        12.230648505901378        12.561868033879858        11.877949578975887        12.166727725000115        12.574239993070098        12.885326809079857        13.192113288087093        12.202122579754366        12.575160773971362        12.894326809079857        13.145113288087089        13.340508142841340        11.128344433730138        12.227791645445869        12.363371064462861        12.477093623024345        12.576247589981119        12.919052598142599        13.026297852349835        13.131301082851099        11.339041705396347        11.485949633156189     
   26814.271352622010       -1.9409040000000000       0.30832490411581187        9.1358020999999994        4.9562000000000000E-003   12.355727581741377        12.233012622236132        12.563986244665863        11.880522076520400        12.169113511597509        12.576458591321995        12.887443036265864        13.194172468332482        12.204470991350131        12.577357701960622        12.896443036265865        13.147172468332485        13.342529948085108        11.130879556273023        12.230212823444887        12.365642742455375        12.479272862674620        12.578342146904490        12.921058683923732        13.028244907590349        13.133230435028974        11.343642924207181        11.489132017603076     
   26756.666157950192       -1.9451520000000000       0.31172583601769460        9.1363164999999995        4.9532999999999999E-003   12.358514714610067        12.235910850294164        12.566521259070537        11.883737129346464        12.172043531964885        12.579140608425352        12.889975993070536        13.196622007057154        12.207345464122834        12.580007926754636        12.898975993070536        13.149622007057154        13.344923939215107        11.134039061504414        12.233196333806934        12.368404062438735        12.481897274583307        12.580843311399818        12.923427055544387        13.030527803531005        13.135485653860286        11.349825607636109        11.493246313319872     
   26707.792904386017       -1.9488490000000001       0.31484228469354042        9.1368372999999998        4.9503000000000004E-003   12.361105874573083        12.238595590364310        12.568899476815032        11.886685944137993        12.174755529684331        12.581643830326277        12.892352127615032        13.198927652743825        12.210010671788714        12.582483891006261        12.901352127615032        13.151927652743820        13.347182794848207        11.136941086242379        12.235953038379945        12.370973606797486        12.484351623230664        12.583192188295014        12.925664903128188        13.032693079056981        13.137627838136963        11.355289704587806        11.496954792523395     
   26637.348949086641       -1.9539750000000000       0.31858225989977501        9.1373759999999997        4.9473000000000000E-003   12.364285515284362        12.241911809386188        12.571770546232877        11.890394659691669        12.178111087589269        12.584695126537785        12.895221042232873        13.201695018334132        12.213297940538357        12.585495848334702        12.904221042232873        13.154695018334127        13.349881871283216        11.140581512640754        12.239374730640183        12.374122142436526        12.487332475486870        12.586021764029795        12.928331105080137        13.035255577181388        13.140155306978308        11.362622491562920        11.501765139151029     
   26584.592031735599       -1.9579780000000000       0.32211266016805867        9.1379342000000001        4.9440999999999999E-003   12.367066434528493        12.244793776865020        12.574322064150277        11.893561909474609        12.181022972728126        12.587382075949908        12.897770327350276        13.204168707276853        12.216159301559863        12.588152880086806        12.906770327350277        13.157168707276849        13.352305036108586        11.143698238306346        12.242334907096389        12.376880222423331        12.489966667981644        12.588541131487172        12.930731050645480        13.037577693772057        13.142451971508955        11.368499941834632        11.505751558808893     
   26508.673739087502       -1.9635270000000000       0.32634895905202932        9.1385167999999997        4.9408000000000004E-003   12.370522192636098        12.248396710757923        12.577445923497208        11.897587727523401        12.184668938523593        12.590700803784703        12.900891856297207        13.207181431541052        12.219731679462683        12.591428576019034        12.909891856297207        13.160181431541051        13.355244172480141        11.147650468462487        12.246052130384506        12.380303094140857        12.493209477523791        12.591619628531539        12.933634146314468        13.040369654358315        13.145205560992643        11.376425113938708        11.510963280827568     
   26454.039641333638       -1.9675170000000000       0.32978601512457767        9.1389204999999993        4.9385000000000002E-003   12.372978065246869        12.250958621964202        12.579663007797560        11.900454836116197        12.187262002308223        12.593058308858915        12.903107325797560        13.209318785424252        12.222271723949557        12.593754928514890        12.912107325797560        13.162318785424254        13.357328507065588        11.150464557757530        12.248696598666893        12.382735485232224        12.495512348500249        12.593803945453537        12.935692172721563        13.042347950348251        13.147155934004228        11.382096455119935        11.514683945525476     
   26376.004000172466       -1.9730749999999999       0.33391021617873223        9.1393470000000008        4.9360999999999997E-003   12.376115054120650        12.254248270120303        12.582457658003861        11.904188814119269        12.190596078002653        12.596053457885869        12.905900270003862        13.212000085886562        12.225529470002826        12.596705650003518        12.914900270003862        13.165000085886557        13.359933477886731        11.154122206119442        12.252105298002483        12.385838866003173        12.498429461886044        12.596552462121512        12.938257834004379        13.044800261887076        13.149567230004724        11.389835895285916        11.519642026351633     
   26335.162348560618       -1.9765560000000000       0.33735809133828870        9.1401345999999997        4.9316000000000004E-003   12.379113904654602        12.257322503157479        12.585283460230801        11.907463991466120        12.193695170190875        12.598985802567078        12.908722921830805        13.214765913561322        12.228590870939438        12.599613135533684        12.917722921830805        13.167765913561322        13.362661614309882        11.157359692214680        12.255238931042317        12.388821734036558        12.501320964915639        12.599350254797404        12.940970562476483        13.047453015807005        13.152201425573605        11.395193605664186        11.523536590273789     
   26269.995597250283       -1.9816640000000001       0.34149507524732448        9.1409403999999999        4.9270000000000000E-003   12.382820378872525        12.261152864478026        12.588709428508880        11.911640228494525        12.197564412928125        12.602580985764481        12.912145666908879        13.218097206553482        12.232398170125377        12.603169437314380        12.921145666908879        13.171097206553481        13.365930963750733        11.161473985691776        12.259166894130880        12.392501922919879        12.504850981361729        12.602734118458779        12.944210700100632        13.050598478145234        13.155314452895128        11.402698756550246        11.528717113641067     
   26201.611323582882       -1.9866670000000000       0.34551075113818153        9.1414138000000005        4.9243000000000004E-003   12.385819558375129        12.264285025327961        12.591410538099478        11.915156184586468        12.200736638034400        12.605458928158750        12.914844882899480        13.220699718253083        12.235503904557984        12.606007315452313        12.923844882899481        13.173699718253083        13.368466984776667        11.164923451110052        12.262403716310818        12.395472782405147        12.507660539482334        12.605393270193044        12.946712337670231        13.053001517823830        13.157681215517396        11.409713867277876        11.533300325072684     
   26112.172134298991       -1.9931030000000001       0.35032930146940094        9.1419118000000008        4.9214999999999997E-003   12.389434771673727        12.268075133005127        12.594634899747270        11.919455039399335        12.204579106007174        12.608914528480717        12.918067252547267        13.223795569817916        12.239258925341474        12.609410555478672        12.927067252547268        13.176795569817912        13.371475389152213        11.169134858733635        12.266331639472877        12.399050916810072        12.511026700615016        12.608563279545223        12.949674357750169        13.055835027820812        13.160466349218765        11.418589144923821        11.538998989512159     
   26031.128738137533       -1.9993030000000001       0.35544040144355693        9.1427095000000005        4.9170000000000004E-003   12.393532256279492        12.272328322803215        12.598382644503555        11.924149818374392        12.208881391336593        12.612873455560663        12.921811806503559        13.227427132513213        12.243483358074730        12.613320387027283        12.930811806503559        13.180427132513213        13.375029099251350        11.173751785112529        12.270708586598456        12.403116453551007        12.514904584298801        12.612258737970180        12.953188544717971        13.059233032727622        13.163821640194246        11.427415632966760        11.544947788759291     
   25926.088548752021       -2.0071720000000002       0.36157389358292008        9.1435537999999994        4.9122000000000002E-003   12.398559307912727        12.277527230042736        12.602986307707731        11.929974127028984        12.214175356693978        12.617708345810229        12.926412092507732        13.231869955177725        12.248707130815220        12.618176571688991        12.935380622135245        13.184869955177724        13.379444170377724        11.179548342228983        12.276100837745233        12.408102052740237        12.519708345810230        12.616763965856485        12.957487218953990        13.063370866423980        13.167913611251493        11.438713968185183        11.552573351857717     
   25822.958661239594       -2.0148830000000002       0.36830567205921405        9.1443437999999997        4.9077000000000001E-003   12.403470869909302        12.282595380126441        12.607494830154263        11.935676594637375        12.219349796665195        12.622426288031782        12.930917454954262        13.236215569537126        12.253824952586822        12.622951132110156        12.939842632893875        13.189215569537126        13.383792944737127        11.185253969837376        12.281372087603959        12.412973423048914        12.524426288031780        12.621163038415499        12.961695831737980        13.067416571120845        13.171919124260459        11.449843381167273        11.560116983953051     
   25681.004089236478       -2.0254140000000000       0.37638384846805234        9.1452975999999992        4.9024000000000003E-003   12.409859251512060        12.289201263983799        12.613326839069007        11.943163971209355        12.226101450294561        12.628546021290532        12.936745648669007        13.241822445797268        12.260497243333585        12.629150228251508        12.945612050119216        13.194822445797268        13.389403636197269        11.192745161609356        12.288258065405326        12.419306843362271        12.530546021290533        12.626845462358244        12.967113422536716        13.072609029264978        13.177056621115188        11.464810039952408        11.570145792414284     
   25606.899677233207       -2.0313170000000000       0.38231746558289859        9.1461804999999998        4.8973999999999997E-003   12.414139485146304        12.293592995876001        12.617321249855237        11.947995344219532        12.230570818198768        12.632692172500771        12.940736527855240        13.245698295125539        12.264925685791837        12.633337304907702        12.949573281939397        13.198698295125542        13.393283017125544        11.197580066219530        12.292794474521532        12.423560961230468        12.534692172500773        12.630758705532468        12.970896114886937        13.076273160157239        13.180694636241402        11.473537134392512        11.576290538520421     
   25476.572521922146       -2.0411000000000001       0.38943756248343364        9.1471000999999994        4.8922000000000002E-003   12.420158712243339        12.299813323858888        12.622830203531027        11.955024268064829        12.236925151736965        12.638465458887183        12.946241803131027        13.250998791115478        12.271205567199491        12.639185043424657        12.955026360590420        13.203998791115477        13.398587191515478        11.204612668464829        12.299271778415044        12.429531670102733        12.540465458887184        12.636129975252953        12.976025122296793        13.081193709881244        13.185566667740641        11.487439963056080        11.585654501067093     
   25438.353609426274       -2.0445660000000001       0.39411555136230020        9.1479576999999992        4.8874000000000001E-003   12.423308902234009        12.303019286657232        12.625837809071715        11.958435933433325        12.240172763847806        12.641552932652861        12.949245978271716        13.253943763048490        12.274432195015155        12.642293501485511        12.958016731513791        13.206943763048489        13.401535593848489        11.208027764233325        12.302550748638378        12.432671486276085        12.543552932652862        12.639092501081141        12.978928362299992        13.084034316276767        13.188396900318846        11.492853773925265        11.589730413338376     
   25359.167951597654       -2.0508639999999998       0.39972919567732429        9.1488411999999997        4.8824000000000003E-003   12.427751744661505        12.307583375954236        12.629974510867894        11.963474789888982        12.244819572802639        12.645851539764697        12.953379146067894        13.257952149975159        12.279033408758307        12.646637703809029        12.962119842863819        13.210952149975162        13.405547514775160        11.213070154688983        12.307269675251041        12.437087806257429        12.547851539764698        12.643142949219493        12.982838109122687        13.087815748229955        13.192151809825882        11.502065753330752        11.596178344400480     
   25305.737574064915       -2.0553669999999999       0.40406831878926591        9.1496797000000001        4.8776999999999996E-003   12.431313775293285        12.311226268085756        12.633332881989540        11.967425447407910        12.248519249311693        12.649320125641411        12.956734163189543        13.261222951597064        12.282702300145152        12.650137074807953        12.965455568730148        13.214222951597067        13.408821670397069        11.217024166207908        12.311016074137628        12.440633899633889        12.551320125641412        12.646441181963608        12.986046251111739        13.090936320719260        13.195256445059867        11.508828439337369        11.601072056581886     
   25227.138991730790       -2.0613830000000002       0.40927507808666685        9.1502900999999994        4.8742999999999998E-003   12.435066885396356        12.315102039037498        12.636778922563281        11.971787572919993        12.252476060445773        12.652925804979819        12.960177762163280        13.264541448122134        12.286612607412891        12.653789258012694        12.968869514587887        13.217541448122134        13.412142608522135        11.221388733319991        12.315046600654039        12.444359798220962        12.554925804979817        12.649803740755011        12.989263820738472        13.094026346297326        13.198319259121931        11.517343246897831        11.606843832926316     
   25125.400895887637       -2.0691899999999999       0.41552317878627665        9.1510789999999993        4.8697999999999996E-003   12.439973063409559        12.320167564745871        12.641287614993113        11.977483269602748        12.257646479849987        12.657641129201336        12.964683298993114        13.268884481656796        12.291722261617783        12.658565347433536        12.973337234121198        13.221884481656799        13.416488797656799        11.227087585602751        12.320312446954096        12.449231314537650        12.559641129201337        12.654204383889001        12.993476765680773        13.098073632344461        13.202331883472551        11.528417051969372        11.614365362837061     
   25020.097629701311       -2.0771299999999999       0.42219707932108025        9.1517204999999997        4.8662000000000002E-003   12.444603699781045        12.324964523261634        12.645504736299849        11.982942274593718        12.262551307631931        12.662071423040445        12.968897854299851        13.272930148819260        12.296563504521639        12.663059226150740        12.977512637039840        13.225930148819259        13.420537030819258        11.232549156593720        12.325317446002231        12.453825364521037        12.564071423040446        12.658311069929553        12.997385675188951        13.101811087708363        13.206032752448355        11.539448880660110        11.621721165109378     
   24873.047543722751       -2.0880160000000001       0.43020614058813539        9.1523658000000001        4.8625999999999999E-003   12.452100799712817        12.332872193881649        12.652062308480680        11.991915212325839        12.270481657081650        12.669207374750012        12.975452845280678        13.279198940368126        12.304354704625371        12.670130001899764        12.984062308480677        13.232198940368121        13.426604078261597        11.241447302675589        12.333516635594201        12.461242353262566        12.571003049443483        12.664793802474655        13.003305515405316        13.107491726898790        13.211710653298791        11.558072560711508        11.634042792952890     
   24781.637503983060       -2.0951540000000000       0.43639950096596392        9.1531117999999996        4.8583999999999997E-003   12.457768294659306        12.338810934947354        12.657112617281413        11.998511394318747        12.276423382147357        12.674647622968003        12.980500170081413        13.284063445089377        12.310205019651342        12.675513887468732        12.989112617281407        13.237063445089376        13.431323794294087        11.247990106019476        12.339635212739392        12.466859453560033        12.576295524972714        12.669803095884664        13.007942773398071        13.111978228202780        13.216203122602785        11.570852808267759        11.642781479634706     
   24661.926551664099       -2.1043690000000002       0.44383173419101574        9.1539143000000003        4.8539999999999998E-003   12.464727477323338        12.346126040468343        12.663259669623871        12.006697148359295        12.283741697668349        12.681305821874071        12.986644012423868        13.289967865527197        12.317403624220008        12.682097684521475        12.995259669623868        13.242967865527197        13.437037311926263        11.256104668206698        12.347186530165020        12.473750654370741        12.582759611073138        12.675898419128133        13.013546210077928        13.117384342076997        13.221615656476994        11.587146510786349        11.653782183841594     
   24579.440904689585       -2.1109230000000001       0.45089734561019573        9.1546476999999999        4.8498999999999999E-003   12.469990447079711        12.351633533565645        12.667962962041512        12.012795920820031        12.289252124365644        12.686363538101878        12.991344371241516        13.294503253050889        12.322831565270333        12.687103384114662        12.999962962041513        13.247503253050892        13.441441130768366        11.262154357632815        12.352856060956261        12.478967474692498        12.587682825019348        12.680565375333421        13.017876344073057        13.121577040190529        13.225814221790531        11.598837356293336        11.661819300249531     
   24423.955499171767       -2.1227179999999999       0.45937575611291681        9.1554170999999993        4.8456000000000003E-003   12.478446759070664        12.360553224173149        12.675357215777048        12.022861955142105        12.298174892573151        12.694423235005850        12.998735547377049        13.301583458375390        12.331598848072321        12.695065126342691        13.007357215777049        13.254583458375393        13.448270973611404        11.272125514878947        12.362083644774806        12.487331987207504        12.595489081841862        12.687895943139381        13.024559934310577        13.128004112746588        13.232247449546591        11.619453191387375        11.675558149937622     
   24369.353059930352       -2.1273919999999999       0.46459052972900716        9.1562031000000008        4.8412000000000004E-003   12.482672520619863        12.364939649040069        12.679211615034978        12.027625652448735        12.302564461440069        12.698516440311545        13.002586802634978        13.305325508754839        12.335933814500001        12.699122404283367        13.011211615034979        13.258325508754842        13.451925638186593        11.276856428820556        12.366576130520210        12.491528109391686        12.599491757343296        12.691725379323087        13.028169428446523        13.131519933078275        13.235769557878276        11.627930262502938        11.681604308219191     
   24282.254131080379       -2.1341350000000001       0.47084866594232455        9.1567281000000005        4.8383000000000002E-003   12.487633737302589        12.370160062509347        12.683575853802170        12.033484386177060        12.307786974909350        12.703255931379475        13.006948941402166        13.309513449664328        12.341069229040430        12.703805967594201        13.015575853802170        13.262513449664327        13.455972652410134        11.282661334791785        12.371968641847188        12.496437598317316        12.604088221725279        12.696054246918523        13.032135643741215        13.135341021687021        13.239594846487018        11.639708836219180        11.689523787067097     
   24160.504576335337       -2.1435149999999998       0.47821487194402262        9.1573749000000007        4.8346999999999999E-003   12.494379917240002        12.377268903910997        12.689485552821482        12.041490339110050        12.314898403510997        12.709690462759275        13.012856053221485        13.315177062374152        12.348058908087333        12.710162000725875        13.021485552821483        13.268177062374152        13.461438604517090        11.290591376676646        12.379318395158327        12.503110454406604        12.610322505302209        12.701915520231216        13.037487607893427        13.140490150836362        13.244749150036364        11.655994643920979        11.700415022983735     
   24066.226513308320       -2.1508280000000002       0.48490477666499970        9.1578970000000002        4.8317999999999998E-003   12.499658926400809        12.382828658860880        12.694115542580608        12.047744189396635        12.320460246860883        12.714727971298512        13.017483954580609        13.319616407607228        12.353526473374192        12.715138211169599        13.026115542580609        13.272616407607227        13.465724461991623        11.296786017267724        12.385064617834267        12.508332342271895        12.615204437682909        12.706508353222834        13.041685452504932        13.144530330889328        13.248793506889324        11.668665381502866        11.708905515903947     
   23945.615242957349       -2.1602009999999998       0.49293245671134123        9.1585411000000008        4.8282000000000004E-003   12.507124583010960        12.390688061758905        12.700743889711660        12.056690914282971        12.328376610915949        12.721829433063011        13.024089829431436        13.325857697406672        12.361322226158908        12.722209861659611        13.032743889711661        13.278912082163714        13.471837801526451        11.305671018402748        12.393197155749814        12.515758747410960        12.622175372782788        12.712966466920758        13.047651421092585        13.150308811655318        13.254522755698279        11.686515334523204        11.721088617071072     
   23827.418897888147       -2.1695210000000000       0.50049980648417158        9.1592623999999994        4.8241999999999998E-003   12.515551533732340        12.399542170160744        12.708343466017558        12.066843271426000        12.337351800862860        12.729834996503937        13.031643778037514        13.332906149287043        12.370179219760745        12.730245251245963        13.040343466017559        13.286078730389155        13.478843510907000        11.315780633045955        12.402360225487035        12.524188583332345        12.630135308523895        12.720251311491266        13.054472135882820        13.156962817200663        13.261064335298554        11.706219049517015        11.734856548011420     
   23717.341121697049       -2.1779530000000000       0.50798177740119455        9.1596527999999999        4.8219999999999999E-003   12.522734502222823        12.407124376783200        12.714755890074704        12.075648649417152        12.345045646861502        12.736621850062454        13.038015129121865        13.338806134236028        12.377762987983198        12.737061598235078        13.046755890074705        13.292088793114329        13.484703984483188        11.324546499664313        12.410231592465268        12.531373113422825        12.636881089109613        12.726371451992632        13.060156650079426        13.162494619048280        13.266489182569979        11.723912147206855        11.747031702491709     
   23611.468577043681       -2.1862180000000002       0.51552108402618269        9.1601464999999997        4.8193000000000003E-003   12.529902458195583        12.414676354254556        12.721182738234884        12.084372412064329        12.352705471677513        12.743409734136609        13.044402508602037        13.344739138752953        12.385316940254555        12.743878392293862        13.053182738234884        13.298127670175912        13.490599495120104        11.333232768431479        12.418061718890574        12.538543044195581        12.643629504503753        12.732516201598866        13.065883833907041        13.168074486851236        13.271967127428280        11.741187915690940        11.758996070543123     
   23518.520623299060       -2.1937859999999998       0.52204769661899675        9.1608613999999999        4.8152999999999998E-003   12.536918485214164        12.422029283530696        12.727548129577256        12.092742341670563        12.360154208507394        12.750094578097629        13.050733010386983        13.350668960684024        12.392672729130693        12.750589264693785        13.059548129577257        13.304150440060722        13.496497287093751        11.341570668080289        12.425658602470525        12.545561930814165        12.650279458907358        12.738631919437422        13.071636338730618        13.173696294563646        13.277501706386948        11.757074616793068        11.770209637558017     
   23462.376520561535       -2.1985990000000002       0.52741403797666864        9.1615219000000003        4.8116000000000001E-003   12.541726770651390        12.427040905353241        12.731963406295321        12.098358792674695        12.365224616432680        12.754704811149544        13.055127047079417        13.354819472914034        12.397686992953240        12.755215803797171        13.063963406295322        13.308357096393472        13.500629201298132        11.347168521058791        12.430817416575650        12.550372858251393        12.654868451933638        12.742894719872911        13.075682488755156        13.177662418459811        13.281416970180377        11.767238636093303        11.777542673721385     
   23361.568605940862       -2.2067510000000001       0.53376847953445172        9.1621953999999999        4.8079000000000004E-003   12.549063140352276        12.434743855475778        12.738594120593861        12.107171195299030        12.373031068469841        12.761679988428773        13.061721110141127        13.360977410876297        12.405392637075783        12.762221180517367        13.070594120593862        13.314615842270355        13.506753182023564        11.355946966446295        12.438786139205225        12.557711921952274        12.661806977976040        12.749254273664414        13.081646892888179        13.183486669441388        13.287145801247332        11.784201380565085        11.789440776462131     
   23336.246307840040       -2.2092239999999999       0.53745803720097318        9.1627819000000006        4.8047000000000003E-003   12.551913194182781        12.437685516007829        12.741266918337661        12.110373898426563        12.376000397299990        12.764443127557733        13.064384225394068        13.363528587620454        12.408336643607829        12.764992622962708        13.073266918337662        13.317192341312612        13.509297022276861        11.359142333082971        12.441794084140717        12.560564321782785        12.664560434614142        12.751856095004776        13.084154463036135        13.185956888800384        13.289595390308222        11.789464275347928        11.793416442339929     
   23281.287823649960       -2.2139240000000000       0.54188567406602439        9.1633870999999996        4.8012999999999997E-003   12.556531294816882        12.442503596138845        12.745500309582429        12.115787563488173        12.380875856715196        12.768866090294917        13.068597762198994        13.367502199284115        12.413157144538847        12.769433256104396        13.077500309582430        13.321220911460468        13.513253200300682        11.364538564504738        12.446757185284458        12.565184843216880        12.668963542911481        12.755939623636817        13.088025420131419        13.189750612171629        13.293338996795281        11.799329089589090        11.800511545171592     
   23216.139250415217       -2.2192090000000002       0.54666896339321214        9.1638046000000006        4.7990000000000003E-003   12.561239388379461        12.447449352214383        12.749752363132368        12.121452538882563        12.385888431363965        12.773339861344544        13.072826883968949        13.371448101747864        12.418104570614380        12.773927982167288        13.081752363132368        13.325231962497446        13.517177840984443        11.370182278119144        12.451875455299719        12.569894606779462        12.673414382181120        12.760015823247032        13.091846035448695        13.193481477135689        13.297008053186106        11.810261527635509        11.808171524556270     
   23160.610342568612       -2.2238099999999998       0.55089427594277274        9.1642440000000001        4.7965999999999998E-003   12.565449401026077        12.451862052857953        12.753573673424055        12.126475155151427        12.390358418515385        12.777350701194203        13.076628766626206        13.375007679934752        12.422519028857954        12.777957253255932        13.085573673424056        13.328847069592184        13.520719749136900        11.375187224353576        12.456435315032396        12.574106377026078        12.677405794396352        12.763686459249614        13.095299828619892        13.196858556164605        13.300333118507178        11.819776618605522        11.814894351733953     
   23110.375393445447       -2.2280810000000000       0.55530816706231445        9.1647429000000002        4.7938000000000000E-003   12.569540399991194        12.456136539561239        12.757313027745308        12.131297601127542        12.394685135767791        12.781262203621147        13.080350668889135        13.378509320368710        12.426795511161234        12.781886082115353        13.089313027745309        13.332398944975264        13.524205933112537        11.379994213871367        12.460843054524727        12.578199371591193        12.681299844764972        12.767288569581819        13.098706985955602        13.200196030892872        13.303624349486320        11.828666608202287        11.821254633474560     
   23029.154848618844       -2.2347100000000002       0.56046867951634860        9.1652562000000000        4.7910000000000001E-003   12.575387607155253        12.462280870531419        12.762591691095583        12.138340529889277        12.400912740482802        12.786816393379084        13.085601573866228        13.383405532968037        12.432941895331417        12.787468028871750        13.094591691095584        13.337376378119419        13.529076440538681        11.387011437459915        12.467203288756203        12.584048631955255        12.686826276149727        12.772347223270799        13.103446917065277        13.204824929884534        13.308176134333156        11.842277068321792        11.830785587552732     
   22993.124982714762       -2.2378790000000000       0.56410503659292521        9.1657069000000000        4.7885000000000002E-003   12.578629320990686        12.465656821059824        12.765562888883910        12.142111045267249        12.404326523677113        12.789934351138829        13.088562888883910        13.386221165583262        12.436319648659826        12.790597178738828        13.097562888883910        13.340221165583262        13.531872561214769        11.390769315916039        12.470679764177760        12.587299023607969        12.689920601104259        12.775234915617830        13.106193580282614        13.207523877665327        13.310838100896838        11.849027860671711        11.835693400223441     
   22930.208304404434       -2.2430870000000001       0.56846900288936608        9.1661561999999996        4.7860000000000003E-003   12.584087058696984        12.471366225479365        12.770412548144893        12.148557477826511        12.410100641974960        12.795206933210196        13.093412548144894        13.390920308749834        12.442030850279366        12.795871558010194        13.102412548144894        13.344920308749835        13.536468756562513        11.397175717334783        12.476599006970019        12.592821475192576        12.695067349819002        12.780059892141026        13.110751193354776        13.212016776859176        13.315229849471859        11.861109343538384        11.844381947664083     
   22884.951691519742       -2.2471459999999999       0.57248248972959803        9.1667816999999996        4.7825999999999997E-003   12.588730717762592        12.476190910996513        12.774618531176385        12.153900222698274        12.414973086104991        12.799719826437149        13.097618531176385        13.395015884460831        12.446858037796515        12.800386953237149        13.106618531176386        13.349015884460831        13.540491211142465        11.402490597688390        12.481574352420550        12.597512892871071        12.699489729820192        12.784245981077786        13.114748871745268        13.215966696636789        13.319109150118427        11.870514833051617        11.851336538504965     
   22828.532795436106       -2.2518829999999999       0.57729814295342685        9.1672314999999998        4.7800999999999998E-003   12.593744192545838        12.481430061364094        12.779086288833483        12.159798407818862        12.420270454568659        12.804567642932149        13.102086288833483        13.399348734091070        12.452098987364096        12.805236568932145        13.111086288833484        13.353348734091071        13.544731494015227        11.408352634947580        12.487001231311069        12.602584585750403        12.704224708523018        12.788691668500199        13.118955809348659        13.220115416144097        13.323167102068254        11.881467165358330        11.859245532849876     
   22758.257134673484       -2.2574860000000001       0.58227896719022265        9.1674763000000006        4.7787999999999997E-003   12.599177066336944        12.487144037798251        12.783839435746456        12.166345900182167        12.426055685863576        12.809791648140964        13.106839435746457        13.403936341553026        12.457813942998248        12.810461553340962        13.115839435746457        13.357936341553026        13.549202559085151        11.414853860579621        12.492949064457010        12.608088714402269        12.709308162410311        12.793419827283676        13.123382773359589        13.224471125294263        13.327407248026395        11.894300054859007        11.868298940071140     
   22706.176008760955       -2.2616619999999998       0.58628766194243276        9.1676722000000002        4.7777000000000002E-003   12.603265625048387        12.491440921013343        12.787424144667142        12.171259920908213        12.430405433804584        12.813725530674670        13.110424144667142        13.407398359553518        12.462111609813345        12.814396219474670        13.119424144667143        13.361398359553519        13.552578159902183        11.419733545248114        12.497419152518205        12.612230137839628        12.713137882692191        12.796986007535995        13.126726018439896        13.227761505648658        13.330611994797323        11.903872526059629        11.875070136261677     
   22644.461638853038       -2.2667560000000000       0.59064036960802646        9.1680381000000004        4.7756999999999999E-003   12.608424037009177        12.496846190453768        12.791985215796119        12.177391126787532        12.435873881214915        12.818701726725740        13.114985215796116        13.411813271875415        12.467518342853770        12.819373879125740        13.123985215796116        13.365813271875416        13.556890909951532        11.425824303224791        12.503029367935616        12.617451727770328        12.717990650003442        12.801524348597708        13.131002089954711        13.231974399193566        13.334724189669684        11.915527822528022        11.883401792990410     
   22601.226102874454       -2.2704439999999999       0.59469777746363917        9.1684079999999994        4.7736000000000002E-003   12.612353481080161        12.500948576668668        12.795495889148162        12.181997543434170        12.440020982565789        12.822504423388787        13.118495889148162        13.415220930314659        12.471622208668668        12.823178055388786        13.127495889148163        13.369220930314656        13.560227161559665        11.430402548576302        12.507275045399302        12.621425886977290        12.721706875594533        12.805018478108908        13.134314131481146        13.235241725584023        13.337921588829031        11.924007623317605        11.889549624691435     
   22526.514548304851       -2.2765810000000002       0.59956705146323108        9.1687934000000002        4.7714999999999997E-003   12.618457149646774        12.507351091453556        12.800876095704551        12.189281180873897        12.446499750505252        12.828387040491689        13.123876095704547        13.420424977026434        12.478026265053556        12.829062214091687        13.132876095704548        13.374424977026434        13.565306980297771        11.437636669596928        12.513925348383369        12.627605808698471        12.727440069588299        12.810371947929825        13.139349726348316        13.240201067296619        13.342758244167959        11.937976575449492        11.899497682960197     
   22486.973080869750       -2.2800340000000001       0.60329834646956215        9.1691927999999994        4.7692999999999998E-003   12.622178942983631        12.511231050660150        12.804214498867765        12.193619661689716        12.450420848779281        12.831993404626239        13.127214498867765        13.423669077554067        12.481907821860155        12.832670175826237        13.136214498867766        13.377669077554067        13.568485619991243        11.441949231046021        12.517935956492980        12.631368741102762        12.730967350787978        12.813695131392326        13.142507512240368        13.243317714121240        13.345811027758415        11.945859052167744        11.905246034502966     
   22420.949474567602       -2.2855550000000000       0.60777659521828875        9.1696059000000005        4.7670999999999998E-003   12.627730761408184        12.517046963509912        12.809126465137243        12.200211333815101        12.456304437635342        12.837350457031885        13.132126465137244        13.428425307902994        12.487725387109915        12.838028880631885        13.141126465137244        13.382425307902995        13.573131839435515        11.448496915873054        12.523970324069598        12.636988235533618        12.736192355981022        12.818583408953860        13.147116268668743        13.247858794543308        13.350243749675830        11.958360428361971        11.914192520147278     
   22376.852542704815       -2.2895129999999999       0.61168959309819637        9.1701438000000000        4.7641000000000003E-003   12.632131454396120        12.521624044225302        12.813099028575085        12.205296061712840        12.460927766882595        12.841623162424231        13.136099028575085        13.432292534508576        12.492304619425301        12.842303737624231        13.145099028575085        13.386292534508577        13.576925863545902        11.453552538207465        12.528692535349105        12.641435177053413        12.740376867509642        12.822538829423166        13.150888916442067        13.251585193784774        13.353899098022101        11.967399835764031        11.920849746223549     
   22325.078775512331       -2.2939880000000001       0.61638519402325120        9.1705959000000004        4.7616000000000004E-003   12.636838376332163        12.526538061230115        12.817303530136892        12.210813279923967        12.465895366054601        12.846178379858697        13.140303530136888        13.436374554438311        12.497220444830115        12.846860763458698        13.149303530136889        13.390374554438308        13.580921461638942        11.459035108349083        12.533777190953179        12.646195681156653        12.744828537409722        12.826724396887284        13.154857496739728        13.255500191915244        13.357729482715873        11.977554703752974        11.928213694355916     
   22260.196822226913       -2.2995079999999999       0.62171609607306644        9.1710604000000000        4.7590999999999996E-003   12.642452619986980        12.532411832698074        12.822288187276975        12.217447054831350        12.471835877475844        12.851601693653659        13.145288187276975        13.441206498653703        12.503096074298071        12.852285935253661        13.154288187276975        13.395206498653703        13.585644732965882        11.465625092321304        12.539864841299121        12.651876664764753        12.750122087298113        12.831686105009247        13.159546018030426        13.260121973252652        13.362244449164837        11.989997069520882        11.937162128563450     
   22202.659569544056       -2.3043830000000001       0.62648895425752193        9.1714397999999999        4.7569999999999999E-003   12.647380223574430        12.537569585296254        12.826657376164608        12.223280078461727        12.477052684926708        12.856359720683059        13.149657376164608        13.445440620008959        12.508255344496256        12.857045479883062        13.158657376164609        13.399440620008960        13.589782255242785        11.471419054126009        12.545212163482361        12.656863323204888        12.754765039822146        12.836035300869867        13.163652659853305        13.264169560222854        13.366196954656679        12.000980007267046        11.945048017863400     
   22128.908854367248       -2.3105519999999999       0.63127332421826809        9.1718258000000006        4.7549000000000003E-003   12.653429923188433        12.543914287770967        12.831991399145853        12.230494349518558        12.483472682116599        12.862191256151533        13.154991399145853        13.450602223040839        12.514601590970965        12.862878559351536        13.163991399145853        13.404602223040840        13.594819731363323        11.478582948986674        12.551799948621611        12.662988317534065        12.760449073860272        12.841344405332109        13.168649562935826        13.269091168590194        13.370995980112678        12.014792274493622        11.954893940147588     
   22090.624830038232       -2.3139580000000000       0.63500597980401952        9.1722242999999999        4.7527000000000003E-003   12.657074985191617        12.547712485871465        12.835264142653624        12.234736015911004        12.487310758241424        12.865724654081731        13.158264142653625        13.453784688752076        12.518401383071467        12.866413551281731        13.167264142653625        13.407784688752077        13.597937744773777        11.482798447102670        12.555723520542976        12.666673257561580        12.763905903741808        12.844603439092001        13.171749720850524        13.272151448480564        13.373993401702268        12.022464492799230        11.960501715668002     
   22038.447634391254       -2.3183690000000001       0.63948529960467837        9.1725267000000006        4.7511000000000003E-003   12.661408990939526        12.552255200401964        12.839091445822985        12.239892760789269        12.491906859567573        12.869904547442703        13.162091445822986        13.457490148952223        12.522945307201963        12.870594654242703        13.171091445822986        13.411490148952224        13.601555129560550        11.487919293763204        12.560437836038338        12.671060650105138        12.767981442711486        12.848413253683441        13.175339386081459        13.275687726915853        13.377442814324182        12.032289754267994        11.967520560611637     
   21974.499894998087       -2.3238080000000001       0.64447444768973650        9.1729189000000009        4.7489000000000003E-003   12.667144568223287        12.558254430947871        12.844197891573268        12.246610313798316        12.497971606652873        12.875400418898282        13.167197891573268        13.462447353458694        12.528963744348301        12.876082319002430        13.176197891573269        13.416447353458695        13.606421853353689        11.494584813693317        12.566605893253302        12.676879381728719        12.773357280992849        12.853480715868267        13.180221918163264        13.280471380048690        13.382137555543688        12.044966777897658        11.976638180302968     
   21923.758021504771       -2.3283290000000001       0.64903727909213926        9.1734264000000003        4.7460999999999996E-003   12.672551817712597        12.563880138117634        12.849095692327642        12.252758391390023        12.503650085696128        12.880558019020116        13.172095692327643        13.467226150279595        12.534626733205075        12.881222187623740        13.181095692327643        13.421226150279596        13.611149908301099        11.500682149411530        12.572315563983567        12.682374654778529        12.778428887554186        12.858325744749147        13.185024325170653        13.285154783122602        13.386772246744110        12.056132749464675        11.984831423020887     
   21842.985627034563       -2.3352349999999999       0.65445640253491089        9.1739204999999995        4.7434000000000000E-003   12.680361611392408        12.572037451184221        12.856095785662754        12.261760006986888        12.511890147557184        12.887967903527580        13.179095785662751        13.474038292616870        12.542842365257235        12.888602135754519        13.188095785662751        13.428038292616870        13.617881278243901        11.509602992613923        12.580608015630199        12.690323539838387        12.785701657081598        12.865243089289786        13.191868802916821        13.291811309870939        13.393349977497971        12.073112754137407        11.997088364205455     
   21802.434980223396       -2.3389150000000001       0.65841232191537369        9.1743714999999995        4.7410000000000004E-003   12.684759722715492        12.576609748978994        12.860086586517726        12.266748338012141        12.516504799998769        12.892166869616608        13.183086586517726        13.477934204293780        12.547445033814375        12.892786322965618        13.192086586517723        13.431934204293780        13.621736639274003        11.514550772992363        12.585247626834152        12.694792572570654        12.789831505761446        12.869191535497952        13.195783914478172        13.295631532254225        13.397131453234449        12.082111644319033        12.003710704987595     
   21753.292524331391       -2.3432569999999999       0.66315929317778066        9.1747916000000007        4.7387000000000002E-003   12.689813637473016        12.581874685273743        12.864647396316329        12.272522585608044        12.521820559149411        12.896978432894670        13.187647396316329        13.482380597066943        12.552746341251357        12.897579327615109        13.196647396316330        13.436380597066940        13.626133889591273        11.520275878132377        12.590594715927026        12.699932000926303        12.794559235841387        12.873701522440662        13.200251480564994        13.299984681315603        13.401437140239935        12.092742518819676        12.011465102532839     
   21668.108420719054       -2.3505039999999999       0.66885554425646843        9.1752252999999993        4.7362999999999997E-003   12.697851661518799        12.590278496209018        12.871831844525994        12.281821023208016        12.530311288988299        12.904594006022394        13.194831844525995        13.489367891794339        12.561212020615207        12.905161552389304        13.203831844525991        13.443367891794340        13.633036000215055        11.529489131628738        12.599142109794487        12.708117077504271        12.802029491236928        12.880799051746711        13.207270764967427        13.306806812235775        13.408175821856494        12.110451243123736        12.024195954752345     
   21633.112062916181       -2.3535409999999999       0.67280690486919981        9.1754546000000001        4.7350999999999999E-003   12.701252364773882        12.593829315754320        12.874881667003045        12.285737499830141        12.533898022091400        12.907821561888461        13.197881667003045        13.492336673496776        12.564788622859304        12.908375290815581        13.206881667003046        13.446336673496777        13.635969785559695        11.533370611893055        12.602751873996386        12.711578559815951        12.805197185246396        12.883812960665963        13.210253346328876        13.309708352822611        13.411043283285526        12.117824044928554        12.029522416545593     
   21564.579797456987       -2.3593000000000002       0.67754801621957472        9.1757016000000000        4.7337000000000004E-003   12.707478330225193        12.600349415132872        12.880421321799762        12.292981569263340        12.540487641735414        12.913706842012477        13.203421321799762        13.497718270897170        12.571358237637909        12.914233036404948        13.212421321799763        13.451718270897171        13.641282850694626        11.540546149060798        12.609388045040451        12.717922572932775        12.810965405704899        12.889283095197218        13.215658900594679        13.314955849692087        13.416223235889543        12.131831202107566        12.039527781462564     
   21526.776410153336       -2.3626730000000000       0.68159979235482093        9.1760265000000008        4.7320000000000001E-003   12.711338001772296        12.604370920152574        12.883901659873827        12.297395295619994        12.544548249742421        12.917380095823061        13.206901659873827        13.501111082673239        12.575408225721530        12.917891026275006        13.215901659873827        13.455111082673239        13.644637859083394        11.544922072030149        12.613473237311373        12.721848530931096        12.814573672664261        12.892724330283981        13.219067530694135        13.318276953493546        13.419507835903699        12.139979997466758        12.045464263234754     
   21455.616601249418       -2.3687170000000002       0.68646251896560917        9.1763162999999999        4.7304000000000001E-003   12.717871587623677        12.611209569950834        12.889722488436167        12.304984686604936        12.551459218549581        12.923560201029925        13.212722488436167        13.506768007706516        12.582298769817431        12.924041980295481        13.221722488436168        13.460768007706516        13.650223624307763        11.552440303206186        12.620432622816178        12.728505170889026        12.820631882964573        12.898472839837421        13.224749517238667        13.323795036509015        13.424955918310264        12.154592013546800        12.055920471287113     
   21405.234992519079       -2.3731580000000001       0.69054299281997211        9.1766722999999999        4.7283999999999998E-003   12.722896065945147        12.616449576975224        12.894241726670334        12.310750649057358        12.556751031182703        12.928335619307742        13.217241726670334        13.511171056455215        12.587576580182549        12.928796445500570        13.226241726670334        13.465171056455215        13.654576291447736        11.558155884049878        12.625757966790029        12.733617834159951        12.825320540292932        12.902940272462853        13.229172264255372        13.328101594040252        13.429213518232775        12.165333346190803        12.063715700356749     
   21348.629489255844       -2.3781340000000002       0.69544010662338607        9.1770496000000001        4.7264000000000004E-003   12.728429061258486        12.622224614258693        12.899207157751045        12.317117634919653        12.562584183169436        12.933588605504765        13.222207157751045        13.516006147372329        12.593394112212208        12.934025575308480        13.231207157751046        13.470006147372329        13.659354776861585        11.564466264408905        12.631629085922951        12.739249929722751        12.830475935440505        12.907847588840303        13.234029011929556        13.332828001550842        13.433884829440098        12.177289475687031        12.072362526306646     
   21285.360009201646       -2.3836279999999999       0.70078803007536361        9.1773890999999992        4.7245000000000004E-003   12.734460647480095        12.628526770054918        12.904604691172111        12.324084683342072        12.568950966445719        12.939306560326102        13.227604691172111        13.521258292178885        12.599743403834086        12.939716601958569        13.236604691172111        13.475258292178886        13.664543652188087        11.571370043351273        12.638038931024884        12.745391921250061        12.836084842956140        12.913180494781315        13.239304080390514        13.337957681397285        13.438952597806487        12.190501422463569        12.081877845585637     
   21219.590571218090       -2.3892460000000000       0.70600016880350724        9.1776300000000006        4.7232000000000003E-003   12.740421201300961        12.634768751937536        12.909906587013143        12.331022142732692        12.575259681366315        12.944940194157056        13.232906587013144        13.526409335234135        12.606033768444874        12.945322130571160        13.241906587013144        13.480409335234135        13.669628925805355        11.578241733303912        12.644393137873656        12.751466627237086        12.841605288220933        12.918415657584362        13.244477328155583        13.342980076376570        13.443910186947789        12.203927732596206        12.091464432805413     
   21157.726557068625       -2.3946369999999999       0.71086617449935419        9.1779496999999992        4.7215000000000000E-003   12.746248341376651        12.640860179365360        12.915113808147337        12.337764455020624        12.581414251608289        12.950460571761996        13.238113808147338        13.531474718244494        12.612171507391308        12.950815585553025        13.247113808147338        13.485474718244495        13.674632444801562        11.584922181577690        12.650590183234238        12.757401942845535        12.847018769093109        12.923559735904410        13.249564657661475        13.347925567758628        13.448795093115701        12.216775332461856        12.100698136954859     
   21099.832126599966       -2.3997570000000001       0.71579697207135928        9.1783093000000004        4.7194999999999997E-003   12.751891056711075        12.646749862864519        12.920176140777075        12.344261202812072        12.587363267937919        12.955816691744078        13.243176140777075        13.536404433170427        12.618105133278073        12.956146030390366        13.252176140777076        13.490404433170427        13.679504265297028        11.591361034938673        12.656578826751472        12.763146494998027        12.852274490657118        12.928562735703673        13.254515516630272        13.352743809023623        13.453556878350229        12.228986584124970        12.109526052407924     
   21035.314036991182       -2.4053909999999998       0.72122674731563896        9.1786226000000006        4.7178000000000003E-003   12.757936854967907        12.653071025923369        12.925575504937816        12.351262240413041        12.593750202286374        12.961542405952864        13.248575504937817        13.541656215508374        12.624474775182952        12.961843064596705        13.257575504937817        13.495656215508374        13.684691529545367        11.598297554450033        12.663010480345958        12.769305290190500        12.857888461130271        12.933896328574813        13.259789604211802        13.357870314782359        13.458620119219352        12.242353751794750        12.119125106036817     
   20968.096178151322       -2.4112450000000001       0.72656781270951021        9.1789152000000005        4.7162000000000003E-003   12.764527751920188        12.659907802585735        12.931561549845703        12.358826868933249        12.600678199522250        12.967790482903766        13.254570621352883        13.547506813709184        12.631371028007578        12.968097654418429        13.263538717531034        13.501506813709184        13.690474909887335        11.605817797426067        12.670035417873127        12.775990977342037        12.864042918281910        12.939845889045706        13.265512420014304        13.363549013136456        13.464091394019732        12.256891761021937        12.129592544745776     
   20909.420663300003       -2.4164990000000000       0.73163032619286306        9.1793010000000006        4.7140999999999997E-003   12.770964184020524        12.666518718030623        12.937536078241319        12.366085870208423        12.607391465229924        12.973920079862921        13.260561693715420        13.553380535042020        12.638043705367323        12.974267839725520        13.269471114378721        13.507380535042021        13.696289955705318        11.613060254734322        12.676881035377424        12.782489171357227        12.870112296526223        12.945818874241318        13.271130481306724        13.369234793557819        13.469459752485825        12.270570653382826        12.139574664085124     
   20828.020669837399       -2.4236650000000002       0.73727785592226380        9.1796915000000006        4.7120000000000000E-003   12.779518869356991        12.675316041347479        12.945451148741036        12.375787286414202        12.616330399572863        12.982048138271239        13.268499515175975        13.561155556515647        12.646925552677640        12.982452985166461        13.277327535845810        13.515155556515648        13.703983577185486        11.622738919979263        12.686003958668127        12.791128380687155        12.878157392941073        12.953732382741038        13.278548690734713        13.376747550090222        13.476531172979122        12.289175229836868        12.153054816061967     
   20791.077630380412       -2.4269419999999999       0.74179766667420377        9.1798867000000008        4.7109999999999999E-003   12.783423561919092        12.679330782227952        12.949065779690420        12.380211600040878        12.620409580820079        12.985759450723885        13.272124372637533        13.564706527898293        12.650978798197572        12.986190233346397        13.280915450267917        13.518706527898294        13.707497605528674        11.627153007093765        12.690166471706432        12.795071577888711        12.881830981554264        12.957346232890421        13.281937742344420        13.380179808242323        13.479763006718832        12.297640465276528        12.159194218718779     
   20713.762862359970       -2.4336280000000001       0.74722124505175769        9.1800996999999995        4.7098000000000001E-003   12.791182546978643        12.687320859591562        12.956218391473655        12.389065911152770        12.628533700419673        12.993112126643275        13.279298423720824        13.571725949445543        12.659047894329202        12.993597932733746        13.288012186583185        13.525725949445544        13.714439712307904        11.635985878905601        12.698465808142124        12.802909581716285        12.889105490705631        12.964497992673657        13.288616024651681        13.386948402185453        13.486111442653954        12.314947785402701        12.171638593327515     
   20665.979773757845       -2.4379330000000001       0.75179857932417626        9.1803910000000002        4.7082000000000001E-003   12.796375685498040        12.692656182176764        12.961036970147200        12.394929331921139        12.633952783373536        12.998055709111112        13.284129973402914        13.576461932950428        12.664433330403005        12.998575162081641        13.292795953176674        13.530461932950429        13.719127912724188        11.641836328665425        12.703992263081735        12.808152833724284        12.894000124884871        12.969315406147201        13.293142530330647        13.391531561015990        13.490435010169966        12.326038359837250        12.179720712043098     
   20587.708003438755       -2.4448240000000001       0.75729151246120907        9.1806923000000005        4.7066000000000000E-003   12.804410517835425        12.700924624625110        12.968458804539377        12.404069213827324        12.642357677778190        13.005680296212581        13.291573104579417        13.583748520586294        12.672782455021672        13.006255518969102        13.300160812582856        13.537748520586295        13.726336228589734        11.650954913787285        12.712573792611355        12.816268348231990        12.901545235016020        12.976736035339378        13.300083968283570        13.398565652156570        13.497043269457283        12.343737187492540        12.192495568385620     
   20540.404884966571       -2.4490690000000002       0.76203393809711795        9.1809393999999998        4.7052999999999999E-003   12.809421206013941        12.706076233759042        12.973099403635896        12.409744921282016        12.647592221931504        13.010443785981170        13.296226363293499        13.588307173063431        12.677983344074075        13.011052663838601        13.304766768178464        13.542307173063431        13.730847577948399        11.656617961624409        12.717914614219179        12.821328316328977        12.906260433266137        12.981375646035897        13.304434389603475        13.402972700860726        13.501192807085737        12.354586536478266        12.200368214773377     
   20467.509469859502       -2.4553940000000001       0.76772478998135396        9.1810899999999993        4.7044000000000001E-003   12.816631327043963        12.713504438634383        12.979739206263796        12.417989370155658        12.655147004004936        13.017270818703532        13.302885981953525        13.594821000893242        12.685485649164525        13.017932173543945        13.311353491423384        13.548821000893243        13.737288510363102        11.664842594465933        12.725634400754947        12.828612537574104        12.913013968173390        12.988014846263797        13.310625179621995        13.409249833613094        13.507072801811704        12.370799413630701        12.211998513692807     
   20400.837661991140       -2.4612219999999998       0.77302593022655375        9.1812500000000004        4.7035999999999996E-003   12.823215780851298        12.720288267865326        12.985802335556377        12.425518823226374        12.662046822898388        13.023505199518302        13.308967105199331        13.600768780523312        12.692337430203333        13.024214592213360        13.317367942861322        13.554768780523313        13.743169618185304        11.672354053583421        12.732684917217361        12.835264943189307        12.919181037180293        12.994077335556382        13.316277508119176        13.414981523866336        13.512441089124186        12.385617287712291        12.222624913826889     
   20335.506784524001       -2.4669870000000000       0.77851349605769971        9.1814433999999991        4.7025000000000001E-003   12.829814602594864        12.727082308641291        12.991890711739620        12.433041993193831        12.668954847089941        13.029761462135182        13.315072933321924        13.606743946890971        12.699198349056770        13.030517960168352        13.323408440106450        13.560743946890971        13.749079453675497        11.679859771611527        12.739740281503197        12.841930643010341        12.925371195319704        13.000164938139621        13.321963244778201        13.420745566462239        13.517848823933994        12.400282843263023        12.233182957556599     
   20262.592012789999       -2.4733719999999999       0.78438458262160859        9.1815867000000004        4.7017999999999999E-003   12.836935089691620        12.734420966853248        12.998441504814933        12.441197127567966        12.676420335572262        13.036498949300166        13.321643298870336        13.613168482895917        12.706611068440461        13.037308216431969        13.329905890883127        13.567168482895918        13.755431074908708        11.687995333512562        12.747370598802091        12.849125191278832        12.932035194512954        13.006715158014936        13.328064071470680        13.426933505278884        13.523638992266436        12.416408126229262        12.244725368056026     
   20192.449248345176       -2.4795259999999999       0.79001820459471783        9.1817162000000003        4.7010999999999997E-003   12.843797310571588        12.741493098026552        13.004755878901815        12.449054943630820        12.683614493793801        13.042992715877254        13.327976449437877        13.619361347934571        12.713754378378209        13.043852831292845        13.336168898686225        13.573361347934572        13.761553797182913        11.695834373094755        12.754723301033174        12.856058590923244        12.938458300325596        13.013029014101818        13.333945329648422        13.432898719543541        13.529221420905738        12.431932870097263        12.255841823086470     
   20121.761635662904       -2.4858050000000000       0.79570325477053416        9.1819030000000001        4.7000000000000002E-003   12.850896353273923        12.748803456366934        13.011303407948807        12.457154791966230        12.691048323504026        13.049721163860655        13.334542629540392        13.625786152811719        12.721136918731274        13.050632568633409        13.342664391176056        13.579786152811719        13.767907914447383        11.703915570374646        12.762316409824285        12.863229815638261        12.945115313496315        13.019575795948809        13.340056240173206        13.439095052127124        13.535031677124271        12.447760055270559        12.267225939906906     
   20047.120460394181       -2.4924520000000001       0.80151143161198846        9.1820965999999995        4.6990000000000001E-003   12.858318204113939        12.756448456332755        13.018143215810341        12.465633468710539        12.698823786769850        13.056751764173793        13.341402030852461        13.632496271773249        12.728858108672362        13.057717442271279        13.349449151312857        13.586496271773250        13.774543392233642        11.712374653668419        12.770259974491182        12.870727856453545        12.952070498234185        13.026414829410342        13.346434663359460        13.445563977312311        13.541092716558914        12.464398085569691        12.279172790587776     
   19987.063856858251       -2.4978080000000000       0.80709589247386926        9.1822399000000008        4.6981999999999996E-003   12.864405779820043        12.762728564792607        13.023760209874908        12.472580177640662        12.705162789159335        13.062489169474912        13.347031250274910        13.637979505702344        12.735148764289690        13.063503194344555        13.355068969977832        13.592031250274911        13.779979505702340        11.719271417537744        12.776690845089689        12.876877723889688        12.957797929577829        13.032031250274908        13.351783904708185        13.450857624399422        13.546062895357206        12.477972913811836        12.288906377278195     
   19896.651815130834       -2.5058099999999999       0.81369829181261066        9.1823656000000007        4.6975000000000003E-003   12.873982918190203        12.772666848529683        13.032615057511252        12.483500564468516        12.714936057149396        13.071344519911252        13.355885595111252        13.646472202371774        12.744824218869800        13.072456358190850        13.364187149571132        13.600885595111253        13.788472202371773        11.729928472408632        12.786365294069801        12.886553681269801        12.966916611971131        13.040885595111250        13.360804773691536        13.459088497511894        13.553833804092820        12.499217087333056        12.304001023561950     
   19836.132472666777       -2.5112019999999999       0.81911468486435346        9.1824632000000008        4.6969999999999998E-003   12.880408773653594        12.779334390962928        13.038557539034931        12.490825199876207        12.721492773283034        13.077287391834931        13.361827686234930        13.652172216125598        12.751315699868316        13.078464465249651        13.370306082929543        13.606827686234931        13.794172216125594        11.737076655981594        12.792855994268313        12.893045552668317        12.973035935729540        13.046827686234929        13.366858862314823        13.464613230630986        13.559050834306928        12.513451920966970        12.314119370708310     
   19754.134207799387       -2.5184709999999999       0.82561447773411600        9.1825367000000000        4.6966000000000004E-003   12.888986000607510        12.788239316976309        13.046479367869903        12.500622847799534        12.730246928773873        13.085209514669906        13.369749221069902        13.659765757901098        12.759981538090692        13.086474905353086        13.378467293555524        13.614749221069907        13.801765757901101        11.746634922113916        12.801521244490694        12.901711684890692        12.981197440355523        13.054749221069905        13.374932049672339        13.471968272615484        13.565989271963495        12.532611185092371        12.327701870822729     
   19684.663720680699       -2.5246979999999999       0.83163000237167739        9.1826475999999992        4.6959999999999997E-003   12.896434906112962        12.795965660830237        13.053373396678406        12.508983446348299        12.737965660830238        13.092365332195683        13.376833742512176        13.666642806278407        12.767696251230237        13.093634741795686        13.385373396678407        13.621642806278405        13.808311052277620        11.755174382582069        12.809235070430237        12.909356432746730        12.988174395961913        13.061642806278403        13.381643641244636        13.478311887243851        13.572050542126572        12.549284980666616        12.339579933589395     
   19598.868545598161       -2.5323899999999999       0.83837288608305360        9.1827495999999993        4.6955000000000000E-003   12.905526804033842        12.805400331451446        13.061779749198626        12.519193015898841        12.747400331451447        13.101115273416235        13.385490658204057        13.675048750798625        12.777131329851448        13.102384275016236        13.393779749198627        13.630048750798624        13.816281606568838        11.765634923304271        12.818669333051448        12.918699709839268        12.996673366010805        13.070048750798625        13.389799838593197        13.486032694363411        13.579428168545805        12.569790787227062        12.354158234715557     
   19529.539370033603       -2.5386129999999998       0.84452008623130859        9.1828149000000003        4.6950999999999998E-003   12.912871591076794        12.813022173996657        13.068570425237059        12.527441509347913        12.755022173996657        13.108183527356925        13.392484021445398        13.681839165637058        12.784753433596656        13.109452267756925        13.400570425237060        13.636839165637056        13.822720336405666        11.774086365156251        12.826290914396655        12.926247706485132        13.003538671548583        13.076839165637061        13.396388088628719        13.492269259397329        13.585387416877463        12.586359304143880        12.365937215794638     
   19442.450413798641       -2.5464750000000000       0.85155512777093922        9.1829135999999991        4.6946000000000002E-003   12.922262696266911        12.822761240211717        13.077327381090255        12.538135291246133        12.764823012924671        13.117289233835061        13.401327381090253        13.690365528345451        12.794554667324674        13.118557579435061        13.409557579435061        13.645365528345449        13.831097182745451        11.784698520014283        12.836091358524671        12.936017976124672        13.012495806722105        13.085764152322104        13.404767064432496        13.500330293200646        13.592993441936946        12.607566323103251        12.380959444096751     
   19366.984278137370       -2.5533190000000001       0.85805258971999088        9.1830035999999993        4.6940999999999997E-003   12.930505386818115        12.831305435305563        13.085047875035343        12.547581479967914        12.773448020497693        13.125311952322793        13.409047875035345        13.697783797747892        12.803180034897697        13.126579937922795        13.417579937922795        13.652783797747890        13.838515812147893        11.793924016672598        12.844716006097695        12.944644063697694        13.020437352730664        13.093705338330661        13.412105241355764        13.507447778060442        13.599668822669802        12.626149980583563        12.394108819809453     
   19282.618101755375       -2.5609980000000001       0.86503059567593255        9.1830964000000002        4.6936000000000000E-003   12.939693107925157        12.840830249918136        13.093651522044278        12.558114976697071        12.783062948023217        13.134253435237257        13.417651522044279        13.706049608851300        12.812795333623216        13.135521049637257        13.426521049637257        13.661049608851298        13.846781994451300        11.804210532809174        12.854330562423216        12.954260104823215        13.029288351532175        13.102555965932178        13.420281681946223        13.515377238058322        13.607103579082521        12.646898273791502        12.408782005917894     
   19201.714141330624       -2.5684149999999999       0.87183788845133636        9.1832110999999994        4.6930000000000001E-003   12.948815969525903        12.850134724476078        13.102162527056546        12.568385710780110        12.792350280725898        13.143088514891225        13.426162527056547        13.714236539221869        12.822276268560579        13.144304071141047        13.435162527056548        13.669236539221870        13.854917784271692        11.814334111429936        12.863810579760582        12.963690358010403        13.037895371456546        13.111020982972043        13.428241928987191        13.523048785552511        13.614531497402339        12.667106001655114        12.423163731030918     
   19122.338424101516       -2.5756790000000001       0.87886880687806546        9.1832767000000004        4.6925999999999999E-003   12.957846830548139        12.859250011774176        13.110558644740951        12.578450882684955        12.801380616948141        13.151802397844545        13.434558644740950        13.722314891637357        12.831624370051731        13.152933003018514        13.443558644740950        13.677314891637355        13.862911710411321        11.824314594658919        12.873158156451733        12.972954295625698        13.046291751540952        13.119184286463391        13.436003565733767        13.530492919430170        13.621890417804135        12.687014024896367        12.437356177831678     
   19034.391602965352       -2.5837840000000001       0.88633392878427553        9.1833761000000003        4.6921000000000003E-003   12.967880247371873        12.869376577728406        13.119888884595596        12.589628834492821        12.811413238571873        13.161484822583738        13.443888884595598        13.731292946607461        12.842009176560012        13.162521483427206        13.452888884595595        13.686292946607459        13.871796616250926        11.835398999736292        12.883542167760012        12.983246350603480        13.055622388995594        13.128256285763989        13.444631026219319        13.538768592631179        13.630071749074652        12.709097780125116        12.453106966738623     
   18954.616413945783       -2.5911700000000000       0.89359486955883793        9.1834647999999994        4.6915999999999998E-003   12.977017499790630        12.878731315734850        13.128521510950815        12.600022233720519        12.820864536383468        13.170303683846416        13.452521510950817        13.739606117406598        12.851598395583469        13.171485218190632        13.461521510950817        13.694606117406600        13.879940615157981        11.845622872271900        12.892997456534847        12.992715066230442        13.064436904495032        13.136787651750819        13.452674474357980        13.546311405669545        13.637214477781111        12.729480284982440        12.467696634690938     
   18864.313273597174       -2.5995889999999999       0.90145140724086736        9.1835869999999993        4.6908999999999996E-003   12.987435995445884        12.889510046351495        13.138483414739303        12.612049190372003        12.831908611456141        13.180361944540271        13.462483414739305        13.749206319833695        12.862642959456137        13.181904691445885        13.471483414739302        13.704206319833693        13.889276450729051        11.857384973267360        12.903775698351497        13.003591620152468        13.074760509644916        13.146749066739302        13.462010798729052        13.554925304917829        13.645105463106608        12.752897056047891        12.484514733945920     
   18776.818139976062       -2.6077530000000002       0.90904547285623971        9.1836753000000009        4.6905000000000002E-003   12.997400707989964        12.899824033030058        13.148005842231282        12.623574251753272        12.842479920951568        13.189977382949866        13.472005842231283        13.758378413591185        12.873214622151568        13.191870110389960        13.481005842231280        13.713378413591187        13.898191928069675        11.868653065031761        12.914089331830059        13.013999677348639        13.084633270871375        13.156271141031279        13.470926629269673        13.563141174389482        13.652621018309294        12.775457182633406        12.500681846793100     
   18697.993307524004       -2.6151599999999999       0.91658031734120116        9.1837736999999997        4.6899000000000003E-003   13.006711509156789        12.909449346326690        13.156557618447076        12.634192668236404        12.852184441126690        13.198918564613797        13.480765645216978        13.766767416273987        12.882919535926691        13.200918564613795        13.489765645216979        13.721822523647079        13.906349591677172        11.879137560863315        12.923714251526691        13.023752442750423        13.093500740016980        13.164822523647077        13.479029579104084        13.570723740310450        13.659572591970642        12.796322456843237        12.515579746041970     
   18599.574113088282       -2.6244100000000001       0.92508990914656264        9.1838587999999994        4.6895000000000001E-003   13.018316564544200        12.921447397691846        13.166982324301259        12.647369026734786        12.864182832891846        13.210026541817811        13.491584027848905        13.777087699522514        12.894918268091846        13.212026541817806        13.500584027848902        13.732246889101258        13.916380620753610        11.892209837156045        12.935711962491844        13.035937027682007        13.104319463048903        13.175246889101256        13.488956866374870        13.580071838437060        13.668132996141765        12.822489808607131        12.534162816423098     
   18516.888011385407       -2.6322420000000002       0.93292749739272951        9.1839514999999992        4.6889999999999996E-003   13.028143193685048        12.931604029639503        13.175817461821675        12.658514925502880        12.874339835639505        13.219436010575707        13.500749909776127        13.785835308666792        12.905075641639504        13.221436010575706        13.509749909776128        13.741081655821672        13.924885013867213        11.903268578347999        12.945868223639506        13.046251201284202        13.113485715776127        13.184081655821673        13.497374472712332        13.588002271113178        13.675401569204256        12.844549902000006        12.549851237710415     
   18418.701092254974       -2.6415479999999998       0.94161146147977293        9.1840189999999993        4.6886000000000002E-003   13.039968626800338        12.943821670431319        13.186790387538380        12.671669280624990        12.886557746431322        13.230851659169360        13.511551018839107        13.796225823208129        12.917293822431319        13.232851659169359        13.520551018839107        13.751729115907398        13.935225823208128        11.916405356624992        12.958085594431321        13.058348508663762        13.124612290470090        13.195054311538378        13.507133410877881        13.597250236315190        13.684103137752498        12.870989856078314        12.568485943458711     
   18334.285927861354       -2.6496350000000000       0.94974191046831169        9.1841273000000001        4.6880000000000003E-003   13.050300494666088        12.954490332554640        13.196447800488977        12.683098628065506        12.897226841754643        13.240847165977533        13.520959600734178        13.805296744445625        12.927963350954640        13.242847165977532        13.529959600734179        13.761048435000424        13.944296744445621        11.927835137265506        12.968753823354644        13.068859335333597        13.134358966222733        13.204711291288978        13.515618706802270        13.605308175579962        13.691734153557652        12.893899232676359        12.584642106905269     
   18235.303671839098       -2.6591239999999998       0.95880179371712693        9.1842105000000007        4.6876000000000001E-003   13.062289466623620        12.966917883423600        13.207602264510991        12.696462661361531        12.909611409936259        13.252441207310975        13.531908737998330        13.815849952685683        12.940363721761566        13.254441207310974        13.540865422510992        13.771849952685686        13.954791167373040        11.941156187874190        12.981196511248905        13.081128409423600        13.145704365310975        13.215849952685685        13.525469224060396        13.614614811435112        13.700571495947772        12.920739989816719        12.603564283563843     
   18143.538892035387       -2.6679900000000001       0.96746187760881597        9.1843140000000005        4.6870000000000002E-003   13.073597948165114        12.978863236959425        13.217906814938940        12.709505466255001        12.921286536596972        13.263383871733256        13.542483515301397        13.826057670869536        12.952135680666375        13.265383871733254        13.551169558938943        13.782057670869539        13.964631826437680        11.953928765892547        12.993237869028830        13.093075004959426        13.156646615733257        13.226057670869535        13.534943238005821        13.623354293142105        13.709040336779649        12.946358809007590        12.621841920370423     
   18048.245923729337       -2.6772190000000000       0.97651062012882128        9.1843927000000001        4.6866000000000000E-003   13.085236673682434        12.991163780049273        13.228502551010518        12.722946691764520        12.933306119187517        13.274642369777354        13.553360211872270        13.836553195567188        12.964255474630850        13.276642369777353        13.561764980210516        13.792553195567187        13.974746179262105        11.967089030902766        13.005637993892602        13.105376492449270        13.167904798977354        13.236553195567186        13.544676733757019        13.632325130346857        13.717729898685104        12.972859459980658        12.640719133879006     
   17956.636862864736       -2.6861440000000001       0.98566152686964237        9.1844798999999995        4.6861000000000003E-003   13.096650594392424        13.002958133305727        13.238868156346802        12.735965208586590        12.945086127340966        13.285562906608645        13.563868156346798        13.846694703798262        12.976086127340965        13.287562906608644        13.572258230782039        13.802694703798258        13.984393257214483        11.979919750073284        13.017610288140963        13.117171892105729        13.178779528495342        13.246868156346798        13.554131176814478        13.641000893604099        13.725916068907013        12.998861655169305        12.659219151649941     
   17853.361549614237       -2.6962320000000002       0.99537949179467800        9.1845493000000005        4.6857000000000001E-003   13.109655737296288        13.016071101523883        13.250634273091658        12.750619980502458        12.958504093897831        13.297850782720795        13.575634273091660        13.858047719290115        12.989504093897830        13.299850782720794        13.584329068265605        13.814047719290118        13.995028173114621        11.994466419074863        13.031027699497828        13.130285693123882        13.190959024093202        13.258634273091660        13.564766370314624        13.650701504083942        13.734790199280853        13.028692515331956        12.680374885499555     
   17761.023954061857       -2.7053490000000000        1.0045722154247845        9.1846549000000000        4.6851999999999996E-003   13.121351262008812        13.027862497026724        13.261222169057554        12.763788682743822        12.970568546592567        13.308905167059216        13.586222169057553        13.868266264873803        13.001568546592566        13.310905167059218        13.595189599023399        13.824266264873799        14.004604311124208        12.007538828125909        13.043091307392565        13.142078355826722        13.201916692841309        13.269222169057553        13.574342930724207        13.659442648138793        13.742792220171285        13.055430043724755        12.699356055865955     
   17662.248874014822       -2.7150989999999999        1.0144244464363299        9.1847174000000003        4.6848000000000002E-003   13.133788447370769        13.040921059232137        13.272474303458946        12.778414120447895        12.983751586778649        13.320915182066830        13.597565961405461        13.878863952397580        13.014751586778647        13.322915182066826        13.606474303458945        13.835123298955008        14.015292771408490        12.021893643490472        13.056273847578648        13.155137668032133        13.213564177562890        13.280474303458945        13.584421289947123        13.668810938885759        13.751370060277875        13.084403070936279        12.719940318407009     
   17563.376045094443       -2.7249539999999999        1.0242945610458110        9.1848214000000006        4.6842999999999997E-003   13.146284649341123        13.054104447570648        13.283784447482255        12.793176146049138        12.997038355380365        13.333016724721499        13.608979069691969        13.889486078052723        13.028038355380364        13.335016724721498        13.617784447482254        13.846037951662634        14.026104043852914        12.036363558039231        13.069559784180367        13.168322304370651        13.225270228901877        13.291784447482254        13.594544960023388        13.678246590593858        13.760014313354613        13.113505332165253        12.740634297743473     
   17462.282104457623       -2.7350610000000000        1.0343079718954189        9.1849007000000000        4.6839000000000004E-003   13.159046257390907        13.067608397755249        13.295333245444398        12.808255775146369        13.010608397755247        13.345335304871183        13.620665941151456        13.900403484524672        13.041569111217688        13.347486176453350        13.629372531981955        13.857182373862228        14.037031502280060        12.051255775146368        13.083089905617689        13.181676334573075        13.237335304871182        13.303293958906840        13.604841344160333        13.687688413151383        13.768686353724599        13.143509689668809        12.761818532616468     
   17368.127554858031       -2.7445369999999998        1.0442564836562866        9.1849837000000001        4.6833999999999999E-003   13.171049589299662        13.080364634060798        13.306207054757961        12.822417933047786        13.023364634060796        13.356864787383811        13.631720246267966        13.910802448442110        13.054227452325518        13.359392277164380        13.640344236493240        13.867679564977392        14.047152075196825        12.065417933047788        13.095747582725517        13.194056948680233        13.248864787383814        13.314069873022680        13.614487403680974        13.696302181274552        13.776644448648698        13.171982675109367        12.781727526691588     
   17267.561044331487       -2.7547039999999998        1.0544845015717714        9.1850643999999999        4.6829999999999997E-003   13.183807665510850        13.093926919556198        13.317758655642828        12.837482385038102        13.036926919556199        13.369116927879380        13.643465159847912        13.921847145211361        13.067685422547401        13.372046683702054        13.652000152651626        13.878828899820155        14.057899143997483        12.080482385038097        13.109204907347403        13.207217936533526        13.261116927879380        13.325517158634037        13.624727891166012        13.705439863106784        13.785081590870233        13.202332591099713        12.802929961787006     
   17169.909260166893       -2.7646440000000001        1.0645740286657894        9.1851514000000005        4.6825000000000000E-003   13.196489225702264        13.107068983061597        13.329268742424267        12.852486558658258        13.050152083419215        13.381153416941219        13.654855185780173        13.932628016505602        13.081129951620929        13.384153416941219        13.663445036466650        13.889628016505602        14.068070390944557        12.095166195698924        13.122731840778547        13.220373900219217        13.273153416941218        13.336772085422554        13.634490633585225        13.714605959068274        13.793721284551319        13.232499502872225        12.824368417409291     
   17072.731094902432       -2.7745730000000002        1.0747240397780764        9.1852201000000004        4.6820999999999998E-003   13.209116050041789        13.120084245262181        13.340729703580621        12.867443460564136        13.063267980653311        13.393104275392137        13.666128979142481        13.943311552339839        13.094534201282574        13.396104275392137        13.674805087789498        13.900311552339840        14.078077136490183        12.109734384943746        13.136236175873695        13.233490621853310        13.285104275392136        13.347945243751358        13.644108941269796        13.723734369458278        13.802359797646762        13.262615648959354        12.845832249919642     
   16979.934084676781       -2.7841749999999998        1.0849121849269752        9.1853542000000008        4.6813999999999996E-003   13.221343363980772        13.132762474503359        13.351763726135601        12.881953120375442        13.076059811695892        13.404745933919482        13.677081818162513        13.953683462474309        13.107503891303359        13.407725179085102        13.685784480969982        13.910683462474310        14.087861782013015        12.123953120375443        13.149279640903359        13.246144289607688        13.296644915423808        13.358763726135603        13.653442671490428        13.732540727367844        13.810698292072171        13.291761096888450        12.866576185817422     
   16881.265488681740       -2.7943950000000002        1.0953464701169746        9.1854499999999994        4.6809000000000000E-003   13.234305168931076        13.146513245021623        13.363147216749987        12.897572706244702        13.090001125060319        13.417313830885803        13.688757725791966        13.964672278704711        13.121255045021623        13.420191201882513        13.697269845753276        13.921672278704712        14.098455540659437        12.139572706244699        13.163029645021624        13.259399277973060        13.308716263837240        13.370147216749984        13.663247464568890        13.741555788478347        13.819216421429783        13.323561566100892        12.888904853014338     
   16790.359694911956       -2.8038289999999999        1.1056313681378167        9.1855039000000005        4.6806000000000000E-003   13.246171279293865        13.159106386134567        13.373559050012457        12.911888747323037        13.102770260328331        13.428816749273512        13.699439259919512        13.974720488792105        13.133848401734568        13.431600413560215        13.707775385725750        13.931720488792106        14.108139911971751        12.153888747323034        13.175622354934571        13.271535520400921        13.319761852339862        13.380559050012454        13.672204805131049        13.749785667090343        13.826988754556695        13.352785726157474        12.909402272469020     
   16693.561444802097       -2.8139900000000000        1.1162121084899876        9.1856214999999999        4.6800000000000001E-003   13.259109009115500        13.172592277336294        13.384780858883959        12.927266132440254        13.116451033081121        13.441142472673919        13.710780858883959        13.985329350442376        13.147392898208709        13.443943093546332        13.718980238011545        13.942555104663166        14.118528729569961        12.169266132440251        13.189500678905466        13.284819735336294        13.331717339325541        13.391555104663164        13.681877842000789        13.758458093338417        13.835122854641659        13.384488591934295        12.931587222414501     
   16597.550549184791       -2.8240970000000001        1.1266951461198182        9.1857092999999992        4.6794999999999996E-003   13.272017334486309        13.185884295089570        13.395867999980526        12.942476260905872        13.129940766910609        13.453283413279786        13.721867999980526        13.995648404374004        13.160783949600090        13.456183067790308        13.729968345470008        13.953258202177265        14.128748749863485        12.184476260905877        13.203461398985569        13.298112806689568        13.343573269987049        13.402258202177267        13.691428808767482        13.766856578157698        13.842950617172219        13.416211892046091        12.953709784164568     
   16506.804207094829       -2.8336950000000001        1.1371609364555022        9.1857825000000002        4.6791000000000003E-003   13.284183876298961        13.198413529470585        13.406312969254152        12.956818665328683        13.142656417097172        13.464724569955720        13.732312969254153        14.005367402910913        13.173406538283878        13.467717578769015        13.740319960440857        13.963340186082533        14.138374394097617        12.198818665328687        13.216622957000531        13.310642919470581        13.354744795597398        13.412340186082531        13.700421836567671        13.774760357052806        13.850314548336158        13.446162081708376        12.974585632417860     
   16411.791842710525       -2.8438520000000000        1.1478349447066962        9.1859102999999998        4.6784000000000001E-003   13.296792199013726        13.212107055701200        13.417643249376841        12.972671752526733        13.156272962751789        13.476926648784566        13.743643249376841        14.016028035867937        13.187016603951786        13.479926648784566        13.751643249376841        13.973937584118524        14.148675203238778        12.214318919897575        13.230363414501198        13.323722765792294        13.366573816155412        13.423380868497095        13.709879086231052        13.783520231522147        13.858761593873911        13.478356273180527        12.997016717771832     
   16319.242651056204       -2.8537490000000001        1.1584516529625419        9.1859857999999992        4.6779999999999999E-003   13.308921324132525        13.225346469119854        13.428567099351811        12.988035849701111        13.169417389326464        13.488686181136748        13.754567099351808        14.026306177153648        13.200161332526461        13.491686181136748        13.762567099351811        13.984121040560259        14.158583147757872        12.229312820305337        13.243602525919853        13.336317376521690        13.377963151740976        13.434029206549424        13.718951952372935        13.791947086974771        13.866903790794607        13.509638227319448        13.018768542822682     
   16226.542813902761       -2.8637109999999999        1.1691350039900850        9.1860517000000002        4.6775999999999996E-003   13.321233062123088        13.238606684822255        13.439438297211534        13.003424622533810        13.182700513566648        13.500463990244700        13.765438297211535        14.036506432922756        13.213350891622255        13.503463990244700        13.773462297966315        13.994274640477535        14.168412604178368        12.244424622533810        13.257026134756256        13.349001269677867        13.389370161500313        13.444670089656757        13.727993154244370        13.800293082400810        13.874943460456421        13.541182503186093        13.040788783066812     
   16137.118939349179       -2.8734150000000001        1.1798648596905348        9.1861531999999997        4.6771000000000000E-003   13.333629758617212        13.251451983571863        13.449780539473645        13.018322751515436        13.195903507814469        13.511879725001451        13.775780539473642        14.046132878188439        13.226196596371866        13.514879725001451        13.783895852985696        14.003992804500486        14.177681353945831        12.259322751515436        13.270495105745022        13.361489684929262        13.400428200758848        13.454920613161592        13.736638231772679        13.808130644175423        13.882423732732816        13.572267430344633        13.062748697255453     
   16045.490583917590       -2.8834689999999998        1.1907879143527409        9.1863159000000003        4.6762000000000001E-003   13.346513790695827        13.264794948729833        13.460559212279524        13.033768472746132        13.209612986394163        13.523758588872511        13.786559212279524        14.056177873350869        13.239540212329835        13.526758588872511        13.794767596249201        14.014131520920543        14.187359835686536        12.274768472746132        13.284477376488816        13.374467438265505        13.411940551208183        13.465605564709850        13.745677407927552        13.816342421429219        13.890269647364889        13.604298024410646        13.085430314863054     
   15951.480598875172       -2.8937400000000002        1.2017585582494055        9.1863799999999998        4.6759000000000002E-003   13.359298089982554        13.278339893927255        13.471521779564556        13.049571668423047        13.223339893927255        13.535655454773552        13.797521779564557        14.066338715486767        13.253134802796049        13.538655454773552        13.805726870695766        14.024338715486765        14.197144637882266        12.290522279554255        13.298583360400551        13.387636856322759        13.423655454773554        13.476327701960058        13.754756482673267        13.824622807464268        13.897835483519563        13.637552055701429        13.108513622908534     
   15861.819372020511       -2.9036000000000000        1.2125762662513682        9.1864489999999996        4.6755000000000000E-003   13.371416796917776        13.291442868180111        13.482205906870105        13.064916523525040        13.236442868180111        13.547057147893943        13.808205906870105        14.076214161572851        13.266329168453533        13.550057147893943        13.816319606596688        14.034214161572850        14.206661439060932        12.305776019251619        13.312136094965448        13.400381737668193        13.435057147893941        13.486653184358188        13.763555994037096        13.832704753013262        13.904932885750926        13.669928807550262        13.130672455251480     
   15774.623407774721       -2.9132959999999999        1.2234987390066143        9.1865693999999998        4.6749000000000001E-003   13.383301450933036        13.304284682480208        13.492695425457431        13.079937342653150        13.249284682480209        13.558244715795237        13.818695425457431        14.085917402760099        13.279259692439741        13.561244715795237        13.826720415497903        14.043917402760098        14.216015896391198        12.320708610293618        13.325414921208644        13.412875731311310        13.446244715795235        13.496793919088535        13.772212883653392        13.840663593315593        13.911934084168426        13.701513350841335        13.152319686062270     
   15682.308753505982       -2.9235370000000001        1.2346386303966155        9.1866138999999993        4.6746000000000001E-003   13.395993088746053        13.317788163118003        13.503368498830195        13.096084703113995        13.263058928103980        13.570129363428187        13.829570612870260        14.096029082898308        13.292990277158069        13.573129363428187        13.837772726910327        14.054097733844220        14.225826968858243        12.336629044673927        13.339514586544045        13.425739544346051        13.457858598442215        13.507368498830196        13.781014673900316        13.848726688328362        13.919253809302319        13.735403617786751        13.175822198179425     
   15591.288221109726       -2.9336970000000000        1.2456704562955621        9.1866610000000009        4.6744000000000004E-003   13.408558138343832        13.331081188574956        13.513749055650468        13.112105060847824        13.276716035690516        13.581874245786903        13.840223060440216        14.105953366209096        13.306555193364705        13.584874245786903        13.848697065229967        14.064114208534907        14.235479361419348        12.352377700058074        13.353443396480269        13.438304782343835        13.469239398671341        13.517749055650466        13.789574820072662        13.856558481841542        13.926449629936226        13.768991920720570        13.199216201484855     
   15505.008190896653       -2.9434439999999999        1.2566669334863942        9.1867681000000001        4.6737999999999997E-003   13.420660620856905        13.343873482929736        13.523780817438427        13.127482137298669        13.289853450166147        13.593199898022897        13.850512923913653        14.115552989440827        13.319605589404963        13.596199898022897        13.859245030388882        14.073800850202014        14.244820882965600        12.367497103223444        13.366838484241375        13.450407693256908        13.480219930786481        13.527780817438424        13.797880981256361        13.864173974383531        13.933461900671892        13.801021353007700        13.221582270388124     
   15415.904100861373       -2.9535979999999999        1.2678565754877580        9.1869089000000006        4.6730000000000001E-003   13.433243351745801        13.357419975690952        13.534476542518515        13.143616645311344        13.303756359287505        13.605065855752692        13.861309069363028        14.125299918573361        13.333167611290950        13.608065855752692        13.869805212610988        14.083803775325407        14.254215899376810        12.383280261714791        13.380841250532018        13.463242479697840        13.491729472156138        13.538140158921959        13.806543132183702        13.872037838146078        13.940953818949524        13.835528429887667        13.245100538394475     
   15331.653658622436       -2.9632470000000000        1.2790384810334310        9.1870376999999994        4.6722999999999999E-003   13.445114069267502        13.370216482998439        13.544577550874353        13.158855319722603        13.316889868363946        13.616263600136483        13.871495293239947        14.134475137143420        13.345964633798436        13.619263600136483        13.879739650240035        14.093230780143335        14.263053600977907        12.398181934357092        13.394059459929545        13.475366013867417        13.502590214770970        13.547904165508845        13.814706830246893        13.879442317150273        13.948020780984764        13.868205465563543        13.267330519232724     
   15242.703435199182       -2.9734250000000002        1.2904159578601595        9.1871085000000008        4.6719999999999999E-003   13.457462982536875        13.383550541314484        13.555043641252141        13.174790295388110        13.330557883584966        13.627872291759267        13.882043641252139        14.143985268733733        13.359284473596247        13.630879634029750        13.890036298981656        14.102985268733732        14.272200306204049        12.413761109128906        13.407838635844172        13.487967192807361        13.513850447770544        13.558014454992936        13.823112747426435        13.887061717178511        13.955276754648825        13.902581390855399        13.290676616820100     
   15156.223467267300       -2.9834550000000002        1.3017225065120288        9.1872558000000009        4.6712000000000004E-003   13.469940142499603        13.397065460892396        13.565532671850420        13.191070217139838        13.344159603828796        13.639312870506810        13.892532671850418        14.153782459588555        13.372627663834265        13.642407013443211        13.900438528914020        14.112782459588558        14.281564187321223        12.429695111008911        13.421785686759726        13.500532331836006        13.525031907312282        13.568157565719488        13.831438868928434        13.894782799602972        13.962564527335640        13.937107675942769        13.314479385883917     
   15072.628670685515       -2.9931909999999999        1.3130926951770965        9.1873825999999994        4.6705000000000002E-003   13.481966769960753        13.410095225912528        13.575637092960825        13.206772986850591        13.357272930416148        13.650337374808981        13.902637092960823        14.163218122326310        13.385490680002508        13.653515079312601        13.910459388457209        14.122218122326309        14.290581402105431        12.445063501533333        13.435232885333402        13.512643535264374        13.535805593995342        13.577927607643566        13.839452946153660        13.902211680022763        13.969574959801886        13.970448473761639        13.337454428926645     
   14976.626530490019       -3.0043229999999999        1.3246134803740361        9.1874135999999993        4.6702999999999996E-003   13.495521516915655        13.424801998549775        13.586937147866422        13.224621420071138        13.372122432246819        13.662763749862531        13.913937147866420        14.173680072013298        13.400028938368781        13.665990689681536        13.921710208047415        14.132750160110341        14.300586578135256        12.462598014290144        13.450536359821903        13.526364665193697        13.547897195803493        13.588867059769377        13.848399590379177        13.910439542442099        13.977275960467015        14.008786989144330        13.363701691169013     
   14891.930475400713       -3.0142009999999999        1.3352190882708117        9.1874409000000004        4.6702000000000002E-003   13.507514923348477        13.437811757643669        13.596813083042953        13.240595034414099        13.385386100426924        13.673825787968429        13.923813083042951        14.182624420462904        13.412953822328529        13.676967852653288        13.931671018358095        14.141948526846161        14.309192142364505        12.478486862698961        13.464392721308574        13.538696965046874        13.558535574554888        13.598488976659699        13.856327586167712        13.917605094655773        13.983848710174122        14.043478501541085        13.387213324293981     
   14806.929207083318       -3.0241739999999999        1.3460899751557025        9.1874681999999996        4.6699999999999997E-003   13.519597801416477        13.450914650931480        13.606770933359144        13.256672539249141        13.398743892275810        13.684973866528814        13.933770933359142        14.191647252871476        13.425971609104142        13.688030824701478        13.941713975186481        14.151226367015809        14.317874969699812        12.494479370221807        13.478345416791804        13.551119957388146        13.569258541529813        13.608191819214809        13.864330403356476        13.924842795185807        13.990491397869810        14.078341282718149        13.410855938053146     
   14722.853816839481       -3.0340900000000000        1.3569945633691318        9.1874953999999995        4.6699000000000003E-003   13.531502151869409        13.463909342618861        13.616600625073565        13.272636660412642        13.412017927351505        13.696007815823011        13.943600625073563        14.200606325827158        13.438936490799980        13.699034964004129        13.951600625073562        14.160383455608274        14.326497741094515        12.510305205461117        13.492153660265265        13.563360718202054        13.579926379271489        13.617823495292443        13.872199135077709        13.931873380879781        13.997014814547141        14.113157445124761        13.434465564214930     
   14639.424357640057       -3.0439919999999998        1.3679642445157618        9.1875225000000000        4.6696999999999997E-003   13.543359005931320        13.477017680373953        13.626455280514682        13.288748133498911        13.425459982943392        13.707113954957313        13.953455280514680        14.209710049540673        13.452128216209081        13.710224490792443        13.961455280514683        14.169570675375804        14.335267746971235        12.526166456764598        13.506012821347960        13.575551398500762        13.590782188223004        13.627594654679553        13.880051375098047        13.938724467389724        14.003532074820283        14.148541056691288        13.458502769330336     
   14556.534700282071       -3.0538820000000002        1.3790044968469100        9.1875488999999995        4.6696000000000003E-003   13.555093170522460        13.489995301385479        13.636200198929229        13.304709465375327        13.438769162584352        13.718102329792250        13.963200198929227        14.218708966999023        13.465188615317947        13.721295643724718        13.971200198929230        14.178652476531488        14.343935105800147        12.541879113708921        13.519736337715690        13.587617227321333        13.601521782525849        13.637256689396763        13.887806836135999        13.945485252539383        14.009961195740514        14.183649905377420        13.482338624615780     
   14474.147699084368       -3.0637680000000000        1.3901174626614834        9.1875754999999995        4.6693999999999998E-003   13.566983894959961        13.502966836438620        13.645932744401996        13.320827610607573        13.452096066713622        13.729096683216646        13.973010332534322        14.227725925994672        13.478397531774611        13.732423969348972        13.981010332534325        14.187803514126998        14.352622516791008        12.557724201403914        13.533526762049611        13.599734196959961        13.612320560145314        13.646906923330661        13.895639575312352        13.952432756905026        14.016449815426363        14.218954574694997        13.506309431495474     
   14392.359549337531       -3.0736379999999999        1.4013018278604235        9.1876014999999995        4.6693000000000004E-003   13.579135269533861        13.515854264781733        13.655548646755232        13.337231760968312        13.465392292226955        13.740021299965832        13.982871742915311        14.236687523149936        13.491857516744464        13.743593990125913        13.990871742915314        14.197010619310010        14.361256961347284        12.573801199165661        13.547395544189683        13.611885675533859        13.623163428323263        13.656441181112665        13.903537966099414        13.959676842494115        14.022957847246243        14.254742372967225        13.530565244231909     
   14311.132412167815       -3.0834980000000001        1.4125588803751425        9.1876273000000008        4.6692000000000001E-003   13.591203613522328        13.528653546327316        13.665098842814029        13.353523709689600        13.478597499580971        13.750871233419343        13.992665830263025        14.245587902111371        13.505225494927643        13.754687711668343        14.000665830263028        14.206154889560370        14.369832431760042        12.589768239338273        13.561169448181300        13.623954122722328        13.633932241317012        13.665910359911699        13.911382498955053        13.966871558252397        14.029421625447409        14.290284943320327        13.554654998121489     
   14230.396468770416       -3.0933510000000002        1.4238899349211027        9.1876532999999991        4.6690000000000004E-003   13.603244793575566        13.541578005522929        13.674774308826056        13.369841364924426        13.491886251000157        13.761779719848498        14.002466063348827        14.254539066451301        13.518558450075240        13.765779719848499        14.010466063348826        14.215309235098992        14.378382238201464        12.605841364924423        13.574964665125076        13.636073820900485        13.644701305723579        13.675387649223907        13.919225409951629        13.973990167576872        14.035911753451952        14.326030841594275        13.578821273495066     
   14150.213741324345       -3.1031920000000000        1.4352909603327237        9.1876789999999993        4.6689000000000001E-003   13.615154569801973        13.554850650411613        13.684759699593759        13.386241168287807        13.505399578975485        13.772807351168694        14.012210771029885        14.263562264489646        13.531751149940785        13.776807351168696        14.020210771029884        14.224412480960478        14.386763974420244        12.622241168287811        13.588798724010189        13.648304430836674        13.655408206133991        13.684811625995184        13.926965684350836        13.980768249246733        14.042369104212025        14.362636589474075        13.603319294626203     
   14056.590725106667       -3.1147540000000000        1.4489714233564175        9.1877081999999994        4.6686999999999996E-003   13.629099384675820        13.570386698064032        13.696457562078377        13.405428638469848        13.521216737373690        13.785722071167017        14.023627522768725        14.274136650779658        13.547193933074114        13.789722071167018        14.031627522768725        14.235080248569579        14.396589376580513        12.641428638469845        13.604990374473259        13.662623854575392        13.667948434067442        13.695853885669150        13.936042102381366        13.988721191082645        14.049947553983072        14.405416942942965        13.631962330949095     
   13946.043002045617       -3.1285010000000000        1.4653884705894284        9.1877423999999994        4.6686000000000002E-003   13.645774016045426        13.588832610681564        13.710047392110887        13.428455748991556        13.540048438673384        13.801072784338839        14.037047392110889        14.286615736127253        13.565583580281565        13.805072784338844        14.045047392110888        14.247615736127255        14.408399908135436        12.664293668730874        13.624480094657017        13.679524985645426        13.682856956347027        13.708993644379756        13.946698676428849        13.998104940184529        14.058673284200896        14.456733598859696        13.666316307178814     
   13816.212364190540       -3.1447919999999998        1.4850893927951148        9.1877823999999997        4.6683000000000002E-003   13.665777375808245        13.610783891171438        13.725896171462344        13.456119417547056        13.562519041714678        13.819388966968772        14.052896171462342        14.301425870375864        13.587535020771439        13.823388966968777        14.060896171462344        14.262425870375866        14.422690719832628        12.691567224213573        13.647989342801152        13.699528505408244        13.700653816425534        13.724713214252587        13.959302310993158        14.009279816573203        14.068809515486725        14.518153073257514        13.707482202071239     
   13664.476560289459       -3.1640229999999998        1.5087014520161817        9.1878296000000006        4.6680999999999997E-003   13.689595251760119        13.636706605459944        13.744601480353838        13.489060412166053        13.589390792977630        13.841063267548050        14.071943574112678        14.318832220412856        13.613542996283241        13.845063267548047        14.079858501689381        14.279917292836158        14.439575199077312        12.723967000007208        13.675817959159771        13.723431642583419        13.721464152453665        13.743095777418295        13.974043214865242        14.022180542765417        14.081095470342119        14.591828490702865        13.756802646590332     
   13514.811727633110       -3.1832020000000001        1.5326195491508237        9.1878761999999998        4.6677999999999997E-003   13.713525269728093        13.662581301623616        13.763292264550005        13.522118833897229        13.616462807802554        13.862747534797341        14.091233017639473        14.336176985743952        13.639566579050735        13.866747534797346        14.098999245012356        14.297410758371070        14.456470005281600        12.756426576007760        13.703637333519138        13.747510547155214        13.742099801245528        13.761336788887656        13.988692270350851        14.034884733655330        14.093650961028212        14.666045519643371        13.806474642975202     
   13367.832648510977       -3.2022409999999999        1.5567962660956891        9.1879228000000008        4.6676000000000000E-003   13.737251198852912        13.688482912010945        13.782270152405262        13.555075253682420        13.643142854682692        13.884136521229083        14.110138879139472        14.353435835387392        13.665614185276732        13.888136521229088        14.117624447465095        14.314552870921604        14.473024201515647        12.789192289216627        13.731845898434772        13.771251198852910        13.763253556763297        13.779610209733514        14.003438193297777        14.047852185079913        14.105677810733789        14.741139450911257        13.856406666455145     
   13228.664433130292       -3.2204660000000001        1.5803269519116321        9.1879667999999999        4.6673000000000001E-003   13.759861341153215        13.713288052490615        13.800405559597600        13.586645634767837        13.668621527558091        13.904605314350778        14.128178603013385        14.369837233943471        13.690536185290611        13.908541148299090        14.135426735813386        14.330922576210948        14.488751891675992        12.820560292500357        13.758792212093049        13.793946683420696        13.783434629815826        13.797007918478428        14.017495864873556        14.060239838071119        14.117069153536164        14.813046304828749        13.904205902792203     
   13090.281923842424       -3.2387779999999999        1.6043711956966151        9.1880108000000007        4.6671000000000004E-003   13.782656206970964        13.738850568494117        13.818634772601657        13.619403865254307        13.694737397598745        13.925739590057072        14.146545228533919        14.385989739315400        13.716098525294116        13.929259130484704        14.153793185333923        14.347628611620030        14.504350867010769        12.852764992949679        13.786015142208006        13.817295079275594        13.803461845447812        13.814267483924661        14.031434250096881        14.072517633182985        14.128239888573725        14.887319288101581        13.953570034393218     
   12955.643827068659       -3.2567819999999998        1.6284354154294394        9.1880538000000005        4.6668999999999999E-003   13.805062577206380        13.763905737523251        13.836599216530823        13.651460043315682        13.720464408564949        13.946352878439475        14.164599216530823        14.402066942455646        13.741286983873225        13.949690161647693        14.171847001330823        14.364066942455645        14.519712093072199        12.884282618623955        13.812819257948400        13.840196038756352        13.823175453747753        13.831421791839096        14.045046357447047        14.084514083371873        14.139292695538392        14.960610055511959        14.002271095000866     
   12824.250717461699       -3.2745329999999999        1.6526284675963931        9.1880960999999992        4.6667000000000002E-003   13.827379509506351        13.788720422100937        13.854581459408941        13.683107000392926        13.746199958905059        13.966567520985734        14.182581459408944        14.418472468018486        13.766496961774905        13.970169987603526        14.189829075008944        14.380472468018482        14.535066473758178        12.915404003262772        13.839605953165368        13.862908433580319        13.842864523855582        13.848878462278790        14.058428558293745        14.096319566903283        14.150442496716952        15.034172697749000        14.051131832631803     
   12788.864913033583       -3.2793470000000000        1.6586653502890647        9.1881093000000007        4.6665999999999999E-003   13.833411174002697        13.795424798968797        13.859445774446540        13.691651386291051        13.753152365691298        13.972033012611233        14.187445774446543        14.422912153402946        13.773307825343428        13.975706962212639        14.194693337246543        14.384912153402945        14.539223072707214        12.923806845943185        13.846841446387030        13.869046637577332        13.848188472263372        13.853601234098674        14.062053988088982        14.099520367045384        14.153466749924290        15.054005537347072        14.064312140997385     
   12759.363201088694       -3.2833690000000000        1.6641112123084025        9.1881193000000003        4.6664999999999996E-003   13.838447594268725        13.801022077869955        13.863508964326563        13.698782714213340        13.758956442684244        13.976597405486142        14.191508964326562        14.426621322739631        13.778993895488600        13.980330970727792        14.198756487126563        14.388621322739628        14.542696228348337        12.930820167017696        13.852881537075536        13.874171889087371        13.852634858290497        13.857546417130916        14.065084291942757        14.102196650355818        14.155995850783178        15.070548237487959        14.075308519292637     
   12727.995116275171       -3.2876560000000001        1.6699837858553286        9.1881298999999999        4.6664999999999996E-003   13.843884529894911        13.807010910744214        13.867866656790522        13.706490664632806        13.765186949814012        13.981554234865019        14.195866656790525        14.430514578650929        13.785032693853918        13.985306754465018        14.203092354080820        14.392602598185828        14.546360322690834        12.938490664632806        13.859384771993518        13.879658832604616        13.857444432220415        13.861778637255622        14.068321961376430        14.105057902771730        14.158634383301933        15.088615042054645        14.087235848419386     
   12696.645677559021       -3.2919510000000001        1.6759098386415705        9.1881404000000000        4.6664000000000002E-003   13.849420644850378        13.813079683242146        13.872305258475210        13.714314963698842        13.771506517821672        13.986619783324032        14.200305258475213        14.434451589316160        13.791132490874853        13.990372344924035        14.207499889242500        14.396665006605923        14.550077562369340        12.946314963698841        13.865986160033914        13.885226014083090        13.862353558401557        13.866091841185449        14.071631941267336        14.107991689398046        14.161317416418521        15.106941770006296        14.099323713150811     
   12665.548433272348       -3.2962189999999998        1.6818536813210223        9.1881509000000001        4.6664000000000002E-003   13.854866073965374        13.819053474687349        13.876661993217509        13.722030158824095        13.777729087221170        13.991598420952061        14.204661993217508        14.438310768149870        13.797137046741680        13.995351024552063        14.211825817563179        14.400648574416779        14.553718727670377        12.954030158824098        13.872488271809322        13.890702249619702        13.867177042630823        13.870324186950599        14.074869133215314        14.110855714414582        14.163932705480763        15.125074916790256        14.111268175499058     
   12634.701907526012       -3.3004669999999998        1.6878060565915258        9.1881613000000009        4.6663000000000000E-003   13.860314143803199        13.825025636629201        13.881030135820554        13.729729684607742        13.783948021368994        13.996583452470032        14.209030135820553        14.442185366340974        13.803139714775620        14.000336097670031        14.216163412474137        14.404646558710867        14.557377059747596        12.961729684607745        13.878984484255200        13.896180867149615        13.872008181953719        13.874568943450656        14.078126759291488        14.113743182181802        14.166573442642013        15.143108410732589        14.123162870384208     
   12604.046594501004       -3.3046970000000000        1.6937596641909736        9.1881716999999998        4.6661999999999997E-003   13.865728740680431        13.830961066783473        13.885371489697526        13.737381770691417        13.790128694027466        14.001537871007507        14.213371489697526        14.446036235209544        13.809105451598533        14.005290557807506        14.220474418082468        14.408620048831537        14.561012992780611        12.969381770691420        13.885440706086520        13.901625812295489        13.876809672570452        13.878787676075532        14.081364480299563        14.116613039433574        14.169198098989582        15.161030416924021        14.134984120639281     
   12573.610418027198       -3.3089059999999999        1.6997091933485560        9.1881819000000000        4.6661999999999997E-003   13.871058437522407        13.836807863535046        13.889635605272460        13.744932952525524        13.796218980190829        14.006410669311919        14.217635605272459        14.449813371960897        13.814982328636127        14.010163396911917        14.224708412571381        14.412518930288790        14.564576720406194        12.976932952525523        13.891804561947687        13.906985630223481        13.881530645882947        13.882930046944573        14.084532852721438        14.119416177737765        14.171757788681987        15.178778114567308        14.146674663273828     
   12543.478795940848       -3.3130829999999998        1.7056523994174326        9.1881921000000002        4.6661000000000003E-003   13.876381349500717        13.842642691436515        13.893903588825436        13.752455110463826        13.802294861068985        14.011281244506621        14.221903588825439        14.453599249560492        13.820846925707370        14.015034012906623        14.228946586154583        14.416425334376731        14.568151314198873        12.984455110463829        13.898151264972315        13.912338352171565        13.886250925419530        13.887077504009204        14.087716057079311        14.122237802630599        14.174338401398126        15.196394769156848        14.158294762615872     
   12513.621075921841       -3.3172350000000002        1.7116100497014362        9.1882021999999992        4.6661000000000003E-003   13.881609770244195        13.848378364989037        13.898086660936974        13.759862775937412        13.808269396381663        14.016061430618537        14.226086660936970        14.457304598151721        13.826612088148627        14.019814239418535        14.233100128977382        14.420250113848036        14.571647289918685        12.991862775937415        13.904394150933880        13.917596302203785        13.890882191762634        13.891141145240661        14.090824210870158        14.124987663781218        14.176849441188599        15.213805180068084        14.169763118412044     
   12483.891917684763       -3.3213770000000000        1.7175821632480466        9.1882123000000000        4.6660000000000000E-003   13.886956913769797        13.854279075416102        13.902361098304723        13.767476786653290        13.814407940074624        14.020930410751031        14.230377022806447        14.461103368987683        13.832574734043639        14.024699184452750        14.237377022806449        14.424119293489404        14.575270162956699        12.999412354324036        13.910768031031424        13.922956913769795        13.895634752123492        13.895248158147929        14.094028358141379        14.127819136651873        14.179410537867536        15.231619946702438        14.181565124208412     
   12454.376773798462       -3.3254999999999999        1.7235603289281478        9.1882222999999996        4.6660000000000000E-003   13.892298849135308        13.860211313659342        13.906611317024353        13.775150722063728        13.820576299468954        14.025770892348383        14.234656412992052        14.464881345405129        13.838595821396446        14.029568877516084        14.241656412992057        14.427926441372833        14.578900867332621        13.006968229158929        13.917143300110865        13.928298849135309        13.900386384611281        13.899291427182444        14.097215991681097        14.130623416998979        14.181919019419965        15.249623575117269        14.193518451804458     
   12424.988630388674       -3.3296130000000002        1.7295466008636351        9.1882322999999992        4.6658999999999997E-003   13.897664328156418        13.866164555548645        13.910889786374012        13.782838176048928        13.826764646505532        14.030637084566239        14.238963918850407        14.468689604460232        13.844637539350694        14.034464146242636        14.245963918850409        14.431763736936626        14.582562497305391        13.014538130570481        13.923537675786028        13.933664328156416        13.905164100764191        13.903363827893516        14.100436447868004        14.133462178956274        14.184463236673730        15.267596256026460        14.205466874949353     
   12395.841086810760       -3.3337010000000000        1.7355292747750115        9.1882421999999995        4.6658999999999997E-003   13.902939713149310        13.872022891413094        13.915087070269232        13.790416535399183        13.832856162718608        14.035417279733016        14.243189992274496        14.472420527658203        13.850583636260586        14.039273170538282        14.250189992274494        14.435523449663469        14.586148001200185        13.021999899746428        13.929833543218857        13.938939713149308        13.909856534885522        13.907356720968982        14.103584380594418        14.136231551630884        14.186940457483141        15.285375618799565        14.217271309703699     
   12367.018202249054       -3.3377580000000000        1.7415177739144267        9.1882520999999997        4.6658000000000003E-003   13.908202869229219        13.877862505184241        13.919284142962196        13.797957023101306        13.838926359566246        14.040190770517215        14.247415524510183        14.476156434198183        13.856510042427255        14.044075160465207        14.254415524510188        14.439287815746171        14.589740117059188        13.029425095910304        13.936105824000267        13.944202869229217        13.914543233274204        13.911351670128179        14.106743789843163        14.139016626722162        14.189436616645127        15.303003468614614        14.228990791925435     
   12338.290746764251       -3.3418060000000001        1.7475248403329018        9.1882619999999999        4.6658000000000003E-003   13.913402204982516        13.883636390047231        13.923420934172009        13.805426159547354        13.844930064073120        14.044902071236722        14.251580671866028        14.479833586120238        13.862370441366155        14.048814856930742        14.258580671866030        14.442993323814258        14.593273963413273        13.036779322534413        13.942310952404982        13.949402204982514        13.919168019917800        13.915286997840143        14.109846353055522        14.141746104322673        14.191878116671882        15.320526551061436        14.240625077707323     
   12309.800087537071       -3.3458310000000000        1.7535312675661918        9.1882716999999996        4.6657000000000001E-003   13.918605214979047        13.889409213228307        13.927570166654279        13.812880269699980        13.850930812528011        14.049621078103540        14.255758018130384        14.483526968054873        13.868229074602054        14.053562016379642        14.262758018130382        14.446714819530976        14.596825230128919        13.044119470050125        13.948511473551610        13.954605214979049        13.923801216729791        13.919236418830680        14.112969883005617        14.144499632579956        14.194346023382606        15.337951715789286        14.252209995370746     
   12281.488332978599       -3.3498429999999999        1.7595412288169801        9.1882813999999993        4.6657000000000001E-003   13.923729295930224        13.895099529270654        13.931647096170698        13.820241323945181        13.856847622606827        14.054264203911126        14.259862875917454        14.487150909498359        13.874004670591985        14.058233109257882        14.266862875917456        14.450366689245113        14.600307957483514        13.051367277277093        13.954626810596240        13.959729295930225        13.928359062589797        13.923114782581285        14.116027550557929        14.147189630806915        14.196752175896171        15.355221194762143        14.263675909343020     
   12253.382765119097       -3.3538310000000000        1.7655417206676385        9.1882909999999995        4.6655999999999998E-003   13.928862592616412        13.900794937314028        13.935740876113545        13.827595311359726        13.862767875193075        14.058920056811157        14.263984372160699        14.490795000355448        13.879784746206397        14.062916716858314        14.270984372160701        14.454038496402607        14.603811871368766        13.058608842420202        13.960744153024965        13.964862592616409        13.932930247918794        13.927011434281653        14.119109491657831        14.149906588792103        14.199187338067844        15.372411429192592        14.275104853229735     
   12225.566716624140       -3.3577900000000001        1.7715444236509355        9.1883005999999998        4.6655999999999998E-003   13.934063461584795        13.906552127252315        13.939863452952554        13.835115857388370        13.868747593519320        14.063672529050780        14.268086130249763        14.494472520418537        13.885552127252314        14.067672529050785        14.275086130249765        14.457792930849255        14.607277054151531        13.066018124254864        13.966967180089117        13.970161194718301        13.937477062783778        13.930988397116259        14.122206532048232        14.152592922217007        14.201546520416496        15.390107305670686        14.286731983327996     
   12197.926159067758       -3.3617309999999998        1.7775622464136764        9.1883102000000001        4.6655000000000004E-003   13.939300971475124        13.912342448293771        13.944022657435152        13.842675174113431        13.874759039021228        14.068467790020208        14.272218017837837        14.498189475980233        13.891342448293770        14.072467790020205        14.279218017837835        14.461593131746646        14.610772885252779        13.073466878749702        13.973227028546003        13.975509266838852        13.942051199292749        13.935009722474106        14.125343359564276        14.155314817706675        14.203936690815489        15.407838347576497        14.298382102571402     
   12170.460187101056       -3.3656549999999998        1.7835908684615869        9.1883196999999992        4.6655000000000004E-003   13.944459152737856        13.918049948995836        13.948109335654244        13.850140497021371        13.880686267499030        14.073186515731475        14.276277560221899        14.501836698647864        13.897049948995836        14.077186515731476        14.283277560221904        14.465323082467116        14.614200380144670        13.080822337769774        13.979401082634567        13.980777311989456        13.946550197228284        13.938959400970305        14.128414126957537        14.157973265383500        14.206265508828714        15.425411148168180        14.309912389330414     
   12143.167902236453       -3.3695670000000000        1.7896248262051941        9.1883292000000001        4.6654000000000001E-003   13.949631260458119        13.923767902413392        13.952216708082531        13.857605156670260        13.886622559195501        14.077921946893902        14.280357976547577        14.505507394518318        13.902767902413391        14.081921946893903        14.287357976547579        14.469075991374417        14.617652737736208        13.088177828279200        13.985582630712564        13.986058588849176        13.951067290111794        13.942930648156526        14.131512021028090        14.160661438998829        14.208626137025668        15.442919368647242        14.321416307139266     
   12115.992616462718       -3.3734670000000002        1.7956585895512140        9.1883385999999998        4.6652999999999998E-003   13.954781398069246        13.929461545739992        13.956306666453822        13.865038018286379        13.892533604808287        14.082637279932650        14.284421102727753        14.509162548317223        13.908461545739991        14.086637279932647        14.291421102727755        14.472813014125306        14.621090489248923        13.095501988752227        13.991737873202654        13.991317427603393        13.955565220864353        13.946885073193608        14.134596836920410        14.163338282509882        14.210976839507433        15.460352735428097        14.332871111049895     
   12089.045161640517       -3.3773450000000000        1.8016821752190784        9.1883479000000001        4.6652999999999998E-003   13.959842205328902        13.935061302096093        13.960316174655164        13.872362411751100        13.898348940802970        14.087266927915154        14.288404011794524        14.512740897241416        13.914061302096092        14.091266927915152        14.295404011794526        14.476472553734213        14.624453258534539        13.102718592397659        13.997795350770483        13.996486024682342        13.959979289208279        13.950760192441090        14.137609637613581        14.165946523060471        14.213261673400156        15.477593792267390        14.344183727828304     
   12061.852129546627       -3.3812669999999998        1.8077932784811190        9.1883572999999998        4.6652000000000004E-003   13.964995679999509        13.940758637408576        13.964408761465117        13.879800101117594        13.904263820372202        14.091985314072252        14.292469765181371        14.516398395537864        13.919758637408576        14.095985314072253        14.299469765181376        14.480211990735933        14.627893212574234        13.110047509635775        14.003954570419571        14.001748271481324        13.964480131108628        13.954717173699562        14.140696441845053        14.168625072201541        14.215613868556103        15.495038517444433        14.355645985944692     
   12034.387738294741       -3.3852340000000001        1.8140146587727597        9.1883666999999996        4.6652000000000004E-003   13.970153572626939        13.946465817861045        13.968495171282081        13.887265002610183        13.910190715954689        14.096703776439659        14.296529082158733        14.520045375094798        13.925465817861044        14.100703776439657        14.303529082158731        14.483941735018268        14.631320477001152        13.117402553563364        14.010128236371679        14.007016021673762        13.968978878346016        13.958666633111909        14.143767040737343        14.171283333673406        14.217942519732945        15.512610314917717        14.367175617342562     
   12006.626475438139       -3.3892579999999999        1.8203383711686520        9.1883762000000004        4.6651000000000001E-003   13.975413766963465        13.952281237454704        13.972672292403439        13.894857143026664        13.916228225651198        14.101519790570480        14.300678825980990        14.523778316010452        13.931281237454703        14.105519790570478        14.307678825980995        14.487758343686250        14.634831327813954        13.124883648928416        14.016415175470138        14.012387261061713        13.973572802373981        13.962705331882747        14.146917379096765        14.174016869126222        14.220342882031479        15.530418600065426        14.378876424661820     
   11978.929253040609       -3.3932780000000000        1.8267030764818195        9.1883858000000007        4.6651000000000001E-003   13.971831407838001        13.946851039771081        13.972500531825881        13.886096127636309        13.909662023912476        14.098979574164185        14.300873588997748        14.527072103958135        13.925577740924640        14.102621992329903        14.308456855516555        14.490605789559149        14.639817709611608        13.116170159978191        14.010366063726098        14.007525197005664        13.971522234004476        13.963732467462423        14.156148652029396        14.186300569750449        14.233630379475171        15.552978867929811        14.365509002262579     
   11952.011435561186       -3.3971969999999998        1.8329642345850941        9.1883952000000004        4.6649999999999999E-003   13.977215340557004        13.952704809361004        13.977037971800600        13.893468994438576        13.915747175684308        14.103927280067625        14.305389646177895        14.531253722727977        13.931555221426551        14.107585737875420        14.312930306355470        14.494824746066984        14.643842743974178        13.123478772961105        14.016698628872811        14.012984618010281        13.976383651432576        13.968097510471347        14.159828636225923        14.189742628785554        14.236882623825968        15.572386370060395        14.376836262114823     
   11925.758211338571       -3.4010250000000002        1.8391207607185283        9.1884043999999996        4.6649999999999999E-003   13.982427619936773        13.958361982839572        13.981429022451097        13.900614427969687        13.921636692171353        14.108707426191964        14.309757654418982        14.535297740466971        13.937339725016708        14.112388201214452        14.317250094316213        14.498909665722705        14.647740717045531        13.130554866994084        14.022836119087154        14.018270518722323        13.981081827069433        13.972318239247885        14.163394575236852        14.193072020024447        14.240035732441038        15.591293690936029        14.387814073744964     
   11899.946256470246       -3.4047960000000002        1.8452231308615485        9.1884134999999993        4.6648999999999996E-003   13.987605264191981        13.963964195866428        13.985803441263613        13.907686307454544        13.927473768807818        14.113453771576797        14.314107313010556        14.539330962492954        13.943073553833703        14.117162914569949        14.321545924659386        14.502987422933185        14.651636775238000        13.137552147952135        14.028923422832783        14.023520543740418        13.985749684855737        13.976523099913688        14.166968511549555        14.196409053219689        14.243207961959701        15.609953238018441        14.398630441182370     
   11874.299534495685       -3.4085529999999999        1.8513168258858499        9.1884224999999997        4.6648999999999996E-003   13.992709824089335        13.969477988528141        13.990114039876079        13.914666665543383        13.933227233050712        14.118123479258028        14.318391243445408        14.543302551295977        13.948724431188690        14.121867120056564        14.325770067520242        14.507007506805472        14.655478389512108        13.144452075307175        14.034931819284619        14.028697018225021        13.990343473826680        13.980663165174047        14.170494321314866        14.199695221044507        14.246338744082557        15.628470141117052        14.409308263924959     
   11848.817217382404       -3.4122949999999999        1.8574219495241817        9.1884315000000001        4.6648999999999996E-003   13.997787892822924        13.974950207738370        13.994407305034340        13.921602276129061        13.938943819016327        14.122763248713472        14.322655972284842        14.547258982888589        13.954339087885860        14.126547397730487        14.329969167713404        14.511016315058896        14.659311911547452        13.151301540513717        14.040907930419269        14.033846537480052        13.994909850332494        13.984784956970589        14.174018266017587        14.202976857245307        14.249474246632047        15.646891104949919        14.419894876908955     
   11823.416809864495       -3.4160330000000001        1.8635678916583540        9.1884405000000005        4.6648000000000002E-003   14.002902370296525        13.980445207927794        13.998743535249218        13.928562141961599        13.944688583026625        14.127434650230690        14.326961736004662        14.551259465229155        13.959982250266080        14.131265359808438        14.334203338460625        14.515073166350444        14.663196062073915        13.158169356737631        14.046917563537669        14.039032232823054        13.999510116714703        13.988948248951608        14.177598005208850        14.206310895902490        14.252670811163838        15.665321985872051        14.430471430983832     
   11798.098019503725       -3.4197649999999999        1.8697333632995368        9.1884495000000008        4.6648000000000002E-003   14.007960156807965        13.985870011169979        14.003029581187690        13.935453243293246        13.950368491322934        14.132044637728434        14.331215405281011        14.555210845104831        13.965560883400947        14.135927902037412        14.338379508286422        14.519084869768374        14.667037627831082        13.164962561872194        14.052867629244105        14.044161005386101        14.004051205713125        13.993059910124735        14.181140283726158        14.209604117422135        14.255835137504292        15.683669679415345        14.440945164821507     
   11772.968987603792       -3.4234770000000001        1.8758945442891124        9.1884584000000000        4.6646999999999999E-003   14.013032652253429        13.991294645080004        14.007340072968866        13.942339247402355        13.956052384351295        14.136666621544432        14.335491781559455        14.559189181815810        13.971144260301706        14.140608112716549        14.342572907159294        14.523127162431884        14.670913039342135        13.171745339071748        14.058825716589162        14.049303952111103        14.008606788904260        13.997195348244098        14.184722745577112        14.212935294408524        14.259046418550760        15.701948560453470        14.451364802683969     
   11748.299243462192       -3.4271319999999998        1.8820010929060937        9.1884671999999998        4.6646999999999999E-003   14.017987962330480        13.996592373688500        14.011542646107010        13.949076038173921        13.961601641002037        14.141177709460536        14.339664567677094        14.563070012460649        13.976592568095327        14.145177709460537        14.346664762083918        14.527072282341209        14.674695652437368        13.178377369220804        14.064644419019675        14.054321619809858        14.013053323603074        14.001230373309603        14.188224693227998        14.216187363344922        14.262186603896900        15.719934351677402        14.461566126039351     
   11723.897153873242       -3.4307520000000000        1.8880867407212387        9.1884759999999996        4.6645999999999996E-003   14.023144748998323        14.002198706642421        14.015845247711194        13.956081726963241        13.967336895824900        14.145948055475284        14.344016998281422        14.567116368562498        13.982200695731525        14.149948055475281        14.351018987370530        14.531148157271364        14.678607745079741        13.185311637967661        14.070570862578926        14.059449205346812        14.017742527107085        14.005451452300214        14.191904561155123        14.219631762095077        14.265494611889334        15.738667923726229        14.472213381737983     
   11699.707385550066       -3.4343469999999998        1.8941569360996520        9.1884847000000001        4.6645999999999996E-003   14.028212355617111        14.007717572358043        14.020069884019637        13.962974686815873        13.972976099883542        14.150638201365663        14.348300319947452        14.571094453328989        13.987719505617445        14.154638201365660        14.355302253206862        14.535149877137282        14.682454562645358        13.192137592663197        14.076393974419393        14.064487862313783        14.022350408370141        14.009598950402559        14.195528632198961        14.223028037055304        14.268750069553743        15.757220351261832        14.482712552503944     
   11675.943909564025       -3.4378899999999999        1.9001861242786589        9.1884932999999993        4.6645000000000002E-003   14.033238988168414        14.013192964622249        14.024272070344480        13.969787270473624        13.978562475775661        14.155299471578150        14.352569162937257        14.575061669873946        13.993193064917499        14.159299471578151        14.359569263232512        14.539134856370360        14.686294597000860        13.198888030969460        14.082155570442431        14.069486052575893        14.026929092193704        14.013728919563427        14.199157075662129        14.226438151929500        14.272016405866516        15.775519533315915        14.493064237569129     
   11652.684823125866       -3.4413600000000000        1.9061392286716352        9.1885019000000003        4.6645000000000002E-003   14.038210565506944        14.018582835900645        14.028544551621302        13.976415120402692        13.984028948727016        14.159956454411024        14.356919992242211        14.579153665392603        13.998547332480126        14.163956454411021        14.363955495662729        14.543229671533421        14.690240661138951        13.205489351486207        14.087755617322912        14.074415720551073        14.031510341584649        14.017953535505949        14.202926376063964        14.230020427942343        14.275417226721885        15.793796033153185        14.502923010592497     
   11629.846965924386       -3.4447770000000002        1.9120467482785877        9.1885103000000008        4.6644000000000000E-003   14.043147261711990        14.023926025009743        14.032813564994274        13.982961630829660        13.989444655302918        14.164587401787617        14.361259709970600        14.583248820847118        14.003854309883611        14.168587401787619        14.368331425096734        14.547330467629024        14.694194999682551        13.212007732063441        14.093306077948295        14.079312343920805        14.036068771494442        14.022176348150467        14.206704837694673        14.233622722873456        14.278834972084002        15.811858983262162        14.512613479070325     
   11607.347860413785       -3.4481530000000000        1.9179151670099921        9.1885186000000001        4.6644000000000000E-003   14.047969744957896        14.029145687453735        14.036992802534943        13.989357104906784        13.994734163854588        14.169110265684864        14.365502133607350        14.587258372709684        14.009038297746663        14.173110265684862        14.372609523314424        14.551348858213778        14.698069105204159        13.218372217750613        14.098733219218719        14.084096940675174        14.040521789284007        14.026310067961813        14.210402384969392        14.237153194371281        14.282178757526147        15.829663205778044        14.522086872123996     
   11584.918956910577       -3.4515210000000001        1.9237836311854610        9.1885268999999994        4.6642999999999997E-003   14.052828552974102        14.034397189656598        14.041224728703153        13.995771207272703        14.000053718460578        14.173671963623708        14.369790657570139        14.591322716156160        14.014254236680888        14.177671963623713        14.376933610545844        14.555425256055255        14.702001668286250        13.224752191078093        14.104194796121345        14.088919552436295        14.045015434819728        14.030496616156785        14.214155689167310        14.240746343536937        14.285580987655226        15.847512825948566        14.531550119697130     
   11562.187289685087       -3.4549379999999998        1.9297208991291335        9.1885352000000005        4.6642999999999997E-003   14.057710674083626        14.039673998281867        14.045486130947683        14.002216590177245        14.005397893784032        14.178254567717570        14.374102910663101        14.595415875064710        14.019495001975361        14.182254567717568        14.381281906969601        14.559533937776756        14.705964573200735        13.231159684734365        14.109687820904693        14.093766590051832        14.049530672215397        14.034712025101641        14.217933601197455        14.244368458099462        14.289004699830191        15.865611626870859        14.541066279130018     
   11538.889116539929       -3.4584510000000002        1.9358140568850251        9.1885437000000003        4.6642000000000003E-003   14.062766148380179        14.045130539410943        14.049920694709614        14.008860675470752        14.010921804981523        14.183004734848195        14.378582790889327        14.599679675624218        14.024914601521884        14.187004734848196        14.385798728778385        14.563817102415053        14.710098328036425        13.237761488379322        14.115369421025187        14.098787778291163        14.054213469277608        14.039099446839588        14.221874289697533        14.248156276841934        14.292584045583387        15.884265923606650        14.550837267967525     
   11515.505312033145       -3.4619849999999999        1.9419575427891658        9.1885521000000008        4.6642000000000003E-003   14.067798697389685        14.050562109493429        14.054345601153893        14.015473822233206        14.016419288312798        14.187732558415982        14.383046256978590        14.603934892750969        14.030309094244730        14.191732558415987        14.390299272227280        14.568095272786460        14.714226538931422        13.244328686499523        14.121030395287137        14.103787616700179        14.058875379596609        14.043477035073517        14.225805197858696        14.251940685555356        14.296153996656935        15.903000983781761        14.560568045466690     
   11492.010126220146       -3.4655390000000001        1.9481658158050874        9.1885606000000006        4.6642000000000003E-003   14.072928571651611        14.056073258572459        14.058898751045534        14.022226055090181        14.022032863859083        14.192555693834668        14.387617758688551        14.608302154097212        14.035809374422479        14.196555693834670        14.394898751045533        14.572493684038699        14.718483553520530        13.251025248291148        14.126838473129917        14.108898888385839        14.063620193754344        14.047982639030453        14.229845739530008        14.255809922400369        14.299817339275647        15.922277142688076        14.570439659569937     
   11468.642100138853       -3.4690870000000000        1.9543767708445046        9.1885691000000005        4.6641000000000000E-003   14.078216173306650        14.061705550761207        14.063656398651325        14.029206397298179        14.027837294583346        14.197534382989591        14.392370133561716        14.612847107449664        14.041482927843287        14.201534382989589        14.399656398651327        14.577076042590278        14.722947833813574        13.257936405691279        14.132886267825786        14.114188128979745        14.068497249262727        14.052692995638846        14.234067589074787        14.259804806812216        14.303634374244400        15.942316676539388        14.580516822769749     
   11445.532423509823       -3.4725999999999999        1.9605548104953121        9.1885774999999992        4.6641000000000000E-003   14.083407757267626        14.067234660114675        14.068329030725717        14.036058389156786        14.033533185242248        14.202420472181903        14.397044363471668        14.617316204038630        14.047054520087777        14.206420472181900        14.404329030725716        14.581576998887140        14.727338829537931        13.264718297303943        14.138822831901752        14.119374527755404        14.073286288804816        14.057318857056778        14.238222292185949        14.263736728097978        14.307390409864698        15.962153418047869        14.590410958885155     
   11422.548217505460       -3.4760990000000000        1.9667351656966350        9.1885858999999996        4.6639999999999997E-003   14.088626077860624        14.072785366150782        14.073036290780323        14.042914669883725        14.039246358656538        14.207334958978596        14.401759932023513        14.621827748345009        14.052649132655969        14.211334958978593        14.409036290780325        14.586115167215599        14.731774353828126        13.271503201755298        14.144775372031827        14.124580978013871        14.078107667498571        14.061979598056400        14.242426218894206        14.267720733135572        14.311199481667028        15.981992935281003        14.600272706281043     
   11399.662664219166       -3.4795910000000001        1.9729225173779634        9.1885942000000007        4.6639999999999997E-003   14.093783931348135        14.078270902927517        14.077690305182134        14.049690143676855        14.044890286965174        14.212190285361380        14.406428877225697        14.626293539859066        14.058180025950861        14.216190285361382        14.413690305182133        14.590602451530255        14.736166092381907        13.278205964614937        14.150657639647374        14.129720360443383        14.082873669956872        14.066587290494777        14.246590736146917        14.271667907391862        14.314972471214215        16.001764273423067        14.610020770730674     
   11376.770571011124       -3.4830909999999999        1.9791216005747054        9.1886025000000000        4.6639000000000003E-003   14.098998091315467        14.083809571112257        14.082405502070893        14.056509099319571        14.050584017843741        14.217101834187423        14.411165655675072        14.630827101734800        14.063765698603609        14.221101834187424        14.418405502070891        14.595152503258975        14.740627217530021        13.284950551141824        14.156589777942221        14.134909403666606        14.087699249510026        14.071256149767324        14.250827952833101        14.275689350290483        14.318819677221571        16.021651047541141        14.619793224619267     
   11353.898304933118       -3.4865940000000002        1.9853443894975542        9.1886107999999993        4.6639000000000003E-003   14.104169480558282        14.089301923862946        14.087083375266177        14.063270622716763        14.056227927464599        14.221970876777190        14.415871730548316        14.635330131256984        14.069306647558429        14.225970876777192        14.423083375266179        14.599667004382889        14.745059507931908        13.291636134995011        14.162471888491689        14.140049065170130        14.092485774896938        14.075887723087069        14.255039903892284        14.279687343226405        14.322643581753313        16.041537234959911        14.629485769321692     
   11331.045931348608       -3.4901019999999998        1.9915981916415668        9.1886191000000004        4.6638000000000001E-003   14.109391180423032        14.094841051423472        14.091816995136256        14.070067825234165        14.061915113104760        14.226890495337987        14.420640154847327        14.639895682014135        14.074895958012156        14.230890495337984        14.427816995136258        14.604239020832132        14.749556012466982        13.298355832668602        14.168397067892077        14.145232443668892        14.097326321086626        14.080575080957768        14.259319631362530        14.283754923945736        14.326537223056146        16.061515734075666        14.639191559687838     
   11308.187477258491       -3.4936199999999999        1.9978723323232563        9.1886273000000003        4.6638000000000001E-003   14.114575945418117        14.100340073801952        14.096518557140005        14.076815264584901        14.067558864689154        14.231773101229983        14.425383157580200        14.644435752069150        14.080446804732837        14.235773101229984        14.432518557140007        14.608780561934498        14.754028648193831        13.305024115878826        14.174278876561516        14.150372256229190        14.102133207595120        14.085230366074910        14.263578804202904        14.287803518094922        14.330411829338328        16.081516020083949        14.648828477918684     
   11285.505064634594       -3.4971169999999998        2.0041463509582154        9.1886355999999996        4.6638000000000001E-003   14.119728933514203        14.105801681574565        14.101197015126644        14.083505794380283        14.073160756079353        14.236626259363486        14.430109288696954        14.648960509166663        14.085961446967048        14.240626259363488        14.437197015126642        14.613301838537510        14.758488102291352        13.311634487805897        14.180116991670513        14.155474092370714        14.106914566951968        14.089862901469729        14.267829774081463        14.291847136529636        14.334282797098034        16.101424611014352        14.658366575581052     
   11262.997818604907       -3.5005910000000000        2.0104116650199675        9.1886437999999995        4.6636999999999998E-003   14.124896715041015        14.111272533507336        14.105898806435700        14.090186348290427        14.078767527085635        14.241496528796862        14.434864835798589        14.653516232554129        14.091486507407829        14.245496528796860        14.441898806435702        14.617849243506360        14.762980612861632        13.318233916853540        14.185958162140604        14.160584672108289        14.111716879092263        14.094519122417278        14.272118695213035        14.295931887560990        14.338196228495210        16.121287388448788        14.667853352218430     
   11240.664872091240       -3.5040490000000002        2.0166583807850529        9.1886519000000000        4.6636999999999998E-003   14.130113130462394        14.116773064982684        14.110635380827450        14.096880878602033        14.084402939036739        14.246414886933568        14.439626612073177        14.658094808163565        14.097036468934082        14.250414886933566        14.446623760543911        14.622434577679915        14.767492108738676        13.324843538090398        14.191788817818995        14.165741837528866        14.116566715389322        14.099190087954064        14.276409153415180        14.300075209543163        14.342143835126844        16.141636677671467        14.677353509320827     
   11218.479534220363       -3.5074869999999998        2.0228874576379119        9.1886600000000005        4.6636000000000004E-003   14.135527279827372        14.122442113613996        14.115544546916219        14.103733325576453        14.090209529726163        14.251530096611830        14.444518284536688        14.662823084462577        14.102750229349578        14.255530096611828        14.451509745713619        14.627198924634168        14.772149359531927        13.331607243713336        14.197737714140406        14.171101717826243        14.121605453771060        14.104013656346954        14.280816970015440        14.304417383511517        14.346251574688754        16.162849160631243        14.687028746753892     
   11196.544228902669       -3.5108969999999999        2.0290937613114535        9.1886680999999992        4.6636000000000004E-003   14.140845143566093        14.128001234510375        14.120364631024142        14.110456363809309        14.095904634673470        14.256553899279435        14.449325702987490        14.667465814763158        14.108358186779682        14.260553899279433        14.456313048328585        14.631881949879524        14.776726495973488        13.338242540724924        14.203573520910876        14.176367425748570        14.126549012961224        14.108759874291856        14.285147483430041        14.308690639632289        14.350286897827612        16.183870275855835        14.696522837349942     
   11174.831928878797       -3.5142780000000000        2.0352794527072793        9.1886761000000003        4.6635000000000001E-003   14.146166052596115        14.133550402217782        14.125194300874089        14.117151599680646        14.101588396137753        14.261585214491298        14.454147371127259        14.672121399273866        14.113960227471569        14.265585214491296        14.461132117922954        14.636581954857970        14.781321688596112        13.344850927396163        14.209396553753162        14.181638179073115        14.131496361895007        14.113526972514883        14.289498560318844        14.312992527408660        14.354347258776027        16.204816029841098        14.705941444254439     
   11153.392865602795       -3.5176210000000001        2.0414135569788048        9.1886840000000003        4.6635000000000001E-003   14.151384320480286        14.138983761005381        14.129928955622855        14.123710731060282        14.107154647281217        14.266518974844786        14.458878552619023        14.676685589424171        14.119450219462514        14.270518974844784        14.465862173325689        14.641194434226360        14.785830674614314        13.351324302522691        14.215100323624828        14.186808356732666        14.136342781590471        14.118210136170777        14.293766502658656        14.317219206919244        14.358329581258591        16.225541821123759        14.715170630160248     
   11132.251260061012       -3.5209250000000001        2.0475091022591103        9.1886918000000009        4.6635000000000001E-003   14.156540206643555        14.144341735046314        14.134609343311233        14.130173143180926        14.112643662429864        14.271395703458275        14.463559824355659        14.681199268577341        14.124868347962366        14.275395703458273        14.470543735060669        14.645760041720923        14.790294224722611        13.357702148221168        14.220724949488773        14.191918215040129        14.141129069055832        14.122849763778408        14.297992353465393        14.321411477442734        14.362275173386504        16.246067245456949        14.724247519579976     
   11111.252067036969       -3.5242100000000001        2.0535755613926572        9.1886995999999996        4.6633999999999998E-003   14.161717775379863        14.149710181236035        14.139315997250772        14.136632969941950        14.118142259629089        14.276297373276975        14.468271592779068        14.685741703657492        14.130300777745251        14.280297373276973        14.475257167672297        14.650358291737284        14.794791105034289        13.364077978210098        14.226358243912440        14.197051436773023        14.145936667476899        14.127525779078518        14.302253135647941        14.325645894220415        14.366258958632752        16.266586687970612        14.733285995977564     
   11090.266949284327       -3.5275040000000000        2.0596361358418380        9.1887073000000008        4.6633999999999998E-003   14.166855148589882        14.155028498007944        14.143984144313880        14.143036342820022        14.123590633076212        14.281160404159635        14.472949069283647        14.690247102291480        14.135687251506155        14.285160404159633        14.479937676808074        14.654923686281755        14.799255197440740        13.370397410617159        14.231941224299582        14.202145857268917        14.150701468360239        14.132173112265274        14.306481288176357        14.329854656518684        14.370211667723837        16.287131178900434        14.742248155347305     
   11068.964637781033       -3.5308510000000002        2.0657105553052970        9.1887149000000008        4.6633000000000004E-003   14.172126766913300        14.160473768798711        14.148780846350926        14.149577352508730        14.129167919579876        14.286154935320484        14.477759555371618        14.694879986773545        14.141206020954018        14.290154935320485        14.484752641133285        14.659621787116356        14.803850464072122        13.376853211059855        14.237655152350870        14.207375268745880        14.155591967767501        14.136958710644352        14.310837048656895        14.334197846810204        14.374289219893713        16.308120011588102        14.751368087788103     
   11047.525177498548       -3.5342259999999999        2.0718038234809724        9.1887223999999996        4.6633000000000004E-003   14.177395662074391        14.165907234620745        14.153573194012084        14.156107795153863        14.134734244234979        14.291146384886092        14.482570164316888        14.699508876722676        14.146717845045105        14.295146384886090        14.489569180583901        14.664320701783220        14.808445881871735        13.383297895863857        14.243358998280728        14.212603104011814        14.160474324044921        14.141750081496768        14.315191418314493        14.338546800710359        14.378365012032335        16.329285863061635        14.760475196738719     
   11026.025689355914       -3.5376180000000002        2.0778922869889214        9.1887299000000002        4.6632000000000002E-003   14.182890509753378        14.171534944562119        14.158717091672777        14.162445194667590        14.140452506648515        14.296472295684755        14.487710694785260        14.704509014628776        14.152382003390766        14.300472295684756        14.494717091672776        14.669378810691843        14.813407344252823        13.389575398604521        14.249115200556183        14.218123384012429        14.165710966270360        14.146873065786558        14.319966392949773        14.343177631407052        14.382647617713509        16.352973758847554        14.769228772714726     
   11004.618719196718       -3.5410020000000002        2.0839733158842448        9.1887372999999997        4.6632000000000002E-003   14.188348958820647        14.177125311189837        14.163858258674473        14.168655040881809        14.146124482408613        14.301784983561344        14.492843087169462        14.709518470086778        14.157997019131905        14.305784983561345        14.499858258674472        14.674438083536934        14.818371593589234        13.395735427431653        14.254803941507109        14.223621051000343        14.170942680285251        14.151987716072451        14.324759712821841        14.347797827915461        14.386909072306516        16.377111269598007        14.777805711070883     
   10983.455631422297       -3.5443519999999999        2.0900404884728756        9.1887447000000009        4.6632000000000002E-003   14.193914615778979        14.182875824954074        14.169115279892004        14.174981866584492        14.151924976317957        14.307192946832490        14.498093169604530        14.714719872039694        14.163711063774223        14.311192946832488        14.505115279892003        14.679637886823283        14.823483849208483        13.402026970302501        14.260686130190237        14.229189439782818        14.176320035766906        14.157213863597548        14.329766915911151        14.352482729980771        14.391253967132705        16.402781968984609        14.786531002287720     
   10962.711874700217       -3.5476450000000002        2.0960747336973085        9.1887521000000003        4.6630999999999999E-003   14.199475233705726        14.188623203531801        14.174377747870494        14.181283176368932        14.157714386064907        14.312596963139711        14.503350748424090        14.719940595542983        14.169410472873341        14.316596963139709        14.510377747870493        14.684842879179424        14.828609682905014        13.408295356512820        14.266572952908842        14.234739890903544        14.181706859647161        14.162441326027750        14.334805114953888        14.357162110873691        14.395602879597885        16.428684919107102        14.795181735498030     
   10942.284442838680       -3.5508899999999999        2.1020593056616703        9.1887594000000004        4.6630999999999999E-003   14.204919891426101        14.194242413532276        14.179534134465978        14.187442537433526        14.163376298870109        14.317890025814091        14.508503628230908        14.725049137146183        14.174986471170353        14.321890025814088        14.515534134465980        14.689934618806529        14.833628803211358        13.414420985344421        14.272329483493852        14.240171823147758        14.186982992064639        14.167559214599255        14.339736631057750        14.361737563026683        14.399851591921898        16.454401949018504        14.803633351957966     
   10922.096265144459       -3.5541079999999998        2.1080152344335286        9.1887665999999992        4.6630999999999999E-003   14.210315102774256        14.199801006413590        14.184649649554945        14.193529755466358        14.168978373719494        14.323137969654947        14.513616952191338        14.730110797968585        14.180506284356937        14.327137969654949        14.520649649554944        14.694978397033946        14.838606011242423        13.420473588819235        14.278023791487726        14.245551811484905        14.192214203942466        14.172632756672176        14.344625988201404        14.366272376248308        14.404062214868464        16.480066319530565        14.811965171095832     
   10902.020642246644       -3.5573079999999999        2.1139434846808727        9.1887737999999999        4.6629999999999996E-003   14.215740922602807        14.205380299414765        14.189802457660699        14.199629600475779        14.174602166866064        14.328419858018384        14.518768837471415        14.735203574257890        14.186050884478659        14.332419858018381        14.525802457660701        14.700052131531281        14.843618671681201        13.426537753359080        14.283738045601579        14.250959883169108        14.197479453628288        14.177739955165789        14.349550033324254        14.370841240557025        14.408307437296452        16.505879201243374        14.820276591151261     
   10882.082147051466       -3.5604960000000001        2.1198475775500523        9.1887810000000005        4.6629999999999996E-003   14.221097369122509        14.210880289740496        14.194892815909709        14.205641527790865        14.180147597191523        14.333635837692546        14.523859518539096        14.740227915840338        14.191520239657441        14.337635837692547        14.530892815909707        14.705056319241363        14.848567260935644        13.432513001775638        14.289372077789116        14.256296125828547        14.202678908276296        14.182781194580970        14.354409375079280        14.375345247101263        14.412488770271372        16.531711367973486        14.828464741749931     
   10862.155105920228       -3.5636890000000001        2.1257336228248112        9.1887880000000006        4.6629000000000002E-003   14.226511186312385        14.216428725691385        14.200045732944927        14.211696569977738        14.185742685445275        14.338911738227109        14.529013991673233        14.745308485204296        14.197041863010943        14.342911738227111        14.536045732944926        14.710115510280195        14.853575921498271        13.438530150104354        14.295054481947117        14.261687184221115        14.207938293277826        14.187881216049055        14.359327607539816        14.379905777967315        14.416725577687219        16.557816052028052        14.836674600789626     
   10842.289520035221       -3.5668760000000002        2.1316065174835610        9.1887950000000007        4.6629000000000002E-003   14.231875692986632        14.221918635600536        14.205155156159206        14.217686510884709        14.191280335301363        14.344141210509795        14.534126193296620        14.750339444932843        14.202508829595379        14.348141210509793        14.541155156159208        14.715123927796805        14.858538976364278        13.444481084200474        14.300677949525996        14.267026447224554        14.213151300961590        14.192934120244500        14.364199287864812        14.384418301300700        14.420914146033427        16.584033436154847        14.844792653630817     
   10822.559944938668       -3.5700470000000002        2.1374609622638476        9.1888020000000008        4.6629000000000002E-003   14.237217119749969        14.227375909768488        14.210248199130659        14.223635438628270        14.196786239163186        14.349350954633470        14.539223207907009        14.755348296144737        14.207947059924477        14.353350954633472        14.546248199130657        14.720109176153793        14.863484125682382        13.450390057215953        14.306267869489366        14.272340277347061        14.218344693212101        14.197967288754425        14.369052477803494        14.388912263998142        14.425085156547587        16.610308138243823        14.852835299531419     
   10802.866271496743       -3.5732159999999999        2.1432980276157827        9.1888088999999997        4.6627999999999999E-003   14.242608961831300        14.232874744789180        14.215397031256236        14.229620109656389        14.202334824193512        14.354613764865915        14.544377208769808        14.760406861355898        14.213430605601564        14.358613764865916        14.551397031256242        14.725142974615720        14.868482820277519        13.456333639376963        14.311899111799397        14.277702061969984        14.223591181326674        14.203052635529842        14.373958177644502        14.393456875668425        14.429306197211437        16.636816941801015        14.860890178703121     
   10783.382240565305       -3.5763609999999999        2.1491072105680558        9.1888156999999993        4.6627999999999999E-003   14.247910670539587        14.238273808493970        14.220463156431476        14.235494997145222        14.207784296322982        14.359790185264236        14.549449631379195        14.765377555698683        14.218818200406398        14.363790185264238        14.556463156431482        14.730087979601661        14.873397934729814        13.462166689142814        14.317429175936409        14.282971563513042        14.228751453358845        14.208052293481314        14.378780105220960        14.397919085834870        14.433447094692282        16.663228877720684        14.868793867022211     
   10764.032490944841       -3.5794869999999999        2.1548959744815339        9.1888225000000006        4.6627999999999999E-003   14.253188970086375        14.243640425097459        14.225512260514455        14.241329393080653        14.213202142995788        14.364946392331921        14.554506154362469        14.770325856396971        14.224177028115855        14.368946392331919        14.561512260514453        14.735009600497166        14.878294635365060        13.467958368201669        14.322925892573663        14.288215445950906        14.233891623352738        14.213031787459832        14.383583098091153        14.402362405201947        14.437570148136439        16.689686583716380        14.876624013494451     
   10744.791684737293       -3.5826009999999999        2.1606589222352506        9.1888293000000001        4.6626999999999997E-003   14.258550974221814        14.249110289563598        14.230651321781293        14.247257571009472        14.218724358203824        14.370199700884980        14.559659582110028        14.775352352575352        14.229642706205071        14.374199700884981        14.566659582110029        14.740021219362328        14.883269063882379        13.473845040075767        14.328509645589465        14.293569385851578        14.239128985124319        14.218102871361081        14.388444785883992        14.406876864609275        14.441767899889749        16.716985825390488        14.884556810365870     
   10725.733452106422       -3.5856940000000002        2.1663957941517777        9.1888360000000002        4.6626999999999997E-003   14.263971008917190        14.254706796839942        14.235854399829430        14.253294092506218        14.224373097531613        14.375542166921592        14.564890672075693        14.780427002109237        14.235238565475877        14.379542166921590        14.571890672075694        14.745116330481006        14.888279696938779        13.479848638164741        14.334176210250954        14.299056075866931        14.244455655696443        14.223250862536743        14.393294200420621        14.411414989091304        14.445998174560936        16.746157692038544        14.892666566713386     
   10706.758329740444       -3.5887769999999999        2.1721089312689719        9.1888425999999992        4.6626000000000003E-003   14.269424251668120        14.260331165651813        14.241093967914345        14.259346277644241        14.230048352951819        14.380920515426741        14.570154674367913        14.785542155552037        14.240865748672690        14.384920515426742        14.577154674367911        14.750254101373045        14.893327657516728        13.485872626451570        14.339868090136605        14.304574565596887        14.249818277618900        14.228436705652179        14.398181646987588        14.415991378220525        14.450265724515475        16.775527290951537        14.900768101117336     
   10687.890605743336       -3.5918459999999999        2.1777993971893150        9.1888491999999999        4.6626000000000003E-003   14.274810483546752        14.265883026349229        14.246270046888299        14.265313363471172        14.235649706849991        14.386234589180361        14.575351630128267        14.790597941679536        14.246423830960815        14.390234589180363        14.582351630128272        14.755334597250780        14.898313211963718        13.491816209067800        14.345484863344574        14.310024569767883        14.255116713801602        14.233560473139960        14.403007597585535        14.420506919380237        14.454471866155529        16.804959785572603        14.908758249573189     
   10669.178963688248       -3.5948959999999999        2.1834656560395840        9.1888558000000007        4.6626000000000003E-003   14.280162165783842        14.271394507238018        14.251415592778464        14.271226619363652        14.241209183283438        14.391516988079527        14.580514512540475        14.795627555928490        14.251944853541371        14.395516988079528        14.587514512540480        14.760390902778198        14.903269807956299        13.497710621451766        14.351058537609482        14.315438408518453        14.260383604490571        14.238655232520266        14.407805911730858        14.424996296533202        14.458652129198740        16.834420063422741        14.916663368185599     
   10650.524604432048       -3.5979410000000001        2.1891087787452865        9.1888623000000003        4.6625000000000000E-003   14.285553957925959        14.276941188253272        14.256604137753012        14.277163918601563        14.246802634427947        14.396841967427925        14.585717002356343        14.800703861097066        14.257504389452389        14.400841967427926        14.592717002356345        14.765495983775672        14.908269979794969        13.503633561252474        14.356665059469758        14.320891088407031        14.265693123104764        14.243794228751231        14.412648287637676        14.429529595880062        14.462875006422866        16.864105599063183        14.924572095946946     
   10632.049747279721       -3.6009650000000000        2.1947259118934852        9.1888687000000004        4.6625000000000000E-003   14.290857505291402        14.282393783605681        14.261708616841286        14.282993604623556        14.252300488860993        14.402081568196213        14.590832006243236        14.805700464700372        14.262973005615631        14.406081568196214        14.597832006243234        14.770523217390082        14.913187896805429        13.509453381946159        14.362174792671919        14.326253876623138        14.270917411910201        14.248850700635440        14.417409928530137        14.433984066569455        14.467019822650119        16.893723968610626        14.932340131726352     
   10613.655814986409       -3.6039789999999998        2.2003207555244595        9.1888752000000000        4.6625000000000000E-003   14.296147471894798        14.287827843638823        14.266802586671851        14.288793445105615        14.257778561333058        14.407310067325245        14.595933206029137        14.810690278983873        14.268426269064090        14.411310067325243        14.602933206029139        14.775545633710344        14.918096120422771        13.515247706853170        14.367663637608242        14.331601776191558        14.276130666146909        14.253897925979313        14.422162562400825        14.438429820125155        14.471155082620317        16.923474240949052        14.940055882053844     
   10595.318101630617       -3.6069890000000000        2.2058904543127729        9.1888815000000008        4.6623999999999997E-003   14.301477430284034        14.293297183695241        14.271939330781628        14.294617856720052        14.263290737896405        14.412580930280697        14.601073930694248        14.815726411471381        14.273917984507868        14.416580930280695        14.608073930694246        14.780616359858641        14.923047684314124        13.521070896908121        14.373185507938821        14.336988449067341        14.281386330804295        14.258989113247175        14.426959013084268        14.442919280948626        14.475332818757032        16.953439964942081        14.947776495632553     
   10576.987716764106       -3.6100040000000000        2.2114413802650441        9.1888877999999998        4.6623999999999997E-003   14.306768268187099        14.298723084570000        14.277039212158101        14.300389115994115        14.268758419512551        14.417814876893480        14.606174570400370        14.820728940606987        14.279369476164419        14.421814876893482        14.613174570400368        14.785655554987940        14.927962458015699        13.526845203257359        14.378661835628165        14.342334940145207        14.286605085192875        14.264044498336069        14.431718737039454        14.447371092447387        14.479470853311753        16.983606452542439        14.955429375148590     
   10558.591795629587       -3.6130350000000000        2.2169865899778531        9.1888939999999995        4.6623999999999997E-003   14.312087636848560        14.304173714565671        14.282169133204206        14.306176719597744        14.274249935644583        14.423079342986824        14.611302014794681        14.825764397458030        14.284849029468802        14.427079342986822        14.618302014794683        14.790729905155025        14.932906607989743        13.532640154771222        14.384160980327415        14.347709116974286        14.291854304745542        14.269130811330804        14.436507284015967        14.451849576090652        14.483632249876017        17.014141400792859        14.963091432095027     
   10540.276409073622       -3.6160580000000002        2.2225140357953665        9.1889002000000009        4.6623000000000003E-003   14.317439860044741        14.309652359830915        14.287334920880804        14.311981289073843        14.279768249668924        14.428379086584089        14.616462114248508        14.830839355487525        14.290359697551141        14.432379086584090        14.623462114248506        14.795845671848534        14.937887436456625        13.538456309636073        14.389685845897409        14.353114870012265        14.297138868549192        14.274254223966318        14.441333192215923        14.456365733327706        14.487830529187969        17.044848643474047        14.970748420303595     
   10521.944337717423       -3.6190850000000001        2.2280275293992684        9.1889062999999993        4.6623000000000003E-003   14.322759901877697        14.315094678347196        14.292470537982014        14.317740263740736        14.285249235501832        14.433648782058613        14.621588817802701        14.835887278825895        14.295837291452068        14.437648782058611        14.628588817802699        14.800936524207041        14.942837924340582        13.544231145989100        14.395172347319081        14.358487452871598        14.302393370401747        14.279348468256805        14.446128619797284        14.460850084331712        14.491994535316971        17.075796393579814        14.978347685219768     
   10503.716707088692       -3.6221060000000000        2.2335242503217425        9.1889123999999995        4.6623000000000003E-003   14.328059116073684        14.320511245903154        14.297588542716346        14.323462195037047        14.290703221555974        14.438900101161428        14.626694765426729        14.840921282361352        14.301292131453225        14.442900101161429        14.633694765426730        14.806015277994591        14.947771853181729        13.549973080231004        14.400630783803807        14.363837880234785        14.307629582443072        14.284426368097337        14.450908373264612        14.465319498352896        14.496143268630659        17.106824924501424        14.985885717418361     
   10485.786238195011       -3.6250779999999998        2.2389960072193418        9.1889185999999992        4.6622000000000000E-003   14.333506881783803        14.326084684313107        14.302820519007648        14.329399267649718        14.296303930970202        14.444263217623613        14.631940009645517        14.846020200473424        14.306904289255533        14.448301272376183        14.638940009645514        14.811158491405939        14.952799043804815        13.555909783654192        14.406290132824280        14.369340832033034        14.312971341747369        14.289614988167825        14.455750758488138        14.469797153888456        14.500289329373002        17.140421653103786        14.993588999122791     
   10468.175620063299       -3.6280060000000001        2.2444198003491849        9.1889246000000000        4.6622000000000000E-003   14.338863082253637        14.331572094152611        14.307954811684995        14.335252577979452        14.301811323529021        14.449526311499456        14.637099644993574        14.851011242421057        14.312425009528374        14.453614204363044        14.644099644993572        14.816195480385792        14.957731488086329        13.561757807856972        14.411869211823094        14.374756180168420        14.318215345607248        14.294709091906183        14.460487807790903        14.474160867905566        14.504321810653115        17.174373313332474        15.001157844293685     
   10450.859279096709       -3.6308870000000000        2.2497912266295201        9.1889306000000008        4.6622000000000000E-003   14.344134546666337        14.336977441862532        14.313008078516900        14.341008073153537        14.307231454862132        14.454706226833460        14.642183630468660        14.855924589521313        14.317858245866580        14.458846027059144        14.649183630468661        14.821156904131007        14.962592078905795        13.567509040792940        14.417359831299533        14.380089641489660        14.323380325852176        14.299726676010172        14.465150469670339        14.478456431326824        14.508289803502164        17.208039851593043        15.008582899716822     
   10433.739753290920       -3.6337419999999998        2.2551246887723049        9.1889365999999999        4.6620999999999998E-003   14.349397319584348        14.342377320911602        14.318055135690386        14.346744724336165        14.312641206259570        14.459878492766730        14.647266710616790        14.860834230568621        14.323280953319419        14.464072439433934        14.654266710616788        14.826116899814654        14.967454303471378        13.573242389697519        14.422839269408929        14.385417447235284        14.328541565454334        14.304742193741639        14.469811361726549        14.482754395756018        14.512262095668429        17.241645399420022        15.015953264383800     
   10416.816168822774       -3.6365690000000002        2.2604225840666214        9.1889424999999996        4.6620999999999998E-003   14.354558355600513        14.347678531586894        14.323002925964786        14.352369670796055        14.317947539795920        14.464950058850789        14.652255637024634        14.865647069791791        14.328600094622789        14.469200297191865        14.659255637024636        14.830982277835268        14.972224902096727        13.578864961922726        14.428214492184082        14.390646426958583        14.333605885465065        14.309662458333111        14.474377406606816        14.486961665737319        14.516145638337548        17.275089076446100        15.023176738176780     
   10400.063715701217       -3.6393700000000000        2.2656873345893165        9.1889483999999992        4.6620999999999998E-003   14.359797376957111        14.353085593281051        14.327978574561769        14.357995308035651        14.323384288220133        14.470088375242511        14.657274155533944        14.870457573395839        14.334044231936193        14.474393675026278        14.664287156697903        14.835857318533037        14.976990331677158        13.584473811193071        14.433714143634589        14.395979864466245        14.338720008323207        14.314620033838978        14.478789867889667        14.490933595416351        14.519735981468870        17.312331904700553        15.030073911813172     
   10383.075213695985       -3.6422129999999999        2.2709200325963503        9.1889541999999995        4.6620000000000003E-003   14.365188567173155        14.358652416915019        14.333091481292191        14.363759203834716        14.328988363862839        14.475376265466663        14.662427797594338        14.875392341726533        14.339654587422908        14.479736076842533        14.669453665486030        14.840860040871751        14.981877217604710        13.590216438642495        14.439380796207720        14.401472545911114        14.343980657769672        14.319715424982318        14.483282505216151        14.494962389386687        14.523362331138129        17.351375512303399        15.037050693244259     
   10366.018987402525       -3.6450740000000001        2.2761760680146090        9.1889599999999998        4.6620000000000003E-003   14.370557265601724        14.364196469306288        14.338181683985111        14.369498414158285        14.334570795130764        14.480643049120287        14.667556116815950        14.880300013004485        14.345243324819657        14.485056692713245        14.674591219857858        14.845835937054877        14.986735917662751        13.595933392809096        14.445026055210475        14.406943138818198        14.349221976558356        14.324787143706372        14.487742598731112        14.498959574850849        14.526953587923616        17.390879969171138        15.043999355764219     
   10348.919291238863       -3.6479499999999998        2.2814215418430352        9.1889657000000007        4.6620000000000003E-003   14.375942443962947        14.369756462373230        14.343288558258292        14.375251348670842        14.340170249843039        14.485927859622519        14.672698406905338        14.885220186343124        14.350849102945181        14.490394570759689        14.679739064318335        14.850824509178166        14.991606091889031        13.601663106311610        14.450688499453319        14.412430469676826        14.354483153281597        14.329874583343399        14.492210347612664        14.502966037120570        14.530551195541614        17.430839091176587        15.050956509065037     
   10331.847802587577       -3.6508219999999998        2.2866495249684262        9.1889713999999998        4.6620000000000003E-003   14.381321531710858        14.375309090684196        14.348390702048034        14.380993889088467        14.345763259235374        14.491208549524613        14.677833113573085        14.890132237320634        14.356448426557902        14.495727340359798        14.684875616336774        14.855804846110280        14.996467324687677        13.607381557482432        14.456344395669815        14.417911540211668        14.359742142600938        14.334956422351388        14.496667019390072        14.506964980836125        14.534140069175580        17.471085898101080        15.057892975468858     
   10314.780724230117       -3.6537020000000000        2.2918639570642387        9.1889769999999995        4.6619000000000001E-003   14.386748599298565        14.380908668553703        14.353541796168978        14.386780624082173        14.351404192030396        14.496539046103168        14.683013970514137        14.895089592367059        14.362095673114103        14.501109003925380        14.690054622780425        14.860830469470139        15.001372974255149        13.613143304160621        14.462048200608779        14.423440562673674        14.365052836591849        14.340086316030964        14.501165415942781        14.511008562437938        14.537771798632237        17.511722018791083        15.064865032760247     
   10297.623282360733       -3.6565979999999998        2.2970633378992455        9.1889825999999992        4.6619000000000001E-003   14.392160388044642        14.386492887051221        14.358677056536949        14.392550263584903        14.357030977116340        14.501855567811143        14.688176337678891        14.900026363597528        14.367728806590291        14.506476057618466        14.695211405359826        14.865835870468084        15.006256859135044        13.618886911041253        14.467738192040871        14.428954844786512        14.370351358559924        14.345199356011806        14.505637073064564        14.515025813252523        14.541373113316284        17.552882388434121        15.071817910032545     
   10280.328679250331       -3.6595230000000001        2.3022598705414778        9.1889880999999995        4.6619000000000001E-003   14.397618295320514        14.392123593042866        14.363857143402454        14.398365107693055        14.362705598360145        14.507219287638597        14.693380892502356        14.905002595529256        14.373409828086048        14.511889794009578        14.700406551932952        14.870881280812251        15.011178861429601        13.624674589243044        14.473476526609515        14.434516063098878        14.375698870902744        14.350356123974743        14.510140691929026        14.519074251882332        14.545000358852088        17.594732911000193        15.078816968978844     
   10262.803177951608       -3.6624930000000000        2.3074617378150206        9.1889935999999999        4.6617999999999998E-003   14.403198573786046        14.397877942617711        14.369156833447729        14.404303221734864        14.368505482955442        14.512706006647299        14.698702452501422        14.910091838613063        14.379216199542860        14.517426256127607        14.705714707688525        14.876040625901254        15.016212208482706        13.630584227523666        14.479340976612953        14.440201030439969        14.381171149496055        14.355631240904195        14.514747140305726        14.523222370760308        14.548719682164435        17.637558618414701        15.085946420822133     
   10245.189600657170       -3.6654830000000000        2.3126703051323569        9.1889990000000008        4.6617999999999998E-003   14.408812191549352        14.403665564730968        14.374463768563949        14.410320872170775        14.374377037956634        14.518223742608814        14.704014409728153        14.915167989329142        14.385058301189929        14.522970333927862        14.711007082095044        14.881172684355867        15.021203388013252        13.636568858371305        14.485270095474533        14.445909202273619        14.386655764999926        14.360890649065368        14.519300801605969        14.527314481775910        14.552377204580509        17.681913363470095        15.093216721935136     
   10227.441404528392       -3.6685020000000002        2.3178745289843823        9.1890044000000000        4.6617999999999998E-003   14.414601597941019        14.409632127930394        14.379873198737108        14.416645549378092        14.380525576193406        14.523906521141988        14.709393505478651        14.920301632105442        14.391081921606229        14.528620972430716        14.716357842875013        14.886323647706497        15.026176396417672        13.642850684333290        14.491455687530252        14.451767215134979        14.392251228866130        14.366191253991687        14.523817100895933        14.531356369118413        14.555981151170389        17.729665595199080        15.100967320839956     
   10209.582902811819       -3.6715429999999998        2.3230743374411569        9.1890096999999997        4.6617000000000004E-003   14.420473567558304        14.415685399770247        14.385358794375513        14.423056117604190        14.386757925628999        14.529670214574637        14.714853687633056        14.925508743331608        14.397190543883738        14.534356355558003        14.721787449922054        14.891548184145734        15.031221870326810        13.649218134992243        14.497723258629684        14.457711263047209        14.397928049010766        14.371564299053645        14.528403030238508        14.535464939616990        14.559657125140333        17.778202162779095        15.108804613958522     
   10191.966793113457       -3.6745480000000001        2.3282765872035789        9.1890151000000007        4.6617000000000004E-003   14.426219886338355        14.421613552478828        14.390720018417142        14.429333723261642        14.392858765662830        14.535308758905678        14.720194865965645        14.930594297067785        14.403171268996253        14.539970934919875        14.727096439225647        14.896650923456885        15.036147976778935        13.655453208313844        14.503856814081779        14.463531675733911        14.403481866336023        14.376811503794841        14.532875832612856        14.539466863031183        14.563240250668027        17.826467515823026        15.116481657520019     
   10174.685639580399       -3.6775020000000000        2.3334215399501685        9.1890204000000004        4.6617000000000004E-003   14.431856943007539        14.427431873498673        14.395975475404004        14.435491964793904        14.398842669744951        14.540839156300365        14.725435505883979        14.935578393670809        14.409039206677566        14.545481644948843        14.732303543700692        14.901651875903973        15.040975653733000        13.661569726228436        14.509870854227785        14.469244306498325        14.408930080645010        14.381952217491651        14.537258827662814        14.543387933671724        14.566758136285522        17.874233424034674        15.124005083911847     
   10157.737840559457       -3.6804030000000001        2.3385171499879402        9.1890257000000002        4.6617000000000004E-003   14.437385258749380        14.433140735113113        14.401125871513468        14.441531410892942        14.404710244936755        14.546261972091123        14.730576034505347        14.940461767994179        14.414794845683357        14.550888829816248        14.737409299438028        14.906551777923596        15.045705621869061        13.667568253560948        14.515766100700894        14.474849517923236        14.414273195921936        14.386987301710807        14.541552694833527        14.547228787868661        14.570210941444181        17.921480335767377        15.131376027026995     
   10140.935022353078       -3.6832840000000000        2.3435742301924658        9.1890309999999999        4.6616000000000001E-003   14.442912862840164        14.438850056604089        14.406275190051169        14.447565772487394        14.410573329410504        14.551684100858992        14.735720129776908        14.945345473345924        14.420548704040989        14.556299055450722        14.742517076701709        14.911451866667882        15.050437229415984        13.673562046430554        14.521654778172191        14.480456077108791        14.419617182832759        14.392019574844575        14.545851934979840        14.551078891385778        14.573683509127896        17.968763024340170        15.138723307129304     
   10124.323182678130       -3.6861350000000002        2.3485966998438426        9.1890360999999992        4.6616000000000001E-003   14.448331590163981        14.444451094691292        14.411316408005181        14.453485498696551        14.416322866232164        14.556997692403996        14.740760647422022        14.950123240030003        14.426191971063723        14.561604396604945        14.747519885126351        14.916245828012784        15.055064623084782        13.679441665013446        14.527427814519768        14.485955521726797        14.424854378531382        14.396942415045103        14.550051877997028        14.554834804012184        14.577073218006685        18.015847186678375        15.145933994487844     
   10107.831650956365       -3.6889720000000001        2.3535885127653331        9.1890412999999995        4.6616000000000001E-003   14.453711071228440        14.450014181114572        14.416317649698122        14.459362349165836        14.422029917214836        14.562271954576246        14.745765584777367        14.954862096017777        14.431795208071666        14.566873928169358        14.752485611736972        14.921000758381599        15.059654191329901        13.685278698327984        14.533156420992839        14.491417751780105        14.430053641896485        14.401823517592895        14.554217094310239        14.558559206517565        14.580440993875527        18.062969085906992        15.153085536514240     
   10091.413454895324       -3.6918030000000002        2.3585550591676361        9.1890464000000005        4.6614999999999998E-003   14.459113213682532        14.455601700924138        14.421339805384243        14.465259649903789        14.427757338239072        14.567568510113766        14.750795765935720        14.959622199028701        14.437420945220708        14.572169198212187        14.757474999660445        14.925776861762074        15.064265666699271        13.691136358972816        14.538903546028813        14.496904864638044        14.435276366824592        14.406723476149601        14.558406107315470        14.562309367186586        14.583842967609730        18.110302755509597        15.160245012271002     
   10074.929133029558       -3.6946479999999999        2.3634989635274359        9.1890514000000003        4.6614999999999998E-003   14.464490344712743        14.461167554600287        14.426331976667637        14.471133934478022        14.433460220281162        14.572838790026793        14.755800358419194        14.964350425357210        14.443023408332486        14.577441624576444        14.762436870681540        14.930521150545097        15.068844663124924        13.696970843799782        14.544624448805116        14.502369907773812        14.440473356416412        14.411590355827609        14.562560942228711        14.566023583536900        14.587214474597189        18.158156428656131        15.167379681144055     
   10058.379096778557       -3.6975090000000002        2.3684468050105920        9.1890564999999995        4.6614999999999998E-003   14.469888910097431        14.466758214381912        14.431340578332346        14.477031634657816        14.439184990984259        14.578129233130042        14.760825829941410        14.969093186795824        14.448649047140584        14.582737687624949        14.767417671937189        14.935280035572074        15.073437595948256        13.702828585571496        14.550365534497594        14.507859356368279        14.445691061320900        14.416470543191664        14.566728025527890        14.569748292668926        14.590602043194529        18.206580132402387        15.174535860242365     
   10041.902491753732       -3.7003599999999999        2.3733731803707969        9.1890614999999993        4.6614999999999998E-003   14.475263523093105        14.472326677125359        14.436323504141434        14.482903168445237        14.444883521901176        14.583395362334386        14.765829929859603        14.973810612722858        14.454250565220921        14.588012860428620        14.772375529225300        14.940013511122959        15.078005854421971        13.708660338243188        14.556078538644119        14.513327057871834        14.450885615109719        14.421323013189649        14.570872326364132        14.573452183308433        14.593977191814176        18.255166385592670        15.181653391996353     
   10025.429792581606       -3.7032170000000000        2.3782835820318677        9.1890663999999997        4.6613999999999996E-003   14.480683446561063        14.477943005635669        14.441348388454735        14.488819895698168        14.450626448802360        14.588705988829204        14.770880351656242        14.978569223191499        14.459898176885215        14.593335968129583        14.777377953009058        14.944788165130550        15.082615329321289        13.714537293810682        14.561834170195684        14.518842649829438        14.456125520858105        14.426214867892636        14.575057946407298        14.577197498752604        14.597400728020592        18.304164118583625        15.188808942345194     
   10009.030208344779       -3.7060680000000001        2.3831736346865124        9.1890713000000002        4.6613999999999996E-003   14.486032935878296        14.483490611854300        14.446301170911806        14.494663983536835        14.456296675998157        14.593945833420666        14.775862897790837        14.983256082860091        14.465475174607018        14.598591655101739        14.782310959314781        14.949490994478410        15.087153711731073        13.720341786492622        14.567515291779817        14.524289967692699        14.461295790487924        14.431032623949687        14.579174357912443        14.580875560959598        14.600765277495046        18.353271937672357        15.195879521552722     
   9992.6344416076536       -3.7089189999999999        2.3880446053751783        9.1890762000000006        4.6613999999999996E-003   14.490894836154684        14.488735297493530        14.450460562579497        14.500937806745821        14.461705570810004        14.598558783869930        14.780047093938609        14.987082762313779        14.470764759727103        14.603184120832882        14.786487471100575        14.953348739942445        15.090820549534289        13.726571647692079        14.573094785714634        14.529205013118403        14.465788499545575        14.435068240612420        14.582488657539624        14.583873026006206        14.603589947469604        18.390815009711208        15.204556775430724     
   9976.2885039607481       -3.7117700000000000        2.3928977722135278        9.1890810999999992        4.6613999999999996E-003   14.495144537386398        14.493588669098209        14.453640473518409        14.507712657016842        14.466773676640496        14.602391398397319        14.783242838109441        14.989853773020208        14.475683515082370        14.606951147408676        14.789726500141267        14.956169182952269        15.093418880181300        13.733294865927753        14.578528560700953        14.533448813595971        14.469438510335429        14.438140917835366        14.584818395119878        14.586035277851320        14.605744756755652        18.413450969728931        15.215179108920086     
   9959.9922386793605       -3.7146119999999998        2.3977301526830330        9.1890858000000009        4.6613000000000002E-003   14.499423716736072        14.498467956634226        14.456854757085324        14.514504210407548        14.471862844638355        14.606255580299031        14.786474633825151        14.992665500484062        14.480627987679508        14.610753314483002        14.792998901065523        14.959030195676956        15.096059277307546        13.740031570369350        14.583980561343797        14.537719557403772        14.473120643399522        14.441248295983176        14.587188461925905        14.588238369604436        14.607939607471142        18.435625050099478        15.225814930538885     
   9943.6996971030148       -3.7174640000000001        2.4025487290280187        9.1890906999999995        4.6613000000000002E-003   14.503651154802380        14.503293639959555        14.460019183914266        14.521238352984138        14.476894167875766        14.610068936352572        14.789658293283932        14.995432556522196        14.485518841171139        14.614508037405276        14.796220612683584        14.961846527541159        15.098655864592171        13.746707509004157        14.589372911147702        14.541936013618415        14.476751992213703        14.444305844452202        14.589512233227911        14.590395205318959        14.610087384742744        18.457308884854005        15.236400924295367     
   9927.4795244711786       -3.7203029999999999        2.4073448159690316        9.1890953999999994        4.6613000000000002E-003   14.507855659220528        14.508092018651222        14.463167027527970        14.527933369141454        14.481893108593706        14.613862012396968        14.792826997093197        14.998189852816989        14.490382100553337        14.618246085497322        14.799424672964076        14.964652883830240        15.101244266723921        13.753341235012936        14.594729563466167        14.546127053897113        14.480363869466682        14.447347286773969        14.591826499402938        14.592543279060678        14.612225626605561        18.478460514452568        15.246939086850350     
   9911.2629886480536       -3.7231489999999998        2.4121254148965208        9.1891000999999992        4.6613000000000002E-003   14.512055073386005        14.512883463871958        14.466311642450886        14.534617689427623        14.486880917501875        14.617650902758420        14.795994176628401        15.000949054222641        14.495238411917367        14.621983296416911        14.802624680596637        14.967461136666167        15.103835426592394        13.759960942720369        14.600073296148043        14.550310482122136        14.483971601664244        14.450385526701918        14.594141059964482        14.594691685923220        14.614363392441145        18.499172746089076        15.257474075214393     
   9895.0957268066559       -3.7259910000000001        2.4168818017362046        9.1891048000000008        4.6611999999999999E-003   14.516284185075863        14.517701105243274        14.469490776628893        14.541319132700435        14.491890192092198        14.621471546382169        14.799197508350575        15.003748969059293        14.500120722336048        14.625755738236874        14.805858231804587        14.970309956284916        15.106468621241559        13.766594649129933        14.605435713002629        14.554521143203702        14.487611637573599        14.453458611557457        14.596495982570319        14.596880961148729        14.616541251603662        18.519436008915555        15.268022830941652     
   9878.8865958517817       -3.7288429999999999        2.4216267449802662        9.1891093999999995        4.6611999999999999E-003   14.520473406668847        14.522478674033065        14.472628921409763        14.547982053234852        14.496855747100481        14.625252052017986        14.802361619241493        15.006511947492493        14.504963127649658        14.629491245686706        14.809050125331046        14.973121968823540        15.109065260334317        13.773186328931521        14.610753620420370        14.558689347168409        14.491211067766782        14.456490434598615        14.598811109279369        14.599030012989234        14.618678048605782        18.539271313921780        15.278551392195142     
   9862.6358881223641       -3.7317049999999998        2.4263601508444412        9.1891140000000000        4.6611999999999999E-003   14.524669215148668        14.527262622845226        14.475772585147594        14.554652843297822        14.501823999895231        14.629038910227832        14.805533030757941        15.009284544147098        14.509812079292741        14.633236335875685        14.812246862551563        14.975943727773556        15.111671907453418        13.779782349941184        14.616073415797571        14.562861551652444        14.494816386071536        14.459527506248394        14.601132989425322        14.601185393727286        14.620820329941912        18.558721601723320        15.289106146560849     
   9846.4345849346591       -3.7345679999999999        2.4310790412826875        9.1891186000000005        4.6611999999999999E-003   14.528848122707059        14.532026171924405        14.478904169088500        14.561294161709140        14.506767142034688        14.632810922010089        14.808693987921798        15.012051234492750        14.514640433584669        14.636970041229029        14.815430548375867        14.978759433313639        15.114273966359066        13.786345791997087        14.621365323415452        14.567014402611731        14.498407409856712        14.462552824572439        14.603448622784304        14.603335035299848        14.622956101688571        18.577678308759893        15.299628002373487     
   9830.1693559249379       -3.7374440000000000        2.4357861967247967        9.1891230999999998        4.6610999999999996E-003   14.533085944173836        14.536849223359967        14.482092163483779        14.567999042175702        14.511766326763324        14.636641056699910        14.811913189161784        15.014877963175275        14.519528545936270        14.640765067609950        14.818670036398766        14.981635373141396        15.116936231058757        13.792969139563363        14.626712933447378        14.571223529236109        14.502055842421315        14.465634136134300        14.605820795878218        14.605540563066880        14.625146891067951        18.596319950150246        15.310237149810257     
   9813.9535927252036       -3.7403149999999998        2.4404757343698291        9.1891277000000002        4.6610999999999996E-003   14.537260279363538        14.541605293939108        14.485221489125133        14.574627876530501        14.516693837131344        14.640409757364244        14.815075340304935        15.017652177131071        14.524349479568210        14.644502107304644        14.821849887885458        14.984458650796691        15.119547295809399        13.799513348407840        14.631986097379551        14.575366727462173        14.505643393552882        14.468657106055973        14.608140122316344        14.607693752434978        14.627284575690910        18.614423294019907        15.320766774153560     
   9797.7194586401565       -3.7431980000000000        2.4451518797698419        9.1891321999999995        4.6610999999999996E-003   14.541435192401563        14.546360886459349        14.488351833110992        14.581255013087953        14.521616905797204        14.644179388527634        14.818240261269581        15.020432063232009        14.529170008624787        14.648243382780359        14.825030003430301        14.987287658652887        15.122164662539598        13.806052422431707        14.637253498295062        14.579507938637844        14.509231669958675        14.471680975881947        14.610462890178445        14.609850196392339        14.629424685810532        18.632111760202299        15.331307518263221     
   9781.5572245131352       -3.7460680000000002        2.4498101747028369        9.1891367000000006        4.6610999999999996E-003   14.545587487680644        14.551089584247388        14.491465800017425        14.587843644041277        14.526508205245166        14.647929004074465        14.821390356220364        15.023202150455733        14.533963355349330        14.651968089090980        14.828192715261716        14.990106652386848        15.124773759667258        13.812550060008961        14.642485902178299        14.583624166651004        14.512800733956714        14.474688942587713        14.612776178610568        14.611997898974133        14.631555320697222        18.649289225766275        15.341800771455278     
   9765.4441372093424       -3.7489360000000000        2.4544461305183418        9.1891411000000005        4.6610000000000002E-003   14.549769646026949        14.555844698636129        14.494614390398652        14.594449737106650        14.531421322612740        14.651710508681319        14.824576657831773        15.026012898952477        14.538782922087290        14.655728058603927        14.831389101506630        14.992966161014873        15.127424811458479        13.819062137997655        14.647737395012051        14.587767869844679        14.516402236043763        14.477731857091108        14.615129823307306        14.614186462662826        14.633726067755390        18.666031237993952        15.352307904942187     
   9749.3800416271242       -3.7518039999999999        2.4590625161678976        9.1891455000000004        4.6610000000000002E-003   14.553904312325315        14.560548603466948        14.497717442971229        14.601004096326392        14.536284105358860        14.655443608575681        14.827717599081126        15.028781161165334        14.543551083300436        14.659443608575678        14.834537424263310        14.995783193472612        15.130033087226352        13.825518848298842        14.652935669688510        14.591864049558538        14.519956630373166        14.480725805009836        14.617435700929999        14.616324047875679        14.635844151476807        18.682509532530091        15.362765906657209     
   9733.3423713833909       -3.7546650000000001        2.4636621213076291        9.1891497999999991        4.6610000000000002E-003   14.558420503076789        14.565623347064964        14.501138696609232        14.608132345136589        14.541650678855156        14.659486469945890        14.831142478410548        15.031797893213771        14.548689977579429        14.663486469945887        14.837964489726993        14.998852087609031        15.132854307956471        13.832532087769266        14.658631661533462        14.596399557248102        14.523842701776630        14.483944808759929        14.619868545210824        14.618494795372545        14.637970301420413        18.705011652761545        15.373952579050830     
   9717.3087080526948       -3.7575360000000000        2.4682448309395566        9.1891542000000008        4.6610000000000002E-003   14.562933096078609        14.570691090772620        14.504563151109650        14.615251495332856        14.547010181403721        14.663525851824868        14.834569763403248        15.034818720421043        14.553821855940406        14.667525851824870        14.841395547830242        15.001924271837446        15.135685403448228        13.839536257360137        14.664319705043809        14.600933138493119        14.527731063617381        14.487167062048798        14.622310566203026        14.620671522878634        14.640099974349880        18.727066210625839        15.385133990825139     
   9701.3461331048366       -3.7603949999999999        2.4728090652528958        9.1891584999999996        4.6608999999999999E-003   14.567469819278049        14.575777263350698        14.508023041126922        14.622378405668531        14.552386821754666        14.667591461975551        14.838031682625722        15.037877559889104        14.558971878818276        14.671591461975549        14.844862799355358        15.005033454067608        15.138561044520248        13.846548696879420        14.670022640020687        14.605492422471475        14.531652015413503        14.490425644851296        14.624798068128161        14.622891667268313        14.642270820639759        18.748630495162157        15.396309970288211     
   9685.3874783453812       -3.7632569999999999        2.4773547023151434        9.1891628999999995        4.6608999999999999E-003   14.571956404416525        14.580809930774958        14.511439521727944        14.629449739558847        14.557709887512804        14.671607049764138        14.841449405383891        15.040893873894060        14.564068380861578        14.675607049764142        14.848287425116986        15.008099314221571        15.141399882759767        13.853505588065797        14.675671132914754        14.610003224082597        14.535528658013252        14.493640865779930        14.627248075185886        14.625071150698467        14.644398572593094        18.769705092134657        15.407434184972267     
   9669.5441348574968       -3.7661060000000002        2.4818772103375117        9.1891671000000006        4.6608999999999999E-003   14.576408153937635        14.585800620880331        14.514835292129089        14.636462814392925        14.562988880321267        14.675591205186084        14.844845631224882        15.043893145186185        14.569122444340902        14.679591205186085        14.851692057857722        15.011146997924968        15.144228576160298        13.860405047116121        14.681272422732508        14.614480658946587        14.539380487712652        14.496836828056839        14.629689968241486        14.627241278241112        14.646514922866036        18.790194192309404        15.418475608367952     
   9653.7267078890636       -3.7689539999999999        2.4863808634378999        9.1891713999999993        4.6608999999999999E-003   14.580850215590267        14.590777564072564        14.518229456764963        14.643457291220955        14.568253656472688        14.679566437629337        14.848239477653092        15.046892231143250        14.574162657241011        14.683566437629338        14.855095842173693        15.014193646486593        15.147062945088361        13.867286094012943        14.686858194981436        14.618949997697410        14.543229192723107        14.500031509553072        14.632137395853317        14.629414207874717        14.648631758813604        18.810219380852981        15.429496568238246     
   9637.9573472372322       -3.7717990000000001        2.4908640658247938        9.1891756000000004        4.6608999999999999E-003   14.585276387799524        14.595733832701775        14.521617236681259        14.650423429273129        14.573496885746927        14.683527199239244        14.851626171768469        15.049886900042896        14.579182003312827        14.687527199239245        14.858493979626711        15.017234966907104        15.149898949297398        13.874139146827069        14.692420675456209        14.623404989647295        14.547069363187294        14.503220410164662        14.634586865143657        14.631586853278286        14.650746088907628        18.829755491609422        15.440481651293265     
   9622.2580578667730       -3.7746369999999998        2.4953296446137649        9.1891797999999998        4.6607999999999997E-003   14.589727109289747        14.600709160848972        14.525040448867152        14.657398174994796        14.578757901496004        14.687514578185873        14.855047540835827        15.052919508908005        14.584220128617506        14.691514578185874        14.861928264229405        15.020313259997707        15.152779105241429        13.881001309805860        14.697998760837862        14.627886015284886        14.550942193577626        14.506445624698856        14.637081440767354        14.633802700883777        14.652901507861678        18.848826730077683        15.451462143193531     
   9606.5401012484672       -3.7774809999999999        2.4997760072016200        9.1891838999999997        4.6607999999999997E-003   14.594134107613705        14.605638257210686        14.528424981942315        14.664327546807094        14.583973027449311        14.691457683028553        14.858429466967671        15.055913734407177        14.589212096805696        14.695457683028557        14.865324643078900        15.023352464282766        15.155626200728065        13.887817965008715        14.703530570950953        14.632324965808660        14.554776117842771        14.509631922400381        14.639541734974586        14.635980802828122        14.655016737522118        18.867449445444134        15.462406680739747     
   9590.8699036778089       -3.7803200000000001        2.5042045162159225        9.1891881000000009        4.6607999999999997E-003   14.598525351710485        14.610546892125065        14.531803109020011        14.671228865338499        14.589166824743000        14.695386443185477        14.861804236543204        15.058903497260566        14.594183412510354        14.699386443185478        14.868715337338724        15.026386313112976        15.158474763610442        13.894606909420354        14.709039330868364        14.636749671040072        14.558601512154219        14.512812414553789        14.642003912583636        14.638158525241892        14.657129416526995        18.885592860449904        15.473315603509299     
   9575.1150291284666       -3.7831800000000002        2.5086195138353720        9.1891922000000008        4.6607999999999997E-003   14.603024723735665        14.615609795228071        14.535214031467206        14.678294121548447        14.594555855125407        14.699406144884986        14.865214031467204        15.061878261314298        14.599327033806539        14.703406144884987        14.872133914452121        15.029414687012871        15.161290039483845        13.901563208583767        14.714748286002735        14.641320376772256        14.562501057686227        14.516019314095118        14.644368950409312        14.640219489441385        14.659121170182544        18.908071122050945        15.484308623016339     
   9559.3860350336126       -3.7860410000000000        2.5130238843744239        9.1891963000000008        4.6607000000000003E-003   14.607595257581382        14.620762223163583        14.538668849999324        14.685446221661723        14.600048040337709        14.703492415092713        14.868668849999322        15.064882724223265        14.604567317610945        14.707492415092718        14.875595503691530        15.032475311590924        15.164127269954141        13.908606153761044        14.720558729401359        14.645975806807476        14.566459241508403        14.519270941035098        14.646734848388556        14.642277900445228        14.661108239789931        18.932089375674678        15.495349836416134     
   9543.6389286968915       -3.7889100000000000        2.5174160628741853        9.1892004000000007        4.6607000000000003E-003   14.612120500778646        14.625870794404102        14.542078623729411        14.692557536572716        14.605494383194946        14.707533600885251        14.872078623729410        15.067846380419960        14.609763845888084        14.711533600885248        14.879013668950444        15.035493581084134        15.166924267882786        13.915605809074341        14.726320553267330        14.650584432162384        14.570372195473050        14.522480430781551        14.649063879426096        14.644302234088217        14.663059618434163        18.955710322501069        15.506367318434597     
   9527.8958236365252       -3.7917820000000000        2.5217929828666756        9.1892043999999995        4.6607000000000003E-003   14.616640685265709        14.630974923007129        14.545485152477562        14.699664668856121        14.610933820109656        14.711570614862813        14.875485152477561        15.070811662840077        14.614955909178208        14.715570614862814        14.882430200675612        15.038511848947477        15.169723700775821        13.922598930544277        14.732072246760074        14.655186364971128        14.574281011919483        14.525689868596261        14.651399373284983        14.646336252243175        14.665019168658118        18.978946800918564        15.517392202743276     
   9512.1786882674587       -3.7946550000000001        2.5261530532230951        9.1892084000000001        4.6607000000000003E-003   14.621149513459821        14.636067493767579        14.548883688336849        14.706757705722817        14.616358774520963        14.715597831327338        14.878883688336847        15.073774426134458        14.620136269569441        14.719597831327336        14.885840332804216        15.041525900514026        15.172521652708221        13.929575771120819        14.737805806559793        14.659775198077790        14.578180244361670        14.528894772726618        14.653738050132832        14.648377086792680        14.666984131017644        19.001767542167784        15.528409074146749     
   9496.4000142710956       -3.7975409999999998        2.5305021572868651        9.1892122999999994        4.6607000000000003E-003   14.625722793520628        14.641254870902417        14.552325726476449        14.713951310140976        14.621868107610728        14.719693989177296        14.882338573270479        15.076774644522308        14.625411780065223        14.723693989177301        14.889291574221373        15.044574201841550        15.175352288413203        13.936651891758276        14.743638253481850        14.664428393817973        14.582137519027428        14.532154417370725        14.656109083508779        14.650461609071984        14.668983391616274        19.025987847265689        15.539584338484572     
   9480.6693437495869       -3.8004259999999999        2.5348357227706826        9.1892163000000000        4.6606000000000000E-003   14.630495839379547        14.646731586570015        14.555914775457113        14.721420320899936        14.627633361527183        14.724013028465455        14.885982298334961        15.079895267348386        14.630976360965557        14.728013028465456        14.892877210167681        15.047737097226905        15.178287164481466        13.944008094733851        14.749779910879896        14.669285105401956        14.586283492937676        14.535592678436567        14.658582402072559        14.652682492501514        14.671091732140555        19.055473922706859        15.551137151470543     
   9464.8557620852698       -3.8033280000000000        2.5391581580796547        9.1892203000000006        4.6606000000000000E-003   14.635243187207601        14.652184774670550        14.559479067891234        14.728878697743353        14.633376608665907        14.728307995063846        14.889599160089370        15.082990205157282        14.636517877407305        14.732307995063847        14.896438841187853        15.050876151613769        15.181194603582336        13.951353069221502        14.755901545398027        14.674117411534029        14.590405250724801        14.539005388202819        14.661031411677337        14.654878507308998        14.673172217941088        19.084642776684703        15.562715136789381     
   9449.0903144930580       -3.8062299999999998        2.5434663808464055        9.1892241000000006        4.6606000000000000E-003   14.639972076227812        14.657615821195817        14.563035670515534        14.736311218071892        14.639096831334969        14.732589890934181        14.893205781617590        15.086080418711633        14.642036983416114        14.736589890934178        14.899993558342386        15.054011965547327        15.184097117462352        13.958672532373329        14.761999003694418        14.678931850500414        14.594515231461093        14.542410869553210        14.663482441326051        14.657078081306929        14.675254226042663        19.113297745969874        15.574268979674477     
   9433.2859640799943       -3.8091420000000000        2.5477618086427327        9.1892280000000000        4.6606000000000000E-003   14.644708613070312        14.663054709577137        14.566604213057213        14.743758912852060        14.644825609431182        14.736882351615181        14.896822070710416        15.089182961590248        14.647564148576565        14.740882351615179        14.903560980310909        15.057161843879546        15.187010725121036        13.966006890996875        14.768105948284651        14.683755001393850        14.598636121851252        14.545827917914105        14.665949012949158        14.659293347506685        14.677349242481915        19.141597612824448        15.585862452993199     
   9417.4646785647510       -3.8120609999999999        2.5520443600474914        9.1892318999999993        4.6606000000000000E-003   14.649446193432537        14.668493851826563        14.570179752969809        14.751211414786235        14.650554952025912        14.741179411924142        14.900443005611086        15.092293546740253        14.653091662197840        14.745179411924143        14.907136169974367        15.060321442449480        15.189931397895238        13.973345935329428        14.774213862596534        14.688580144337417        14.602762198753185        14.549251801312794        14.668427748835368        14.661521281400182        14.679454397005957        19.169500707433812        15.597479502490971     
   9401.6699281377478       -3.8149780000000000        2.5563124428588786        9.1892356999999993        4.6604999999999997E-003   14.654218397351919        14.673964902464363        14.573799056739670        14.758694844600338        14.656315716291815        14.745515859159447        14.904105230160017        15.095450216280742        14.658650935993087        14.749515859159448        14.910755893867940        15.063528667475115        15.192897700443563        13.980716097830339        14.780352563647995        14.693440618464201        14.606928718091094        14.552719702923493        14.670958422785674        14.663802344933583        14.681610490841468        19.196977272262753        15.609134793195178     
   9385.8584447199355       -3.8179080000000001        2.5605689954769519        9.1892393999999999        4.6604999999999997E-003   14.658944988334451        14.679389541147334        14.577378723342857        14.766136392622872        14.662030375526104        14.749810259827370        14.907725463034268        15.098568300066329        14.664163891297306        14.753810259827372        14.914336751251927        15.066698986187248        15.195824442096576        13.988044258544047        14.786445560054844        14.698256428838565        14.611053780005246        14.556147806971762        14.673454645606981        14.666049464215615        14.683730109787813        19.224009648566017        15.620766930636858     
   9370.0951280593126       -3.8208299999999999        2.5648048503835694        9.1892431999999999        4.6604999999999997E-003   14.663653167281179        14.684792107548272        14.580950640892627        14.773552112671158        14.667722078984436        14.754091576929863        14.911335432733946        15.101681576347971        14.669654505279258        14.758091576929864        14.917910623064667        15.069865957960729        15.198746189171107        13.995346936696958        14.792514448151582        14.703054407966437        14.615167040876614        14.559568623673883        14.675952734745977        14.668299976976353        14.685851122170316        19.250534912031274        15.632374726958552     
   9354.3367463172326       -3.8237580000000002        2.5690259636211739        9.1892469000000006        4.6604999999999997E-003   14.668355868987479        14.690187449737873        14.584524591580919        14.780962362361617        14.673406467713178        14.758371555012683        14.914945037875402        15.104798561016406        14.675137867485379        14.762371555012685        14.921487292700590        15.073038238031941        15.201670936144371        14.002644179881326        14.798575903435992        14.707847733165298        14.619279779627682        14.562991520818681        14.678459494351511        14.670560004078734        14.687979305337926        19.276627785066797        15.643989963722419     
   9338.6048666108036       -3.8266870000000002        2.5732322477162692        9.1892505999999994        4.6604999999999997E-003   14.673046667588753        14.695568198321244        14.588095673666125        14.788357007549003        14.679075776724762        14.762644335057789        14.918549334851818        15.107914973084046        14.680606488055513        14.766644335057787        14.925061852340317        15.076211465198238        15.204594667655723        14.009926008614020        14.804621644862547        14.712629852361598        14.623386364056717        14.566411803398299        14.680971464963047        14.672826421444597        14.690111722778646        19.302253906573924        15.655596710210222     
   9322.8779776250176       -3.8296180000000000        2.5774251379229023        9.1892543000000000        4.6604000000000003E-003   14.677778582398071        14.700988320907795        14.591715354378485        14.795792762595353        14.684784368197723        14.766962353228186        14.922199843316774        15.111081653204797        14.686114454752653        14.770962353228187        14.928685771535532        15.079436553238464        15.207567963328353        14.017248982995133        14.810706549332513        14.717453907608833        14.627539000630565        14.569880732444124        14.683538646721251        14.675148891012165        14.692297860194136        19.327496173894339        15.667257397953881     
   9307.1347128247598       -3.8325570000000000        2.5816045540688388        9.1892580000000006        4.6604000000000003E-003   14.682464786955984        14.706361924677088        14.595295304323079        14.803186475843804        14.690446741225172        14.771238225501220        14.925808273043119        15.114209657904480        14.691575994101283        14.775238225501218        14.932270727335576        15.082624640065402        15.210501616267662        14.024529798144110        14.816745627197454        14.722233198977618        14.631650081312804        14.573309773750184        14.686071287096182        14.677437328466764        14.694447445321602        19.352295165809082        15.678894630912671     
   9291.5250052232896       -3.8354789999999999        2.5857627806570309        9.1892616000000000        4.6604000000000003E-003   14.687107290109557        14.711684489374347        14.598847988611324        14.810514362037614        14.696055625421037        14.775477824531551        14.929386844379794        15.117315739039503        14.696985748380795        14.779477824531552        14.935829128525638        15.085791887739754        15.213414238006267        14.031745744003819        14.822728020474186        14.726968839847261        14.635727039391147        14.576712829625768        14.688591755016988        14.679716419674017        14.696586512633464        19.376465953346447        15.690444051825315     
   9275.9841952440420       -3.8383889999999998        2.5899012330915814        9.1892651999999995        4.6604000000000003E-003   14.691725397462305        14.716978166819429        14.602388062413338        14.817806833988316        14.701634358616991        14.779698710747150        14.932950365095325        15.120412672488298        14.702366230573576        14.783698710747151        14.939375639243162        15.088951294758671        15.216317817813033        14.038926769699044        14.828678614168703        14.731680505586750        14.639786747085081        14.580103935440169        14.691110309983467        14.681995409658361        14.698723772723168        19.400116830310289        15.701953289324107     
   9260.5759942052900       -3.8412799999999998        2.5940090832665330        9.1892689000000001        4.6604000000000003E-003   14.696300250306555        14.722221357633556        14.605900952234423        14.825034052907460        14.707160172815781        14.783883578630038        14.936484210279231        15.123487672512825        14.707695485434909        14.787883578630035        14.942895645036399        15.092089788752846        15.219200377046915        14.046043493327934        14.834573115799357        14.736348937989609        14.643812545309162        14.583469128409893        14.693616448013247        14.684264762181884        14.700850315514847        19.423158939807713        15.713374950271570     
   9245.2359632898479       -3.8441649999999998        2.5980953809176097        9.1892724999999995        4.6603000000000000E-003   14.700981533506436        14.727563775756966        14.609507790032691        14.832386293470837        14.712801466803143        14.788182112008609        14.940095886766247        15.126648378582374        14.713151394422798        14.792165181674417        14.946497485327324        15.095319744879678        15.222163563694853        14.053295654864680        14.840572714602402        14.741137826648735        14.647927378670769        14.586909866661493        14.696199163933414        14.686593033508625        14.703046574640336        19.448500343750379        15.724967946555186     
   9229.9425956518444       -3.8470439999999999        2.6021630858585962        9.1892759999999996        4.6603000000000000E-003   14.705784518438801        14.733017727323183        14.613193225291738        14.839914761651201        14.718588231661137        14.792609534559485        14.943754447941433        15.129865266494189        14.718778090206971        14.796537781904433        14.950147895229460        15.098616158971080        15.225175662820899        14.060747320379843        14.846699271045029        14.746077059031972        14.652115233123485        14.590387532345673        14.698809936849457        14.688906902170341        14.705255566834214        19.479386713026326        15.736848420121103     
   9214.7593968140081       -3.8499080000000001        2.6062074845467174        9.1892794999999996        4.6603000000000000E-003   14.710549967509319        14.738427231300030        14.616855758140254        14.847381617399304        14.724322281783543        14.797003553434624        14.947389587728662        15.133064849629555        14.724356159174707        14.800876659834397        14.953772720203244        15.101894696033675        15.228177802697068        14.068139436168959        14.852773599826055        14.750975553415948        14.656272916780857        14.593843792328567        14.701414354219455        14.691215841625212        14.707460384689416        19.509604154894060        15.748644740923741     
   9199.4952605319941       -3.8527900000000002        2.6102330804497731        9.1892829999999996        4.6603000000000000E-003   14.715337871048629        14.743860390921615        14.620541477505725        14.854880865562837        14.730075822327148        14.801419479494442        14.951047052540943        15.136287383527755        14.729955834715891        14.805236434475475        14.957417583038954        15.105196605449049        15.231207736818373        14.075565062234425        14.858872180604678        14.755894981092563        14.660452761656678        14.597322139244678        14.704045161078053        14.693548879915756        14.709688745628423        19.539534257100403        15.760505381484474     
   9184.1929667285513       -3.8556849999999998        2.6142474894448995        9.1892864999999997        4.6603000000000000E-003   14.720134775569921        14.749301917968584        14.624240096357230        14.862391401120657        14.735832598045516        14.805844918321537        14.954716626248842        15.139523905611490        14.735561327369627        14.809604860507530        14.961072276655042        15.108512702167008        15.234257111498010        14.083003317914944        14.864977825666802        14.760821493666374        14.664643053003132        14.600812867254003        14.706695130674795        14.695899616583770        14.711934542577954        19.569087884971172        15.772397117182877     
   9168.7261185992138       -3.8586160000000000        2.6182645514280400        9.1892899000000003        4.6601999999999998E-003   14.725026841750253        14.754843253033965        14.628028835588406        14.870021709856843        14.741686535114681        14.810362990682126        14.958475275825077        15.142847864519506        14.741265372899282        14.814064573572821        14.964813599939074        15.111917092297258        15.237397948092227        14.090562122610010        14.871187402030031        14.765842277575739        14.668924999871653        14.604391480073755        14.709432998776332        14.698334301210753        14.714263158133161        19.598546627428025        15.784464798240897     
   9153.2010132806390       -3.8615659999999998        2.6222796199301954        9.1892932999999992        4.6601999999999998E-003   14.729887510279905        14.760353324737682        14.631788865742845        14.877626313962491        14.747504282930244        14.814849739193672        14.962204362610738        15.146143674953507        14.746935716263092        14.818492001558422        14.968522983883307        15.115293637591364        15.240516050487425        14.098096523857020        14.877365180351976        14.770829839096042        14.673176301653658        14.607940592357902        14.712147355191394        14.700743591755270        14.716565979400904        19.627605307470152        15.796532648607208     
   9137.6390753246887       -3.8645269999999998        2.6262880220141445        9.1892966999999999        4.6601999999999998E-003   14.734756640934275        14.765871075285570        14.635561628337314        14.885241243818655        14.753324302953768        14.819345553031042        14.965945364126039        15.149453440447783        14.752611050416409        14.822927608804246        14.972241911819435        15.118684330166960        15.243653823603982        14.105642663613711        14.883549153330808        14.775823841508466        14.677437687124829        14.611501936688601        14.714881168724350        14.703170871331313        14.718886536425178        19.656266150138531        15.808630623734391     
   9121.9775695591234       -3.8675090000000001        2.6302881614243896        9.1893001000000005        4.6601999999999998E-003   14.739653822495640        14.771418677534498        14.639362382860185        14.892897095953469        14.759169905702592        14.823868535393551        14.969713402153207        15.152790584721224        14.758314143043801        14.827389246108350        14.975985385768571        15.122102920006920        15.246824078710077        14.113230882145587        14.889764139137629        14.780844346261059        14.681726335471676        14.615089920259269        14.717645631764711        14.705626086869660        14.721234345882937        19.684638529044623        15.820807513893747     
   9106.3009707535239       -3.8704980000000000        2.6342768794329570        9.1893034000000000        4.6601999999999998E-003   14.744552607776360        14.776966150336488        14.643170672028102        14.900552491858409        14.765009434464826        14.828394273680715        14.973488187826387        15.156137176835781        14.764014140208989        14.831852823641700        14.979733223299473        15.125531036952474        15.250009853324467        14.120820183445684        14.895976522795237        14.785864215070266        14.686019115847461        14.618685233426977        14.720425978307279        14.708096132004311        14.723596880654302        19.712564143996882        15.832997655957527     
   9090.6303810343870       -3.8734959999999998        2.6382618912886344        9.1893068000000007        4.6601999999999998E-003   14.749446396729830        14.782506017736996        14.646981370541063        14.908197115852417        14.770835014735336        14.832916671249510        14.977264640133793        15.159488715693243        14.769703357937399        14.836312327792111        14.983480377777184        15.128964069960304        15.253206868035353        14.128400342669433        14.902177930610282        14.790876682629584        14.690310246818964        14.622283037576778        14.723218476311583        14.710577692395926        14.725970971323928        19.740005174885656        15.845184641734900     
   9075.0494460738828       -3.8764799999999999        2.6422244683287497        9.1893101000000001        4.6601000000000004E-003   14.754355695460097        14.788055359182680        14.650820701002628        14.915836834218650        14.776662257843435        14.837458202370007        14.981069171730018        15.162873852828971        14.775398106954265        14.840790575675191        14.987253439460451        15.132430235732210        15.256444542404742        14.135977555547649        14.908381939365951        14.795901643065031        14.694623422736965        14.625910691688867        14.726054696567418        14.713104005067168        14.728390428399100        19.766865908695593        15.857350002781862     
   9059.4952161408801       -3.8794640000000000        2.6461676213318515        9.1893133999999996        4.6601000000000004E-003   14.759206990121852        14.793543272523328        14.654610749492837        14.923409216293548        14.782421453496058        14.841943850415911        14.984823736488144        15.166212813492313        14.781028107124309        14.845212303448958        14.990974261234404        15.135850086799069        15.259642436732546        14.143489121445446        14.914520326426318        14.800866075819462        14.698882686845137        14.629489426633425        14.728852569389188        14.715591756984287        14.730771507219073        19.793166817376886        15.869449490694537     
   9043.9051721646629       -3.8824580000000002        2.6500990660605885        9.1893166999999991        4.6601000000000004E-003   14.764066374264990        14.799038408025046        14.658413349838218        14.930991288547011        14.788182336959485        14.846438240305060        14.988590025089293        15.169565620521039        14.786662577121630        14.849641878581972        14.994704395974464        15.139283971141301        15.262860012259486        14.151011823995061        14.920664353888798        14.805836527029625        14.703151755764727        14.633080226877885        14.731669948629017        14.718097554917277        14.733170385779564        19.819059786719990        15.881578336147209     
   9028.3627448851839       -3.8854479999999998        2.6540140451056340        9.1893200000000004        4.6601000000000004E-003   14.768907845912741        14.804511363929722        14.662208147595456        14.938542483418379        14.793914091304481        14.850917321412657        14.992347878370778        15.172914324091328        14.792271373028852        14.854055598269467        14.998423880534729        15.142713505035486        15.266080035857682        14.158505411837977        14.926781150918982        14.810786402861348        14.707407783123907        14.636663871435600        14.734491741939143        14.720607974985631        14.735574212394473        19.844406795149460        15.893671629216589     
   9012.8055224865766       -3.8884490000000000        2.6579171757160993        9.1893232000000005        4.6601000000000004E-003   14.773750857972571        14.809984136586847        14.666010370318697        14.946093149826877        14.799639771544216        14.855399086456535        14.996112378037358        15.176272352763432        14.797877046390768        14.858471195285913        15.002147649762668        15.146152441664290        15.269315399966500        14.165999997462174        14.932895308979363        14.815735598768283        14.711667861230628        14.640254739958747        14.737329239677470        14.723133059254968        14.737992601053163        19.869310995112954        15.905777926268930     
   8997.2751075142551       -3.8914469999999999        2.6618052568067569        9.1893264000000006        4.6600000000000001E-003   14.778684340502837        14.815553123500200        14.669887454049613        14.953755930352413        14.805464565090466        14.859962879641467        14.999963711738763        15.179701824163020        14.803567038970860        14.862978741690993        15.005956002864243        15.149663227663281        15.272627338258024        14.173600488415692        14.939103984427208        14.820775583477603        14.716019830200439        14.643931013028938        14.740241002867299        14.725723776443443        14.740463435815302        19.895958457856658        15.918017007676054     
   8981.8334978684634       -3.8944329999999998        2.6656782123402532        9.1893296000000007        4.6600000000000001E-003   14.783796292068891        14.821335187792650        14.673842016673268        14.961719376968434        14.811542663568721        14.864658567374560        15.003953254331476        15.183185451016163        14.809427043983488        14.867667928004222        15.009900512005379        15.153228906004669        15.275990984296660        14.181465811748486        14.945531020502626        14.826003875397509        14.720544266433761        14.647735256305898        14.743192735049417        14.728316609002681        14.742874167248649        19.932210023565915        15.930629576550130     
   8966.4596819251637       -3.8974139999999999        2.6695265279988520        9.1893328000000007        4.6600000000000001E-003   14.788878972492929        14.827079029440950        14.677778399580253        14.969632748453945        14.817581239716203        14.869326809921263        15.007927468350301        15.186658973624608        14.815246936291635        14.872330427505853        15.013827613199281        15.156781844983753        15.279345055045573        14.189281492043603        14.951914725212530        14.831199379108687        14.725045016246950        14.651524984533404        14.746141980656949        14.730908530729932        14.745284059080264        19.967776397388512        15.943179951007126     
   8951.1534021675634       -3.9003830000000002        2.6733563910395417        9.1893360000000008        4.6600000000000001E-003   14.793943237442198        14.832803691144536        14.681680862405655        14.977515196195293        14.823607770306728        14.873966772017306        15.011876248796982        15.190098843760742        14.821046154857980        14.876971403787556        15.017727939727768        15.160293186600418        15.282652897874618        14.197064760610422        14.958275934595163        14.836375746583128        14.729520492775050        14.655281326127453        14.749038949918633        14.733445115100073        14.747637315545584        20.004448665155401        15.955670397733835     
   8935.8526755546627       -3.9033579999999999        2.6771692909582026        9.1893390999999998        4.6600000000000001E-003   14.799022602872443        14.838560867431143        14.685540119201688        14.985432050001881        14.829686812176680        14.878594458128928        15.015796708499471        15.193481841190289        14.826877766936464        14.881614037766694        15.021600429409224        15.163732345435060        15.285870954272882        14.204877788895429        14.964673892266534        14.841572376528168        14.733984007894014        14.658988029630910        14.751821077229549        14.735859054317094        14.749866762784810        20.044920490377805        15.968171674669753     
   8920.6397247461191       -3.9063240000000001        2.6809635672047398        9.1893422999999999        4.6600000000000001E-003   14.804062478494478        14.844274665657901        14.689372774390923        14.993298311703375        14.835719914741537        14.883186759121967        15.019690215491936        15.196845427966485        14.832664858110631        14.886219685684173        15.025445525742635        15.167149541446934        15.289069032076588        14.212640820540576        14.971026310061985        14.846728127502024        14.738414510319830        14.662669007303917        14.754593131352182        14.738270207153965        14.752098142632709        20.084614290428213        15.980621137521373     
   8905.3706515376980       -3.9093030000000000        2.6847407140868293        9.1893454000000006        4.6598999999999998E-003   14.809157170903010        14.850045767885003        14.693261696253447        15.001235007221485        14.841810782708205        14.887833743789624        15.023640213647294        15.200268021106524        14.838508806309253        14.890878547072919        15.029346217283848        15.170623705601269        15.292323987031768        14.220473904141748        14.977439906431865        14.851938404792776        14.742900533438824        14.666405692678978        14.757427914468654        14.740747945079089        14.754399114269908        20.123953590166888        15.993183079948640     
   8889.9025435621024       -3.9123239999999999        2.6885164860337118        9.1893484000000001        4.6598999999999998E-003   14.814260469957897        14.855834294982007        14.697149537730027        15.009222657224552        14.847922511908934        14.892485050223453        15.027589927555777        15.203688021713976        14.844370396360592        14.895540332685140        15.033245249282853        15.174093665269179        15.295572612650059        14.228356590514924        14.983880854297947        14.857158062267391        14.747390244573282        14.670139313795286        14.760258474529802        14.743222104906113        14.756697952231132        20.163199126391330        16.005881945418285     
   8874.0526281494494       -3.9154260000000001        2.6922987925510689        9.1893513999999996        4.6598999999999998E-003   14.819478670745074        14.861754638523639        14.701128575447260        15.017401940121115        14.854173271364715        14.897241721176837        15.031632364934662        15.207192438726121        14.850364841532073        14.900306120530193        15.037234988968290        15.177646889600826        15.298899804403202        14.236428318040659        14.990471342784250        14.862494728262241        14.751982860218295        14.673960325022360        14.763165199202501        14.745769165032250        14.759069276569139        20.202829459298894        16.018915544009534     
   8857.8230445250647       -3.9186100000000001        2.6961241628294035        9.1893545000000003        4.6598999999999998E-003   14.824810259690583        14.867805189851712        14.705197922749921        15.025771346264627        14.860561352195180        14.902102423549874        15.035766630571821        15.210780797849338        14.856490467338325        14.905174457812148        15.041314492414632        15.181282723622861        15.302304993650818        14.244687591906583        14.997209791051148        14.867946817304581        14.756677180868756        14.677867861117374        14.766148154817163        14.748389644460023        14.761513915550008        20.242796757741655        16.032283669873724     
   8841.4195593203985       -3.9218350000000002        2.6999561894619810        9.1893574999999998        4.6598999999999998E-003   14.830187044692156        14.873908642073172        14.709305730656116        15.034224468266505        14.867005127009573        14.907005023556561        15.039940052418839        15.214407605994783        14.862668974151259        14.910083026065227        15.045431740971487        15.184954943322818        15.305744921512073        14.253029400467835        15.004010258820006        14.873444568704226        14.761413264244670        14.681812124544980        14.769169863384487        14.751050959443880        14.764001725870106        20.282562547650254        16.045817984133659     
   8824.8229293487111       -3.9251010000000002        2.7037964773727401        9.1893604000000000        4.6598999999999998E-003   14.835614930407360        14.880071752301308        14.713456644361354        15.042771021137380        14.873511724482036        14.911954928868898        15.044157352643960        15.218077117945189        14.868907179492641        14.915037180735364        15.049591363270082        15.188667769851993        15.309223564272308        14.261463328160534        15.010880380149228        14.878994001410195        14.766196377990944        14.685797568620959        14.772234098969506        14.753756662760335        14.766536198985552        20.322152211103170        16.059535138377061     
   8808.0546383763976       -3.9284080000000001        2.7076434519488619        9.1893633999999995        4.6598000000000004E-003   14.841133081304768        14.886332732635424        14.717691712448250        15.051446334642531        14.880118884221467        14.916991981718603        15.048459493894743        15.221831180610110        14.875243169994320        14.920076698949657        15.053834368360651        15.192462906588744        15.312782956712113        14.270024851185809        15.017857511139109        14.884634094124678        14.771066636362640        14.689865456291251        14.775383723678921        14.756550284052107        14.769161229769995        20.361539968306360        16.073464756955744     
   8791.5813690951236       -3.9316629999999999        2.7114843573406913        9.1893664000000008        4.6598000000000004E-003   14.846496155057665        14.892425566932239        14.721801224350259        15.059917130296654        14.886550965064764        14.921884209545627        15.052634898873876        15.225473411549952        14.881408851490306        14.924969559350167        15.057950834384705        15.196142857356300        15.316232154111034        14.278383857927196        15.024655684469003        14.890116120333474        14.775796689705828        14.693810729828968        14.778439099273477        14.759262024638542        14.771711663028626        20.399544917706862        16.087126995228218     
   8775.8663372496831       -3.9347720000000002        2.7152712097713914        9.1893694000000004        4.6598000000000004E-003   14.851601093455358        14.898226676388049        14.725716717316775        15.067992388333280        14.892674928266977        14.926541625611371        15.056613251967775        15.228947992593515        14.887278676040687        14.929625925572019        15.061872182318410        15.199650990904374        15.319520934555804        14.286352472321166        15.031131319438266        14.895333756191810        14.780300952820674        14.697569544794099        14.781360255958916        14.761861003203666        14.774160747026823        20.435205737684413        16.100182072266527     
   8760.6836871436826       -3.9377849999999999        2.7189541777927917        9.1893723999999999        4.6598000000000004E-003   14.856522628190390        14.903820798121629        14.729495052692773        15.075788848197313        14.898580245128706        14.931032330522086        15.060452317944197        15.232304860986908        14.892938462635616        14.934114082691735        15.065655451955337        15.203038020395653        15.322696764375394        14.294045901046601        15.037378648014254        14.900363447459938        14.784645136762155        14.701196510678933        14.784188401256500        14.764383115305208        14.776541740898811        20.469106807328743        16.112814993666031     
   8745.8092307520201       -3.9407380000000001        2.7225905338979710        9.1893753000000000        4.6598000000000004E-003   14.861399832828305        14.909376598533871        14.733248134737064        15.083563291086648        14.904435827380581        14.935494513477842        15.064256423718220        15.235639678131996        14.898560770338872        14.938575179719354        15.069424017560905        15.206393274602050        15.325840191704820        14.301705353303859        15.043591259105121        14.905354398748777        14.788949745747399        14.704787396681475        14.786974476071755        14.766887051430778        14.778909595230196        20.506841864447921        16.125441555711021     
   8731.1610692748254       -3.9436529999999999        2.7261849046490543        9.1893782000000002        4.6598000000000004E-003   14.866355986444219        14.915047308961867        14.737075073460584        15.091567442282795        14.910391349362882        14.940055209721695        15.068113660477124        15.239034169470543        14.904305674460829        14.943141504142375        15.073294851943011        15.209791408822639        15.329018549522971        14.309560563946818        15.049949718688381        14.910441851750853        14.793317077708348        14.708421886782823        14.789745691604253        14.769417122324253        14.781305244692440        20.556071271880867        16.138480906915877     
   8716.7983629821083       -3.9465159999999999        2.7297355176861906        9.1893811000000003        4.6598000000000004E-003   14.871203620175088        14.920590931225206        14.740816138338939        15.099408325957800        14.916215592338926        14.944513090503825        15.071886434021458        15.242354499846194        14.909924687672387        14.947604902816071        15.077079599103598        15.213117953197852        15.332133604816050        14.317254767501190        15.056170331344099        14.915415583236012        14.797585361999918        14.711977538350723        14.792464823238483        14.771904455924584        14.783663420683983        20.603705736168422        16.151294035312031     
   8702.5795130015867       -3.9493540000000000        2.7332309464225850        9.1893838999999993        4.6597000000000001E-003   14.876037660801011        14.926109460720088        14.744555317623597        15.107210171298778        14.922013257985288        14.948959329534627        15.075658956207523        15.245680362736433        14.915520431224440        14.952056604064879        15.080862649544020        15.216452544973297        15.335262731260006        14.324910775470382        15.062361649150056        14.920371881378397        14.801843902840908        14.715536365058657        14.795205194084531        14.774419882417387        14.786053561712265        20.650289622399786        16.164052619126505     
   8688.2438177495296       -3.9522240000000002        2.7367225014350089        9.1893867000000000        4.6597000000000001E-003   14.880852716447809        14.931610068325984        14.748267143564703        15.115021988120180        14.927796631513768        14.953381429978052        15.079406365144575        15.248978703164227        14.921101484225140        14.956484211140559        15.084619337883989        15.219762281801497        15.338369248477786        14.332574925756095        15.068543171086741        14.925307603044256        14.806076762095653        14.719069583242739        14.797922987058030        14.776915447793591        14.788425409505816        20.696584809616798        16.176896454315429     
   8673.6321557677456       -3.9551520000000000        2.7402182183615755        9.1893895000000008        4.6597000000000001E-003   14.885748348172928        14.937199735480664        14.752038957596373        15.122976789594727        14.933675888545558        14.957874509744183        15.083216478785459        15.252332406456880        14.926775828655966        14.960982903115816        15.088437529582588        15.223130283089873        15.341534183240189        14.340378566414294        15.074829544100648        14.930323541225068        14.810376957076382        14.722662685336228        14.800695047541272        14.779465719718612        14.790852265923920        20.743125842762243        16.190015837794565     
   8658.7061247344773       -3.9581450000000000        2.7437600615370275        9.1893922999999997        4.6597000000000001E-003   14.890736680839936        14.942892122353694        14.755879970655986        15.131095029609458        14.939665535120248        14.962449511192052        15.087098733246080        15.255749788697425        14.932557511535713        14.965563637096757        15.092326597247915        15.226565066764849        15.344765768844812        14.348341714270571        15.081236423744990        14.935431972734506        14.814754923170621        14.726324616606380        14.803528780242903        14.782077808821651        14.793341081506004        20.789995508117922        16.203446982863138     
   8643.8057791808715       -3.9611399999999999        2.7472884036548488        9.1893951000000005        4.6597000000000001E-003   14.895703697769829        14.948557028874557        14.759702324881363        15.139191527503737        14.945628640794851        14.967001772510173        15.090964392753246        15.259152744755639        14.938314379627556        14.970121620544827        15.096197607762484        15.229988212484304        15.347990338034986        14.356282702518623        15.087617413269069        14.940516063104926        14.819110487684636        14.729971700323393        14.806359683499192        14.784692406698305        14.795835438068874        20.836106500248508        16.216884753284180     
   8628.8515998798011       -3.9641500000000001        2.7508096566789653        9.1893978000000001        4.6597000000000001E-003   14.900675873482367        14.954224639989750        14.763526387522251        15.147309472137270        14.951596986444610        14.971555548960222        15.094834061922025        15.262559412925551        14.944077116871728        14.974681139494518        15.100071190004453        15.233417974519089        15.351225097188095        14.364243888141473        15.094006527149791        14.945602904111457        14.823466855936520        14.733623377861772        14.809202871813760        14.787323486612006        14.798348674498914        20.881702806745071        16.230400943421092     
   8613.8439551927149       -3.9671759999999998        2.7543237850485900        9.1894006000000008        4.6595999999999999E-003   14.905699543627701        14.959941220254613        14.767398530427570        15.155495177188097        14.957616844770406        14.976157162693507        15.098754134519758        15.266016214172176        14.949892015618275        14.979288515547751        15.103993721699041        15.236900803387623        15.354516548843968        14.372271581582467        15.100450042715828        14.950738797249251        14.827870355332593        14.737326063743332        14.812104896635681        14.790017660758895        14.800927437596570        20.926822845412609        16.244042152020516     
   8598.7634149108526       -3.9702229999999998        2.7578258885723486        9.1894031999999992        4.6595999999999999E-003   14.910687794140618        14.965620689425954        14.771230356459608        15.163665882914721        14.963602547563735        14.980719126684910        15.102636303204100        15.269434256766111        14.955673159573870        14.983856269794515        15.107876879863031        15.240347877811249        15.357775677567606        14.380282809607685        15.106862856881428        14.955836938862895        14.832233241791812        14.740991185237142        14.814976280928228        14.792685243665474        14.803481926698140        20.971422628482763        16.257733145413777     
   8583.4325749931031       -3.9733269999999998        2.7613402666728097        9.1894059000000006        4.6595999999999999E-003   14.915745478996008        14.971375868873167        14.775113138898085        15.171964047525236        14.969670566267197        14.985341208724819        15.106572503830293        15.272900063361313        14.961534658801448        14.988484237549692        15.111812563894162        15.243846154478430        15.361087371504080        14.388418132107361        15.113366511124749        14.961003381482072        14.836652941688719        14.744708170986293        14.817897469001259        14.795404448502463        14.806089119347710        21.016051416850679        16.271682576634909     
   8567.8923257319020       -3.9764750000000002        2.7648620770004535        9.1894086000000001        4.6595999999999999E-003   14.920858505751699        14.977190570317234        14.779035951080321        15.180367170372559        14.975803947597278        14.990010376871467        15.110551768947641        15.276403985343045        14.967460175608874        14.993159371361489        15.115789738504645        15.247386032338063        15.364442730108930        14.396655450291981        15.119942954814693        14.966223608978730        14.841116962690677        14.748466702621350        14.820860767556312        14.798168355468228        14.808742527939948        21.060557801784888        16.285854649905005     
   8552.1832884269752       -3.9796670000000001        2.7683945908575587        9.1894112999999997        4.6595999999999999E-003   14.926013004250375        14.983048892993345        14.782988060976120        15.188852977862016        14.981986015525379        14.994713836403456        15.114563303700042        15.279936524411752        14.973433631295741        14.997868860887877        15.119797556554598        15.250958030808086        15.367832924690006        14.404972896980020        15.126574407792898        14.971483359220109        14.845613046320388        14.752256616281343        14.823858511483472        14.800970017263651        14.811435605815188        21.104798572074436        16.300213499769331     
   8536.2671842501295       -3.9829070000000000        2.7719345779345215        9.1894138999999999        4.6595999999999999E-003   14.931221030232393        14.988964409991162        14.786978621357193        15.197441839427867        14.988231190402665        14.999462459081585        15.118616491068401        15.283505949870317        14.979468992088258        15.002623592855990        15.123845333743077        15.254570628050367        15.371266160384387        14.413390404173263        15.133276439380602        14.976794832410029        14.850151558864130        14.756086808696722        14.826898088447070        14.803816540217881        14.814175306381863        21.148854302514572        16.314795295681563     
   8520.2237510899322       -3.9861759999999999        2.7754755299479501        9.1894165000000001        4.6595999999999999E-003   14.936456031741130        14.994906847070926        14.790987204258364        15.206090444942969        14.994507598481491        15.004231917418970        15.122690665903356        15.287094069796332        14.985535484277758        15.007399208883946        15.127912379820202        15.258205516667527        15.374725182389959        14.421865495845609        15.140014936211735        14.982130856781946        14.854709225627083        14.759937781243863        14.829964342132122        14.806693914314199        14.816948256697550        21.192480129843140        16.329528057209860     
   8504.1321443459983       -3.9894630000000002        2.7790207066489270        9.1894191000000003        4.6594999999999996E-003   14.941738540654763        15.000893151641813        14.795040405355040        15.214802578552375        15.000830567155356        15.009044999519547        15.126812140873037        15.290729620792456        14.991649496681818        15.012218466655616        15.132025014877046        15.261891255960935        15.378239499050233        14.430402799365650        15.146802971593532        14.987511412248102        14.859309879666716        14.763836973618988        14.833088785163815        14.809634678376463        14.819787564388042        21.235494563025327        16.344386263742393     
   8488.1491071825149       -3.9927350000000001        2.7825537617278711        9.1894217999999999        4.6594999999999996E-003   14.946987089205978        15.006952223121262        14.799026864055259        15.223888788239721        15.007274269685633        15.013794447322541        15.130843036845038        15.294257884760237        14.997825095116051        15.016992155340235        15.136029836853323        15.265479347701815        15.381596743742902        14.439296462495344        15.153698316359661        14.992862607625861        14.863877926494267        14.767645313339512        14.836137527092605        14.812521053584357        14.822647772110168        21.302166526844893        16.360378692577854     
   8472.5082422258693       -3.9959389999999999        2.7860533602264708        9.1894244000000000        4.6594999999999996E-003   14.952116100875211        15.012919872695081        14.802908600828042        15.232945984526639        15.013633694652798        15.018423620603686        15.134757026679596        15.297678959139931        15.003897763536836        15.021652636027701        15.139914836036239        15.268960353006802        15.384832839599367        14.448156887985187        15.160497271256959        14.998092496613689        14.868341085830776        14.771342632542948        14.839105907989039        14.815345752501534        14.825479889383287        21.375266622822672        16.376519398670617     
   8457.1298741409719       -3.9990980000000000        2.7895013459629117        9.1894270000000002        4.6594999999999996E-003   14.957129406735829        15.018764620861306        14.806697761434494        15.241851272731063        15.019862086548217        15.022944647180156        15.138574874034331        15.301018948169775        15.009840450871957        15.026206005365681        15.143706470970040        15.272357801152362        15.387992514852607        14.456866412998190        15.167159376854082        15.003202693166001        14.872700444290404        14.774949737459730        14.842011442442809        14.818120657159747        14.828271263355093        21.446585578103360        16.392456923565078     
   8441.8571712036755       -4.0022409999999997        2.7929205018851087        9.1894294999999993        4.6594999999999996E-003   14.962079196682454        15.024546891119011        14.810433972932417        15.250695469607786        15.026023836868431        15.027404726646369        15.142336606702019        15.304312762838579        15.015714769389506        15.030699737467794        15.147444420255534        15.275707242012212        15.391108785503421        14.465513939901969        15.173753391636611        15.008246457709175        14.877001497049251        14.778504424309981        14.844884229079559        14.820874152001808        14.831050117623905        21.516870285711526        16.408351373636521     
   8426.7090647051318       -4.0053630000000000        2.7963172905889633        9.1894320999999994        4.6594999999999996E-003   14.966959980990334        15.030260010283156        14.814113200957054        15.259467607577671        15.032111836214751        15.031798993123664        15.146038225402657        15.307556835461890        15.021514049145006        15.035128890041390        15.151124663640006        15.279005070986274        15.394178270551121        14.474088795219425        15.180271637001043        15.013218233689349        14.881239541312963        14.782002900816467        14.847720989961070        14.823602875314714        14.833812858938879        21.586046290402528        16.424181569268406     
   8411.6075084568201       -4.0084809999999997        2.7996949160278524        9.1894346000000002        4.6594999999999996E-003   14.971797399270615        15.035933793916074        14.817754858478123        15.268212884264370        15.038157856876795        15.036150594254154        15.149699308024902        15.310768273921630        15.027268636489291        15.039516765495337        15.154766631424431        15.282268697595102        15.397217152064039        14.482635197916347        15.186748075651609        15.018144167927739        14.885436894241929        14.785463659925911        14.850536557603883        14.826320925697347        14.836573609030713        21.654478624473740        16.440027947061381     
   8396.5910171943433       -4.0115879999999997        2.8030500118556581        9.1894370999999992        4.6594999999999996E-003   14.976579479146972        15.041554051086470        14.821349994992255        15.276908993504231        15.044146777848761        15.040448806093385        15.153310892229070        15.313939178698371        15.032964200679418        15.043852527873247        15.158361381536816        15.285490107413855        15.400217951786837        14.491131377410495        15.193166470030230        15.023012090343196        14.889583206117090        14.788878222143149        14.853323910979706        14.829021399948077        14.839325242860879        21.721999905387101        16.455849258155844     
   8381.5241364862632       -4.0147110000000001        2.8063890867217012        9.1894396000000000        4.6594000000000002E-003   14.981396058366297        15.047218157826176        14.824977734136990        15.285680981411467        15.050179305575011        15.044779104359009        15.156952259964939        15.317144834093607        15.038698814432177        15.048221986677898        15.161988036627243        15.288745045357711        15.403254414540932        14.499700583886838        15.199631395525710        15.027912620580981        14.893762577472501        14.792324084665079        14.856154839451161        14.831775268543769        14.842139162263937        21.789267579725081        16.471834596949986     
   8366.3301769401005       -4.0178680000000000        2.8097351794167662        9.1894421000000008        4.6594000000000002E-003   14.986177709785270        15.052861116946705        14.828562634436317        15.294480054466579        15.056192291660185        15.049069572662102        15.160547988171459        15.320307713380370        15.044407749774141        15.052553451313823        15.165571137446108        15.291956211062381        15.406248178808884        14.508292952998939        15.206081931006278        15.032776720158381        14.897902350141617        14.795724867969390        14.858950088106223        14.834503063462716        14.844936359539954        21.856521223442900        16.487973023309117     
   8351.1445316385634       -4.0210239999999997        2.8130717862260006        9.1894445000000005        4.6594000000000002E-003   14.990928096698585        15.058478994378643        14.832119048364401        15.303274409958799        15.062178486733597        15.053328242450707        15.164112298615382        15.323445971475248        15.050086424468038        15.056854605674701        15.169125044304888        15.295141312881729        15.409218923828011        14.516878498308262        15.212506945446989        15.037607292138251        14.902011916056779        14.799096556684550        14.861731206681519        14.837227054278742        14.847738588406781        21.923201673596093        16.504168088207056     
   8335.9672553594664       -4.0241870000000004        2.8163972135849469        9.1894469999999995        4.6594000000000002E-003   14.995647237646200        15.064071795663839        14.835646994218905        15.312064014611732        15.068137897733234        15.057555133015367        15.167645214343057        15.326559623690482        15.055734852203940        15.061125466682984        15.172649776740403        15.298300368113566        15.412166664405696        14.525457189979853        15.218906443093797        15.042404357110552        14.906091293180506        14.802439171804718        14.864498199117058        14.839947232783100        14.850545829867499        21.989310074564894        16.520419652582785     
   8320.7792433991053       -4.0273560000000002        2.8197097607310342        9.1894494000000009        4.6594000000000002E-003   15.000361871343781        15.069696474609206        14.839122038306019        15.320960153505435        15.074146817680674        15.061773842726641        15.171116606188988        15.329584155250874        15.061424643522617        15.065381644765484        15.176118467251229        15.301370751245354        15.415010830556614        14.534142477698420        15.225369246658971        15.047216902703138        14.910146156825487        14.805707487459479        14.867142713694840        14.842538199251567        14.853243176475807        22.055238812028275        16.536770541067870     
   8305.6762771581853       -4.0305179999999998        2.8230093771101266        9.1894518000000005        4.6594000000000002E-003   15.005084198490888        15.075404669702838        14.842474431515328        15.330080285482783        15.080289802255781        15.065993311275275        15.174449656466262        15.332384145752211        15.067236208944845        15.069616664374852        15.179456453590394        15.304221123905734        15.417591887093270        14.543058124097922        15.231999529171812        15.052094011348853        14.914153468941738        14.808798205806980        14.869457279862555        14.844765177383952        14.855614982961370        22.120564468337211        16.553142342150220     
   8290.5625446264221       -4.0336840000000000        2.8262926940393438        9.1894542999999995        4.6594000000000002E-003   15.009793198746497        15.081102440028442        14.845802333064661        15.339220005349073        15.086427765864887        15.070194789947866        15.177758902393155        15.335157757298994        15.073040319779775        15.073832213968021        15.182767742605680        15.307045855722695        15.420149306500431        14.551992508537491        15.238630933443364        15.056957200458459        14.918138250647086        14.811862050474755        14.871750920680704        14.846982059125207        14.857989885764677        22.184584849153094        16.569572206950252     
   8275.5144244243329       -4.0368430000000002        2.8295613114454050        9.1894565999999998        4.6592999999999999E-003   15.014511788752939        15.086807691421621        14.849135696530388        15.348379659100855        15.092576361105946        15.074403787804711        15.181074387981534        15.337937750384389        15.078854328715961        15.078053738707274        15.186082383729625        15.309877445187963        15.422716924019694        14.560947020472488        15.245276584751613        15.061828613426341        14.922127128938511        14.814930320292833        14.874058783472629        14.849224313002464        14.860402476529968        22.247029543156756        16.586023411314635     
   8260.5126384316118       -4.0399940000000001        2.8328118484882063        9.1894589999999994        4.6592999999999999E-003   15.019152909747154        15.092434607064240        14.852385798841167        15.357477566757643        15.098650283945334        15.078532636833836        15.184307359356646        15.340634711658110        15.084592526197754        15.082193603746289        15.189311654072268        15.312626536951589        15.425205024274957        14.569839723038461        15.251851753946204        15.066621392993929        14.926032203130928        14.817913977871582        14.876290793366548        14.851401667506790        14.862762564877203        22.307901076019867        16.602423297124879     
   8245.5000755373385       -4.0431590000000002        2.8360508973113943        9.1894614000000008        4.6592999999999999E-003   15.023606022596736        15.097955756365218        14.855295294103653        15.366941719362549        15.104672504795905        15.082398337559324        15.187193458551610        15.342969301181553        15.090260155862692        15.086048819926178        15.192191191739488        15.315007591660502        15.427344040464126        14.579094019547993        15.258484333883223        15.071219130114914        14.929632149570997        14.820546556894653        14.878250376807079        14.853570114444780        14.865413090696064        22.385808289719932        16.619974657409387     
   8230.5337477887533       -4.0463160000000000        2.8392750810644922        9.1894636999999992        4.6592999999999999E-003   15.027627393731107        15.103234418187595        14.857433477866858        15.377207018340121        15.110571963558426        15.085663269668201        15.189294738351341        15.344481454349177        15.095763333901191        15.089257520337389        15.194283084550134        15.316554213845818        15.428682657976493        14.589140993812746        15.265236982545693        15.075370817049139        14.932543323942815        14.822388575238291        14.879582406211936        14.855723370876374        14.868734495036778        22.504297041873997        16.640053026957204     
   8215.5945852774857       -4.0494729999999999        2.8424860130109706        9.1894661000000006        4.6592999999999999E-003   15.031633795333905        15.108506485949539        14.859543006477464        15.387481443351055        15.116472982788926        15.088906784234235        15.191371036495431        15.345956810897180        15.101263120850254        15.092447051651765        15.196347179193905        15.318068270438109        15.429978352451903        14.599197488908365        15.271993856729521        15.079509446374276        14.935433719963610        14.824201787163714        14.880869986614263        14.857862062363450        14.872064148087686        22.620433994844809        16.660121568166446     
   8200.6447732443849       -4.0526400000000002        2.8456836438585986        9.1894684000000009        4.6592999999999999E-003   15.035635398454309        15.113785314238557        14.861629280639077        15.397790954058250        15.122390492560660        15.092137137798103        15.193427664095614        15.347399180176430        15.106773441831711        15.095625529667563        15.198388760591000        15.319553661978466        15.431234487355473        14.609288914467433        15.278772043467354        15.083645521770068        14.938310699964843        14.825990844147325        14.882116458104845        14.859991624167000        14.875410450658629        22.734515951432499        16.680230990568582     
   8185.6467722522493       -4.0558230000000002        2.8488695960183708        9.1894706999999993        4.6592999999999999E-003   15.039642199286154        15.119084170538121        14.863697384448718        15.408161603008791        15.128339419773104        15.095362342012981        15.195469652270939        15.348811974943557        15.112308167228184        15.098800848844411        15.200412805328176        15.321013934722457        15.432453970196894        14.619440774691077        15.285588656535046        15.087789389206014        14.941181388469913        14.827760080194031        14.883324696452808        14.862117338833469        14.878781891690002        22.846817015298058        16.700431964097433     
   8170.5068794742137       -4.0590390000000003        2.8520605585956220        9.1894729999999996        4.6592999999999999E-003   15.043679086221585        15.124436219789368        14.865759765931012        15.418658715225716        15.134357168907718        15.098602252352086        15.197509355365300        15.350203370779075        15.117902005083286        15.101992594217299        15.202431501288052        15.322457643438510        15.433643644869532        14.629717027788383        15.292486601825031        15.091966834803108        14.944063426011960        14.829520062978053        14.884501444761680        14.864252283086069        14.882199808485337        22.957997723577392        16.720851202578885     
   8155.3198753071147       -4.0622749999999996        2.8552498401827373        9.1894752999999998        4.6591999999999996E-003   15.047767245250625        15.129854619253276        14.867849643611414        15.429263713957241        15.140452908040981        15.101882893856033        15.199580203269651        15.351610608710235        15.123566668477135        15.105227133632702        15.204478355540221        15.323921784145135        15.434841891566148        14.640100479529107        15.299469617876110        15.096198205805432        14.946985077994150        14.831305891035228        14.885685134443513        14.866429492470740        14.885689683789071        23.067367696621179        16.741407992319250     
   8140.1236133816101       -4.0655169999999998        2.8584307213613576        9.1894775000000006        4.6591999999999996E-003   15.051803358572048        15.135232794622791        14.869868584735119        15.439857227793237        15.146518426881567        15.105102918711506        15.201583831927149        15.352936903716348        15.129194989951490        15.108403246451889        15.206455047556812        15.325309455000824        15.435952408266278        14.650472311518076        15.306427305096552        15.100379840302384        14.949845891557604        14.833019885719469        14.886779487125882        14.868550386591512        14.889149802222438        23.174548529182939        16.761958123258278     
   8124.8621260271302       -4.0687810000000004        2.8616065259698065        9.1894798000000009        4.6591999999999996E-003   15.055848818593841        15.140637166402346        14.871870416581412        15.450525095603584        15.152622750669703        15.108320649700662        15.203574039343362        15.354233461750258        15.134854339589676        15.111579110474338        15.208415254573357        15.326672120495012        15.437025558311507        14.660917544537323        15.313432009896832        15.104573682167757        14.952702866209972        14.834714745842465        14.887834800811852        14.870669295958752        14.892639629625361        23.279966073816798        16.782624143190379     
   8109.5545595266030       -4.0720580000000002        2.8647721904818573        9.1894819999999999        4.6591999999999996E-003   15.059898485573125        15.146061006925830        14.873852374181656        15.461254243866392        15.158758376928869        15.111531901049609        15.205548117157988        15.355498296235542        15.140537710536204        15.114750616719707        15.210356273559047        15.328007760629053        15.438059560333389        14.671423386074519        15.320475144237946        15.108774430935437        14.955552269181080        14.836388084111338        14.888849291421003        14.872783446412807        14.896154942002038        23.383462831289219        16.803380366649652     
   8094.3131086996282       -4.0753290000000000        2.8679344045817898        9.1894842000000008        4.6591999999999996E-003   15.063922681403014        15.151464547120256        14.875799965697841        15.471965981998412        15.164880302374936        15.114713152931074        15.207491623736370        15.356722190476493        15.146203424738079        15.117894532512718        15.212263911001191        15.329306630855335        15.439046903308810        14.681912781244087        15.327505046773549        15.112951296310211        14.958373232534750        14.838027671993363        14.889815597694938        14.874877361095827        14.899669950376012        23.484285094262038        16.824074642595466     
   8079.1747149269941       -4.0785840000000002        2.8710746297609728        9.1894864999999992        4.6591999999999996E-003   15.067911771676460        15.156834628351273        14.877708880969617        15.482633873201440        15.170973468829366        15.117856946237985        15.209400196212624        15.357902748549936        15.151837626502743        15.121003452252786        15.214133939992340        15.330566079149005        15.439985876527476        14.692359831190519        15.334504388165126        15.117094236476223        14.961159169958762        14.839629957447539        14.890732090531078        14.876946145530329        14.903175895071609        23.582225955065912        16.844656390286826     
   8064.1574752535917       -4.0818170000000000        2.8741860499924070        9.1894887000000001        4.6591999999999996E-003   15.071861187454108        15.162164782414077        14.879577434979577        15.493244523103353        15.177030328985847        15.120959905965261        15.211272068728942        15.359039367420802        15.157433448750371        15.124073993610498        15.215964705307446        15.331785310887252        15.440876311115826        14.702751407346728        15.341464437224321        15.121198450269187        14.963907135114329        14.841193638386809        14.891598654814505        14.878987575740968        14.906668248740647        23.677216072283354        16.865100330222734     
   8049.2237508871767       -4.0850400000000002        2.8772803810249576        9.1894908999999991        4.6591999999999996E-003   15.075780974146237        15.167468298052757        14.881410806952839        15.503823957500515        15.183065803135960        15.124030114857810        15.213112354149818        15.360135583239718        15.163004772211192        15.127114113890510        15.217761275311332        15.332967980503582        15.441721259670427        14.713112985583408        15.348402293023859        15.125274326470599        14.966624320664426        14.842723143897718        14.892418318568239        14.881006985210998        14.910155475348400        23.769538096438861        16.885457185148400     
   8034.2806824349273       -4.0882680000000002        2.8803609424922936        9.1894930000000006        4.6591999999999996E-003   15.079695579061049        15.172778143385365        14.883220603555582        15.514437746519299        15.189117339285424        15.127086799199265        15.214932675903864        15.361198488318838        15.168586202649703        15.130142836315851        15.219535022724976        15.334121686264233        15.442526299344010        14.723508782467167        15.355360980069189        15.129347267165326        14.969327758504555        14.844228196927556        14.893196507731819        14.883017014486033        14.913659144469005        23.859781414376346        16.905853291740339     
   8019.4392166282887       -4.0914830000000002        2.8834226152314359        9.1894951999999996        4.6591000000000002E-003   15.083622585055664        15.178101451348795        14.885040181968499        15.525053451144373        15.195186482876494        15.130153977058562        15.216766279057474        15.362267069960978        15.174182825141287        15.133184366884819        15.221319564578433        15.335284701329847        15.443332392370227        14.733907975440317        15.362335275318102        15.133433659559280        14.972044088092368        14.845744422654938        14.893974407321405        14.885049436631213        14.917199733258009        23.947343430585867        16.926183661274358     
   8004.6435983312858       -4.0946939999999996        2.8864687210746776        9.1894972999999993        4.6591000000000002E-003   15.087483499669361        15.183364810666692        14.886783395007473        15.535617141018985        15.201202483292434        15.133150047452116        15.218527017042614        15.363252496932109        15.179722200453099        15.136156976692185        15.223028611685219        15.336368486599785        15.444049815060573        14.744255822794354        15.369257760681215        15.137455578592217        14.974690391870372        14.847184545553134        14.894662200615425        14.887018663362035        14.920696928852223        24.032490036956247        16.946430804462821     
   7989.7832911852038       -4.0979239999999999        2.8895025955002032        9.1894995000000002        4.6591000000000002E-003   15.091001637176923        15.188874182619045        14.887282377214397        15.547579443824979        15.207902835149703        15.135574775197206        15.219057043008615        15.362663583214982        15.185805023370854        15.138553058534576        15.223494665383907        15.335916264681373        15.443182065984576        14.755921549589242        15.376982795063483        15.141523719756002        14.976607063561822        14.847203147842599        14.894375623363032        14.889796010485590        14.927355303244877        24.130519276354555        16.969550723205945     
   7974.8954828003361       -4.1011670000000002        2.8925309784902726        9.1895015999999998        4.6591000000000002E-003   15.094393834500366        15.194518438233992        14.887256810639137        15.560166777097155        15.214924714257506        15.137788308442016        15.219069434176305        15.361396785467960        15.192150931166694        15.140732575735630        15.223438309883690        15.334801833672504        15.441632265380512        14.768179020450617        15.385083098503031        15.145645419879717        14.978235551742827        14.846614664992238        14.893668026345370        14.892959014519242        14.935489165782514        24.235848919141347        16.993901101157526     
   7959.9437729314623       -4.1044260000000001        2.8955572423539340        9.1895036999999995        4.6591000000000002E-003   15.097835265872231        15.200215586071209        14.887275594514758        15.572802462246180        15.221992358346551        15.140066093296326        15.219128485051954        15.360162746106703        15.198544765068220        15.142973368869203        15.223428318015699        15.333720131285453        15.440112635497805        14.780487716849070        15.393235075407631        15.149822234700125        14.979920206331407        14.846066057591859        14.892971913939679        14.896151490947734        14.943699596359103        24.342578246629273        17.018269733182976     
   7944.9835071474226       -4.1076990000000002        2.8985745797402154        9.1895057999999992        4.6591000000000002E-003   15.101313445773794        15.205944746270397        14.887338985326412        15.585439683718608        15.229079718832899        15.142400098279751        15.219234318725164        15.358966313817874        15.204963007744340        15.145267522796352        15.223465068431928        15.332675437394823        15.438629072352501        14.792802064893436        15.401408672521463        15.154038976311817        14.981655151054870        14.845559667579217        14.892289970723020        14.899361738763755        14.951956506341581        24.450319158892903        17.042565784958921     
   7930.0148391879275       -4.1109749999999998        2.9015812582605411        9.1895077999999994        4.6591000000000002E-003   15.104828416048136        15.211705920592735        14.887447086935364        15.598078289202650        15.236186756489211        15.144790415832500        15.219387042581772        15.357807596935597        15.211405637750403        15.147615125539666        15.223548669339252        15.331667857759165        15.437181685031192        14.805121924083963        15.409603838118969        15.158295682198805        14.983440476696067        14.845095602489351        14.891622251943581        14.902589755514477        14.960259864274128        24.559071734158557        17.066788806852614     
   7915.0379226193390       -4.1142609999999999        2.9045789432554785        9.1895098999999991        4.6591000000000002E-003   15.108380168835396        15.217499077719275        14.887599928661214        15.610718157436597        15.243313410670261        15.147237076715633        15.219586688656111        15.356686624198069        15.217872606329912        15.150016203556113        15.223679153280301        15.330697418304588        15.435770503157457        14.817447181696984        15.417820508282055        15.162592343298485        14.985276208477686        14.844673892155001        14.890968752997292        14.905835530428782        14.968609686593801        24.668837429512848        17.090938490972167     
   7900.0529108322135       -4.1175560000000004        2.9075676029709387        9.1895120000000006        4.6591000000000002E-003   15.111968743166727        15.223324217422860        14.887797610230436        15.623359137350121        15.250459641453926        15.149740168873237        15.219833360063774        15.355603500031481        15.224363890868176        15.152470840599154        15.223856624166196        15.329764220967242        15.434395631938649        14.829777698117525        15.426058630518572        15.166928994315942        14.987162433004166        14.844294640027769        14.890329527362642        14.909099060261028        14.977005940517845        24.779616233532188        17.115014395648931     
   7885.0962691654149       -4.1208520000000002        2.9105437949356632        9.1895140000000008        4.6589999999999999E-003   15.115631960950104        15.229213724165390        14.888086196085659        15.636017073492919        15.257654640002375        15.152340119140593        15.220172997829366        15.354607421239905        15.230910268263429        15.155019587193529        15.224127191595134        15.328917099170059        15.433106981278890        14.842130065759502        15.434344732970722        15.171341629088246        14.989141091539203        14.844005320236789        14.889752732343727        14.912418980568969        14.985474694772204        24.891182878724010        17.139004665845938     
   7870.0954573159643       -4.1241599999999998        2.9135125988380364        9.1895159999999994        4.6589999999999999E-003   15.119294190397149        15.235102758290623        14.888373696980040        15.648659914471374        15.264839880182762        15.154956168228281        15.220513863614698        15.353600156432279        15.237450073185855        15.157581431206268        15.224398782115045        15.328058542898003        15.431804898703334        14.854470757239902        15.442625585817588        15.175758255850496        14.991128401556487        14.843711136523726        14.889142137249813        14.915717976176474        14.993963664439654        25.003986978487660        17.162932112270610     
   7855.1231834004084       -4.1274689999999996        2.9164705707524332        9.1895179999999996        4.6589999999999999E-003   15.122984343719171        15.241009428862384        14.888705398593380        15.661272978671477        15.272027167346323        15.157622331193387        15.220900987880182        15.352633257178809        15.243998247492719        15.160190645968918        15.224716761940044        15.327239381932806        15.430542362703072        14.866786562237394        15.450907685934069        15.180204134526356        14.993161416908627        14.843460190790946        14.888547333383027        14.919026690542172        15.002478378876475        25.117529951272338        17.186727229858796     
   7840.2154985709749       -4.1307729999999996        2.9194108333241835        9.1895199999999999        4.6589999999999999E-003   15.126693211978438        15.246919245509176        14.889080088160679        15.673825947317219        15.279199049098544        15.160331677228648        15.221333004373136        15.351708696382378        15.250538830469736        15.162840464306306        15.225079931301515        15.326461239922160        15.429322070993109        14.879047837629464        15.459170932539745        15.184668210635582        14.995234783681532        14.843252692593751        14.887969618893248        14.922337008793470        15.010997946732552        25.231529571199971        17.210333527739785     
   7825.2460139935029       -4.1340940000000002        2.9223453141548843        9.1895220000000002        4.6589999999999999E-003   15.130452234509136        15.252882306867065        14.889500938347517        15.686425242965726        15.286416325902866        15.163107167436966        15.221813571250586        15.350818634157882        15.257127269642837        15.165553343433061        15.225491364705121        15.325717518579040        15.428133677035888        14.891358532074186        15.467485377521065        15.189188324792703        14.997366073251378        14.843086879805767        14.887404098882840        14.925676992617785        15.019594581019465        25.346952039712576        17.233951152380879     
   7810.2691432591491       -4.1374230000000001        2.9252688512426519        9.1895240000000005        4.6589999999999999E-003   15.134247989700263        15.258877137247854        14.889966730990999        15.699025026602342        15.293652871651105        15.165939095555920        15.222341268278690        15.349966574046427        15.263739760131934        15.168319784993827        15.225949893192180        15.325011184820390        15.426981759372097        14.903673885519019        15.475820915287812        15.193748307834525        14.999547882386551        14.842963652551052        14.886852931957442        14.929034612830325        15.028237324314798        25.463384455920334        17.257493651166875     
   7795.3388864215176       -4.1407509999999998        2.9281831237133815        9.1895260000000007        4.6589999999999999E-003   15.138066655868560        15.264882009254052        14.890475613151310        15.711579890100442        15.300882532762493        15.168817036351882        15.222914010923390        15.349155439481237        15.270352378623723        15.171129611036125        15.226453681601029        15.324344639431388        15.425870328097453        14.915949498503394        15.484147424539799        15.198331571716096        15.001772151991624        14.842883289823838        14.886318049638842        14.932397701638997        15.036894852198238        25.580403333294619        17.280876477733884     
   7780.4192554445954       -4.1440799999999998        2.9310846671644124        9.1895278999999999        4.6589999999999999E-003   15.141917256203797        15.270911241472881        14.891028587234310        15.724120112458330        15.308122648893324        15.171747634379358        15.223532943045999        15.348383091612789        15.276980950884465        15.173989318203780        15.227003707954324        15.323716095824100        15.424796529195042        14.928214953375022        15.492484878108876        15.202948963141750        15.004043985750833        14.842845387762470        14.885798106174775        14.935774272404391        15.045587756504247        25.698284959981081        17.304156437120383     
   7765.5460602118255       -4.1474060000000001        2.9339700045767958        9.1895299000000001        4.6589999999999999E-003   15.145790320788496        15.276950183403379        14.891624021122027        15.736615652346394        15.315355747209978        15.174723506723318        15.224196262356273        15.347651107418152        15.283609438888384        15.176891709918614        15.227598334656872        15.323126790266112        15.423762669917544        14.940440841923806        15.500813167421764        15.207589162345180        15.006357609320538        14.842849740507937        14.885294222771776        14.939156135311769        15.054295003974261        25.816741707843917        17.327278233510967     
   7750.7191435275527       -4.1507290000000001        2.9368408059637039        9.1895317999999993        4.6588999999999997E-003   15.149732209739682        15.283045257870967        14.892308173604345        15.749113274539283        15.322628373144660        15.177790825293542        15.224950208090341        15.347005798225869        15.290284339273306        15.179882983551565        15.228283800949619        15.322623041462307        15.422815072543223        14.952673888299216        15.509178831749534        15.212298505096811        15.008759244249468        14.842942623800525        14.884852916547466        14.942589782629362        15.063062837226973        25.935812010274411        17.350289424866606     
   7735.8849110314359       -4.1540590000000002        2.9397021906587892        9.1895337000000001        4.6588999999999997E-003   15.155107673039225        15.290177512270485        14.895179954887524        15.761140624680021        15.330841116148882        15.182460373115646        15.227857683345984        15.348938232168031        15.298083997980420        15.184526391207303        15.231160937703148        15.324653627628020        15.424559267102303        14.964434805930722        15.518123785766456        15.218448075411345        15.012932948931777        14.845391959620322        14.887439327556997        14.948440444970327        15.072135930726674        26.018473139277013        17.370893788590013     
   7721.0612916027576       -4.1573909999999996        2.9425506821265301        9.1895355999999992        4.6588999999999997E-003   15.160591272429912        15.297361410518768        14.898261151719787        15.773092685842101        15.339072931959535        15.187272012854166        15.230970034599501        15.351118853019202        15.305910818761372        15.189314526615355        15.234248294564164        15.326929477506084        15.426565708265990        14.976118933357899        15.527066219861624        15.224680196731001        15.017270594284309        14.848069071551969        14.890312896452130        14.954492611229952        15.081297367854788        26.103175574147009        17.391194344054320     
   7706.2838217711933       -4.1607209999999997        2.9453845159723149        9.1895375000000001        4.6588999999999997E-003   15.166096171629228        15.304525466627247        14.901433605017289        15.784961703789904        15.347253939743048        15.192132913720670        15.234170772065017        15.353411928077193        15.313686574184963        15.194151996326195        15.237427560773146        15.329316814858412        15.428693379627536        14.987719330902188        15.535952944571413        15.230905512698477        15.021671909345233        14.850848276833716        14.893312988266707        14.960608288042565        15.090510058044387        26.191672310509944        17.411257753964854     
   7691.4815037336775       -4.1640629999999996        2.9482105521159991        9.1895393999999992        4.6588999999999997E-003   15.171680396163104        15.311734581775752        14.904748091529640        15.796791328951368        15.355463315582185        15.197096090703543        15.237509858371773        15.355868028097824        15.321496067339002        15.199093542653635        15.240754000424189        15.331863090217702        15.430990906948573        14.999271811952774        15.544847182214866        15.237201046810338        15.026194528906771        14.853782434788513        14.896527487093124        14.966989185015713        15.100087421820795        26.279054850923814        17.431143997397299     
   7676.6722656941674       -4.1674140000000000        2.9510253096793275        9.1895413000000001        4.6588999999999997E-003   15.177436349102294        15.319083252910232        14.908294688464657        15.808532660357820        15.363831301638271        15.202237259653643        15.241074525578888        15.358589704282906        15.329497106201874        15.204222327548756        15.244329315623979        15.334656654771802        15.433555214314669        15.010709656780968        15.553815461494935        15.243715582684750        15.030932939137191        14.856971453540368        14.900152174537190        14.974106455026785        15.110735455371213        26.342978686949955        17.450749367723777     
   7661.8738993393099       -4.1707679999999998        2.9538322121461027        9.1895430999999999        4.6588999999999997E-003   15.183214554383813        15.326430759167451        14.911895753510080        15.820237554720638        15.372179344382403        15.207408042613014        15.244691540259510        15.361381121077279        15.337479820301620        15.209382842185011        15.247954192325558        15.337515692812794        15.436194175410836        15.022116174434920        15.562764024039840        15.250235132252609        15.035706149894438        14.860217986805331        14.903828979384024        14.981133097113009        15.121143067362553        26.403513666194755        17.470240695357699     
   7647.0512357414636       -4.1741339999999996        2.9566295033157410        9.1895450000000007        4.6588999999999997E-003   15.189028760586993        15.333794559357894        14.915559886567841        15.831933810987941        15.380527262855551        15.212620750203762        15.248369538062370        15.364248967524144        15.345463159275440        15.214587375691224        15.251637280327174        15.340447048989340        15.438914122276358        15.033518460138886        15.571714120829952        15.256775188723356        15.040525529772310        14.863529792808357        14.907566681222360        14.988085695196830        15.131334721102494        26.460799331886427        17.489664224214650     
   7632.2221003105760       -4.1775080000000004        2.9594171531438498        9.1895468000000005        4.6588999999999997E-003   15.194872077063145        15.341165819403344        14.919282893527452        15.843607257889012        15.388864976959972        15.217869239917267        15.252104300793711        15.367190059632737        15.353437488273290        15.219829802057077        15.255374347380780        15.343447448906474        15.441712064503395        15.044902712768316        15.580654945814018        15.263327931246916        15.045385428356063        14.866903112564991        14.911360986561377        14.994955613380668        15.141297377596480        26.514756219123228        17.508996229662614     
   7617.4217214880573       -4.1808820000000004        2.9621933979212192        9.1895486999999996        4.6588999999999997E-003   15.200730544573574        15.348527010759739        14.923055768079930        15.855230244994242        15.397172709210885        15.223140946746721        15.255886799704275        15.370197209230611        15.361383887274414        15.225097565939720        15.259156364798990        15.346509573655656        15.444581142094073        15.056241956612691        15.589565290953487        15.269877758077691        15.050274189079225        14.870329761561869        14.915202727423754        15.001726725241987        15.151007935750485        26.565263790766700        17.528191063523359     
   7602.5975264446151       -4.1842670000000002        2.9649599384840331        9.1895504999999993        4.6588000000000003E-003   15.206671586578981        15.355950896165385        14.926938524256084        15.866890664570015        15.405526588043454        15.228501209120633        15.259777083225561        15.373327709383108        15.369377202894587        15.230455990812207        15.263043381431768        15.349690912835420        15.447578155858086        15.067623074943388        15.598523421169983        15.276494551964117        15.055255791291287        14.873868525077420        14.919152160175098        15.008469727338262        15.160547563881618        26.612549737513472        17.547363517852464     
   7587.6449382197452       -4.1876899999999999        2.9677167450592581        9.1895523000000008        4.6588000000000003E-003   15.212643968247033        15.363396361422179        14.930865874302405        15.878576804019286        15.413891783474792        15.233894800624537        15.263709884349172        15.376511190070087        15.377380081177034        15.235849869967868        15.266970063876887        15.352921390006500        15.450631867821158        15.079032460010989        15.607498781082317        15.283131589057501        15.060272411506748        14.877451730623267        14.923144432693867        15.015137315633861        15.169886422615772        26.656802382585173        17.566553775634429     
   7572.4950828724523       -4.1911620000000003        2.9704881241022187        9.1895541000000005        4.6588000000000003E-003   15.218722693060474        15.370944452388198        14.934904423482003        15.890388172269521        15.422352975935151        15.239394289267072        15.267751762992336        15.379811320143389        15.385475578549904        15.241351843161187        15.271002851106996        15.356264749618195        15.453805509068761        15.090568509244594        15.616578883826751        15.289866377319434        15.065395044741692        14.881144491214016        14.927246372105397        15.021803955773816        15.179106363287122        26.698160614905309        17.585893512163285     
   7557.2536669329247       -4.1946649999999996        2.9732636707130804        9.1895558000000008        4.6588000000000003E-003   15.224866142811489        15.378542630989148        14.939027706650524        15.902241520482402        15.430850716311831        15.244962305150391        15.271876167442645        15.383207226941384        15.393606838281240        15.246924586218778        15.275115172057337        15.359699691054917        15.457079232824753        15.102150041377058        15.625699980671914        15.296652221041800        15.070589097858807        14.884922838174372        14.931431001279119        15.028420575056334        15.188136087020755        26.736236145538360        17.605244796502713     
   7541.9213655150497       -4.1981929999999998        2.9760294608061399        9.1895576000000005        4.6588000000000003E-003   15.231074537911503        15.386190636795522        14.943236605999800        15.914135807349609        15.439384364933733        15.250599224135424        15.276083940337834        15.386700099747511        15.401773260708520        15.252568514929663        15.279307816358987        15.363227322061935        15.460454324440438        15.113776119186166        15.634861419940169        15.303488998161608        15.075855053663677        14.888787720283798        14.935699157104896        15.034985251296721        15.196970782374617        26.770963403888079        17.624604906814564     
   7526.5855092778265       -4.2017319999999998        2.9787837217433824        9.1895594000000003        4.6588000000000003E-003   15.237312783597606        15.393844951866381        14.947507722904238        15.926003003454735        15.447905179404749        15.256273275415420        15.280351668240012        15.390270765714451        15.409928209104326        15.258251839496317        15.283557429538366        15.366828229716159        15.463912329412256        15.125380289842450        15.644010888643695        15.310337868063876        15.081163304019146        14.892717726696677        14.940027079341053        15.041459743214137        15.205557807065706        26.802111636841570        17.643862569004128     
   7511.2462465542094       -4.2052790000000000        2.9815264193109408        9.1895611000000006        4.6588000000000003E-003   15.243580842334620        15.401505506332420        14.951841064398586        15.937842969024729        15.456413067461312        15.261984431945596        15.284679356322780        15.393919251071384        15.418071596175629        15.263974534394166        15.287864015197005        15.370502436566372        15.467453278507012        15.136962420176328        15.653148287721059        15.317198773925963        15.086513830082563        14.896712870251445        14.944414772061712        15.047843923769694        15.213896899028594        26.829678374704788        17.663017514715353     
   7495.9382454140305       -4.2088250000000000        2.9842557735565558        9.1895627999999991        4.6588000000000003E-003   15.250063546354657        15.409301206266818        14.956522973869664        15.949621794566045        15.465011545843442        15.267934751244827        15.289343686533154        15.397970094075802        15.426318528324565        15.269930877541061        15.292506726851318        15.374556254924780        15.471428902328977        15.148512680298897        15.662344343515176        15.324222970589087        15.092121916244171        14.901062406312363        14.949329977272704        15.054669247594273        15.222155467351509        26.851070590685264        17.681929137158434     
   7480.9198195006720       -4.2123100000000004        2.9869734933889101        9.1895646000000006        4.6588000000000003E-003   15.256968222041035        15.417341471287134        14.961939970656569        15.961150623316339        15.473765345635606        15.274365022202996        15.294715887663489        15.402875980874015        15.434756329376025        15.276345447131991        15.297863649934573        15.379414988598906        15.476338842007547        15.159883019030005        15.671603103491034        15.331562500923997        15.098252510147891        14.906161624513249        14.955481705857064        15.062826060440404        15.230687207873000        26.863617201274462        17.700197285395561     
   7466.0862037180204       -4.2157580000000001        2.9896603078213353        9.1895662999999992        4.6588000000000003E-003   15.263778064237648        15.425272243770621        14.967285293890633        15.972542511801709        15.482395931840834        15.280709106795495        15.300016286500036        15.407720651884325        15.443073448200654        15.282671893703995        15.303149638705502        15.384214536397547        15.481191774729112        15.171118368922830        15.680738051100722        15.338798355117714        15.104301287009928        14.911195208976380        14.961573830347550        15.070900038250169        15.239137103995549        26.875620440713011        17.718268193718853     
   7451.3677874651194       -4.2191879999999999        2.9923266364231855        9.1895679999999995        4.6588000000000003E-003   15.270525325324513        15.433131058943399        14.972584174165053        15.983850774384084        15.490944273558792        15.286996986896657        15.305269923638505        15.412526861080362        15.451309423502014        15.288940180613753        15.308389645314914        15.388977397000762        15.486010364630214        15.182271309364022        15.689792353678978        15.345964891115699        15.110296821438791        14.916186862767361        14.967634448542864        15.078928538553644        15.247544109497301        26.887148099087643        17.736225838797967     
   7436.7640050691416       -4.2225979999999996        2.9949706722309930        9.1895697999999992        4.6587000000000000E-003   15.277257099342750        15.440965070840052        14.977883536455129        15.995122346754277        15.499457665019593        15.293275674618252        15.310523738116308        15.417341417643746        15.459511568250713        15.295197367933271        15.313630592475407        15.393750344852345        15.490841323690512        15.193388769766928        15.698813197118023        15.353109299763917        15.116286097961344        14.921183449849091        14.973710031073312        15.086958077133575        15.255954626476525        26.898255844547670        17.754116893801623     
   7422.2913863624472       -4.2259820000000001        2.9975941092807146        9.1895714999999996        4.6587000000000000E-003   15.283872842350243        15.448672501216015        14.983084344489376        16.006251175254668        15.507833677852199        15.299445070399530        15.315678761414803        15.422065735149937        15.467577840450160        15.301343432227450        15.318773510034825        15.398434805350524        15.495585943846018        15.204364871515716        15.707697440250973        15.360130653514576        15.122169329477915        14.926086225847046        14.979700149851903        15.094885973867422        15.264265406127068        26.908847940442826        17.771827261143365     
   7407.8981044577249       -4.2293560000000001        3.0001968931761152        9.1895731999999999        4.6587000000000000E-003   15.290443057940111        15.456327778796338        14.988251932437832        16.017323624734189        15.516149237588154        15.305574021477549        15.320800178025410        15.426763354037009        15.475584084135290        15.307447181112979        15.323883524855662        15.403094146411314        15.500307750175638        15.215285432226894        15.716523713450831        15.367100981342732        15.128014323636206        14.930959413301084        14.985672529521063        15.102786865416151        15.272552340957889        26.919016682219073        17.789466407844756     
   7393.5157097370538       -4.2327349999999999        3.0027842380117669        9.1895748000000008        4.6587000000000000E-003   15.296999080439326        15.463967402790304        14.993410923154388        16.028392305375327        15.524444026571503        15.311691738740075        15.325912397133310        15.431456626631816        15.483568523180617        15.313537724425236        15.328984985993332        15.407750525637484        15.505029172823578        15.226202339998254        15.725334077441476        15.374053550720260        15.133848935486617        14.935826216811753        14.991655434162888        15.110698172204659        15.280854638448647        26.928814143605365        17.807117975169682     
   7379.0253104377707       -4.2361449999999996        3.0053631326550789        9.1895764999999994        4.6587000000000000E-003   15.303595008228195        15.471654425180256        14.998603909054497        16.039548768797047        15.532786466532864        15.317848724277079        15.331057618366815        15.436184332657300        15.491597000223488        15.319665319219100        15.334120010296244        15.412442431676043        15.509789264369141        15.237205891375039        15.734201270834967        15.381045705865548        15.139721332140526        14.940726832789638        14.997698467764687        15.118685457342581        15.289241146254385        26.938317070687233        17.824928145661730     
   7364.3937371892289       -4.2395940000000003        3.0079564185498739        9.1895781999999997        4.6587000000000000E-003   15.310245699728197        15.479406183938567        15.003842657536888        16.050818670401071        15.541195274310200        15.324058900355174        15.336247483075676        15.440957277614411        15.499687480769596        15.325843768356963        15.339300232485650        15.417180623679057        15.514599009029245        15.248321392005659        15.743145348251035        15.388093126322611        15.145644801638506        14.945672412068562        15.003815860311386        15.126767434497379        15.297731629558173        26.947537956583304        17.842938360944984     
   7349.7234825336200       -4.2430620000000001        3.0105430037218417        9.1895798000000006        4.6587000000000000E-003   15.316904392748496        15.487168191200384        15.009090384049424        16.062123151487107        15.549611271419112        15.330278640290787        15.341445537048665        15.445742014889577        15.507782992461012        15.332029629576502        15.344489277979557        15.421931924402772        15.519424778457294        15.259471064895154        15.752103480952703        15.395146208740771        15.151577738033955        14.950628262097490        15.009965047818428        15.134887802345494        15.306267026751145        26.956405513844956        17.861022952865731     
   7335.0486725616793       -4.2465330000000003        3.0131193451414773        9.1895814999999992        4.6587000000000000E-003   15.323555552967436        15.494922345172556        15.014334854425799        16.073435941880348        15.558014813933744        15.336493443386390        15.346639658969737        15.450527402685688        15.515864630418180        15.338208471539085        15.349675049116046        15.426685276145735        15.524255353402951        15.270628999637845        15.761054789552547        15.402188486834712        15.157506309767308        14.955582835843623        15.016131790389123        15.143027745644277        15.314827578359912        26.964896840017339        17.879139972006257     
   7320.3863071864798       -4.2500099999999996        3.0156871778846153        9.1895831000000001        4.6587000000000000E-003   15.330191484946079        15.502659671598538        15.019570001186635        16.084743927870122        15.566396178831356        15.342696116995649        15.351823840141440        15.455307904313431        15.523923046373300        15.344373145152746        15.354851546415381        15.431435178333283        15.529085141981044        15.281782262206724        15.769988910634117        15.409211814651252        15.163423655960921        14.960530401052315        15.022308935142513        15.151177821315310        15.323403353105865        26.973002949284670        17.897268410835487     
   7305.6859629220053       -4.2535040000000004        3.0182500072634855        9.1895846999999993        4.6587000000000000E-003   15.336834983298781        15.510406751935756        15.024813812636141        16.096086012238032        15.574784149988142        15.348907973126950        15.357015891996598        15.460099953918155        15.531985909910217        15.350544826160752        15.360036556487829        15.436197963656065        15.533930758569328        15.292969223141919        15.778936543952723        15.416240310392093        15.169350108668199        14.965487962022314        15.028517763848109        15.159366101433642        15.332023899817871        26.980750438386252        17.915470682923051     
   7291.0822920144728       -4.2569830000000000        3.0207972224809101        9.1895863000000002        4.6587000000000000E-003   15.343425252238427        15.518092685911204        15.030018285304786        16.107358275320507        15.583101985434086        15.355072153425064        15.362168289187922        15.464859661524374        15.539979464951459        15.356667036539053        15.365182614472841        15.440930001838675        15.538747797783218        15.304087383662781        15.787815788509176        15.423209672144361        15.175231419717131        14.970410124846667        15.034701310796626        15.167517480774700        15.340610120740623        26.988070547373511        17.933579898505748     
   7276.6083424197896       -4.2604369999999996        3.0233270158739751        9.1895878999999994        4.6585999999999997E-003   15.349994210558380        15.525746928141894        15.035218365365504        16.118581709378965        15.591377820301391        15.361221478060360        15.367316110982079        15.469622886416724        15.547932610935520        15.362772739054050        15.370324798735185        15.445667182404671        15.543571893920836        15.315158084751742        15.796653383287216        15.430151038945917        15.181101034140456        14.975332426926565        15.040891834128120        15.175659732013324        15.349188678809528        26.995002007202771        17.951601071246138     
   7262.1798476682588       -4.2638840000000000        3.0258358057992654        9.1895895000000003        4.6585999999999997E-003   15.356486777593853        15.533320728150381        15.040350919121083        16.129728076908016        15.599566607960730        15.367298374909966        15.372395931170226        15.474323879864100        15.555798446030403        15.368804144250118        15.375399638511754        15.450343580121578        15.548337579440409        15.326152199699491        15.805407455470393        15.437011558384009        15.186899739634958        14.980190080801554        15.047031603160166        15.183746462365578        15.357715625097436        27.001498387441345        17.969545150736593     
   7247.8300286633394       -4.2673240000000003        3.0283288502290575        9.1895910999999995        4.6585999999999997E-003   15.363013615617346        15.540920021542354        15.045520451902982        16.140856735741622        15.607788390614877        15.373407672514846        15.377521762275768        15.479068702955752        15.563707736713637        15.374876142701824        15.380520277670287        15.455069141486879        15.553136298257373        15.337131534257532        15.814187823527030        15.443913819596341        15.192737630239543        14.985098014979899        15.053222982239548        15.191951868243537        15.366408507487391        27.008197282078207        17.987466568186768     
   7233.5418760246757       -4.2707540000000002        3.0308096524298769        9.1895927000000004        4.6585999999999997E-003   15.369942272926318        15.548904838539032        15.051049453069817        16.152161606357438        15.616478628375001        15.379884286715066        15.383058621127519        15.484181732671400        15.572137866326011        15.381371056499789        15.386047001072667        15.460183567672717        15.558224454129403        15.348299444357894        15.823388821366835        15.451282006129391        15.198969034572302        14.990421468571169        15.059794299858057        15.200962112244200        15.376164750601051        27.018871630474322        18.005622546861815     
   7219.2652676257212       -4.2741860000000003        3.0332781811834901        9.1895942000000002        4.6585999999999997E-003   15.376853026778052        15.556872859703420        15.056564269201795        16.163469649233257        15.625153461023105        15.386343988112758        15.388579952385244        15.489284125558358        15.580545667062887        15.387850379610230        15.391557580617006        15.465284770102878        15.563302616745682        15.359470637376722        15.832577212255545        15.458624886793478        15.205181763263473        14.995729568455145        15.066375110007465        15.209990942828648        15.385956473160446        27.030919979670642        18.023805946550461     
   7205.0334266919572       -4.2776170000000002        3.0357308571686592        9.1895957999999993        4.6585999999999997E-003   15.383729868052486        15.564805604187827        15.062052123654107        16.174754479271485        15.633792750644163        15.392771814402161        15.394072972082322        15.494364043201616        15.588911664342577        15.394299095697678        15.397039261154434        15.470360928492260        15.568358999919925        15.370619046680973        15.841731645189499        15.465925487860689        15.211361440090977        15.001010025927640        15.072950010584259        15.219017198530159        15.395760628615422        27.044305454490818        18.041974193506860     
   7190.7965270604200       -4.2810530000000000        3.0381729677812155        9.1895973000000009        4.6585999999999997E-003   15.390596923555458        15.572730887270746        15.067532270273185        16.186055551208248        15.642426778823102        15.399190316746031        15.399556957558532        15.499439300396821        15.597265212755575        15.400739824154380        15.402511282877841        15.475429855114621        15.573411333946035        15.381783649393109        15.850884190829250        15.473209449995155        15.217529755718472        15.006281375030399        15.079541959355781        15.228072370242399        15.405611364320722        27.059069781892688        18.060190731497634     
   7176.4886115165646       -4.2845149999999999        3.0406115934483555        9.1895988000000006        4.6585999999999997E-003   15.397485909130326        15.580685343169526        15.073030019895088        16.197425320513268        15.651095478638071        15.405629138284668        15.405057226698462        15.504533356622369        15.605644888904658        15.407202321592509        15.407998903340181        15.480514959526433        15.578482976824661        15.393016268743375        15.860077210514172        15.480510364040017        15.223715178432689        15.011567948120826        15.086181613575144        15.237198616652977        15.415554661447105        27.075292069601538        18.078540285889801     
   7162.0937249616254       -4.2880039999999999        3.0430502797801160        9.1896003999999998        4.6585999999999997E-003   15.404404302515923        15.588677670468849        15.078551341635700        16.208876671953497        15.659808377320774        15.412095265676912        15.410579729142926        15.509651782898610        15.614059778957353        15.413693623167314        15.413508047851176        15.485621759883935        15.583579484460666        15.404329636559526        15.869320870006971        15.487836049671623        15.229924379606972        15.016875456234468        15.092876622490907        15.246406546540795        15.425602329414454        27.093013038686124        18.097044012629290     
   7147.7277122432097       -4.2914950000000003        3.0454801267734868        9.1896018999999995        4.6585999999999997E-003   15.411296350665195        15.596643485486998        15.084051741954754        16.220317522316179        15.668495305276815        15.418536588306997        15.416079953471817        15.514753350143144        15.622442067847908        15.420161424430935        15.418994308505122        15.490709104556631        15.588659808755702        15.415632780071180        15.878540747082878        15.495127433633650        15.236107304277388        15.022161118783247        15.099573199341604        15.255622213568509        15.435673774370686        27.112099148909010        18.115553270694676     
   7133.3412398992141       -4.2949950000000001        3.0479028925852600        9.1896033999999993        4.6585999999999997E-003   15.418185732404590        15.604610152758527        15.089550118131855        16.231787150261852        15.677186101232303        15.424975237097174        15.421576797495780        15.519855581892974        15.630820554415175        15.426627945897751        15.424476535853936        15.495794470652728        15.593741399316835        15.426964505048035        15.887768508198496        15.502409572173848        15.242285197667515        15.027443096425399        15.106294326432193        15.264877243122347        15.445803543193451        27.132614367291623        18.134131578431614     
   7118.9017638355317       -4.2985160000000002        3.0503185586172488        9.1896049000000009        4.6585999999999997E-003   15.425087936603129        15.612595613422330        15.095058832533235        16.243311597363274        15.685900359725592        15.431425686096029        15.427082609617900        15.524969969365790        15.639214071155168        15.433107735172792        15.429967040418854        15.500889291109688        15.598835705494961        15.438350541108187        15.897024987500084        15.509698787948816        15.248471928654697        15.032733251520954        15.113055322922333        15.274192772494208        15.456014888081635        27.154615835909112        18.152821290293829     
   7104.4751578193673       -4.3020410000000000        3.0527253228663436        9.1896064000000006        4.6585000000000003E-003   15.432018035218835        15.620610005952923        15.100599325299346        16.254884953543471        15.694644902767141        15.437905070852143        15.432618837436348        15.530119765171509        15.647630872904070        15.439617799724960        15.435487337033567        15.506016896808692        15.603966074078432        15.449785609614242        15.906314547006506        15.517008357474023        15.254685827486806        15.038054015494037        15.119872020134896        15.283573026526618        15.466308021561886        27.178055621799135        18.171583934116576     
   7090.0614621388631       -4.3055729999999999        3.0551213781068638        9.1896079000000004        4.6585000000000003E-003   15.438882817403847        15.628560111155071        15.106078382385391        16.266413927737471        15.703326503804245        15.444320180018483        15.438092270480997        15.535211747523679        15.655977753497091        15.446064924558200        15.440944217028466        15.511084073100982        15.609039281580472        15.461176419887408        15.915543949809816        15.524245088265101        15.260833688877550        15.043312178474924        15.126651133268567        15.292924683135407        15.476589571205270        27.202836619922930        18.190326117363984     
   7075.6118401475524       -4.3091200000000001        3.0575066980182379        9.1896094000000002        4.6585000000000003E-003   15.445752124963061        15.636519452977080        15.111561156794878        16.277984225220191        15.712021170119268        15.450739333259012        15.443568039336999        15.540309765804903        15.664329568634670        15.452517541182580        15.446402753413683        15.516154578990090        15.614119115284922        15.472608209074057        15.924791067036274        15.531480065302933        15.266982922159269        15.048572141678459        15.133462280134498        15.302326103426278        15.486941091544882        27.229092769461428        18.209158058516913     
   7061.1428898266986       -4.3126740000000003        3.0598794690073285        9.1896108000000005        4.6585000000000003E-003   15.452645179953180        15.644506252173802        15.117059862410859        16.289578266300364        15.720750762304679        15.457183537832325        15.449061032322046        15.545419548588342        15.672720639812088        15.458992698558248        15.451876118348000        15.521238228007402        15.619209444573020        15.484060646043790        15.934069771943303        15.538745717154963        15.273151683303357        15.053844159600455        15.140278361511495        15.311732144655352        15.497251141300787        27.257761212927893        18.227984211704904     
   7046.7035271271152       -4.3162310000000002        3.0622414497456103        9.1896123000000003        4.6585000000000003E-003   15.459647134430210        15.652600987051340        15.122631857703094        16.301138945608304        15.729605083877772        15.463747172805071        15.454638061586873        15.550569580666252        15.681293590564280        15.465566028756054        15.457423931851078        15.526380822938261        15.624334471116150        15.495464074933135        15.943441640878209        15.546180992537540        15.279423229431014        15.059176476173231        15.147000070104820        15.320971531745418        15.507074521458662        27.290716759185525        18.246435634516182     
   7032.2774991089600       -4.3197950000000001        3.0645926142450985        9.1896137000000007        4.6585000000000003E-003   15.466632058847654        15.660676406987193        15.128193337215492        16.312700328474119        15.738431465653594        15.470299464572999        15.460201291385925        15.555708033243864        15.689838223638834        15.472124001128623        15.462956607864953        15.531511207351056        15.629453860300099        15.506865711543007        15.952793014840939        15.553593556319139        15.285682336743847        15.064495130366339        15.153730968002996        15.330223069931861        15.516904878187347        27.321960444059162        18.264891503483380     
   7017.8163673141844       -4.3233730000000001        3.0669329366237466        9.1896150999999993        4.6585000000000003E-003   15.473623383469057        15.668759601015164        15.133762963183482        16.324301262084287        15.747259499564645        15.476862403375801        15.465769382448798        15.560852143163597        15.698383183537388        15.478688615731738        15.468492701633867        15.536646589882817        15.634584797461503        15.518303860695834        15.962155266864205        15.561008262595291        15.291950007870764        15.069817961219449        15.160493687384484        15.339517871344473        15.526775257812016        27.351592988017284        18.283413829333231     
   7003.3688474297915       -4.3269529999999996        3.0692623911059189        9.1896164999999996        4.6585000000000003E-003   15.480597532810673        15.676823312671974        15.139321960881471        16.335902691827311        15.756059402222352        15.483413868697479        15.471323557931218        15.565984565555990        15.706899639091052        15.485237737352421        15.474013540978010        15.541769653698157        15.639709995249625        15.529740010250471        15.971496831661138        15.568400097807558        15.298205113830097        15.075127017723048        15.167265479866568        15.348824669775059        15.536652444841081        27.379510792676822        18.301940263622445     
   6989.0154414484350       -4.3305170000000004        3.0715809520228641        9.1896179000000000        4.6585000000000003E-003   15.487836630146280        15.685151311961899        15.145143443096305        16.347906561684024        15.765148195798396        15.490346408585218        15.477167411237506        15.571253107032948        15.715668933403258        15.492074334997778        15.479806831577879        15.547081560759512        15.644920398188948        15.541542250478432        15.981171399370421        15.576087378859146        15.304805810398808        15.080643440859042        15.173851298954911        15.358066942577455        15.547010515980009        27.414470601717301        18.321154174436341     
   6974.7075126148366       -4.3340800000000002        3.0738867987464404        9.1896193000000004        4.6585000000000003E-003   15.495141669096647        15.693546305681611        15.151027885067489        16.360033022070628        15.774306903880255        15.497378344226728        15.483083628304794        15.576547705495226        15.724495392409164        15.498988541369968        15.485669309693911        15.552434498384823        15.650139795557873        15.553458515031981        15.990936838301664        15.583848664666068        15.311498067223621        15.086210000995216        15.180372834247667        15.367280624875537        15.557498806554204        27.450300446980958        18.340585224820966     
   6960.4128480454383       -4.3376460000000003        3.0761834946957300        9.1896208000000001        4.6585000000000003E-003   15.502430905719734        15.701927080125980        15.156894534584573        16.372167023294754        15.783444870999443        15.504393392132638        15.488982651055426        15.581825682183112        15.733298824899936        15.505892495297587        15.491516609689047        15.557769507864723        15.655342011353490        15.565384482282337        16.000691973819958        15.591591845211678        15.318176344076431        15.091762369832871        15.186891530151307        15.376492284101449        15.567976662574608        27.484352869402553        18.360037773069170     
   6946.1634745082538       -4.3412080000000000        3.0784692207255686        9.1896222000000005        4.6585000000000003E-003   15.509688061997796        15.710274895684496        15.162730321002531        16.384281260929860        15.792541698472352        15.511375894986056        15.494851332233011        15.587075284733775        15.742059597604726        15.512770748591752        15.497335687585771        15.563074716134000        15.660515469496833        15.577293301854379        16.010414956074147        15.599299637254465        15.324825722371930        15.097288160995614        15.193392769840745        15.385681238106759        15.578420602321327        27.516563083795742        18.379468013189292     
   6931.9432723220561       -4.3447680000000002        3.0807439515994481        9.1896235999999991        4.6585000000000003E-003   15.516921419148836        15.718599247247386        15.168541943258745        16.396389294557299        15.801607772989833        15.518333834507260        15.500696403135013        15.592302542423621        15.750787737264364        15.519631114211709        15.503133203599777        15.568356225564461        15.665666116760047        15.589198285678737        16.020116794815561        15.606980846500605        15.331453786730894        15.102793696976736        15.199883879008770        15.394857833309597        15.588842451381467        27.546980695412724        18.398897608197405     
   6917.7203244144421       -4.3483369999999999        3.0830076621900835        9.1896249000000001        4.6584000000000000E-003   15.524193849697706        15.726965448812614        15.174389091766542        16.408564860261862        15.810710090309179        15.525329467628701        15.506577627238713        15.597565834112682        15.759549488341040        15.526535612331212        15.508968808874926        15.573672539946141        15.670852163436436        15.601172708681954        16.029865881857145        15.614699356164554        15.338122046624939        15.108337972417974        15.206426036849304        15.404089261476944        15.599312211693597        27.575725831170129        18.418416682633186     
   6903.5424550996995       -4.3519019999999999        3.0852603274798729        9.1896263000000005        4.6584000000000000E-003   15.531387872221853        15.735252329915244        15.180159092132207        16.420673868487352        15.819725028726250        15.532246251500688        15.512382213201395        15.602754442237725        15.768222385654550        15.533367977504792        15.514729857270535        15.578912769785401        15.675963151370990        15.613083149061293        16.039536373176215        15.622336192983216        15.344715048366151        15.113809316417466        15.212904150632799        15.413251384673458        15.609701621953288        27.602615590585632        18.437866338359257     
   6889.3936433312183       -4.3554659999999998        3.0875019225613602        9.1896277000000008        4.6584000000000000E-003   15.538558298149923        15.743515916825405        15.185905171983247        16.432776469248250        15.828709482981406        15.539138693537549        15.518163422654887        15.607920934339493        15.776862957472009        15.540182571632844        15.520469545857505        15.584129550335913        15.681051566803525        15.624989517292185        16.049185818892678        15.629946683545118        15.351286913572938        15.119260593942538        15.219372134318252        15.422401118496072        15.620069035991932        27.627740846723203        18.457314872495171     
   6875.2579986707387       -4.3590380000000000        3.0897342264033552        9.1896290000000000        4.6584000000000000E-003   15.545713218831128        15.751765517120969        15.191633837350878        16.444886170269651        15.837673596659446        15.546014577582525        15.523927797949046        15.613071164618788        15.785480972619688        15.546987062794383        15.526194361629194        15.589328797448410        15.686123180805101        15.636905092068567        16.058825060614435        15.637539422024311        15.357845054800816        15.124697965821369        15.225837244077756        15.431548710808386        15.630426095553869        27.651137897846450        18.476783964846039     
   6861.1355591322044       -4.3626129999999996        3.0919554129921787        9.1896304000000004        4.6584000000000000E-003   15.552852642524392        15.760001129253478        15.197345109303917        16.457002891894369        15.846617380509564        15.552873918364437        15.529675358945529        15.618205150261687        15.794076449724514        15.553781447750652        15.531904319517785        15.594510532472633        15.691178009108594        15.648829789024699        16.068454078215858        15.645114420338498        15.364389480310383        15.130121444472625        15.232299441859201        15.440694118848512        15.640772784259262        27.672810579605507        18.496273434042262     
   6847.0421284393833       -4.3661849999999998        3.0941636515368836        9.1896316999999996        4.6584000000000000E-003   15.559968616643864        15.768213562361264        15.203032647744781        16.469112988300207        15.855530878350294        15.559709080340291        15.535399721449814        15.623317198129886        15.802639833890364        15.560558135592512        15.537593068589974        15.599669013585082        15.696210453445456        15.660750168532633        16.078062099486257        15.652663247255557        15.370912895872099        15.135524998032555        15.238751494408145        15.449827081087008        15.651097517305566        27.692743121896005        18.515761318408220     
   6832.9776470053230       -4.3697559999999998        3.0963643361517046        9.1896330000000006        4.6584000000000000E-003   15.567061226861281        15.776402891328626        15.208696552034844        16.481216400294819        15.864414202046202        15.566520157030244        15.541100981523602        15.628407399503025        15.811171250964453        15.567317180352248        15.543260693149310        15.604804340244751        15.701220606816420        15.672666158906807        16.087649173805577        15.660186001434443        15.377415378027351        15.140908704695352        15.245193403621123        15.458947596749081        15.661400347284648        27.710945619802377        18.535247452946162     
   6818.9263541892160       -4.3733360000000001        3.0985520238733426        9.1896342999999998        4.6584000000000000E-003   15.574138460490420        15.784578321167825        15.214343222755012        16.493326609180116        15.873277359635704        15.573314825998853        15.546785578837575        15.633481509338573        15.819680325922160        15.574066172975225        15.548913586656706        15.609922323495201        15.706214137270866        15.684591022905057        16.097226049939927        15.667691160500826        15.383904247251994        15.146278636784732        15.251632374368839        15.468065857995416        15.671692822468113        27.727446056600268        18.554753501983786     
   6804.8882875120644       -4.3769150000000003        3.1007303064468608        9.1896356000000008        4.6584000000000000E-003   15.581200323306344        15.792739847658932        15.219972678392438        16.505443531436235        15.882120360930845        15.580093097348648        15.552453530032164        15.638539545909541        15.828167076583679        15.580805105988208        15.554551760520059        15.615022984980232        15.711191065043181        15.696524672184090        16.106792705802295        15.675178734320102        15.390379507403299        15.151634804635382        15.258068380662387        15.477181822792051        15.681974917205789        27.742249130635170        18.574279305760747     
   6790.8947574804488       -4.3804949999999998        3.1028991632989764        9.1896369000000000        4.6584000000000000E-003   15.588231118345952        15.800869305735436        15.225572436375284        16.517540029862854        15.890923555474828        15.586839914565683        15.558092262925076        15.643570297320160        15.836612662487941        15.587518971882485        15.560162697319750        15.620095025268771        15.716140362850922        15.708440366662213        16.116327811482236        15.682632087700878        15.396826762382371        15.156965315658752        15.264487048261163        15.486275120132465        15.692223702576936        27.755332172941177        18.593781078591636     
   6776.8831904448089       -4.3840830000000004        3.1050567617576039        9.1896381999999992        4.6584000000000000E-003   15.595262309193679        15.809003064701216        15.231167570147505        16.529670143954863        15.899726341185850        15.593585474902934        15.563727023465209        15.648596291013359        15.845054889541498        15.594237802869515        15.565771513388068        15.625161159891533        15.721084195773191        15.720391332019329        16.125874007676853        15.690084578993723        15.403274862859686        15.162294030447562        15.270917070618086        15.495386394155492        15.702485008778947        27.766758457560439        18.613345917759929     
   6762.8849611617143       -4.3876759999999999        3.1072030778711537        9.1896394000000008        4.6584000000000000E-003   15.602278145545494        15.817122906443732        15.236745543476179        16.541806718221427        15.908508999882681        15.600314665753967        15.569345186388652        15.653606267539313        15.853474845859278        15.600946549626094        15.571365642534484        15.630210038432548        15.726011490167696        15.732350814727255        16.135409916247003        15.697519513935990        15.409709363739495        15.167609011259906        15.277344059518921        15.504495249058625        15.712735854514335        27.776502004667204        18.632930043565835     
   6748.9156464131629       -4.3912680000000002        3.1093399023312966        9.1896407000000000        4.6584000000000000E-003   15.609304434099133        15.825257644786426        15.242336029365230        16.554014096421351        15.917290245527745        15.607061248545694        15.574976905357847        15.658621861689415        15.861891662152704        15.607678984132374        15.576975263809555        15.635263779236361        15.730936418119807        15.744381181169803        16.144962735852726        15.704958857306650        15.416162188087778        15.172940223265190        15.283740355070144        15.513549260021293        15.722955692774597        27.784118721891314        18.652597606863839     
   6734.9906943450305       -4.3948600000000004        3.1114653992198109        9.1896418999999998        4.6584000000000000E-003   15.616699437125124        15.833815047501847        15.248320674234670        16.567123556206493        15.926386421098371        15.614266507579938        15.581008529165601        15.663928130499638        15.870621488706018        15.614871874128173        15.582984801643168        15.640614006027985        15.736062203201030        15.757289715499720        16.154943111207594        15.712729090831697        15.423047586663625        15.178665707172588        15.289872826580439        15.522080806566279        15.733041586295169        27.785051744472018        18.673264212645549     
   6721.0325701712218       -4.3984629999999996        3.1135813617684462        9.1896432000000008        4.6582999999999998E-003   15.624153737179171        15.842445750577745        15.254353170426846        16.580328737275600        15.935572157970483        15.621529336937314        15.587086925277191        15.669275098562011        15.879436342994950        15.622119836583597        15.589039186377050        15.646005633825595        15.741227574172896        15.770294089116071        16.165013795626137        15.720567684349064        15.429984856299086        15.184434084421426        15.296062080523111        15.530686601188691        15.743211571943117        27.784758580888152        18.694071082457270     
   6707.1188176052647       -4.4020659999999996        3.1156877699335981        9.1896444000000006        4.6582999999999998E-003   15.631532954190497        15.851008824907858        15.260307046617804        16.593463281582455        15.944703427574858        15.628716419321094        15.593085367675346        15.674540114029170        15.888194261770614        15.629289640123890        15.595011827640249        15.651315760710375        15.746310893077371        15.783229058353889        16.175025844282715        15.728338113823810        15.436842494677634        15.190120356501978        15.302180785669272        15.539225862929420        15.753316157335469        27.783150341025866        18.714809623239741     
   6693.2338690226907       -4.4056639999999998        3.1177827845885853        9.1896456000000004        4.6582999999999998E-003   15.638891999769708        15.859560418850673        15.266235682841106        16.606588361978872        15.953836895828882        15.635882462531569        15.599057296291789        15.679775827456211        15.896951521818114        15.636435992406323        15.600956151151259        15.656597083606474        15.751364610217177        15.796155568268034        16.185036919710910        15.736095664433357        15.443674879550706        15.195777637900264        15.308282428159842        15.547754699503564        15.763413160515043        27.780281373139672        18.735549293116975     
   6679.3776647940522       -4.4092650000000004        3.1198682027274520        9.1896468999999996        4.6582999999999998E-003   15.646230937985401        15.868100532700492        15.272139186522246        16.619703927447688        15.962972472503658        15.643027538913287        15.605002826841812        15.684982375008360        15.905708053664014        15.643558980737701        15.606872283937150        15.661849735855832        15.756388862702487        15.809073563569445        16.195046944553855        15.743840351502612        15.450482111994567        15.201406061464944        15.314367051001121        15.556273097421915        15.773502544994447        27.776159019456024        18.756289895480219     
   6665.5501454133273       -4.4128699999999998        3.1219421831201775        9.1896480999999994        4.6582999999999998E-003   15.653549826552705        15.876629160441336        15.278017659092860        16.632809919118856        15.972110064595192        15.650151710495710        15.610922066952597        15.690159893864347        15.914463785685129        15.650658682514347        15.612760345071877        15.667073849782462        15.761383795687191        15.821982980286897        16.205055835877694        15.751572185361074        15.457264283348895        15.207005754275499        15.320434727637142        15.564781057748597        15.783584264907933        27.770792057075262        18.777031270777869     
   6651.7359352920657       -4.4164740000000000        3.1240083478295579        9.1896492999999992        4.6582999999999998E-003   15.660856827847262        15.885155759627814        15.283877697162165        16.645920832938572        15.981259739009541        15.657262930061680        15.616821664632486        15.695314223683610        15.923228376398434        15.657743034198898        15.618626956192237        15.672275314816567        15.766355046455370        15.834898093348414        16.215074636186394        15.759299750868127        15.464028987981759        15.212583022225616        15.326492214828061        15.573288003530621        15.793669473513845        27.764179740120774        18.797796271834521     
   6637.9656392889647       -4.4200749999999998        3.1260630332203267        9.1896505000000008        4.6582999999999998E-003   15.668135783597812        15.893661401817553        15.289706397276301        16.659007513376643        15.990401095943547        15.664345480825105        15.622688636128444        15.700434058142235        15.931982301488549        15.664796393555381        15.624459217991202        15.677442716562737        15.771291718267165        15.847790177357098        16.225081028266061        15.767005908490901        15.470761306851202        15.218125614721039        15.332526118950948        15.581775043120977        15.803735745406328        27.756344461733072        18.818538623726180     
   6624.1933446802886       -4.4236860000000000        3.1281080412235527        9.1896517000000006        4.6582999999999998E-003   15.675410985094810        15.902174418462895        15.295523251225667        16.672113514099443        15.999564520038749        15.671423004787961        15.628542606180496        15.705536550320222        15.940754670209223        15.671842316255606        15.630276647791405        15.682593363980764        15.776210356533738        15.860702134456332        16.235108286758624        15.774716337755251        15.477483736221142        15.223652088918872        15.338556578158538        15.590270441387684        15.813816583184718        27.747265791287496        18.839327287905906     
   6610.4344033985226       -4.4272960000000001        3.1301415264563395        9.1896527999999993        4.6582999999999998E-003   15.682674326414038        15.910685310388196        15.301321788611627        16.685224201740645        16.008739770403373        15.678487616489516        15.634377063698654        15.710616035357376        15.949535682291472        15.678872955149828        15.636072777614896        15.687721537038730        15.781105504613780        15.873619546481002        16.245145208192767        15.782422438358864        15.484188792686254        15.229156303350685        15.344576887082496        15.598764726037636        15.823900730816746        27.736955888584951        18.860139050292641     
   6596.7344194738344       -4.4309010000000004        3.1321671203559669        9.1896540000000009        4.6582999999999998E-003   15.689901775574427        15.919165824985257        15.307082893857615        16.698295989294039        16.017896275713667        15.685515955141092        15.640172784907477        15.715655818189660        15.958296100729740        15.685865080722891        15.641828524730588        15.692810376214126        15.785961078318696        15.886499463140662        16.255158377705065        15.790098647648939        15.490854344447811        15.234620151081813        15.350567101538289        15.607229673600841        15.833954666557627        27.725457643924592        18.880904564222714     
   6583.0779865526119       -4.4345030000000003        3.1341829788250344        9.1896552000000007        4.6582999999999998E-003   15.697101511430830        15.927625428662360        15.312813184561310        16.711343380396585        16.027044101710509        15.692515988059245        15.645936438488029        15.720661767778950        15.967045585794803        15.692826646420571        15.647550533256215        15.697865798397228        15.790782749312839        15.899356165470703        16.265158837835038        15.797753561280679        15.497488004595390        15.240049962463182        15.356534017250940        15.615674730285711        15.843989548012654        27.712772442396698        18.901646713187908     
   6569.4346982167626       -4.4381079999999997        3.1361872534143518        9.1896562999999993        4.6582999999999998E-003   15.704289591435611        15.936082916866916        15.318525494971741        16.724395316038461        16.036203488023801        15.699503334185209        15.651680939192680        15.725645141424927        15.975803512345291        15.699773200367314        15.653251636603592        15.702899166649992        15.795581371400630        15.912218165908463        16.275168733372585        15.805404201911855        15.504104606139247        15.245457928635883        15.362490959005839        15.624118663143697        15.854027635388462        27.698880191202839        18.922411428199812     
   6555.8347806542697       -4.4417090000000004        3.1381817521054818        9.1896574999999991        4.6582999999999998E-003   15.711450124757313        15.944519520330090        15.324207251012744        16.737422779094292        16.045354019567245        15.706462557728315        15.657393650633438        15.730595007512477        15.984550376077028        15.706689411621486        15.658919305185051        15.707899436587081        15.800346420688626        15.925056865304008        16.285165775173191        15.813033604987350        15.510689563354603        15.250832175478692        15.368424730231318        15.632542706445246        15.864046614123119        27.683818170179812        18.943152415612872     
   6542.2780815145989       -4.4453060000000004        3.1401682873566346        9.1896585999999996        4.6582999999999998E-003   15.718583231628767        15.952935271280388        15.329858630397645        16.750425748210226        16.054495602817290        15.713393785417217        15.663074759829051        15.735511591171097        15.993286112641020        15.713575429000169        15.664553742960209        15.712866826903021        15.805078131922961        15.937872233989324        16.295149889064891        15.820641822592183        15.517243044227119        15.256172916673865        15.374335463112189        15.640946903461618        15.874046470059792        27.667598838142162        18.963869530748152     
   6528.7343830585205       -4.4489080000000003        3.1421431784369740        9.1896597999999994        4.6582999999999998E-003   15.725704845500211        15.961348896883283        15.335492310473384        16.763433106630085        16.063648493115160        15.720312510897095        15.668737019434438        15.740405959110326        16.002030093953675        15.720446659741352        15.670167609014062        15.717812515570557        15.809787157993370        15.950692734274377        16.305143218464131        15.828245798913443        15.523779728788821        15.261492162618957        15.380236332523136        15.649349927987650        15.884049417300730        27.650192474724854        18.984608664412349     
   6515.2187225069129       -4.4525090000000001        3.1441082368863982        9.1896608999999998        4.6582999999999998E-003   15.732807075654744        15.969751023317983        15.341102087946069        16.776430331191637        16.072802433736310        15.727211071367062        15.674374197522667        15.745272758034751        16.010772533379573        15.727295504476860        15.675754733710669        15.722731088159950        15.814468360026204        15.963504047101154        16.315134576902903        15.835837073269182        15.530292400218222        15.266784077706681        15.386120832448466        15.657742435613805        15.894044288575103        27.631624934942543        19.005346626813804     
   6501.7460126224578       -4.4561070000000003        3.1460652786577699        9.1896620000000002        4.6582000000000004E-003   15.739928740315946        15.978178951975885        15.346728487035143        16.789449567092920        16.081993785087796        15.734128520555942        15.680026797978584        15.750153370124778        16.019550272294673        15.734161089968595        15.681355689699945        15.727663866088609        15.819163327003679        15.976338518754581        16.325159411857300        15.843453863868962        15.536820574186301        15.272089568926923        15.392029104866555        15.666161719381002        15.904066573736753        27.611972196530893        19.026106809980732     
   6488.2862228770819       -4.4597080000000000        3.1480106167876061        9.1896631000000006        4.6582000000000004E-003   15.747555253106604        15.987180526958486        15.352714329130439        16.803338795430381        16.091774562215790        15.741549097028368        15.686090762774455        15.755303605301197        16.028906337382260        15.741559978335939        15.687397746352616        15.732936729939798        15.824050607727500        15.989955113022159        16.335757297176755        15.851680992000496        15.543843535162033        15.277747645629631        15.397514169469162        15.673879858967357        15.913890940189610        27.583702278875244        19.047706512224728     
   6474.8244795926666       -4.4633159999999998        3.1499479031501427        9.1896641999999993        4.6582000000000004E-003   15.755268634252168        15.996287774861401        15.358751089885182        16.817377885803655        16.101674123843495        15.749048838798103        15.692215126339274        15.760488312981259        16.038380736751531        15.749042195435223        15.693505289853533        15.738255662017590        15.828964085283641        16.003706207655803        16.346465494623097        15.860020831448452        15.550942542442385        15.283453716365344        15.402948846736848        15.681530767591980        15.923723521445613        27.556296202435639        19.069467680578043     
   6461.4055443347970       -4.4669220000000003        3.1518734466817033        9.1896652999999997        4.6582000000000004E-003   15.762959777155665        16.005377977442755        15.364755558389113        16.831383771692163        16.111566586530117        15.756519052440780        15.698308655398229        15.765639965638186        16.047850494044226        15.756494388645748        15.699582604285503        15.743542296685298        15.833848840599316        16.017422725870745        16.357157235801147        15.868347722436262        15.558011007954022        15.289126258669121        15.408370256223989        15.689187787697080        15.933555673701548        27.531157503348673        19.091188122052809     
   6448.0144195332605       -4.4705260000000004        3.1537909036827956        9.1896664000000001        4.6582000000000004E-003   15.770637259683085        16.014461200174829        15.370734548803902        16.845372016448337        16.121462813936802        15.763968131773424        15.704378249979150        15.770764451637945        16.057325991719900        15.763924936024559        15.705636567176214        15.748802663885062        15.838710436479502        16.031119925642297        16.367844331283671        15.876670864182739        15.565056894545997        15.294771733765227        15.413784425656957        15.696859237382846        15.943398143422144        27.508240931244423        19.112891887816652     
   6434.6362312369502       -4.4741350000000004        3.1556984190128037        9.1896675000000005        4.6582000000000004E-003   15.778309599033257        16.023547477804758        15.376694761701639        16.859358105302555        16.131373687078558        15.771404376521517        15.710430703424752        15.775867538164185        16.066817638401687        15.771342119247436        15.711673951974340        15.754042676401575        15.843554332450104        16.044812979308972        16.378538571440380        15.884999439585130        15.572088064495830        15.300396482165588        15.419197350702007        15.704553499695429        15.953261723742273        27.487511169543588        19.134602955659407     
   6421.2857996903131       -4.4777449999999996        3.1575959744406203        9.1896685999999992        4.6582000000000004E-003   15.786193026308592        16.032794745893810        15.382875800352636        16.873091662169539        16.141451672598482        15.779038807003637        15.716733579142868        15.781174382261508        16.076510345138615        15.778955382286526        15.717970461886679        15.759513714171739        15.848548456562213        16.058250825296092        16.389269528203425        15.893580115611208        15.579343931928502        15.306260298198424        15.424401389300478        15.711810561018350        15.962506848255014        27.497392313076766        19.155561243062849     
   6407.9630673042930       -4.4813539999999996        3.1594853938808192        9.1896696999999996        4.6582000000000004E-003   15.794090650530229        16.042047631315135        15.389076851564052        16.886765983553573        16.151538911207361        15.786687195989074        15.723057326481523        15.786498417639486        16.086217448836692        15.786581283620645        15.724289107110849        15.765004533689371        15.853550956274951        16.071633963470472        16.399992386127202        15.902179441685114        15.586616466131098        15.312146001146974        15.429566915860299        15.718996621096544        15.971650971722873        27.511001785436093        19.176385718878521     
   6394.6679766093248       -4.4849620000000003        3.1613629761943582        9.1896708000000000        4.6582000000000004E-003   15.801968485399073        16.051280159840957        15.395261709893873        16.900415804114502        16.161609634561916        15.794316931263456        15.729361221004190        15.791805834252166        16.095908284233687        15.794187417180552        15.730587910281521        15.770477228171515        15.858536342415412        16.084997693948690        16.410700273328246        15.910758063811254        15.593868882125133        15.318014462558022        15.434724039616686        15.726177979007659        15.980786953556809        27.523902306236458        19.197186023115972     
   6381.3563892545435       -4.4885840000000004        3.1632323885512239        9.1896719000000004        4.6582000000000004E-003   15.809852688627807        16.060522983778469        15.401450912612965        16.914086434821073        16.171697270632972        15.801953346152821        15.735666199343974        15.797114259289852        16.105615018822277        15.801799039331684        15.736887791142792        15.775949974873626        15.863521174589955        16.098386372249948        16.421428729562408        15.919344465525000        15.601125263411191        15.323885171408818        15.439889879523200        15.733378463927640        15.989945110984230        27.536137585574302        19.218031187232093     
   6368.0725122294552       -4.4922040000000001        3.1650917710003159        9.1896728999999997        4.6582000000000004E-003   15.817717078072405        16.069745405517473        15.407623907973409        16.927732468779016        16.181768309319857        15.809571079979058        15.741951328196336        15.802406071959375        16.115305408186057        15.809390872937357        15.743167833663733        15.781404607530664        15.868488911377227        16.111755521767584        16.432142112562630        15.927910131809277        15.608361514562418        15.329738635794804        15.445047294597025        15.740574163950129        15.999095018913962        27.547668424235972        19.238851976760589     
   6354.8309203723975       -4.4958229999999997        3.1669429518889523        9.1896740000000001        4.6582000000000004E-003   15.825553058867495        16.078937324033255        15.413773953565574        16.941338908533957        16.191811674143771        15.817161805280790        15.748209771639388        15.807675507921260        16.124968797747691        15.816954628447199        15.749421206772205        15.786835194663748        15.873434146190661        16.125090414273920        16.442828619697071        15.936445694513395        15.615569743627923        15.335568477242237        15.450190572366701        15.747757076682230        16.008226549170768        27.558486351697141        19.259625365922400     
   6341.5876585534061       -4.4994470000000000        3.1687840693711413        9.1896749999999994        4.6582000000000004E-003   15.833386650533974        16.088129248066899        15.419921475210483        16.954950897130892        16.201860675085186        15.824750723205511        15.754462328014554        15.812940086686574        16.134637238709999        15.824515422286446        15.755668692700706        15.792259793442803        15.878373334681505        16.138435270116425        16.453523681797378        15.944979492499950        15.622773893034864        15.341394066458935        15.455336812151739        15.754951027458532        16.017369968961425        27.568631591250416        19.280420256836102     
   6328.3574236648728       -4.5030749999999999        3.1706151058052305        9.1896760000000004        4.6582000000000004E-003   15.841209167505788        16.097310982530846        15.426059657043922        16.968553326154037        16.211904158555065        15.832329419776400        15.760702070564250        15.818193971851759        16.144300000512956        15.832064873327312        15.761903369955817        15.797672392540186        15.883300999486366        16.151775272016621        16.464215425265177        15.953502062632879        15.629965978306444        15.347208946971413        15.460480281875213        15.762148005993460        16.026515115558929        27.578093158512949        19.301213531818657     
   6315.1693317555946       -4.5067029999999999        3.1724378928078139        9.1896769999999997        4.6582000000000004E-003   15.849003415692433        16.106462328215628        15.432175011318208        16.982116236513878        16.221919994364470        15.839881233748311        15.766915309069525        15.823425635566288        16.153935794204429        15.839586391817839        15.768111559457914        15.803061121974402        15.888206337726256        16.165081010666597        16.474880275654172        15.961994666829828        15.637130202890944        15.353000353030112        15.465609647551315        15.769332110434622        16.035641796239222        27.586854430692433        19.321959312564235     
   6301.9797016468647       -4.5103330000000001        3.1742505657385385        9.1896781000000001        4.6582000000000004E-003   15.856795230210778        16.115613605666180        15.438287810523374        16.995684535874453        16.231941340891481        15.847431195096128        15.773122656993795        15.828652430268640        16.163576521870226        15.847104912873274        15.774313857640841        15.808443860976034        15.893105622691735        16.178396521920572        16.485553528467840        15.970485450889434        15.644290322895849        15.358787491802929        15.470741869185570        15.776527074305683        16.044780187918143        27.594946951785452        19.342726209774725     
   6288.7741774508049       -4.5139769999999997        3.1760549583638737        9.1896790999999993        4.6582000000000004E-003   15.864593077261041        16.124774763677848        15.444404696931898        17.009272994165258        16.241979105017577        15.854987506842026        15.779330850035628        15.833880036372904        16.173232675126155        15.854628602444947        15.780516995353221        15.813826454616517        15.898004183305837        16.191736308515871        16.496246804921249        15.978983642588574        15.651454113301217        15.364576647879915        15.475882576378879        15.783740780006028        16.053940264779275        27.602379396764370        19.363536897243286     
   6275.5818747780668       -4.5176299999999996        3.1778510563421847        9.1896801000000004        4.6581000000000001E-003   15.872426383634217        16.133972224618343        15.450558802002575        17.022898272006735        16.252057777834647        15.862580129217783        15.785572818685061        15.839143541889076        16.182929586286591        15.862187492555961        15.786753913898909        15.819243650174936        15.902937828972409        16.205117581096506        16.506983152220247        15.987517124855618        15.658652398768755        15.370401674709019        15.481067032665077        15.791003926914385        16.063148447605112        27.609181190818088        19.384392096763612     
   6262.3884068833559       -4.5212859999999999        3.1796369922710968        9.1896810999999996        4.6581000000000001E-003   15.880210412275108        16.143122736063834        15.456663557462011        17.036481938900987        16.262095060349001        15.870124061930145        15.791762095013347        15.844355410374650        16.192584540788200        15.869696547637023        15.792938139845013        15.824608080311609        15.907818665077901        16.218461637007739        16.517680984803789        15.996001923448485        15.665799751995277        15.376175647415078        15.486207605009465        15.798231138257957        16.072321479867160        27.615267395789669        19.405221242148368     
   6249.2082869219767       -4.5249439999999996        3.1814127490028783        9.1896819999999995        4.6581000000000001E-003   15.888023002660663        16.152309122589582        15.462797330491004        17.050101332277332        16.272172126513865        15.877704647679085        15.797978658583826        15.849589744784534        16.202279356459492        15.877240688404040        15.799147653161288        15.829992296254904        15.912711137641264        16.231847711858823        16.528422512988559        16.004526084783269        15.672981413733947        15.381977999282217        15.491323609279927        15.805418731806089        16.081469789406658        27.620593726539010        19.426107529056704     
   6236.0271884342119       -4.5286169999999997        3.1831801645468745        9.1896830000000005        4.6581000000000001E-003   15.896455744588994        16.162220727017793        15.469528715750453        17.064442897645502        16.282968654840356        15.886018352687007        15.804819396709195        15.855339549279464        16.212696838574320        15.885511072711747        15.805949353761331        15.835869519996866        15.917963386079460        16.245983130719335        16.539912247277385        16.013844515157455        15.680885768887155        15.388388104047902        15.496108719596080        15.811961601780911        16.090231558879893        27.624017979192796        19.447947197547581     
   6222.8452347580960       -4.5322899999999997        3.1849392248327586        9.1896839999999997        4.6581000000000001E-003   15.904886298749734        16.172134648058648        15.476254458708382        17.078794210777410        16.293771433990479        15.894328721552466        15.811657311721302        15.861085851457339        16.223120546920303        15.893779789930871        15.812747088907724        15.841742717885474        15.923215443651134        16.260127220276583        16.551407745307820        16.023164615486909        15.688785089474795        15.394792545500291        15.500906751426957        15.818529056095894        16.099024136267300        27.626977577017609        19.469810852743120     
   6209.6911456017315       -4.5359670000000003        3.1866899158516810        9.1896848999999996        4.6581000000000001E-003   15.913296301486046        16.182029275976117        15.482959921883346        17.093123974278683        16.304556905833042        15.902617655433520        15.818477511961181        15.866816144574695        16.233527749253142        15.902028826646035        15.819526058101150        15.847599106918473        15.928455874093682        16.274249137563903        16.562883941022264        16.032466072174845        15.696662177532062        15.401177386321063        15.505707233389792        15.825106729851065        16.107828277445872        27.629468076210468        19.491650808324049     
   6196.8359622338703       -4.5395719999999997        3.1884303657076716        9.1896859000000006        4.6581000000000001E-003   15.921512574298891        16.191700680540112        15.489507168441456        17.107136603525458        16.315102641237413        15.910714513543819        15.825139595637282        15.872412496068105        16.243703810721737        15.910088303057368        15.826146750669452        15.853318179172593        15.933576706698226        16.288057620730665        16.574104193281386        16.041557198357641        15.704354939493768        15.407411295833434        15.510410739612510        15.831558159079126        16.116461446190133        27.631454007982757        19.513016178765309     
   6184.4203421007960       -4.5430549999999998        3.1901642754610773        9.1896868999999999        4.6581000000000001E-003   15.929445436762943        16.201042899143228        15.495825054495828        17.120678054143152        16.325292794495596        15.918531014695986        15.831570931615897        15.877813989740549        16.253536930476130        15.917870210273033        15.832537081613257        15.858837717802349        15.938521958720205        16.301400945652066        16.584945319143667        16.050338430831776        15.711779652391254        15.413426558712011        15.514964794644410        15.837810797078149        16.124826715869514        27.632952127673487        19.533671363709036     
   6173.3656343592111       -4.5461630000000000        3.1917298311941544        9.1896877999999997        4.6581000000000001E-003   15.936506713686136        16.209362340004621        15.501445880234915        17.132741770172796        16.334370119952741        15.925487833274364        15.837294871542948        15.882620516435399        16.262296357914810        15.924797475154779        15.838223660066308        15.863748953376909        15.942924749916589        16.313287459153170        16.594601865057999        16.058157922563694        15.718386379472605        15.418777932537264        15.519029079288078        15.843396100435516        16.132297619526927        27.633938904111499        19.552079322182703     
   6162.9124753921078       -4.5491109999999999        3.1932179656409216        9.1896886999999996        4.6581000000000001E-003   15.943181979906708        16.217230158807716        15.506756913873232        17.144154737522491        16.342957090795547        15.932063587418774        15.842705228412935        15.887162985423583        16.270582729356885        15.931346365532018        15.843597950943529        15.868390090210724        15.947087614262333        16.324532178756339        16.603736193733450        16.065552603335799        15.724630010819080        15.423834176454722        15.522880350648393        15.848693095724574        16.139381548523158        27.634570953521543        19.569500192298431     
   6152.8028568895797       -4.5519639999999999        3.1946639420060143        9.1896895999999995        4.6581000000000001E-003   15.949636230729357        16.224840406611829        15.511889766195125        17.155197895993286        16.351265175100469        15.938420914203657        15.847935822472820        15.891553848853583        16.278600093385474        15.937678711618268        15.848792982337454        15.872876061207304        15.951113347755477        16.335411982902649        16.612573328986102        16.072704898473102        15.730665129741507        15.428720612490370        15.526612587442397        15.853830451784741        16.146250751750124        27.634903979899729        19.586362025040639     
   6143.0917250644125       -4.5547079999999998        3.1960677057799294        9.1896903999999999        4.6581000000000001E-003   15.955834559387647        16.232151608045804        15.516816930002051        17.165810652551439        16.359248854075066        15.944525506961764        15.852958432444368        15.895769493396209        16.286304511285383        15.943760234323019        15.853780799968433        15.877182769084200        15.954980109359706        16.345867234796753        16.621064910708807        16.079575861390794        15.736459288980672        15.433411072910452        15.530204711051031        15.858778704462669        16.152865947249833        27.634966777983291        19.602571734509223     
   6133.6783804001398       -4.5573730000000001        3.1974273411416343        9.1896912999999998        4.6581000000000001E-003   15.961841408561025        16.239239489009066        15.521589859404052        17.176102545788840        16.366990599918740        15.950440904007262        15.857825339623691        15.899853858768214        16.293775559460165        15.949654135053187        15.858613391045608        15.881355131854431        15.958728017252479        16.356005902833413        16.629298709552462        16.086236687574011        15.742072905494975        15.437954556990096        15.533693187867655        15.863587710208083        16.159293945183279        27.634786112290112        19.618296049140138     
   6124.5473979191420       -4.5599590000000001        3.1987539762441277        9.1896921000000003        4.6581000000000001E-003   15.967666740803264        16.246115573928801        15.526216656016150        17.186090017912353        16.374502825492211        15.956176970985435        15.862544664716403        15.903813821941199        16.301025207197551        15.955370165125256        15.863298873859829        15.885400192758325        15.962363247732764        16.365844227538410        16.637287969151831        16.092698231371859        15.747515429527720        15.442358790749555        15.537083185138943        15.868264251125375        16.165543868126267        27.634384787226882        19.633559708621650     
   6115.6412315148145       -4.5624909999999996        3.2000550292740582        9.1896929000000007        4.6581000000000001E-003   15.973347383079698        16.252823136058741        15.530726725720765        17.195835662692286        16.381832657951033        15.961770018379536        15.867146285156419        15.907674494348552        16.308098926811216        15.960944441879981        15.867866958198160        15.889343622267635        15.965908727767740        16.375443905697168        16.645082844676491        16.099001177357959        15.752821388433276        15.446651777245204        15.540395540762791        15.872836812587483        16.171653885900238        27.633778345443442        19.648457986851565     
   6106.9730012944665       -4.5649530000000000        3.2013136851940569        9.1896936999999994        4.6581000000000001E-003   15.978875064288239        16.259352234736912        15.535113640745212        17.205324809847131        16.388969102084879        15.967211944686415        15.871623538315017        15.911430326461154        16.314986100383134        15.966368832011323        15.872311071371893        15.893179767871811        15.969359253192000        16.384790519893958        16.652671674761734        16.105136202549655        15.757983163087342        15.450827408501386        15.543624926336303        15.877297799004879        16.177613921957931        27.632984205384385        19.662968133581526     
   6098.0643084574631       -4.5674890000000001        3.2025821361828077        9.1896944000000005        4.6581000000000001E-003   15.984554849109426        16.266063202435536        15.539619508625126        17.215081161373082        16.396306010242089        15.972803081022075        15.876223516494452        15.915288602363653        16.322066823043070        15.971942699034745        15.876876476402167        15.897120343873592        15.972905265024476        16.394399904965322        16.660473278386068        16.111441891100913        15.763285622843544        15.455116131625065        15.546949607611019        15.881893448005236        16.183752929291590        27.631959282427257        19.677890994600883     
   6088.4816295299515       -4.5702239999999996        3.2038790571039755        9.1896951999999992        4.6581000000000001E-003   15.990662945350710        16.273282743807979        15.544463169178268        17.225580126010414        16.404200824523738        15.978815240333159        15.881169842059155        15.919436799261447        16.329686070144302        15.977937135172009        15.881785031748485        15.901356796976366        15.976719276773881        16.404740242542236        16.668867673598566        16.118225181210729        15.768986413136947        15.459726219170367        15.550532235841072        15.886849087978927        16.190371796218660        27.630619519582925        19.693954341715038     
   6077.1786019864194       -4.5734510000000004        3.2053594577401032        9.1896959999999996        4.6581000000000001E-003   15.997865744477398        16.281799515852459        15.550172262547626        17.237969921997021        16.413516732629009        15.985904103512151        15.887001940942238        15.924327077056603        16.338676939348250        15.985006229220001        15.887571804870355        15.906350812101909        15.981217652175634        16.416942210875096        16.678772489218158        16.126226970097054        15.775706872355347        15.465159807093514        15.554766642498752        15.892710841906247        16.198199483123776        27.628724278484835        19.712916851299962     
   6064.8630701404672       -4.5769760000000002        3.2069507200278395        9.1896968999999995        4.6581000000000001E-003   16.005711469534933        16.291080607227549        15.556387678357854        17.251476954092205        16.423671790423594        15.993624731276039        15.893353735755884        15.929652172720719        16.348477841857889        15.992706716639429        15.893873259150421        15.911788493270404        15.986118537645385        16.430243700400943        16.689568762792138        16.134946437068162        15.783024695544484        15.471075037992485        15.559390907660408        15.899117895785587        16.206753667196313        27.626270011643879        19.733596872842778     
   6052.0986713807342       -4.5806399999999998        3.2085782377574721        9.1896977999999994        4.6581000000000001E-003   16.013840628728584        16.300701508579269        15.562824027319930        17.265484401219471        16.434202083341130        16.001623182251951        15.899934025469964        15.935167783145758        16.358641071514462        16.000685833644109        15.900400322886330        15.917420302544276        15.991197558902197        16.444037134121050        16.700763152130449        16.143984683316514        15.790604120405384        15.477200261068280        15.564195338910476        15.905780731632039        16.215647486916694        27.623298259083416        19.755051421130968     
   6039.1664543176194       -4.5843550000000004        3.2101953144891886        9.1896985999999998        4.6579999999999998E-003   16.022120661914563        16.310497110985814        15.569385797461383        17.279731054608288        16.444922740610703        16.009769697062730        15.906644317782405        15.940798821155735        16.368989839605700        16.008814359368159        15.907055598640934        15.923168557174083        15.996389470815078        16.458065943384018        16.712156128218865        16.153189388165398        15.798324500933358        15.483446814966239        15.569121639804973        15.912600912938675        16.224733783775420        27.619890171473063        19.776856262683001     
   6026.0676104144641       -4.5881270000000001        3.2118038053876097        9.1896994999999997        4.6579999999999998E-003   16.030457483415368        16.320373355490442        15.575978933312047        17.294122707020676        16.455739763381651        16.017970160172201        15.913390650757680        15.946451391458663        16.379430181543615        16.016998242451077        15.913745087109337        15.928939334356510        16.001600534782700        16.472235902323316        16.723653610985185        16.162466523278841        15.806091698334289        15.489720672763323        15.574076547054968        15.919485434745727        16.233919596083553        27.615934334456210        19.798916960342890     
   6012.8310347125580       -4.5919499999999998        3.2134055692244901        9.1897003000000002        4.6579999999999998E-003   16.038879216177683        16.330355119026404        15.582635292316485        17.308674525303854        16.466676086029043        16.026252955616162        15.920204638619321        15.952159509926293        16.389985862632201        16.025265961001526        15.920500488421499        15.934766367847018        16.006865864315682        16.486562629329271        16.735277014959586        16.171842267176284        15.813934994896155        15.496054396707212        15.579096231200388        15.926466607015595        16.243232341770845        27.611471233198916        19.821232283645021     
   5999.5268321214571       -4.5957960000000000        3.2149987232672808        9.1897011000000006        4.6579999999999998E-003   16.047360948940462        16.340407984214981        15.589339654368704        17.323339960418647        16.477694219358053        16.034595153949137        15.927069218356376        15.957911711188121        16.400621552486214        16.033593710580863        15.927306160084061        15.940638913974993        16.012176263023850        16.501000690157397        16.746987665296974        16.181286491702348        15.821833300369224        15.502433623954108        15.584160308553610        15.933509856157695        16.252641484138934        27.606681167347364        19.843744268174763     
   5986.7069513690449       -4.5995160000000004        3.2165832547445947        9.1897018999999993        4.6579999999999998E-003   16.056044929144722        16.350577389796168        15.596317147656091        17.338283207304830        16.488846946104754        16.043177128591214        15.934172434724271        15.963936747866686        16.411409229180681        16.042135758900898        15.934382599816370        15.946814179821494        16.017774323316942        16.515721572451774        16.758874852523068        16.190896380836946        15.829975009540274        15.509073674159058        15.589204479447314        15.940369965130596        16.262213741104858        27.606011546589333        19.867047356181306     
   5973.9419752901431       -4.6032229999999998        3.2181610252193842        9.1897027999999992        4.6579999999999998E-003   16.064684437409301        16.360704820605282        15.603251261754895        17.353192103854706        16.499957130919601        16.051714568076978        15.941228091316294        15.969919337412524        16.422155427673019        16.050631871392941        15.941413166101672        15.952944285058141        16.023333832304754        16.530406413233187        16.770722066745929        16.200464120298005        15.838074069113262        15.515668146906069        15.594233660761073        15.947226020357920        16.271780699191567        27.604908511915387        19.890326406191964     
   5961.2042169480810       -4.6069300000000002        3.2197301495031057        9.1897035999999996        4.6579999999999998E-003   16.073298271963431        16.370812214989833        15.610157159046622        17.368098694150394        16.511048807714690        16.060226053941719        15.948251647073828        15.975872616599968        16.432883397250578        16.059100555062326        15.948413248126258        15.959042703211818        16.028866997969928        16.545086794943270        16.782554884933969        16.210010460319307        15.846148109787631        15.522231503550540        15.599258748436409        15.954092700074725        16.281362791544701        27.603375001126725        19.913631221675789     
   5948.5073152371506       -4.6106350000000003        3.2212924909942067        9.1897044000000001        4.6579999999999998E-003   16.081877272961403        16.380888744337948        15.617027556316199        17.382986784853177        16.522110065412459        16.068702540018677        15.955235722865215        15.981790343214069        16.443581620265132        16.067532822073851        15.955375479509964        15.965103054746887        16.034368007021914        16.559746787995376        16.794360557213519        16.219525192990520        15.854188553788983        15.528756856360378        15.604274283037753        15.960962424051065        16.290949460501746        27.601415560309047        19.936936225028301     
   5935.8237891850185       -4.6143440000000000        3.2228461628847653        9.1897052000000006        4.6579999999999998E-003   16.090440054643626        16.390956208090085        15.623877409090706        17.397888411939704        16.533164811732135        16.077162421849991        15.962195543284420        15.987685430761392        16.454273221871770        16.075946982191496        15.962315027636915        15.971138574950867        16.039848857993061        16.574417951343865        16.806164566348176        16.229028918108650        15.862212852896910        15.535258437099699        15.609291078425510        15.967849900951766        16.300561229464595        27.599028716961083        19.960291378076253     
   5923.1673072003514       -4.6180560000000002        3.2243911527018168        9.1897061000000004        4.6579999999999998E-003   16.098977429062007        16.401003756072079        15.630699403000207        17.412787380971597        16.544201116048878        16.085596624680154        15.969123693618865        15.993551604670490        16.464946665136431        16.084334017335163        15.969224492315394        15.977142849156873        16.045303708648138        16.589084351774215        16.817954147566805        16.238511404706106        15.870212401761869        15.541729323542892        15.614303670753841        15.974747562380298        16.310187558199377        27.596218545581809        19.983671134225748     
   5910.5242021186532       -4.6217660000000000        3.2259274480382545        9.1897068999999991        4.6579999999999998E-003   16.107498638652679        16.411042218046671        15.637500960547030        17.427699634041421        16.555230857519195        16.094014282015021        15.976027726042890        15.999395277754363        16.475613439792777        16.092703017399575        15.976111398056901        15.983122446055763        16.050738526508372        16.603761691641548        16.829741966242953        16.247982885342243        15.878195864526479        15.548176576749835        15.619317493598743        15.981662790680861        16.319838701551706        27.592985159482343        20.007100426562832     
   5897.9352449007447       -4.6254730000000004        3.2274569159255098        9.1897076999999996        4.6579999999999998E-003   16.115976267171092        16.421039216608438        15.644260257987391        17.442576854416942        16.566218434178150        16.102388315433874        15.982885515937472        16.005197735848899        16.486239118266706        16.101027073187947        15.982953663242970        15.989058230924872        16.056135895233830        16.618402432910177        16.841489931245167        16.257412830689791        15.886137562942661        15.554579543741973        15.624316299955343        15.988573060259455        16.329483243059276        27.589341837392492        20.030503086165101     
   5885.3595496265925       -4.6291799999999999        3.2289776663848566        9.1897085000000001        4.6579999999999998E-003   16.124437904605546        16.431027207202153        15.650999353116067        17.457467128445796        16.577199490199863        16.110745982395390        15.989719469362850        16.010977953754246        16.496858173292022        16.109333292089534        15.989773631266175        15.994969627705853        16.061513457936066        16.633053914465847        16.853236111728368        16.266831874631006        15.894063350348492        15.560959153457571        15.629316273513250        15.995500616834534        16.339152227547000        27.585280161811642        20.053954528594200     
   5872.8241911628375       -4.6328860000000001        3.2304915682318476        9.1897093000000005        4.6579999999999998E-003   16.132865378595127        16.440984676568231        15.657703820543016        17.472338214863164        16.588150351791199        16.119069337491080        15.996514979243255        16.016723589842680        16.507447713555866        16.117603849167399        15.996556715455664        16.000844025190684        16.066859726994871        16.647684425462703        16.864955151288608        16.276219744739432        15.901956211151365        15.567301776978162        15.634306607942595        16.002430388354174        16.348824616938490        27.580811564830459        20.077403794938387     
   5860.3290259291489       -4.6365850000000002        3.2319967299231416        9.1897100999999992        4.6579999999999998E-003   16.141258853194909        16.450911724201330        15.664373862210649        17.487190009238763        16.599071096058161        16.127358548236803        16.003272282328563        16.022434864185559        16.518007816676853        16.125838925888967        16.003303137863298        16.006681664134494        16.072174898698570        16.662293883178183        16.876647082860199        16.285576557842401        15.909816307936250        15.573607645866065        15.639287298739429        16.009362219066567        16.358500190854105        27.575940036558055        20.100850451211617     
   5847.8873761710101       -4.6402809999999999        3.2334950220418497        9.1897108999999997        4.6579999999999998E-003   16.149609457700212        16.460797749134290        15.671002511724492        17.502006358128224        16.609950023412889        16.135604860483749        16.009984358348770        16.028105866347566        16.528527172969394        16.134029842704290        16.010005872939416        16.012476521657806        16.077453462624668        16.676866420923609        16.888299323199988        16.294892348608297        15.917635344072217        15.579870221155300        15.644252963822375        16.016288445448485        16.368168249163624        27.570675452144332        20.124268683921830     
   5835.4318305245833       -4.6439830000000004        3.2349845514976558        9.1897116000000008        4.6579999999999998E-003   16.157962464678771        16.470696301938847        15.677625741610971        17.516867401049677        16.620846046713975        16.143852984274655        16.016687647388967        16.033767398221368        16.539062749363090        16.142221016609131        16.016701303039184        16.018260078727486        16.082724089276912        16.691480868851134        16.899974949122306        16.304217589902745        15.925455714533992        15.586123508796270        15.649230505531538        16.023246509065157        16.377881028763561        27.564991808034240        20.147785056570154     
   5823.0162221973242       -4.6476839999999999        3.2364653063056452        9.1897123999999994        4.6579999999999998E-003   16.166281804947946        16.480564609332905        15.684214974071043        17.531708828026137        16.631712072571144        16.152067304744140        16.023353238357100        16.039395040266996        16.549569011801200        16.150377083567658        16.023360546397480        16.024007397304647        16.087964034036307        16.706073991177572        16.911623481004227        16.313511993452053        15.933243653217730        15.592340539982644        15.654198337360285        16.030206205428197        16.387596414597056        27.558913905134833        20.171297661884086     
   5810.6404091023778       -4.6513809999999998        3.2379391596750327        9.1897131999999999        4.6579999999999998E-003   16.174567634469813        16.490402763488614        15.690770403374113        17.546530535577102        16.642548170591777        16.160247981447295        16.029981358562605        16.044989008019304        16.560046030352193        16.158498216725633        16.029983815965391        16.029718711774176        16.093173493320673        16.720645705263674        16.923244945352952        16.322775668527914        15.940999314798912        15.598521538188926        15.659156482047596        16.037167411155057        16.397314207749101        27.552446161325147        20.194806101416891     
   5798.2641966011834       -4.6550870000000000        3.2394061021680818        9.1897140000000004        4.6579999999999998E-003   16.182881487071203        16.500242092556952        15.697385318629003        17.561270564601120        16.653370375663599        16.168460677402209        16.036671394297890        16.050659409794484        16.570517380979243        16.166652523095525        16.036666332143039        16.035508362275639        16.098455963241314        16.735135537653367        16.934837663190283        16.332050051415610        15.948794466256320        15.604775796635124        15.664114462434995        16.044073463243762        16.406940819183333        27.556310473632738        20.218120795784227     
   5785.8077649714951       -4.6588229999999999        3.2408642376546646        9.1897146999999997        4.6579999999999998E-003   16.191319676082362        16.510147637808945        15.704187983524090        17.575890172384778        16.664230249608639        16.176806464993977        16.043562670089852        16.056551821334683        16.581041315105747        16.174945968585053        16.043540373393153        16.041528044218566        16.103947442486227        16.749506747893484        16.946431528084002        16.341410802626203        15.956734737385460        15.611250834767194        15.669092301332324        16.050867629595832        16.416376665751361        27.582881060281824        20.241062831367021     
   5773.3382125929938       -4.6625709999999998        3.2423154419196267        9.1897155000000001        4.6579999999999998E-003   16.199764787274074        16.520068586937366        15.710990407683767        17.590540479343215        16.675111972909377        16.185159076926499        16.050456315800464        16.062441058820585        16.591584773413548        16.183248154600253        16.050414795089740        16.047544211866406        16.109435797010597        16.763907444554867        16.958048015355590        16.350784888278373        15.964679434393698        15.617724811548833        15.674074740685281        16.057676121619398        16.425827117376979        27.609196382737810        20.264060551688846     
   5760.8822696126572       -4.6663240000000004        3.2437578173390427        9.1897161999999994        4.6579999999999998E-003   16.208198706743229        16.529983659703223        15.717778001995146        17.605190071453737        16.685992203288450        16.193500598252012        16.057337544947831        16.068314497996045        16.602125138857218        16.191541274172174        16.057274852076006        16.053543966418033        16.114909269881121        16.778306748568514        16.969662207540921        16.360152200691381        15.972611516869119        15.624183842722477        15.679051153085904        16.064484400380788        16.435271945891447        27.635201056972807        20.287064698958584     
   5748.4267277111376       -4.6700840000000001        3.2451932413985376        9.1897169000000005        4.6579999999999998E-003   16.216719657152549        16.540011369672623        15.724637033465125        17.620018376376674        16.696997336140665        16.201943739055235        16.064303233404615        16.074239537624148        16.612782564009493        16.199937445966075        16.064211774211753        16.059604652765699        16.120419301049278        16.792880067181166        16.981402925298486        16.369620291500002        15.980632195337311        15.630713569419004        15.684008094639864        16.071235026869982        16.444579791918347        27.661120527172745        20.310302446093541     
   5735.9584930690571       -4.6738600000000003        3.2466217048917816        9.1897176999999992        4.6579000000000004E-003   16.225914008215678        16.550850335769230        15.732090208628442        17.636059726478667        16.708865750677660        16.211161728476274        16.071937333015750        16.080630754588224        16.624261035218989        16.209105562448546        16.071777524744551        16.066199641644797        16.126285540324499        16.808640854714337        16.994019344899826        16.379827095039175        15.989348680894796        15.637834129764940        15.688884780491463        16.077597717456182        16.452982516575400        27.688219271758488        20.335048784399131     
   5723.4777652843595       -4.6776410000000004        3.2480413079805239        9.1897184000000003        4.6579000000000004E-003   16.235072400917101        16.561661391432370        15.739497782218283        17.652087707536676        16.720709260257582        16.220344736597919        16.079526487857308        16.086971359796095        16.635713734577404        16.218238647659053        16.079298738193842        16.072744698262010        16.132096695487085        16.824389967337876        17.006612084737736        16.390006377480727        15.998027707466132        15.644907257081616        15.693715831444067        16.083925251820322        16.461374518833537        27.715049887894782        20.359808816911258     
   5711.0241940012693       -4.6814270000000002        3.2494558221139616        9.1897190999999996        4.6579000000000004E-003   16.244212361801825        16.572456802886133        15.746882855175915        17.668097993328367        16.732536848884305        16.229510209686179        16.087093222042906        16.093287847120326        16.647150888497279        16.227354306462185        16.086798153658602        16.079265667383599        16.137880945265334        16.840123961317641        17.019187747782762        16.400172410310496        16.006688325876457        15.651957117086564        15.698532497728163        16.090244108227584        16.469775692170320        27.741573680634122        20.384550418062236     
   5698.6108416519019       -4.6852070000000001        3.2508614560964220        9.1897198000000007        4.6579000000000004E-003   16.253324291994335        16.583225183133710        15.754237733138648        17.684073651580960        16.744336030968814        16.238648514372390        16.094629646808322        16.099573674919974        16.658560424777431        16.236442957738994        16.094267949119992        16.085755789033030        16.143632338168249        16.855826178220450        17.031733059934641        16.410314458449903        16.015321448254575        15.658976379110619        15.703329758417560        16.096547617547561        16.478177002130309        27.767764840928610        20.409247349210322     
   5686.3292157733367       -4.6889570000000003        3.2522600915757667        9.1897205000000000        4.6579000000000004E-003   16.262340990614096        16.593886989181499        15.761508329656419        17.699896561265451        16.756019624303875        16.247692235764873        16.102080327655226        16.105782718305147        16.669858043348118        16.245437552627966        16.101653171466420        16.092167422607144        16.149308769817207        16.871380472236151        17.044155328953156        16.420357575095029        16.023863424273738        15.665913461475487        15.708072327779426        16.102789205948131        16.486515951511077        27.793435381462647        20.433716821577452     
   5674.1001893481698       -4.6926969999999999        3.2536498258154340        9.1897211999999993        4.6579000000000004E-003   16.271320516667490        16.604510739005718        15.768741626850552        17.715668288102155        16.767662686722087        16.256699586123361        16.109493396469244        16.111955206604073        16.681116325739396        16.254395986880752        16.109001520430109        16.098542092176398        16.154947124603023        16.886886635292502        17.056534361335157        16.430366269858769        16.032369276765085        15.672813230318869        15.712790847010815        16.109008976129847        16.494845665143448        27.818756160246014        20.458115709145250     
   5661.9235367433193       -4.6964300000000003        3.2550344366200128        9.1897219999999997        4.6579000000000004E-003   16.280263023270347        16.615096538272905        15.775937841442854        17.731388913855586        16.779265319610165        16.265670707171264        16.116869068329319        16.118091382306257        16.692335372174750        16.263318401318237        16.116313203959667        16.104880039451718        16.160547679733849        16.902344720055861        17.068870265920228        16.440340624557027        16.040839162485714        15.679675914474934        15.717485422470819        16.115206946848243        16.503165939798496        27.843730218954473        20.482443997612645     
   5649.7990335332161       -4.7001559999999998        3.2564101268338312        9.1897227000000008        4.6579000000000004E-003   16.289168645015636        16.625644470578298        15.783097176436918        17.747058509145628        16.790827598423139        16.274605722531742        16.124207541805589        16.124191484341228        16.703515256838326        16.272204918665874        16.123588413646967        16.111181498447149        16.166110721230094        16.917754767655182        17.081163126236735        16.450280698803336        16.049273220301707        15.686501729676095        15.722156245664387        16.121383235301327        16.511476624433165        27.868362091899431        20.506701748777392     
   5637.6875125929173       -4.7038820000000001        3.2577806773852589        9.1897234000000001        4.6579000000000004E-003   16.298066145068869        16.636188557002409        15.790242812144147        17.762727565798738        16.802386807245380        16.283533482913629        16.131532573173800        16.130275297906540        16.714692032190221        16.281084232964002        16.130850697733845        16.117466902528562        16.171654325303276        16.933166416625195        17.093452582626316        16.460218542375262        16.057698697548094        15.693312789970211        15.726818407003801        16.127557722974540        16.519804340249291        27.892732752435233        20.530967030568203     
   5625.6408156361085       -4.7075990000000001        3.2591422881812235        9.1897240999999994        4.6579000000000004E-003   16.306917425499247        16.646683593620772        15.797344220813617        17.778328858437074        16.813893379194443        16.292415752192429        16.138812862500036        16.136316875940235        16.725817772635597        16.289918315454972        16.138069020534285        16.123709437462249        16.177154892866554        16.948513525488082        17.105685938143036        16.470111537051324        16.066079525955796        15.700080013275230        15.731451985121009        16.133703933640188        16.528113191584001        27.916740130452229        20.555135655735459     
   5613.6586378918728       -4.7113060000000004        3.2604968457315953        9.1897248000000005        4.6579000000000004E-003   16.315722687742547        16.657129727345886        15.804401678206123        17.793862523094305        16.825347457123730        16.301252718257377        16.146048682906056        16.142316526685352        16.736892618555803        16.298707352808943        16.145243646439685        16.129909409409326        16.182612777776267        16.963796194196163        17.117863346868166        16.479959799189224        16.074415910377876        15.706803689380646        15.736057155573643        16.139821946252138        16.536402975580490        27.940388575018080        20.579207702120943     
   5601.7019812550498       -4.7150090000000002        3.2618424430705257        9.1897254999999998        4.6579000000000004E-003   16.324510574345002        16.667560874573123        15.811438220579820        17.809378937423585        16.836786217376400        16.310073116897851        16.153263646171194        16.148293884761674        16.747952516984650        16.307479924822871        16.152397983093177        16.136087099965390        16.188045892584288        16.979063962932305        17.130024334393532        16.489795288688615        16.082734977929288        15.713505783779738        15.740648947819704        16.145931620737056        16.544700386832705        27.963757659804070        20.603261147164130     
   5589.7450495811345       -4.7187219999999996        3.2631828672908916        9.1897262000000008        4.6579000000000004E-003   16.333300040476654        16.677999517093586        15.818469047652204        17.824911527407746        16.848234309870183        16.318895970624514        16.160473335535034        16.154261876274528        16.759021301856055        16.316254950822838        16.159547481534457        16.142255866023607        16.193466000770112        16.994349715480034        17.142195107427508        16.499639199276057        16.091054675264733        15.720200778977965        15.745237280325409        16.152046124356954        16.553023246850046        27.986898537507503        20.627347782441479     
   5577.8264835940836       -4.7224310000000003        3.2645143125356482        9.1897268000000008        4.6579000000000004E-003   16.342062668651717        16.688411878287670        15.825471461990041        17.840410018122927        16.859654685687598        16.327692749753115        16.167654472475597        16.160201259204666        16.770063152051076        16.325004055687490        16.166669055752340        16.148395813141189        16.198855652650167        17.009603965543182        17.154336279991394        16.509459671526603        16.099348107656848        15.726867069598708        15.749807371840664        16.158145710446146        16.561344555416564        28.009738013879346        20.651389639669393     
   5565.9461466612374       -4.7261350000000002        3.2658405689255829        9.1897275000000000        4.6579000000000004E-003   16.350798559105126        16.698798024013929        15.832445608868209        17.855874442582458        16.871047407803513        16.336463546676274        16.174807202083873        16.166112194457330        16.781078130591080        16.333727331262917        16.173762845769151        16.154507103343914        16.204215028506642        17.024826726772378        17.166447918152610        16.519256756169277        16.107615378567299        15.733504809800895        15.754359248594128        16.164230331841669        16.569664131007297        28.032277529302053        20.675386626416216     
   5554.1039027049146       -4.7298359999999997        3.2671578277645641        9.1897281999999993        4.6579000000000004E-003   16.359507792376636        16.709157996275941        15.839391619773465        17.871304823888504        16.882412511040403        16.345208433908329        16.181931652734207        16.171994839311498        16.792066272059142        16.342424849519148        16.180828975196864        16.160589890525248        16.209544318321921        17.040018001856147        17.178530061260993        16.529030479260026        16.115856572253374        15.740114140512905        15.758893026765413        16.170300049668395        16.577981845860521        28.054520027391501        20.699338734517784     
   5542.2740930257823       -4.7335409999999998        3.2684679802827752        9.1897289000000004        4.6579000000000004E-003   16.368209230106558        16.719514196419912        15.846324581564172        17.886734495712723        16.893774563154135        16.353946344815043        16.189043295135139        16.177861999458944        16.803051330203967        16.351115441187144        16.187882785619475        16.166657411241470        16.214855151686425        17.055210594991109        17.190608827938153        16.538801966036299        16.124089542122096        15.746709427739599        15.763418552646502        16.176367986472915        16.586315563508990        28.076515147787543        20.723297656601918     
   5530.4822143131587       -4.7372420000000002        3.2697710180367130        9.1897295999999997        4.6579000000000004E-003   16.376884109674602        16.729844258621462        15.853229588483071        17.902130103799493        16.905109019109684        16.362658432675161        16.196126835689480        16.183701088860463        16.814009575269854        16.359780361532412        16.194909105337214        16.172696644894788        16.220136164195932        17.070371651572984        17.202658125666883        16.548550105069740        16.132296541071828        15.753276502090138        15.767926094266468        16.182421034353784        16.594647164188476        28.098216907722001        20.747211549874475     
   5518.7281316182916       -4.7409379999999999        3.2710669326265691        9.1897301999999996        4.6579000000000004E-003   16.385532510545481        16.740148224620178        15.860106770045501        17.917491673065477        16.916415913579048        16.371344768968928        16.203182400851379        16.189512262234093        16.824941041567005        16.368419681495400        16.201908056205706        16.178707742798309        16.225387542906045        17.085501176291874        17.214677993918645        16.558274922145923        16.140477652164467        15.759815502298867        15.772415767915010        16.188459257318677        16.602976524824566        28.119628203433951        20.771080412292061     
   5507.0117105401887       -4.7446310000000000        3.2723557156963206        9.1897309000000007        4.6579000000000004E-003   16.394154532579851        16.750426161651685        15.866956268723161        17.932819238035595        16.927695311509726        16.380005446184171        16.210210133036334        16.195295676766179        16.835845794149311        16.377033493026332        16.208879775593932        16.184690863496836        16.230609462914313        17.100599185215128        17.226668500305816        16.567976470169022        16.148632978266814        15.766326579350714        15.776887595828043        16.194482604209174        16.611303468996432        28.140750403318950        20.794904153309478     
   5495.3075103386636       -4.7483290000000000        3.2736373589338159        9.1897315000000006        4.6579000000000004E-003   16.403080567098005        16.761024942417333        15.874124850548515        17.948579740245812        16.939340428391429        16.388996841196406        16.217569018339443        16.201374840776435        16.847095144475205        16.385985384036541        16.216190178732941        16.190964953171719        16.236098331096624        17.116137135593942        17.239059620212711        16.578004972738388        16.157129147107032        15.773165409008186        15.781307646348150        16.200275473140326        16.618601571762881        28.161357837972940        20.819095287181906     
   5483.6281853888286       -4.7520239999999996        3.2749118540708686        9.1897321999999999        4.6579000000000004E-003   16.412453414245928        16.772087310165677        15.881772901454408        17.964961935368482        16.951513600501247        16.398475923928306        16.225424117198944        16.207900758749194        16.858841815597550        16.395435030295427        16.224008168018447        16.197678989454129        16.241996445109873        17.132304054034183        17.252030429274622        16.588507258179742        16.166130731516287        15.780496248527314        15.785659325753411        16.205733464451072        16.624356968635606        28.181350082479842        20.843793266226744     
   5471.9988822507257       -4.7557150000000004        3.2761791928833444        9.1897327999999998        4.6579000000000004E-003   16.421787001975613        16.783102290956602        15.889390387105617        17.981279474218208        16.963635040495728        16.407918316652321        16.233246872627824        16.214397068170531        16.870538581397732        16.404846807978938        16.231794863221417        16.204363914576295        16.247868949147549        17.148405518539217        17.264946919216104        16.598967165122733        16.175098085516421        15.787794857626881        15.790002711506812        16.211192475480324        16.630120111673627        28.201119823683374        20.868400781315191     
   5460.3816687344424       -4.7594070000000004        3.2774393671912483        9.1897335000000009        4.6579000000000004E-003   16.431111781391191        16.794105830625458        15.897002145849957        17.997585542453212        16.975744302896818        16.417354801812447        16.241062801535417        16.220884974522701        16.882223611681699        16.414251410133172        16.239575656128476        16.211041541949911        16.253734994149063        17.164494024938787        17.277851229448217        16.609418809429211        16.184060437853407        15.795085058316275        15.794351825274678        16.216670038843045        16.635909504737430        28.220731659416604        20.892997912458217     
   5448.7765726157413       -4.7631019999999999        3.2786923688588168        9.1897341000000008        4.6579000000000004E-003   16.440427713108445        16.805097885109635        15.904608143201507        18.013880078194649        16.987841336770476        16.426785329601412        16.248871869782302        16.227364464726808        16.893896855994772        16.423648791024437        16.247350510358121        16.217711850845163        16.259594573907798        17.180569515998631        17.290743306354820        16.619862138700785        16.193017739517245        15.802366826708681        15.798706688366902        16.222166145101077        16.641725068039836        28.240186964733912        20.917584615854540     
   5437.2211803913833       -4.7667900000000003        3.2799400979792757        9.1897348000000001        4.6579000000000004E-003   16.449704632288181        16.816042871498308        15.912183737196148        18.030110268735648        16.999886979965336        16.436179340936288        16.256648786633907        16.233814569170054        16.905520525342606        16.433008509326381        16.255094238523650        16.224353246457554        16.265428706769772        17.196579903340936        17.303581404281335        16.630263328268068        16.201940959771346        15.809616594478427        15.803053049796770        16.227662719376060        16.647547675372234        28.259422818484413        20.942081075055274     
   5425.7027871795144       -4.7704750000000002        3.2811787308162104        9.1897354000000000        4.6579000000000004E-003   16.458952714265163        16.826952805422135        15.919737223039089        18.046293891999472        17.011894450910223        16.445547105357981        16.264402076641900        16.240242395022886        16.917107373561347        16.442340811256546        16.262815319268096        16.230973028684343        16.271243817546246        17.212542741029569        17.316379605723252        16.640633765109143        16.210839847015773        15.816842332573106        15.807395638423255        16.233165615485820        16.653383402555757        28.278462885469569        20.966514117518887     
   5414.1963282592169       -4.7741629999999997        3.2824101668678058        9.1897359999999999        4.6578000000000001E-003   16.468238704658205        16.837898056053440        15.927331648268558        18.062512752467946        17.023936505860100        16.454955610514510        16.272195228585353        16.246708561095176        16.928729241906098        16.451712615462576        16.270577165536082        16.237632227455052        16.277099178996174        17.228539364451322        17.329212381455960        16.651042629016622        16.219780365475017        15.824106393978505        15.811790427555204        16.238733235931477        16.659291349650751        28.297395588076675        20.990983403788398     
   5402.7267116727062       -4.7778499999999999        3.2836363083898972        9.1897366999999992        4.6578000000000001E-003   16.477449365738153        16.848761801255662        15.934857426312602        18.078638571263433        17.035893947049153        16.464291335428719        16.279918232079226        16.253105943794104        16.940267842602204        16.461010488558188        16.278269828992961        16.244223294795290        16.282888977042603        17.244441987137968        17.341958815705567        16.661374243970002        16.228650003977812        15.831299925771541        15.816134668427589        16.244260197249758        16.665165373510703        28.316087164012501        21.015342698688258     
   5391.2938066082797       -4.7815300000000001        3.2848533277096430        9.1897373000000009        4.6578000000000001E-003   16.486631399112326        16.859590766063029        15.942361232302693        18.094718095033663        17.047813505675073        16.473600953546068        16.287617771060042        16.259481247884381        16.951769901276464        16.470281115616977        16.285939985367534        16.250792922418789        16.288659906473157        17.260297367943771        17.354665643166044        16.671675302338713        16.237495428049783        15.838469628000434        15.820474998944777        16.249793036427128        16.671051888672231        28.334586706185938        21.039638821923582     
   5379.8850951270597       -4.7852079999999999        3.2860650380473433        9.1897379000000008        4.6578000000000001E-003   16.495794858704933        16.870396816301955        15.949851270180817        18.110768889474940        17.059708239689257        16.482894635825275        16.295302271491643        16.265841468171615        16.963248019137112        16.479534635005493        16.293596021398990        16.257348309387027        16.294418285763790        17.276122841045222        17.367346776263098        16.681957072926110        16.246326296578921        15.845623361860065        15.824816059595959        16.255337582955015        16.676957075625261        28.352915043630858        21.063898225212391     
   5368.5005260321213       -4.7888929999999998        3.2872695213535330        9.1897385000000007        4.6578000000000001E-003   16.504939780224852        16.881180000461860        15.957327560195042        18.126790992926480        17.071578199927465        16.492172400113112        16.302971759905965        16.272186643359305        16.974702245149338        16.488771072341649        16.301237958080989        16.263889487327909        16.300164142964583        17.291918454262714        17.380002264281124        16.692219585963088        16.255142622795297        15.852761164533687        15.829157806911732        16.260893712944316        16.682880763377256        28.371073097777476        21.088120923981769     
   5357.1277129782829       -4.7925750000000003        3.2884667698374632        9.1897391000000006        4.6578000000000001E-003   16.514076109237990        16.891952050520757        15.964798226573942        18.142801812335755        17.083436298881381        16.501444322829101        16.310634574730919        16.278523684494814        16.986145039484583        16.498000464973046        16.308874099861342        16.270423574636652        16.305903731204502        17.307701375898056        17.392645870597327        16.702473995145439        16.263953979195314        15.859890805650673        15.833504918231982        16.266467361380919        16.688829250564531        28.389081249976456        21.112333203295840     
   5345.7913016013881       -4.7962540000000002        3.2896567757533686        9.1897397000000005        4.6578000000000001E-003   16.523184041443905        16.902689622857054        15.972247066694296        18.158766617799515        17.095256836883074        16.510690287537003        16.318274102325631        16.284838868902277        16.997551602472939        16.507202796521298        16.316487885528950        16.276936413753788        16.311624614577063        17.323437380339534        17.405250188238448        16.712698062845980        16.272741244889680        15.866996839913819        15.837847910174611        16.272046301607226        16.694789450248315        28.406901301954917        21.136482500378442     
   5334.5034458535765       -4.7999289999999997        3.2908414455698365        9.1897403000000004        4.6578000000000001E-003   16.532253802660925        16.913381205600693        15.979666071206955        18.174668234433916        17.107027136579696        16.519900339860115        16.325882138372521        16.291125443686347        17.008909700592589        16.516368173281336        16.324071128898687        16.283421025993597        16.317320663424717        17.339109556327287        17.417801690688677        16.722880799952897        16.281494952850288        15.874071657710788        15.842182016429406        16.277624292425699        16.700754627438336        28.424515609932918        21.160542761134060     
   5323.2026533640228       -4.8036130000000004        3.2920188587537300        9.1897409000000003        4.6578000000000001E-003   16.541334797641930        16.924085042512900        15.987095646383553        18.190593264098169        17.118811316325917        16.529124635303695        16.333500122845564        16.297417663317717        17.020281206646594        16.525546513183990        16.331665130941943        16.289912738811964        16.323022909571577        17.354803263447621        17.430368748357942        16.733077666546905        16.290262770744221        15.881153803780796        15.846530802828225        16.283231613516527        16.706757134545732        28.442020759344324        21.184644990455901     
   5311.9380320306645       -4.8072929999999996        3.2931890076827668        9.1897415000000002        4.6578000000000001E-003   16.550387562319230        16.934754620035278        15.994503500606642        18.206472488161864        17.130558166713499        16.538323078348924        16.341094947968656        16.303688189698363        17.031616704525831        16.534697924187853        16.339236885533936        16.296383343473181        16.328706574777357        17.370450293295292        17.442896747355007        16.743244344615356        16.299006585451799        15.888212505024439        15.850875340803109        16.288843826214446        16.712770793366353        28.459341068078551        21.208684406061479     
   5300.7216588383708       -4.8109679999999999        3.2943518847799620        9.1897421000000001        4.6578000000000001E-003   16.559402381777169        16.945378499197517        16.001881668763865        18.222288824236571        17.142255089447772        16.547485766095555        16.348658457526099        16.309930317588488        17.042904036955562        16.543812567533195        16.346778251846537        16.302825906523857        16.334365569239480        17.386033830512609        17.455372243154301        16.753369906928029        16.307716977112563        15.895240202464423        15.855210863771637        16.294454656925289        16.718788815956898        28.476459409670603        21.232635073716523     
   5289.5046103492286       -4.8146480000000000        3.2955074825137101        9.1897427000000000        4.6578000000000001E-003   16.568418571292909        16.956003018842594        16.009262319766130        18.238111227119255        17.153953101280486        16.556652640882433        16.356223634076521        16.316171283608561        17.054192434124296        16.552930183703047        16.354322110614198        16.309268531094538        16.340024578478641        17.401621824625970        17.467849643597411        16.763498503314146        16.316431912810039        15.902267554214790        15.859556222242547        16.300088435874699        16.724837260552739        28.493451276158936        21.256601371527644     
   5278.2869911955368       -4.8183340000000001        3.2966577107601602        9.1897432999999999        4.6578000000000001E-003   16.577436046924923        16.966628079865913        16.016645385141331        18.253939550013911        17.165652093146129        16.565823617841829        16.363790407265853        16.322411029332862        17.065481790787487        16.562050688075843        16.361868391842435        16.315711157091840        16.345683549710678        17.417214130760065        17.480328832453807        16.773630039721901        16.325151311944666        15.909294494619745        15.863911377276006        16.305745114172730        16.730916075845066        28.510316488528879        21.280583078162415     
   5267.1174175166097       -4.8220169999999998        3.2978006459702569        9.1897438000000005        4.6578000000000001E-003   16.586415714677770        16.977207624329090        16.023998849003419        18.269705160001365        17.177301349817405        16.574958918470102        16.371325969761763        16.328622519471274        17.076723166344038        16.571134528504885        16.369384371867667        16.322125860789278        16.351317961002444        17.432743148268521        17.492755710055548        16.783720579698993        16.333837351723140        15.916290569360934        15.868257426450315        16.311400076050866        16.736998734864152        28.526983214459939        21.304476204408040     
   5255.9714801758364       -4.8256969999999999        3.2989381993512290        9.1897444000000004        4.6578000000000001E-003   16.595377206137471        16.987764792078764        16.031338772706256        18.285442465144037        17.188926346254696        16.584078490557708        16.378846789783545        16.334819348084402        17.087941145792023        16.580201551999515        16.376886468063063        16.328526671841331        16.356940125531494        17.448242784891129        17.505157439819733        16.793792175459522        16.342508992345763        15.923271084852233        15.872603708296383        16.317065375398698        16.743098225218070        28.543488171995818        21.328332756844311     
   5244.8370524579859       -4.8293819999999998        3.3000684461674310        9.1897450000000003        4.6578000000000001E-003   16.604624362013546        16.998736704547703        16.038864471872088        18.302073413567584        17.201091095569282        16.593448007130092        16.386578089502784        16.341176076925791        17.099661151080149        16.589518714390472        16.384584868847355        16.335092588287473        16.362693872861151        17.464597253908629        17.518189859197939        16.804197803169899        16.351393093608252        15.930449009389177        15.876968757396762        16.322655197535084        16.748767813396015        28.562526920274912        21.353802001745237     
   5233.7262122883312       -4.8330679999999999        3.3011913790912608        9.1897455000000008        4.6578000000000001E-003   16.614192172112539        17.010178088706830        16.046596471784149        18.319721737897900        17.213867410274275        16.603095018981961        16.394544428712265        16.347714314551638        17.111950505498257        16.599115573818665        16.392501549941329        16.341843613799902        16.368596259999947        17.481925407874321        17.531939233970526        16.814977377059932        16.360510440727644        15.937850571275947        15.881340963762435        16.328134163229173        16.753912513373500        28.584498322136646        21.381109203230075     
   5222.6389096982120       -4.8367509999999996        3.3023089113056288        9.1897461000000007        4.6578000000000001E-003   16.623740530800724        17.021597239759068        16.054313282293805        18.337342101568318        17.226617855116501        16.612723222638365        16.402494706435505        16.354241016760248        17.124216207228713        16.608694915773064        16.400402651023732        16.348581093796717        16.374488830963557        17.499225471568082        17.545663421796924        16.825734936981867        16.369608539042389        15.945239204121473        15.885701014360146        16.333602927984224        16.759049431763110        28.606309772979685        21.408378325876264     
   5211.5870949337614       -4.8404330000000000        3.3034191163278881        9.1897467000000006        4.6578000000000001E-003   16.633259131998969        17.032981823685148        16.062006570876264        18.354915435766408        17.239328667172359        16.622322217912554        16.410420341069383        16.360749127635714        17.136445005635231        16.618246383259283        16.408279640529230        16.355297756082848        16.380365214330595        17.516478727089947        17.559347590208283        16.836458869215534        16.378677573341690        15.952606917079999        15.890044266487328        16.339055630201415        16.764173014697832        28.627939118989239        21.435579856702255     
   5200.5347179109904       -4.8441190000000001        3.3045219869560758        9.1897471999999993        4.6578000000000001E-003   16.642779012254437        17.044368955825831        16.069701421064998        18.372499016133780        17.252041291420412        16.631923297857853        16.418347175320193        16.367259862616457        17.148676767046368        16.627801108795573        16.416158200719671        16.362015502113501        16.386244567207967        17.533741409074210        17.573036348031060        16.847184137528508        16.387747116709470        15.959977724821082        15.894384936102666        16.344510094085273        16.769299967100231        28.649457895826544        21.462802468106425     
   5189.5057800125505       -4.8478079999999997        3.3056194383163691        9.1897477999999992        4.6578000000000001E-003   16.652279512479360        17.055733923049594        16.077381130418232        18.390054634360695        17.264728139195164        16.641505628350274        16.426258005119848        16.373759080921978        17.160884944958831        16.637338355178599        16.424021231153361        16.368719749542876        16.392114110677717        17.550976009983010        17.586699974860970        16.857887474011505        16.396797491464945        15.967335622841889        15.898713536226312        16.349954381488658        16.774419131711838        28.670818828516197        21.489986909780548     
   5178.5121554815087       -4.8514939999999998        3.3067114650943115        9.1897482999999998        4.6578000000000001E-003   16.661750380902674        17.067064452305253        16.085037410040783        18.407563309352618        17.277375520303423        16.651058859270961        16.434144294722316        16.380239762011399        17.173056353632973        16.646847811637592        16.431860244589970        16.375403266251155        16.397967507151726        17.568163899305510        17.600323710598232        16.868557323124477        16.405818935256249        15.974672657372333        15.903025498060925        16.355382706876213        16.779524985655712        28.692000687807429        21.517103828804430     
   5167.5418202164246       -4.8551760000000002        3.3077942150454183        9.1897488000000003        4.6578000000000001E-003   16.671201978128018        17.078372931128811        16.092678630180806        18.425044119638493        17.289997269090648        16.660593436867998        16.442014669400763        16.386708978324478        17.185204298302132        16.656339867181899        16.439683811615538        16.382073360361787        16.403811136029525        17.585323811756524        17.613922434177653        16.879205361194380        16.414821323630065        15.981996836752829        15.907325525709593        16.360800952166898        16.784623082077275        28.713027088871932        21.544182692457390     
   5156.5828513960705       -4.8588670000000000        3.3088734515592941        9.1897494000000002        4.6578000000000001E-003   16.680644581183451        17.089671651587253        16.100313095577654        18.442516023604888        17.302607108583302        16.670119726816232        16.449877685238732        16.393173752209201        17.197341982376372        16.665824835634915        16.447500435694558        16.388737281378631        16.409651334030144        17.602474361342892        17.627510916146221        16.889843169955050        16.423814449602254        15.989316113372604        15.911618270844800        16.366214956139189        16.789718941477041        28.733920983112775        21.571252803798963     
   5145.6589719103213       -4.8625520000000000        3.3099453218664436        9.1897499000000007        4.6578000000000001E-003   16.690057727656502        17.100936121197186        16.107924261435244        18.459941134672746        17.315177713178826        16.679617076242671        16.457716303972163        16.399620070547165        17.209443093384905        16.675282146522946        16.455293176636900        16.395380591577798        16.415475445652859        17.619578360803601        17.641059698569400        16.900447690976094        16.432778827077200        15.996614616120086        15.915894528138596        16.371613076307028        16.794801525224017        28.754638693197471        21.598255511390285     
   5134.7582339402670       -4.8662349999999996        3.3110098190058825        9.1897505000000006        4.6578000000000001E-003   16.699451723950595        17.112178666930234        16.115520454310570        18.477338445393535        17.327722844471900        16.689095881865924        16.465539104956562        16.406054970253791        17.221520871873189        16.684722143263571        16.463070560706981        16.402010558655931        16.421289816393333        17.636654459016540        17.654583588535438        16.911030542509302        16.441724278903216        16.003900316361666        15.920158926707300        16.377001119154968        16.799876356796126        28.775202907957926        21.625220125273131     
   5123.8923866467958       -4.8699149999999998        3.3120688618857788        9.1897509999999993        4.6578000000000001E-003   16.708816421421666        17.123387133616575        16.123093466545711        18.494689124231471        17.340228949868866        16.698545892789483        16.473337638071840        16.412471493580583        17.233562258200003        16.694134608040088        16.470824183804922        16.408620023417342        16.427088162371398        17.653684175623994        17.668067960354975        16.921580285713276        16.450641144215602        16.011165330214425        15.924406962475585        16.382373351987376        16.804937953086714        28.795593172225345        21.652117499070229     
   5113.0259865560492       -4.8736050000000004        3.3131224453701553        9.1897514999999999        4.6578000000000001E-003   16.718182371753258        17.134598084206090        16.130668000771827        18.512049728393343        17.352736828645064        16.707997937559242        16.481137343848495        16.418890562228661        17.245606531190532        16.703550241368163        16.478579338256068        16.415230545618442        16.432889383198756        17.670723025170865        17.681556790331108        16.932131342134483        16.459558518068384        16.018433347981045        15.928652470501921        16.387747249412001        16.810002804924039        28.815876095605283        21.679035245040261     
   5102.1826311824861       -4.8772909999999996        3.3141686373719836        9.1897520000000004        4.6578000000000001E-003   16.727529233518368        17.145787167171640        16.138227604644861        18.529382529556173        17.365219315246392        16.717431485421606        16.488921282094203        16.425298229642358        17.257627528549627        16.712948588045144        16.486319179487190        16.421827767606963        16.438680872868183        17.687733980453643        17.695020774491290        16.942660796813179        16.468457035430951        16.025688578296389        15.932886239270006        16.393111136602187        16.815059904106022        28.836007963319460        21.705914849109469     
   5091.3857182981792       -4.8809719999999999        3.3152093586389442        9.1897525000000009        4.6578000000000001E-003   16.736836830765270        17.156930220581486        16.145755955261130        18.546650040633786        17.377649464239838        16.726826165994161        16.496672649304259        16.431680648143583        17.269599289788886        16.722309342779177        16.494026995684713        16.428397447027876        16.444450109784320        17.704680256275040        17.708430824321013        16.953145922048449        16.477317494718626        16.032915340701344        15.937099158935455        16.398453425539707        16.820098309718794        28.855946367132184        21.732698128320557     
   5080.6116531510588       -4.8846540000000003        3.3162426760054089        9.1897531000000008        4.6578000000000001E-003   16.746125505142878        17.168051589053093        16.153269499172069        18.563889915671894        17.390054439784393        16.736202506599184        16.504408383480154        16.438051745884309        17.281547967424906        16.731652947664493        16.501719626253632        16.434953937143256        16.450209674718991        17.721598812542751        17.721816219080999        16.963609637178031        16.486159268273383        16.040129407771239        15.941300426434873        16.403785735639325        16.825128999822496        28.875735513853819        21.759443398326752     
   5069.8370398760553       -4.8883419999999997        3.3172705114319059        9.1897535999999995        4.6578000000000001E-003   16.755415406594544        17.179175393294422        16.160784537424064        18.581139553704645        17.402461153323102        16.745580839717455        16.512145267969686        16.444425347502779        17.293499476796057        16.740999661199417        16.509413759792999        16.441511466415164        16.455972071270764        17.738526351851235        17.735205993742760        16.974074634777715        16.495001535921247        16.047346426997983        15.945499245539411        16.409119727129230        16.830162897770357        28.895419516075499        21.786208747059547     
   5059.0969256507988       -4.8920260000000004        3.3182928599280994        9.1897541000000000        4.6578000000000001E-003   16.764676322841503        17.190265453257467        16.168276625797397        18.598342808765445        17.414829254917883        16.754930664562842        16.519858139271541        16.450780712667822        17.305414944260953        16.750319079903335        16.517084370194432        16.448048704871269        16.461718541478312        17.755407780067443        17.748556587160678        16.984506884792047        16.503815545731463        16.054542915927556        15.949681934684980        16.414438000120512        16.835183611267638        28.914934439135848        21.812906990352367     
   5048.3911879836069       -4.8957059999999997        3.3193077867315437        9.1897546000000006        4.6576999999999999E-003   16.773954972858075        17.201368498101257        16.175792459695696        18.615546412755133        17.427205495581276        16.764298693845664        16.527593698707122        16.457164513620729        17.317341104994615        16.759657905466138        16.524778154896747        16.454612340901793        16.467495747238075        17.772289832696753        17.761914736801042        16.994953119553895        16.512648018380514        16.061765552518043        15.953895187910309        16.419787222765603        16.840237790044362        28.934328144776774        21.839584874695408     
   5037.6965053762051       -4.8993900000000004        3.3203172155916549        9.1897550999999993        4.6576999999999999E-003   16.783178221657391        17.212415360067791        16.183255061795197        18.632694443444016        17.439523485889772        16.773611982468619        16.535275449837531        16.463497300330033        17.329210582083117        16.768943122156276        16.532418524217874        16.461123325472702        16.473222914907790        17.789115891814571        17.775216175971050        17.005342747507076        16.521424851391739        16.068936711488568        15.958054857876416        16.425085696843436        16.845243082867391        28.953550212027469        21.866207055476369     
   5027.0244787460861       -4.9030760000000004        3.3213211416042525        9.1897555999999998        4.6576999999999999E-003   16.792382681584396        17.223440668179840        16.190702952599743        18.649814879028661        17.451816479558644        16.782907041586686        16.542941677112186        16.469818813847873        17.341057110569185        16.778211266381671        16.540043805834536        16.467621213204662        16.478940440794194        17.805914288409856        17.788493079542008        17.015711115806099        16.530183144681139        16.076095222621174        15.962203065350060        16.430374288871313        16.850240667203170        28.972626904686482        21.892791188017444     
   5016.3750600980629       -4.9067590000000001        3.3223176284408353        9.1897561000000003        4.6576999999999999E-003   16.801568389287741        17.234444460305664        16.198136158636963        18.666907741052825        17.464084524903910        16.792183903508967        16.550592410263555        16.476129068968305        17.352880729792712        16.787462363363158        16.547654027071584        16.474106028875937        16.484648334751657        17.822685047323116        17.801745484094425        17.026058266333720        16.538922937336437        16.083241101951366        15.966339845746514        16.435653014034159        16.855230547137012        28.991558973623118        21.919337275203080     
   5005.7597277130753       -4.9104390000000002        3.3233105336039706        9.1897566000000008        4.6576999999999999E-003   16.810725438236357        17.245414861631591        16.205546659483790        18.683954537029788        17.476314390389508        16.801432557537517        16.558219397190147        16.482421247272587        17.364668678531007        16.796686421463779        16.555240976716803        16.480570777413508        16.490340424808064        17.839410029175596        17.814959076919791        17.036373040742948        16.547634809004432        16.090366627258714        15.970460761072285        16.440916171801941        16.860207321426440        29.010326842186277        21.945816558881798     
   4995.1668588162283       -4.9141199999999996        3.3242959888287782        9.1897570999999996        4.6576999999999999E-003   16.820181929951239        17.256915780082704        16.213141697741857        18.702127460040444        17.489283908537363        16.811027178846789        16.566051503721194        16.488781523384350        17.377131343484169        16.806242856438875        16.563036829755514        16.487142044857240        16.496029117853272        17.857270736399709        17.828979507619096        17.047185136189444        16.556648984982889        16.097626438373492        15.974612843237058        16.446199641291116        16.865138407759556        29.031801935838796        21.974172886097950     
   4984.6078833423062       -4.9177960000000001        3.3252739877005815        9.1897575000000007        4.6576999999999999E-003   16.829989297314786        17.269046838753983        16.220947216947074        18.721642576891629        17.503136050734806        16.821029111104746        16.574119671415129        16.495207690894329        17.390397198846596        16.816189278949874        16.571072939101903        16.493827969544714        16.501694693805870        17.876486192258497        17.843961779610755        17.058586889179036        16.566018360351112        16.105034521816084        15.978785420700031        16.451505274882354        16.870010905575967        29.056497612239983        22.004759409367995     
   4974.0941343333770       -4.9214669999999998        3.3262483910648886        9.1897579999999994        4.6576999999999999E-003   16.839758883526336        17.281140730441447        16.228716499927422        18.741111815483485        17.516950339978251        16.830995242821285        16.582151884248145        16.501594704458224        17.403625241641986        16.826099799899850        16.579073230724028        16.500476439679009        16.507318358926035        17.895657443482580        17.858904895846816        17.069951061754125        16.575351832339553        16.112405937090482        15.982918230354247        16.456792070828396        16.874864665391929        29.080993435959375        22.035271008934142     
   4963.6025613753636       -4.9251329999999998        3.3272153275079859        9.1897584999999999        4.6576999999999999E-003   16.849512057371715        17.293223815216638        16.236466601475282        18.760577491644256        17.530756845098363        16.840947343240703        16.590165759141676        16.507956677642660        17.416844278113128        16.835996070264574        16.587055251567961        16.507102113336661        16.512912614967274        17.914826148560682        17.873841366944514        17.081302446688571        16.584669812249789        16.119756887991176        15.987020580711679        16.462071624235183        16.879710310301700        29.105344387990900        22.065774073506862     
   4953.1217126962329       -4.9288059999999998        3.3281767253983676        9.1897590000000005        4.6576999999999999E-003   16.859259444879573        17.305309212861264        16.244205994094326        18.780060676322503        17.544570535774628        16.850896242364758        16.598170049937718        16.514300609023831        17.430068648248643        16.845888860698967        16.595027720706991        16.513712263779279        16.518483650626195        17.934013052492414        17.888787379441087        17.092653381619133        16.593982451078421        16.127095421303135        15.991097051925582        16.467349679742039        16.884553119479040        29.129577488569769        22.096301635781632     
   4942.6743756705864       -4.9324750000000002        3.3291325800575216        9.1897594999999992        4.6576999999999999E-003   16.868979827019061        17.317370554838845        16.251917868552646        18.799518772962667        17.558361243874053        16.860820265444634        16.606147362658820        16.520612778629193        17.443269480720257        16.855756620573647        16.602973313349864        16.520292574611123        16.524019463988235        17.953176200479255        17.903710281128728        17.103979117067777        16.603269475036281        16.134405612695893        15.995138917621276        16.472614736795784        16.889382550340347        29.153640634735563        22.126786970719682     
   4932.2717885155380       -4.9361379999999997        3.3300828868330536        9.1897599000000003        4.6576999999999999E-003   16.878662690961722        17.329394690349311        16.259593953986251        18.818930426694539        17.572113885629971        16.870708646006410        16.614089124343703        16.526886523831610        17.456432352690666        16.865588647940388        16.610883490765485        16.526836062028149        16.529514298364905        17.972294550054830        17.918593731841636        17.115267331475007        16.612520835896369        16.141679647975604        15.999142109819768        16.477861128334197        16.894193385758737        29.177509332698012        22.157196699149122     
   4921.8910951393000       -4.9397979999999997        3.3310257048680660        9.1897604000000008        4.6576999999999999E-003   16.888329291671479        17.341407925091598        16.267251154789950        18.838337946944808        17.585858499118675        16.880583071127145        16.622012811908267        16.533135740832943        17.469586031544832        16.875406508723774        16.618775660275791        16.533357191779199        16.534980386424973        17.991409763695533        17.933470219649561        17.126542749267763        16.621756843625342        16.148933566255998        16.003115553471105        16.483100264299335        16.898996172749779        29.201236196223856        22.187597039325741     
   4911.5096310733879       -4.9434649999999998        3.3319649015082389        9.1897608999999996        4.6576999999999999E-003   16.898000711965640        17.353436431014888        16.274906191239833        18.857783588094879        17.599625017906025        16.890465065494013        16.629935722286465        16.539374106977355        17.482759167004520        16.885231605403913        16.626667050093683        16.539870224861883        16.540429717849481        18.010563455903256        17.948372139576719        17.137829940742414        16.630997639367830        16.156183214606362        16.007068027306712        16.488343612702931        16.903801392681839        29.224873669760175        22.218054233795588     
   4901.1726347194308       -4.9471270000000001        3.3328965992100086        9.1897613000000007        4.6576999999999999E-003   16.907634771679142        17.365427689121383        16.282525716331396        18.877182375859554        17.613353309773135        16.900311510637152        16.637823331469900        16.545574507779019        17.495894226842331        16.895021069702654        16.634523273720919        16.546346831082754        16.545838657725287        18.029671921493964        17.963234390584162        17.149079637884530        16.640202917800352        16.163397026686642        16.010982479789913        16.493568339679218        16.908588094349408        29.248319664671346        22.248435252885404     
   4890.8461324964082       -4.9507880000000002        3.3338227296656617        9.1897617999999994        4.6576999999999999E-003   16.917263121883007        17.377421021986802        16.290134807218234        18.896597789233304        17.627088351974304        16.910154741035630        16.645701589059346        16.551757413862088        17.509034259459657        16.904807051068360        16.642370177309356        16.552808370414780        16.551225112807909        18.048797683742723        17.978105648482604        17.160328755498288        16.649402924073438        16.170598760510611        16.014871867830220        16.498791507803819        16.913371990853697        29.271651269045424        22.278839443880774     
   4880.5413876478151       -4.9544530000000000        3.3347452266346771        9.1897622000000005        4.6576999999999999E-003   16.926875221350986        17.389403255598832        16.297725163759825        18.916008468351325        17.640815043482224        16.919983961341558        16.653561892736189        16.557916130942832        17.522164822133828        16.914578818449041        16.650199193070765        16.559247828788525        16.556583293664069        18.067919695426806        17.992969558012437        17.171564945097423        16.658587580754304        16.177780572068087        16.018732124918852        16.504007481067415        16.918147856986476        29.294844146274219        22.309233463378693     
   4870.2471401606854       -4.9581210000000002        3.3356602095905798        9.1897626999999993        4.6576999999999999E-003   16.936481574882603        17.401387442684378        16.305305106337475        18.935435467017143        17.654548310214683        16.929809908059102        16.661412853852678        16.564057444005034        17.535300202302555        16.924347046833578        16.658018897804421        16.565672288491303        16.561919128359154        18.087058694853440        18.007842270917688        17.182800462179070        16.667766929060630        16.184950342619896        16.022567489989726        16.509221863103431        16.922920899719951        29.317923378515051        22.339650198306050     
   4860.0081773736274       -4.9617800000000001        3.3365696118402184        9.1897631000000004        4.6576999999999999E-003   16.946040328776061        17.413321282010585        16.312841668644449        18.954793905378953        17.668228182875513        16.939589739292810        16.669220311738751        16.570154737369446        17.548383052783532        16.934069148760035        16.665795267222972        16.572053873079366        16.567209569890693        18.106131049861570        18.022658828904977        17.193986293188626        16.676900969532831        16.192076912268309        16.026361553707940        16.514412008753116        16.927670335179023        29.340790084337339        22.369956872334928     
   4849.7907404672715       -4.9654379999999998        3.3374734289506969        9.1897635999999991        4.6576999999999999E-003   16.955582975023834        17.425243989370287        16.320359743557486        18.974147221635867        17.681899559840215        16.949355653116012        16.677010039903887        16.576228241486454        17.561456331583653        16.943777135420813        16.673553971906411        16.578413723513489        16.572472243068386        18.125199253165349        18.037467839696266        17.205159227257464        16.686019797469154        16.199183842399993        16.030126980637775        16.519594911629870        16.932411798380816        29.363519988617451        22.400252738606884     
   4839.5724970804058       -4.9691000000000001        3.3383716565155797        9.1897640000000003        4.6576999999999999E-003   16.965130337761032        17.437181555165868        16.327875756881856        18.993537594683929        17.695592237473260        16.959128946357367        16.684799051334895        16.582291261387187        17.574548533166780        16.953492178113311        16.681311957500270        16.584765759478710        16.577718707583852        18.144304857351219        18.052301576666995        17.216343624319645        16.695143306909301        16.206286668827520        16.033872142623995        16.524781966209698        16.937155648062419        29.386163711919320        22.430603928166757     
   4829.3757829725291       -4.9727639999999997        3.3392623494025209        9.1897645000000008        4.6576999999999999E-003   16.974661556969764        17.449107869981759        16.335373302459278        19.012922545560812        17.709276247662164        16.968888264352568        16.692570341713754        16.588330580691686        17.587631010740228        16.963193050433002        16.689052287006039        16.591096127922508        16.582937539330800        18.163406006992215        18.067127566865032        17.227515033140332        16.704251568148660        16.213369892039712        16.037588836524986        16.529961746224526        16.941891507533754        29.408671363425551        22.460943862427111     
   4819.2227460724453       -4.9764229999999996        3.3401493842759655        9.1897649000000001        4.6576999999999999E-003   16.984155870987859        17.460996869373215        16.342836105482967        19.032259615922268        17.722921651089639        16.978612317493987        16.700307026353936        16.594333182897358        17.600675152153098        16.972858592758836        16.696758143513716        16.597391151800164        16.588117567868292        18.182460854423677        18.081913359095370        17.238649059181295        16.713324734349932        16.220418159026359        16.041269264869438        16.535123041122031        16.946609071927039        29.430995549449069        22.491206210065496     
   4809.0910544067992       -4.9800779999999998        3.3410308165467066        9.1897652999999995        4.6576999999999999E-003   16.993634135766801        17.472874584718017        16.350280613170625        19.051591007984047        17.736558281052080        16.988322445500227        16.708026143615346        16.600312376615435        17.613709491132990        16.982510019138125        16.704446497322014        16.603664759314697        16.593270341402590        18.201510978731374        18.096691263111882        17.249770105702968        16.722382737039670        16.227447022976005        16.044921679189354        16.540277130453951        16.951318698108967        29.453185885602384        22.521456995605991     
   4798.9585630286674       -4.9837429999999996        3.3419066419145107        9.1897658000000000        4.6576999999999999E-003   17.003117067034950        17.484766949139793        16.357723112855574        19.070958875402461        17.750215894668600        16.998039866598894        16.715744578515530        16.606281265170740        17.626762476085386        16.992168420565715        16.712134165889605        16.609930690868499        16.598407168709425        18.220597919086980        18.111493520547551        17.260902462581640        16.731445375436373        16.234471867261075        16.048554084357001        16.545435231717260        16.956030673902259        29.475290824724429        22.551762143103172     
   4788.8363935387515       -4.9874099999999997        3.3427768561057811        9.1897661999999993        4.6576999999999999E-003   17.012594228848211        17.496660862879185        16.365155423484541        19.090341896234566        17.763879449135832        17.007753876483125        16.723453842448119        16.612233308681962        17.639819729543962        17.001823157772321        16.719812695005299        16.616182073839699        16.603522441344506        18.239700658731810        18.126303827690496        17.272033867520172        16.740502670807437        16.241484974977052        16.052162601922436        16.550591752494597        16.960739824809451        29.497286860904754        22.582088390739703     
   4778.7465776213858       -4.9910750000000004        3.3436414548735942        9.1897666000000005        4.6576999999999999E-003   17.022044979781615        17.508530365262537        16.372561392364059        19.109697668691034        17.777519091306043        17.017443305474924        16.731137173119002        16.618155621783966        17.652852733249052        17.011453192157919        16.727465388963751        16.622405356439156        16.608605125168552        18.258777404990450        18.141089814658574        17.283140040878095        16.749534897657746        16.248471116845590        16.055739464992161        16.555735408584731        16.965435888370177        29.519126343941696        22.612369365421447     
   4768.6780203933677       -4.9947410000000003        3.3445023776257417        9.1897669999999998        4.6576999999999999E-003   17.031479681054794        17.520388399789585        16.379949183739765        19.129047200367467        17.791149662159405        17.027118756637922        16.738803029460282        16.624054801920988        17.665875679216921        17.021069063960354        16.735100673010617        16.628607446461867        16.613660938405967        18.277848855793589        18.155867557049362        17.294233112703473        16.758551956982163        16.255438011092618        16.059288767027127        16.560871827416836        16.970124012809482        29.540833977173232        22.642637953534251     
   4758.5978057211605       -4.9984140000000004        3.3453557333812070        9.1897675000000003        4.6576999999999999E-003   17.040929182194922        17.532273727155140        16.387342961783194        19.148453706832370        17.804815706713686        17.036811866551542        16.746476484404642        16.629950151741134        17.678931129926038        17.030702215668466        16.742743519750196        16.634808634602621        16.618706428966668        18.296977318764203        18.170685345804440        17.305349347938009        16.767583335158267        16.262408447004997        16.062822099619627        16.566017760233013        16.974819522181637        29.562480550964199        22.672992998300334     
   4748.5607668738339       -5.0020850000000001        3.3462034611297340        9.1897678999999997        4.6576999999999999E-003   17.050447194918338        17.544172878981367        16.394841686255130        19.167730937920929        17.818491535261643        17.046569440654693        16.754254301587363        16.636019014207758        17.692006853206490        17.040403027390134        16.750487155803317        16.641166788241488        16.623956346855547        18.315982737920429        18.185485359729473        17.316530584411488        16.776692001116619        16.269502354410754        16.066532569925748        16.571097235351015        16.979484071955664        29.583746717159226        22.703019760589374     
   4738.5448985798748       -5.0057539999999996        3.3470475017566570        9.1897683000000008        4.6576999999999999E-003   17.060572318691580        17.556358639524028        16.403150307382045        19.186511758671966        17.832441678289381        17.056901180672885        16.762838907714769        16.643317240763967        17.705416284871241        17.050697527799233        16.759015395514218        16.648648143265344        16.630630263174695        18.334520409986663        18.200405666679611        17.328303967063839        16.786449741432428        16.277517591358215        16.071495314605340        16.575890894209540        16.984066465209160        29.603715700682475        22.731541480993695     
   4728.5392683088849       -5.0094260000000004        3.3478859070431639        9.1897687000000001        4.6576999999999999E-003   17.070684811571727        17.568532462660858        16.411445354629791        19.205290015610693        17.846384738842882        17.067219419815462        16.771411234314709        16.650605560976576        17.718816951724140        17.060978871471480        16.767531107419526        16.656118440274920        16.637294957990346        18.353055767147357        18.215319781741552        17.340067104394993        16.796194261782016        16.285519907088403        16.076459784716715        16.580696614872519        16.988649608931521        29.623650058481818        22.760075121821668     
   4718.5439004717919       -5.0131030000000001        3.3487186728937948        9.1897690999999995        4.6576999999999999E-003   17.080784655864058        17.580694317035256        16.419726823370400        19.224065611717393        17.860320660789117        17.077524141896543        16.779971271233833        16.657883964631221        17.732208805814825        17.071247041364675        16.776034282450066        16.663577671568412        16.643950422491347        18.371588712974862        18.230227640618306        17.351819962147463        16.805925548325138        16.293509296622990        16.081425947333212        16.585514333579265        16.993233475266013        29.643549786143875        22.788620487160305     
   4708.5696612269567       -5.0167789999999997        3.3495457952399881        9.1897695000000006        4.6576999999999999E-003   17.090860882565512        17.592830978818487        16.427985734566061        19.242818057458049        17.874234260385517        17.087804158283273        16.788509729192835        16.665144550790739        17.745577265362321        17.081490887139871        16.784515694584137        16.671017744157858        16.650589432732495        18.390099021732215        18.245112994101792        17.363549755154491        16.815633037259058        16.301477096804817        16.086388371602780        16.590338733134256        16.997813055496938        29.663393316345488        22.817146351542409     
   4698.6273248887373       -5.0204510000000004        3.3503672700401164        9.1897698999999999        4.6576999999999999E-003   17.100902625275541        17.604929333702753        16.436213207101591        19.261526964363775        17.888110451110482        17.098048387656672        16.797017412622839        16.672379495909095        17.758907850407677        17.091699364121457        16.792966212302300        16.678430648250764        16.657204836236229        18.408566566517106        18.259959691049712        17.375243798554653        16.825306268140025        16.309414738201223        16.091341643107103        16.595164467753520        17.002383359684845        29.683159325708704        22.845621575342758     
   4688.6843899587675       -5.0241319999999998        3.3511830932795199        9.1897702999999993        4.6576999999999999E-003   17.110942720919081        17.617028928556660        16.444436160175499        19.280253414068731        17.901994560528813        17.108290331886291        16.805522149350324        16.679612462445956        17.772244115344979        17.101905855867042        16.801413477993627        16.685840632530098        16.663818270056552        18.427051639924660        18.274816222816462        17.386940311588589        16.834976877693972        16.317348190944188        16.096301922965907        16.600007234152518        17.006959302807800        29.702912499985796        22.874139052860958     
   4678.7517223960303       -5.0278150000000004        3.3519952087119527        9.1897707000000004        4.6576999999999999E-003   17.120970200658871        17.629116539803320        16.452645614834562        19.298976917678960        17.915871405290872        17.118518802498929        16.814014650211256        16.686835549569697        17.785571478739989        17.112099212201560        16.809848265745590        16.693239604101858        16.670422510341691        18.445534016853120        18.289666340636327        17.398626509353409        16.844634302261415        16.325268791960607        16.101263780532857        16.604861715499670        17.011535876327404        29.722631272016006        22.902667559852478     
   4668.8508469461249       -5.0314969999999999        3.3528016655197588        9.1897710999999997        4.6576999999999999E-003   17.130963348613992        17.641165969597619        16.460823812500532        19.317656796049903        17.929710868512487        17.128711652187537        16.822476533397815        16.694033119758007        17.798861028443117        17.122257359995462        16.818252320735532        16.700611550326581        16.677003260340481        18.463973540711834        18.304477806696102        17.410277055953831        16.854257633937859        16.333159406440078        16.106216420355047        16.609717285529793        17.016103128555084        29.742272996889337        22.931145015828282     
   4658.9709230962335       -5.0351759999999999        3.3536024597600478        9.1897715000000009        4.6576999999999999E-003   17.140933124095174        17.653190406739096        16.468979747230470        19.336313371607933        17.943528046820557        17.138880064043402        16.830917091230116        16.701213072836957        17.812127276455001        17.132391441943430        16.826634874367674        16.707964569488635        16.683567744201660        18.482390270751424        18.319266767135179        17.421904693508857        16.863857434651276        16.341028710828315        16.111165212157257        16.614579128152062        17.020666017695561        29.761859293420105        22.959602279612671     
   4649.0904966076851       -5.0388640000000002        3.3543995365783554        9.1897719000000002        4.6576999999999999E-003   17.150901183234598        17.665215960535580        16.477131144923742        19.354987106593200        17.957352922310189        17.149046127491676        16.839354662875099        16.708391007478689        17.825399015282425        17.142523471988810        16.835014140786608        16.715314638974942        16.690130224032515        18.500824148368949        18.334065308563201        17.433534665826240        16.873454560030737        16.348893807567183        16.116120882059757        16.619457749866431        17.025234435613282        29.781432739214186        22.988101022054469     
   4639.2310238510199       -5.0425529999999998        3.3551909438925223        9.1897722999999996        4.6576999999999999E-003   17.160845886323482        17.677216514726933        16.485260319427930        19.373637398657223        17.971155451147176        17.159187774843730        16.847770935962327        16.715551343546455        17.838647409042537        17.152631455420408        16.843371935167806        16.722645807762831        16.696676456061347        18.519235092109298        18.348841267021985        17.445141711853566        16.883028178817124        16.356737631179197        16.121072647477238        16.624342504706849        17.029798445105055        29.800950869630018        23.016579230410425     
   4629.4031199713454       -5.0462389999999999        3.3559766778316722        9.1897725999999995        4.6576999999999999E-003   17.170756533158645        17.689179133391665        16.493358547571955        19.392244040022625        17.984920708128737        17.169294095987773        16.856156864754659        16.722686384866616        17.851858145884226        17.162704515814848        16.851699277153489        16.729950201851715        16.703199409517609        18.537603149622608        18.363578655231208        17.456713309089775        16.892567995828355        16.364551763806059        16.126015163292813        16.629228037154725        17.034353089569674        29.820393048591701        23.045005979683115     
   4619.5853988548633       -5.0499239999999999        3.3567567345521043        9.1897730000000006        4.6576999999999999E-003   17.180654725876384        17.701129867942509        16.501443503379523        19.410847416199481        17.998678621562856        17.179387128900398        16.864530742135933        16.729811684571668        17.865059962347086        17.172764617248713        16.860014333911966        16.737243751578639        16.709713296087145        18.555968191733612        18.378309504271993        17.468274651045572        16.902094816161426        16.372353257409888        16.130959065070673        16.634124803908929        17.038908248115042        29.839801133398286        23.073442767865696     
   4609.7778840709507       -5.0536190000000003        3.3575330610189003        9.1897734000000000        4.6575999999999996E-003   17.190587058115426        17.713115297918026        16.509561794077328        19.429494054456573        18.012475749062418        17.189513465671013        16.872939168634293        16.736973848854952        17.878299423485210        17.182858350779128        16.868363707108820        16.744573064230465        16.716264727997658        18.574376744053048        18.393080364260051        17.479872313985588        16.911655235221495        16.380188719753143        16.135950981438555        16.639079399352791        17.043510514506828        29.859222013525994        23.101936078353873     
   4599.9911909274997       -5.0573100000000002        3.3583056547120012        9.1897737999999993        4.6575999999999996E-003   17.200449597080038        17.725029255537606        16.517611463108224        19.448070503638768        18.026203931579165        17.199568966521532        16.881279866477357        16.744071944065119        17.891468984027206        17.192881610517304        16.876645184288499        16.751837029634256        16.722753432424749        18.592715613130892        18.407782013623457        17.491400544048268        16.921145727155249        16.387956498810169        16.140892285448267        16.643993190646540        17.048061689876526        29.878541539839276        23.130361690705072     
   4590.2464140368120       -5.0609960000000003        3.3590706098685623        9.1897740999999993        4.6575999999999996E-003   17.210267716523227        17.736892667289482        16.525621817343662        19.466583196096828        18.039880126626453        17.209578592652871        16.889581499651996        16.751137307340706        17.904586825563939        17.202859424208313        16.884887559810444        16.759066634940623        16.729212063765324        18.610991740977429        18.422429295183012        17.502881087062960        16.930592474636207        16.395686506284491        16.145818923442974        16.648902086769397        17.052598535393155        29.897765077400436        23.158704639242487     
   4580.5222808110157       -5.0646800000000001        3.3598318255707120        9.1897745000000004        4.6575999999999996E-003   17.220062891558754        17.748731447293032        16.533610411338309        19.485072385107287        18.053534139452125        17.219564248691228        16.897862246402333        16.758185399312449        17.917681555961753        17.212813624508499        16.893108885509687        16.766277710792306        16.735654749299385        18.629244869291149        18.437054115177247        17.514339010546159        16.940016154660398        16.403395680522465        16.150741511876195        16.653816579291423        17.057130906749819        29.916934206557784        23.187026301491180     
   4570.7976981681168       -5.0683699999999998        3.3605892993459974        9.1897748999999997        4.6575999999999996E-003   17.229856365098073        17.760571263079335        16.541594577561614        19.503578130744785        18.067195558140341        17.229547589863408        16.906140067123165        16.765231508313125        17.930781556160845        17.222765797360061        16.901326993735630        16.773485900534418        16.742095468362791        18.647514543669125        18.451688162763805        17.525799151752292        16.949437205223489        16.411100747426183        16.155670747297911        16.658747313839449        17.061668618599160        29.936090812139106        23.215388049821556     
   4561.1042634169107       -5.0720580000000002        3.3613410758605933        9.1897751999999997        4.6575999999999996E-003   17.239616315642014        17.772373632384294        16.549548385113077        19.522040235764159        18.080819954731968        17.239496178229782        16.914388068728432        16.772252742330053        17.943844231862023        17.232683604630566        16.909515186600288        16.780667788542409        16.748513299634585        18.665741331366743        18.466283842372228        17.537224255994676        16.958825017443889        16.418776681578134        16.160590620175608        16.663678227700672        17.066196901813612        29.955172958150513        23.243697611039515     
   4551.4418659084495       -5.0757420000000000        3.3620871514337001        9.1897756000000008        4.6575999999999996E-003   17.249342896520950        17.784138705165940        16.557471993360458        19.540458748549383        18.094407434190323        17.249410180247651        16.922606401753026        16.779249220720814        17.956869702790222        17.242567209860745        16.917673617077448        16.787823507311824        16.754908347309428        18.683925283194512        18.480841250919848        17.548614458255511        16.968179752719799        16.426423635533666        16.165501050267306        16.668609155043022        17.070715760730955        29.974180493463628        23.271954809361468     
   4541.7999375496101       -5.0794280000000001        3.3628294761011102        9.1897760000000002        4.6575999999999996E-003   17.259046752257852        17.795879335206003        16.565374095182221        19.558853695617763        18.107972796696906        17.259300447762353        16.930804068622095        16.786228605676101        17.969872170587443        17.252427429254396        16.925811224200572        16.794960899072017        16.761287619454379        18.702086166574198        18.495376236417439        17.559982192433306        16.977511654231108        16.434049997255379        16.170407395477881        16.673545397323128        17.075230096444535        29.993134565268342        23.300190307844936     
   4532.1575635729077       -5.0831189999999999        3.3635660933553488        9.1897763000000001        4.6575999999999996E-003   17.268748927967398        17.807620978964398        16.573271834136200        19.577264939040916        18.121545440642052        17.269188429858595        16.938998848544426        16.793206033642324        17.982879818647170        17.262285645773545        16.933945657486731        16.802095444531396        16.767664954259736        18.720263333127065        18.509920296410705        17.571352102042127        16.986840961335304        16.441672311082215        16.175320315798661        16.678497647335831        17.079749684539820        30.012076569216653        23.328465304199852     
   4522.5564877322486       -5.0868070000000003        3.3642969995884839        9.1897766999999995        4.6575999999999996E-003   17.278407455543690        17.819312819939022        16.581131073020330        19.595612657767987        18.135066577433228        17.279031362530247        16.947155310921261        16.800151331961366        17.995836318442120        17.272099222585126        16.942041749968347        16.809196299050804        16.774012769462761        18.738377980574651        18.524410423126337        17.582674973211809        16.996127329285294        16.449257630213737        16.180218428120206        16.683444297214770        17.084254928722167        30.030924103988376        23.356657010621028     
   4512.9757511353118       -5.0904910000000001        3.3650261010091849        9.1897769999999994        4.6575999999999996E-003   17.288043418552846        17.830980358530063        16.588968989418944        19.613936775413798        18.148565647930496        17.288850733266603        16.955291266414314        16.807079663456431        18.008769897169437        17.281889580287029        16.950117182596131        16.816278971077853        16.780344930234914        18.756469518258999        18.538878158787728        17.593975488819598        17.005391034391124        16.456822530872969        16.185112438093356        16.688396063285417        17.088755613669271        30.049718914020424        23.384826744758989     
   4503.4049412097456       -5.0941780000000003        3.3657475305673534        9.1897774000000005        4.6575999999999996E-003   17.297667320168404        17.842636290266995        16.596794147983637        19.632257114536408        18.162057302980550        17.298657251705563        16.963415598421413        16.813998589670280        18.021694601647532        17.291667395709396        16.958180775036752        16.823351196535988        16.786668343238439        18.774557521499879        18.553339195886348        17.605265940785060        17.014642182743032        16.464375279956052        16.190007562672605        16.693358186001614        17.093256609265801        30.068481023261207        23.413004801191661     
   4493.8647758965890       -5.0978620000000001        3.3664671505953954        9.1897777000000005        4.6575999999999996E-003   17.307841923721547        17.855033961520181        16.605225024149153        19.651863815081590        18.176249939213523        17.309168712180153        16.972067014276632        16.821418907006297        18.035321456362873        17.302131907421991        16.966783630966976        16.830947984061183        16.793591424454632        18.793842616075690        18.568583484050372        17.617196807847904        17.024570268839817        16.472508543620734        16.195059420406846        16.697874787623331        17.097749444333036        30.091113223491988        23.443701130091149     
   4484.3654720108616       -5.1015370000000004        3.3671790916999336        9.1897780999999998        4.6575999999999996E-003   17.318292755572969        17.867809596892890        16.613968944214790        19.672140609554745        18.190792955204714        17.320041423462200        16.980985411043704        16.829097835398031        18.049300578844495        17.312947406380964        16.975660403965616        16.838815318548978        16.800831532892147        18.813748013713397        18.584222779574766        17.629448682157040        17.034846011825579        16.480941823348523        16.200190036626605        16.702135374566666        17.102226293507371        30.115852716493990        23.475746289131699     
   4474.9068557785567       -5.1052059999999999        3.3678892186167606        9.1897783999999998        4.6575999999999996E-003   17.328695991995357        17.880531367025860        16.622673988922521        19.692350489841942        18.205276540195889        17.330865551706399        16.989862183540374        16.836744136103110        18.063221547842431        17.323714293568212        16.984495730591426        16.846648353761680        16.808044582184692        18.833586358193379        18.599801088141682        17.641646659635999        17.045076044883789        16.489337831661526        16.205307769131991        16.706385705809012        17.106685967010655        30.140520142507988        23.507718227617175     
   4465.4579079571577       -5.1088800000000001        3.3685916596405518        9.1897787999999991        4.6575999999999996E-003   17.339085793286877        17.893241002138815        16.631368742241698        19.712559552380576        18.219748180127397        17.341676634516254        16.998726496246494        16.844382905168828        18.077130014019289        17.334467921192562        16.993318640276982        16.854472807336187        16.815254211838980        18.853422546733217        18.615369457650559        17.653830771683676        17.055293954280415        16.497724137601264        16.210429257651036        16.710639589280085        17.111143076508512        30.165195702367427        23.539721139620490     
   4456.0289119733743       -5.1125520000000000        3.3692922818792939        9.1897791000000009        4.6575999999999996E-003   17.349450844412253        17.905924649495592        16.640043723225535        19.732745732073440        18.234192101263577        17.352462891122983        17.007568691736033        16.852005805434160        18.091010821170144        17.345196572099681        17.002119519767938        16.862280141776395        16.822452540782884        18.873234922749500        18.630910909176581        17.665987747346815        17.065488603727054        16.506091593935707        16.215548957714205        16.714892425998734        17.115592759592992        30.189852800891160        23.571720043223230     
   4446.6300644304038       -5.1162190000000001        3.3699871689657042        9.1897795000000002        4.6575999999999996E-003   17.359779979929137        17.918568602874188        16.648689586931724        19.752887020358848        18.248592672183662        17.363212697286880        17.016379261274494        16.859604613831870        18.104848956491921        17.355888686781327        17.010888905912218        16.870061943644526        16.829631769635046        18.893001900825602        18.646408596593449        17.678104468722566        17.075649006024623        16.514431186749377        16.220661189167210        16.719139485653372        17.120030190901321        30.214464100932148        23.603679682255084     
   4437.2714756835530       -5.1198810000000003        3.3706782754908944        9.1897798000000002        4.6575999999999996E-003   17.370062098829329        17.931159234728661        16.657297023514204        19.772961551875220        18.262934359221244        17.373914487385846        17.025148738829671        16.867171130784605        18.118629503275457        17.366532764376352        17.019617376066826        16.877809823850562        16.836784115659054        18.912702032200027        18.661845774313573        17.690167899784385        17.085764226203668        16.522733932038307        16.225760424434277        16.723376179937592        17.124450572537334        30.239003149962194        23.635565115800816     
   4427.9121921307333       -5.1235499999999998        3.3713636408290526        9.1897801000000001        4.6575999999999996E-003   17.380342224076905        17.943751645183681        16.665903720647105        19.793057039511403        18.277279909963998        17.384615117306343        17.033915534171143        16.874738477126797        18.132412760914875        17.377175410069139        17.028343160998745        16.885557703340673        16.843940861274994        18.932421404648771        18.677289962893251        17.702230848108158        17.095878551257950        16.531036182731135        16.230868886259991        16.727620965690114        17.128873237058208        30.263576925537429        23.667515406839904     
   4418.5828237319383       -5.1272130000000002        3.3720452203676703        9.1897804999999995        4.6575999999999996E-003   17.390586757954296        17.956304655012062        16.674481549041708        19.813107659038046        18.291582399797761        17.395279611439854        17.042651003983622        16.882281913629029        18.146153649271739        17.387781839434894        17.037037752001147        16.893280257440736        16.851078590113254        18.952095434336410        18.692690628829716        17.714253876896322        17.105958921882490        16.539310804183387        16.235969789221578        16.731859888717391        17.133283712104969        30.288104725115552        23.699425694885882     
   4409.2934173010699       -5.1308680000000004        3.3727210527660478        9.1897807999999994        4.6575999999999996E-003   17.400784677238860        17.968804719187467        16.683021261254460        19.833091620603518        18.305826382938108        17.405896482954574        17.051345751956923        16.889793291277272        18.159837339198212        17.398340630625803        17.045691795838966        16.900969151549806        16.858189556160347        18.971702750966720        18.708031112308127        17.726224035860902        17.115994476540969        16.547548872074302        16.241057613588524        16.736088366460642        17.137677223664880        30.312560127821932        23.731261063295499     
   4400.0235404513505       -5.1345260000000001        3.3733930941976715        9.1897810999999994        4.6575999999999996E-003   17.410958449479651        17.981279332625881        16.691541666351291        19.853052685297989        18.320043169033600        17.416489114525923        17.060018947146382        16.897289140272939        18.173493918763867        17.408875041354527        17.054324372505597        16.908641315365198        16.865289371662122        18.991286305580882        18.723345104327247        17.738167675815344        17.126007316494047        16.555768529673458        16.246143430487784        16.740315591603984        17.142063418177287        30.336996430914603        23.763090871037349     
   4390.7529319137257       -5.1381899999999998        3.3740613424727508        9.1897813999999993        4.6575999999999996E-003   17.421130319768945        17.993755758650444        16.700061391509685        19.873034424177639        18.334263823474615        17.427080664336579        17.068689556515153        16.904785843496462        18.187153232226166        17.419408103350420        17.062954360180598        16.916313519648885        16.872393543147876        19.010888849122374        18.738666059309971        17.750110906161709        17.136019331756387        16.563987746007435        16.251238329843694        16.744550780642776        17.146451876752689        30.361466948229882        23.794984502725157     
   4381.5018560403805       -5.1418530000000002        3.3747238351935533        9.1897818000000004        4.6575999999999996E-003   17.431278073219772        18.006206731891943        16.708561830813174        19.892993092589087        18.348457260264457        17.437647998453272        17.077338650433532        16.912267024647019        18.200785424133272        17.429916811758439        17.071562918532301        16.923969007958398        16.879486538428921        19.030467472996563        18.753960475722181        17.762027634058178        17.146008654778857        16.572188571306111        16.256331111796079        16.748784617355781        17.150833002369286        30.385917937107045        23.826871984264692     
   4372.2904067721320       -5.1455099999999998        3.3753825296902003        9.1897821000000004        4.6575999999999996E-003   17.441379671852001        18.018605182389418        16.717024508020646        19.912885174929862        18.362592610723532        17.448168158471873        17.085947447492089        16.919716409190173        18.214360854838681        17.440378337208237        17.080131353205040        16.931591133110796        16.886552898673578        19.049979498537365        18.769195067343940        17.773891969974621        17.155953578837227        16.580353177422445        16.261410704083104        16.753007902741871        17.155197257876374        30.410296293810866        23.858683612024485     
   4363.0882767982221       -5.1491720000000001        3.3760374238154465        9.1897824000000004        4.6575999999999996E-003   17.451468384056724        18.030991905524644        16.725477290238402        19.932775960088364        18.376716367638515        17.458675784530008        17.094544310973255        16.927158516001739        18.227924183704822        17.450827129377700        17.088687895171873        16.939204989819565        16.893615851587413        19.069488979398201        18.784419918677351        17.785742969532770        17.165886849486455        16.588508448787366        16.266493715057138        16.757234437306472        17.159558988706266        30.434681814847117        23.890523497585647     
   4353.8954888375547       -5.1528359999999997        3.3766885154341724        9.1897827000000003        4.6575999999999996E-003   17.461544193042144        18.043366868239282        16.733920160655579        19.952665341722991        18.390828487917727        17.469170856429958        17.103129229454787        16.934593325917323        18.241475372291220        17.461263169004923        17.097232533110066        16.946810560973013        16.900675368348946        19.088995815132499        18.799634974900659        17.797580607531771        17.175808447051374        16.596654368533919        16.271580106133644        16.761464187743755        17.163918178346194        30.459074343540017        23.922391378571014     
   4344.7320736812680       -5.1564940000000004        3.3773338407705293        9.1897830000000003        4.6575999999999996E-003   17.471585160816698        18.055703100810348        16.742334731012200        19.972509862912226        18.404898204713369        17.479630517723358        17.111683517060232        16.942004637163556        18.254984882770529        17.471663729907426        17.105746668916449        16.954391277853894        16.907716042981839        19.108457392654323        18.814807047228808        17.809379098598242        17.185696762803399        16.604773193814928        16.276658740088394        16.765687889965172        17.168265316370487        30.483420528379575        23.954217434841262     
   4335.6079104498849       -5.1601499999999998        3.3779753586611072        9.1897833999999996        4.6575999999999996E-003   17.481580503507796        18.067987303712442        16.750711957536350        19.992287911631827        18.418910326913299        17.490043524657693        17.120198000484514        16.949384467949827        18.268438140090318        17.482017635546107        17.114221173105449        16.961938985965489        16.914730251348097        19.127852532790037        18.829919721974342        17.821125747271108        17.195541166562677        16.612856196737326        16.281724009506043        16.769900870689483        17.172595696615495        30.507693642258609        23.985966610610035     
   4326.4730221155623       -5.1638120000000001        3.3786130670135024        9.1897836999999996        4.6575999999999996E-003   17.491584958892052        18.080286740446759        16.759097705617535        20.012107750363320        18.432941577320520        17.500466898695411        17.128719305496105        16.956773216928482        18.281908810576532        17.492381583659750        17.122702451395583        16.969495005515590        16.921756379719966        19.147287404410392        18.845055738755271        17.832884881746466        17.205395562185338        16.620947630033228        16.286803693764003        16.774126243886617        17.176933026659043        30.532026751964146        24.017812674752300     
   4317.3673215846793       -5.1674720000000001        3.3792450010454322        9.1897839999999995        4.6575999999999996E-003   17.501554834323375        18.092547678199921        16.767455352789884        20.031882716196101        18.446930648926681        17.510855114769790        17.137210223078096        16.964138611173219        18.295338039910536        17.502710310187929        17.131153470189329        16.977026336039778        16.928763725980051        19.166677033417102        18.860148953524568        17.844605136758020        17.215216910591714        16.629012156354854        16.291875535602525        16.778345489081595        17.181258351378627        30.556313312057092        24.049616230459840     
   4308.2907055379774       -5.1711289999999996        3.3798731207001782        9.1897842999999995        4.6575999999999996E-003   17.511490267986922        18.104770248429830        16.775785006414580        20.051612856646159        18.460877675039011        17.521208308509372        17.145670879861662        16.971480731820872        18.308725965143701        17.513003952518599        17.139574355664948        16.984533068218873        16.935752334479009        19.186021478276647        18.875199484264289        17.856286657820835        17.225005338186421        16.637049877302800        16.296939512158595        16.782558583481176        17.185571702094762        30.580553299496309        24.081377070779389     
   4299.2331717126244       -5.1747860000000001        3.3804974239281798        9.1897845999999994        4.6575999999999996E-003   17.521402229164870        18.116967913836291        16.784095855900482        20.071319768210600        18.474798004043254        17.531537903538965        17.154110624254955        16.978807667707436        18.322087326864537        17.523273870656922        17.147974412401418        16.992023478599130        16.942729877526695        19.205341923079644        18.890223872447898        17.867942328050368        17.234771643929474        16.645069658574730        16.302001137680797        16.786770111708943        17.189877817399015        30.604773180572259        24.113129727782557     
   4290.1551660198174       -5.1784559999999997        3.3811179086920866        9.1897848999999994        4.6575999999999996E-003   17.531334002471297        18.129193941468053        16.792424194111206        20.091089514925343        18.488752426272601        17.541889008437323        17.162566311578935        16.986151415338604        18.335480474165102        17.533564912509949        17.156390322397190        16.999530277380522        16.949726826651524        19.224722743775789        18.905287730494042        17.879623047127176        17.244558476587365        16.653106522001103        16.307082518576891        16.790998467587855        17.194195502424357        30.629078731782663        24.145012879165044     
   4281.1061865051688       -5.1821270000000004        3.3817345729667752        9.1897851999999993        4.6575999999999996E-003   17.541231438535767        18.141381667654230        16.800724612633147        20.110814275822030        18.502664851331346        17.552205186336060        17.170991841634521        16.993471932576945        18.348832378490911        17.543820969076179        17.164776202349113        17.007012534513454        16.956705025807786        19.244058242282545        18.920308914699660        17.891265127644779        17.254312475622690        16.661116648079009        16.312155936128693        16.795220584985820        17.198501212325205        30.653337381490410        24.176852597168953     
   4272.0762934867216       -5.1857939999999996        3.3823454503352206        9.1897854999999993        4.6575999999999996E-003   17.551105429542766        18.153544473453607        16.809006239146811        20.130515572046981        18.516550540168812        17.562497783384007        17.179396494104477        17.000777258471032        18.362157693384898        17.554053322461357        17.173141288385047        17.014478472992081        16.963672111181275        19.263369524739407        18.935303881051063        17.902881367880216        17.264044367374986        16.669108843624649        16.317226897253420        16.799441043723540        17.202799662047425        30.677575531387859        24.208683389696084     
   4263.0556306467643       -5.1894650000000002        3.3829544672707113        9.1897857999999992        4.6575999999999996E-003   17.560966765205400        18.165695631100153        16.817278119219587        20.150214822743770        18.530424637026119        17.572778042687293        17.187789457400939        17.008075365724924        18.375470956295274        17.564273151186953        17.181494725727582        17.021936244521534        16.970635670513069        19.282677591960056        18.950288971166614        17.914484453212296        17.273764781583601        16.677091837110886        16.322300898361828        16.803664416573397        17.207095534875034        30.701819494372380        24.240539727225659     
   4254.0442199931813       -5.1931409999999998        3.3835576926475337        9.1897860999999992        4.6575999999999996E-003   17.570815429344158        18.177835108543398        16.825540236610099        20.169911924284371        18.544287100071656        17.583045944742089        17.196170720564311        17.015366235765665        18.388772129931112        17.574480436663997        17.189836503513522        17.029385832544069        16.977595675761840        19.301982346080493        18.965264131754815        17.926074359272221        17.283473699240815        16.685065612233707        16.327377901798187        16.807890671026520        17.211388814750258        30.726069117625201        24.272421353620125     
   4245.0616326097734       -5.1968160000000001        3.3841570889000092        9.1897863999999991        4.6575999999999996E-003   17.581511623305246        18.191369758872895        16.834196841739896        20.192645972127600        18.560078620170120        17.594364395661316        17.205104133650973        17.022676566685693        18.403853359901486        17.585734969408534        17.198737546782134        17.036954432343997        16.984280393185252        19.324250505713710        18.982313811422117        17.939124216169287        17.294019871743533        16.693339775967104        16.331706647855462        16.811928002820423        17.215842378395717        30.757999003666932        24.308791940918653     
   4236.0980123249501       -5.2004880000000000        3.3847526540706072        9.1897867000000009        4.6575999999999996E-003   17.592910464101436        18.206058182082245        16.843181697381361        20.217883700033298        18.577464000011222        17.606553336346977        17.214496636896300        17.030004695127243        18.420405554305514        17.597857416559442        17.208103650515490        17.044623714854644        16.990738722549445        19.348961547682855        19.001075969456465        17.953382185939091        17.305260238051105        16.701864408685111        16.335413658153747        16.815806782952635        17.220428247014802        30.796222089504319        24.348855013054298     
   4227.1338523732984       -5.2041670000000000        3.3853443862140913        9.1897870000000008        4.6575999999999996E-003   17.604316918813545        18.220761590918364        16.852169415423916        20.243160381230275        18.594871134916723        17.618753279662670        17.223893575001576        17.037331225774665        18.436977169531275        17.609990862284917        17.217474432918600        17.052292967974566        16.997193079776583        19.373709472518819        19.019861475791885        17.967655889239484        17.316508982553195        16.710390856738726        16.339108584444762        16.819682662958819        17.225015127809691        30.834497588719110        24.388987189209608     
   4218.1886618041754       -5.2078480000000003        3.3859322833975281        9.1897873000000008        4.6575999999999996E-003   17.615706141885106        18.235447942431740        16.861140428493790        20.268420889697403        18.612262077341082        17.630937642862069        17.233274485227504        17.044640219969612        18.453532083449630        17.622108868566322        17.226829487419323        17.059945502407594        17.003629431474671        19.398440311243441        19.038629378412843        17.981914215927510        17.327741600548521        16.718900559772440        16.342783422965965        16.823547216992196        17.229593035904628        30.872742046276038        24.429100922065622     
   4209.2624004757927       -5.2115270000000002        3.3865143770075101        9.1897876000000007        4.6575999999999996E-003   17.627078140605175        18.250117213328288        16.870094762168478        20.293665101893474        18.629636774308683        17.643106415670708        17.242639385203475        17.051931723413546        18.470070253791473        17.634211424831584        17.236168829974119        17.067581355609420        17.010047834110832        19.423153950840014        19.057379620957697        17.996157135894968        17.338958093730028        16.727393547744320        16.346438268061220        16.827400482193820        17.234161987172669        30.910955316942285        24.469195969453288     
   4200.3647000173023       -5.2152040000000000        3.3870945982027925        9.1897877999999995        4.6575999999999996E-003   17.638420576278548        18.264753451511233        16.879022722510289        20.318865485335920        18.646976302599391        17.655246373680708        17.251978125773860        17.059197873842763        18.486573678075008        17.646285377188619        17.245482336567164        17.075192280614239        17.016441389663953        19.447823446414112        19.076091784733027        18.010369150527964        17.350146284238647        16.735860633059833        16.350069311980441        16.831238363659175        17.238717044340831        30.949095802950850        24.509228608567064     
   4191.4761566180059       -5.2188860000000004        3.3876709787152661        9.1897880999999995        4.6575999999999996E-003   17.649758167131562        18.279388510706539        16.887943792109365        20.344076755536896        18.664318368964697        17.667383952415427        17.261311075528180        17.066454551319538        18.503078253959305        17.658357019095565        17.254790320218930        17.082794901418502        17.022824082333294        19.472502370622344        19.094806558951429        18.024581184446951        17.361330550753383        16.744320298696064        16.353684473298607        16.835069174476551        17.243268139257623        30.987246296487704        24.549285586136946     
   4182.5967917902126       -5.2225679999999999        3.3882415490203499        9.1897883999999994        4.6575999999999996E-003   17.661090851504525        18.294022300871969        16.896857928638937        20.369298740869205        18.681662857136111        17.679519078662647        17.270638186532601        17.073701733673044        18.519583874186225        17.670426276554760        17.264092731794797        17.090389189458811        17.029195902809718        19.497190558258531        19.113523820158292        18.038793145848647        17.372510828800770        16.752772507009240        16.357283819151256        16.838892952877067        17.247815257140509        31.025406591123051        24.589366670863065     
   4173.7554581190725       -5.2262459999999997        3.3888102422165280        9.1897886999999994        4.6575999999999996E-003   17.672381751003691        18.308607160946231        16.905736148525463        20.394449192452505        18.698953246263535        17.691612240468743        17.279929121204674        17.080915887967819        18.536036761578032        17.682453851655627        17.273359312053053        17.097950471833915        17.035536180655054        19.521807510908424        19.132182574998712        18.052958738320374        17.383650729178996        16.761189783377048        16.360855749621905        16.842697297971540        17.252343616843604        31.063452297270445        24.629341101272153     
   4164.9328135984715       -5.2299220000000002        3.3893750891182530        9.1897889999999993        4.6575999999999996E-003   17.683655501532140        18.323174865782484        16.914597852642743        20.419582780744264        18.716227168130953        17.703689797543209        17.289204168812397        17.088112815493155        18.552472737134551        17.694465960619219        17.282610294676271        17.105495294738823        17.041858827163217        19.546406750996702        19.150823434651443        18.067108812243326        17.394774550202051        16.769590529829088        16.364408194471395        16.846490562026624        17.256863118051264        31.101466177709092        24.669295704160625     
   4156.1096790861120       -5.2336060000000000        3.3899341193088568        9.1897891999999999        4.6575999999999996E-003   17.694936575563762        18.337757026831174        16.923462284145728        20.444754030010110        18.733522097306196        17.715777959664155        17.298483466126321        17.095308157000304        18.568927460764023        17.706488670049353        17.291865762976535        17.113040049366099        17.048177593883064        19.571041646403181        19.169486841357827        18.081274068386975        17.405906435204081        16.777992991076694        16.367948953273544        16.850281040030943        17.261383582200935        31.139530716672510        24.709317203293409     
   4147.3052358002633       -5.2372899999999998        3.3904912677886636        9.1897894999999998        4.6575999999999996E-003   17.706200455879056        18.352321928884137        16.932310192831125        20.469908106433486        18.750800401203669        17.727850445017967        17.307746856934713        17.102486297001256        18.585365133192987        17.718495842224627        17.301105612632398        17.120568358311502        17.054478769263149        19.595658537266097        19.188132181598558        18.095423696541356        17.417022190759560        16.786378923190274        16.371470285581278        16.854060422304116        17.265895181956139        31.177563011031914        24.749318256907152     
   4138.5289734489470       -5.2409699999999999        3.3910445644737655        9.1897897999999998        4.6575999999999996E-003   17.717434934634742        18.366853751081621        16.941132010497114        20.495017610252177        18.768043283573622        17.739894148558840        17.316984313074823        17.109639503962988        18.601767881878569        17.730474441596606        17.310319838541034        17.128072099578453        17.060755589105362        19.620230617593407        19.206739174739067        18.109542317006895        17.428109761844887        16.794739264285020        16.374968530289998        16.857824698408898        17.270393047745809        31.215521687194240        24.789255304753738     
   4129.7712828632712       -5.2446520000000003        3.3915920380745215        9.1897900999999997        4.6575999999999996E-003   17.728652259402921        18.381368296322215        16.949937378368354        20.520109747144495        18.785269465035924        17.751922178293214        17.326205919001836        17.116775625551803        18.618153525079236        17.742437504886162        17.319518497837521        17.135559492778235        17.067014959310082        19.644784520253829        19.225328023393363        18.123645274338340        17.439181229253563        16.803083158125041        16.378447612045782        16.861578013978217        17.274882098648614        31.253447922556084        24.829171563181824     
   4121.0131467322672       -5.2483389999999996        3.3921376254551476        9.1897903000000003        4.6575999999999996E-003   17.739876753101498        18.395897025043823        16.958745396331526        20.545238891135099        18.802516274504558        17.763960607232942        17.335431673308996        17.123910153750835        18.634557573327683        17.754410963165149        17.328721538230411        17.143046786660520        17.073270479751692        19.669373455750183        19.243939011685747        18.137763132379074        17.450260595939824        16.811428706139836        16.381915163361370        16.865328569178992        17.279372079677046        31.291423895941485        24.869153580672595     
   4112.2830531273703       -5.2520249999999997        3.3926793556524788        9.1897906000000003        4.6575999999999996E-003   17.751071903643435        18.410392646977318        16.967527431645127        20.570323138976761        18.819727551089620        17.775970261513116        17.344631578561170        17.131019911161147        18.650926617190596        17.766355855636291        17.337899035725812        17.150509652200356        17.079501833070779        19.693917288796875        19.262511533241511        18.151849934903357        17.461311820263582        16.819748783280758        16.385359878657347        16.869064097805026        17.283848384291154        31.329325907373352        24.909070868691835     
   4103.5714536479800       -5.2557070000000001        3.3932172268944720        9.1897909000000002        4.6575999999999996E-003   17.762249888271562        18.424870893924641        16.976293057916905        20.595389640239901        18.836921946490644        17.787964183540424        17.353815653168063        17.138112679255034        18.667278404588028        17.778285153003093        17.347060982015911        17.157956243968865        17.085715862349886        19.718442592543141        19.281065717803557        18.165920960178866        17.472346915254761        16.828052466223859        16.388785659711559        16.872788749487157        17.288315901943825        31.367195008932363        24.948966648134252     
   4094.8877379321243       -5.2593870000000003        3.3937512374215282        9.1897911000000008        4.6575999999999996E-003   17.773398591432006        18.439316037235692        16.985032795725651        20.620411091070601        18.854080754268978        17.799929352374072        17.362973954253096        17.145180818771074        18.683595154567055        17.790185903147549        17.356197455962775        17.165378528071997        17.091905898153811        19.742922661123735        19.299581382568665        18.179960912067436        17.483353912567285        16.836330781776308        16.392188948491054        16.876498574215081        17.292769811337795        31.404989956979428        24.988797482778374     
   4086.2223981406237       -5.2630660000000002        3.3942813854865048        9.1897914000000007        4.6575999999999996E-003   17.784530198535592        18.453743821360646        16.993756224982882        20.645414614532520        18.871222641291133        17.811878823750042        17.372116509893591        17.152232103700722        18.699894629013780        17.802071092949415        17.365318460440221        17.172784657810805        17.098078760144411        19.767384041566864        19.318078667387347        18.193985086708139        17.494344838591541        16.844592811001679        16.395573480411159        16.880197575567571        17.297214984642103        31.442751850287877        25.028606347644477     
   4077.5941733594077       -5.2667409999999997        3.3948076693547233        9.1897917000000007        4.6575999999999996E-003   17.795620559868205        18.468122902532958        17.002444446195256        20.670345800326480        18.888310334827313        17.823786648682209        17.381223499642715        17.159251293829254        18.716141397505542        17.813914911596161        17.374404219122884        17.180158610190663        17.104221133600120        19.791773513534658        19.336517355535893        18.207963005657021        17.505295839947177        16.852820661972608        16.398932087888539        16.883877822962972        17.301641801820800        31.480398535713263        25.068306623824462     
   4068.9841674257286       -5.2704120000000003        3.3953320588364093        9.1897918999999995        4.6575000000000002E-003   17.806740508572961        18.482531249653480        17.011163074536721        20.695305531667344        18.905427676218451        17.835725419707956        17.390361440997179        17.166300392582166        18.732417480171090        17.825789810633989        17.383521200623967        17.187563149968657        17.110393128003430        19.816190791424134        19.354984234270283        18.221971751734312        17.516277436651581        16.861078951418765        16.402318901631944        16.887594068959558        17.306106573587261        31.518058566624383        25.108031352688407     
   4060.3829924816337       -5.2740869999999997        3.3958506094416534        9.1897921999999994        4.6575000000000002E-003   17.817808874692176        18.496891252180266        17.019828338495604        20.720227575407336        18.922499981047000        17.847614847214267        17.399447014826777        17.173293817988188        18.748647285123226        17.837615432433502        17.392586062297347        17.194913079538587        17.116508204088603        19.840569060761318        19.373406082750755        18.235933276551361        17.527208306550520        16.869283408970496        16.405644287047782        16.891256999707352        17.310520869348895        31.555679624606810        25.147730125765520     
   4051.8093286563608       -5.2777620000000001        3.3963672628195956        9.1897924000000000        4.6575000000000002E-003   17.828848170072948        18.511218225698617        17.028467999452197        20.745104197764547        18.939536634517477        17.859475638102801        17.408507058605320        17.180262997025146        18.764842040782529        17.849412620864648        17.401625684804124        17.202239038940114        17.122599721237183        19.864901779416755        19.391789347721790        18.249863755358547        17.538111253556224        16.877462804124669        16.408947801547079        16.894905384567078        17.314921720008680        31.593226188223639        25.187363094112690     
   4043.2537684709473       -5.2814329999999998        3.3968800457467032        9.1897926999999999        4.6575000000000002E-003   17.839870489487172        18.525527826195862        17.037091548908684        20.769962434595151        18.956556218923371        17.871320766649355        17.417551516007038        17.187215610575258        18.781019422207862        17.861194282008103        17.410649987933020        17.209549093032358        17.128674402720250        19.889215402492916        19.410154076703417        18.263778404715215        17.548998219258095        16.885626129380739        16.412233073886348        16.898543165219476        17.319313949264725        31.630739249933299        25.226973121892811     
   4034.7441446277230       -5.2850950000000001        3.3973889565443809        9.1897929000000005        4.6575000000000002E-003   17.850839871977524        18.539773318672022        17.045670880737447        20.794721021038114        18.973503114255802        17.883111558314184        17.426550893468118        17.194129042600267        18.797126572699003        17.872921946224476        17.419629540905973        17.216819443241221        17.134712524026163        19.913430456579775        19.428440259578103        18.277631765261017        17.559833673027445        16.893746787654081        16.415489628351096        16.902158623920698        17.323683260854938        31.668096088735687        25.266430805203470     
   4026.2246182724307       -5.2887659999999999        3.3978939935465515        9.1897932000000004        4.6575000000000002E-003   17.861828290261663        18.554048139239143        17.054262306473120        20.819542219797583        18.990488446482509        17.894925359553724        17.435564252411211        17.201048688334044        18.813269120914555        17.884672547288819        17.428623273872180        17.224097822007220        17.140753738059331        19.937705650542505        19.446767800529230        18.291514696890378        17.570688706449157        16.901878085115232        16.418738817990604        16.905775417735036        17.328058321185011        31.705541733321347        25.305994540949371     
   4017.7323324034555       -5.2924329999999999        3.3983971283147518        9.1897935000000004        4.6575000000000002E-003   17.882758437520259        18.569215063502106        17.081152088957296        20.822788672821886        19.004984808989903        17.916155475453543        17.463550420990774        17.231175936011873        18.829726037220070        17.904314415739506        17.454692279650001        17.253733208331312        17.172192363723951        19.943053080194169        19.461420466815525        18.308853427468630        17.593143654926021        16.930289116474409        16.422594048275133        16.859044762223036        17.318201718245348        34.062969019953030        25.251978717470010     
   4009.2671904967674       -5.2960960000000004        3.3988944130507828        9.1897936999999992        4.6575000000000002E-003   17.893341759466772        18.582312219587713        17.090000368220132        20.843799774368669        19.020198867766567        17.927389061090910        17.472703448562250        17.238908053371798        18.844356313412366        17.915472125706906        17.463777586086223        17.261694198329906        17.179271724535482        19.963708026166486        19.477726215890954        18.321645838445598        17.603675567206711        16.938842049192090        16.427036636060180        16.863176896022267        17.322537109850344        34.117405670520021        25.283920447016392     
   4000.8198841803010       -5.2997620000000003        3.3993897928261743        9.1897938999999997        4.6575000000000002E-003   17.903902783322920        18.595381781013089        17.098830005088164        20.864766606779654        19.035380871784579        17.938598978299623        17.481837191657675        17.246623880233095        18.858955764901300        17.926606327165530        17.472843750731116        17.269638415668510        17.186336169990131        19.984319453298667        19.493997610017033        18.334411296843580        17.614185289611434        16.947376961959321        16.431469863162526        16.867300323651744        17.326863367231418        34.171727621361470        25.315794875853051     
